<gpx xmlns:ns3="http://www.garmin.com/xmlschemas/TrackPointExtension/v1" xmlns="http://www.topografix.com/GPX/1/1" xmlns:xsi="http://www.w3.org/2001/XMLSchema-instance" xmlns:ns2="http://www.garmin.com/xmlschemas/GpxExtensions/v3" creator="Garmin Connect" version="1.1" xsi:schemaLocation="http://www.topografix.com/GPX/1/1 http://www.topografix.com/GPX/11.xsd">
  <extensions>
<distance>5407.18</distance>
<average_hr>154.0</average_hr>
<average_speed>2.88100004196167</average_speed>
<start_time>2026-07-02T11:50:01+00:00</start_time>
<end_time>2026-07-02T12:21:17.895000+00:00</end_time>
<moving_time>1875.217</moving_time>
<elapsed_time>1880.894</elapsed_time>
</extensions>
<metadata>
    <link href="connect.garmin.com">
      <text>Garmin Connect</text>
    </link>
    <time>2026-07-02T11:50:01.000Z</time>
  </metadata>
  <trk>
    <name>杭州市 跑步</name>
    <type>running</type>
    <trkseg>
      <trkpt lat="30.29060960747301578521728515625" lon="120.220492221415042877197265625">
        <ele>17</ele>
        <time>2026-07-02T11:50:01.000Z</time>
        <extensions>
          <ns3:TrackPointExtension>
            <ns3:hr>94</ns3:hr>
            <ns3:cad>0</ns3:cad>
          </ns3:TrackPointExtension>
        </extensions>
      </trkpt>
      <trkpt lat="30.2906174026429653167724609375" lon="120.22049901075661182403564453125">
        <ele>17</ele>
        <time>2026-07-02T11:50:02.000Z</time>
        <extensions>
          <ns3:TrackPointExtension>
            <ns3:hr>95</ns3:hr>
            <ns3:cad>0</ns3:cad>
          </ns3:TrackPointExtension>
        </extensions>
      </trkpt>
      <trkpt lat="30.29066425748169422149658203125" lon="120.2205601148307323455810546875">
        <ele>16.6000003814697265625</ele>
        <time>2026-07-02T11:50:06.000Z</time>
        <extensions>
          <ns3:TrackPointExtension>
            <ns3:hr>93</ns3:hr>
            <ns3:cad>83</ns3:cad>
          </ns3:TrackPointExtension>
        </extensions>
      </trkpt>
      <trkpt lat="30.2906770817935466766357421875" lon="120.220576710999011993408203125">
        <ele>16.6000003814697265625</ele>
        <time>2026-07-02T11:50:07.000Z</time>
        <extensions>
          <ns3:TrackPointExtension>
            <ns3:hr>93</ns3:hr>
            <ns3:cad>83</ns3:cad>
          </ns3:TrackPointExtension>
        </extensions>
      </trkpt>
      <trkpt lat="30.2906920015811920166015625" lon="120.22059774957597255706787109375">
        <ele>16.6000003814697265625</ele>
        <time>2026-07-02T11:50:08.000Z</time>
        <extensions>
          <ns3:TrackPointExtension>
            <ns3:hr>94</ns3:hr>
            <ns3:cad>83</ns3:cad>
          </ns3:TrackPointExtension>
        </extensions>
      </trkpt>
      <trkpt lat="30.29070499353110790252685546875" lon="120.22061719559133052825927734375">
        <ele>16.6000003814697265625</ele>
        <time>2026-07-02T11:50:09.000Z</time>
        <extensions>
          <ns3:TrackPointExtension>
            <ns3:hr>95</ns3:hr>
            <ns3:cad>83</ns3:cad>
          </ns3:TrackPointExtension>
        </extensions>
      </trkpt>
      <trkpt lat="30.29071748256683349609375" lon="120.22063982672989368438720703125">
        <ele>16.6000003814697265625</ele>
        <time>2026-07-02T11:50:10.000Z</time>
        <extensions>
          <ns3:TrackPointExtension>
            <ns3:hr>97</ns3:hr>
            <ns3:cad>84</ns3:cad>
          </ns3:TrackPointExtension>
        </extensions>
      </trkpt>
      <trkpt lat="30.29073215089738368988037109375" lon="120.22065675817430019378662109375">
        <ele>16.6000003814697265625</ele>
        <time>2026-07-02T11:50:11.000Z</time>
        <extensions>
          <ns3:TrackPointExtension>
            <ns3:hr>99</ns3:hr>
            <ns3:cad>85</ns3:cad>
          </ns3:TrackPointExtension>
        </extensions>
      </trkpt>
      <trkpt lat="30.29073919169604778289794921875" lon="120.22068190388381481170654296875">
        <ele>16.6000003814697265625</ele>
        <time>2026-07-02T11:50:12.000Z</time>
        <extensions>
          <ns3:TrackPointExtension>
            <ns3:hr>102</ns3:hr>
            <ns3:cad>85</ns3:cad>
          </ns3:TrackPointExtension>
        </extensions>
      </trkpt>
      <trkpt lat="30.290749333798885345458984375" lon="120.220706127583980560302734375">
        <ele>16.6000003814697265625</ele>
        <time>2026-07-02T11:50:13.000Z</time>
        <extensions>
          <ns3:TrackPointExtension>
            <ns3:hr>106</ns3:hr>
            <ns3:cad>85</ns3:cad>
          </ns3:TrackPointExtension>
        </extensions>
      </trkpt>
      <trkpt lat="30.29075712896883487701416015625" lon="120.22072548978030681610107421875">
        <ele>16.6000003814697265625</ele>
        <time>2026-07-02T11:50:14.000Z</time>
        <extensions>
          <ns3:TrackPointExtension>
            <ns3:hr>108</ns3:hr>
            <ns3:cad>85</ns3:cad>
          </ns3:TrackPointExtension>
        </extensions>
      </trkpt>
      <trkpt lat="30.29076584614813327789306640625" lon="120.2207532338798046112060546875">
        <ele>16.6000003814697265625</ele>
        <time>2026-07-02T11:50:15.000Z</time>
        <extensions>
          <ns3:TrackPointExtension>
            <ns3:hr>111</ns3:hr>
            <ns3:cad>85</ns3:cad>
          </ns3:TrackPointExtension>
        </extensions>
      </trkpt>
      <trkpt lat="30.2907743118703365325927734375" lon="120.2207767032086849212646484375">
        <ele>16.6000003814697265625</ele>
        <time>2026-07-02T11:50:16.000Z</time>
        <extensions>
          <ns3:TrackPointExtension>
            <ns3:hr>112</ns3:hr>
            <ns3:cad>85</ns3:cad>
          </ns3:TrackPointExtension>
        </extensions>
      </trkpt>
      <trkpt lat="30.29079048894345760345458984375" lon="120.22079455666244029998779296875">
        <ele>16.6000003814697265625</ele>
        <time>2026-07-02T11:50:17.000Z</time>
        <extensions>
          <ns3:TrackPointExtension>
            <ns3:hr>113</ns3:hr>
            <ns3:cad>86</ns3:cad>
          </ns3:TrackPointExtension>
        </extensions>
      </trkpt>
      <trkpt lat="30.290808342397212982177734375" lon="120.22081584669649600982666015625">
        <ele>16.6000003814697265625</ele>
        <time>2026-07-02T11:50:18.000Z</time>
        <extensions>
          <ns3:TrackPointExtension>
            <ns3:hr>114</ns3:hr>
            <ns3:cad>85</ns3:cad>
          </ns3:TrackPointExtension>
        </extensions>
      </trkpt>
      <trkpt lat="30.29082653112709522247314453125" lon="120.2208280004560947418212890625">
        <ele>16.6000003814697265625</ele>
        <time>2026-07-02T11:50:19.000Z</time>
        <extensions>
          <ns3:TrackPointExtension>
            <ns3:hr>115</ns3:hr>
            <ns3:cad>85</ns3:cad>
          </ns3:TrackPointExtension>
        </extensions>
      </trkpt>
      <trkpt lat="30.29084564186632633209228515625" lon="120.2208472788333892822265625">
        <ele>16.6000003814697265625</ele>
        <time>2026-07-02T11:50:20.000Z</time>
        <extensions>
          <ns3:TrackPointExtension>
            <ns3:hr>116</ns3:hr>
            <ns3:cad>86</ns3:cad>
          </ns3:TrackPointExtension>
        </extensions>
      </trkpt>
      <trkpt lat="30.2908584661781787872314453125" lon="120.22086312063038349151611328125">
        <ele>16.3999996185302734375</ele>
        <time>2026-07-02T11:50:21.000Z</time>
        <extensions>
          <ns3:TrackPointExtension>
            <ns3:hr>117</ns3:hr>
            <ns3:cad>86</ns3:cad>
          </ns3:TrackPointExtension>
        </extensions>
      </trkpt>
      <trkpt lat="30.2908688597381114959716796875" lon="120.22088457830250263214111328125">
        <ele>16.3999996185302734375</ele>
        <time>2026-07-02T11:50:22.000Z</time>
        <extensions>
          <ns3:TrackPointExtension>
            <ns3:hr>117</ns3:hr>
            <ns3:cad>86</ns3:cad>
          </ns3:TrackPointExtension>
        </extensions>
      </trkpt>
      <trkpt lat="30.29087883420288562774658203125" lon="120.22090100683271884918212890625">
        <ele>16.3999996185302734375</ele>
        <time>2026-07-02T11:50:23.000Z</time>
        <extensions>
          <ns3:TrackPointExtension>
            <ns3:hr>118</ns3:hr>
            <ns3:cad>86</ns3:cad>
          </ns3:TrackPointExtension>
        </extensions>
      </trkpt>
      <trkpt lat="30.2908919937908649444580078125" lon="120.22092062048614025115966796875">
        <ele>16.3999996185302734375</ele>
        <time>2026-07-02T11:50:24.000Z</time>
        <extensions>
          <ns3:TrackPointExtension>
            <ns3:hr>119</ns3:hr>
            <ns3:cad>86</ns3:cad>
          </ns3:TrackPointExtension>
        </extensions>
      </trkpt>
      <trkpt lat="30.290907584130764007568359375" lon="120.220939815044403076171875">
        <ele>16.3999996185302734375</ele>
        <time>2026-07-02T11:50:25.000Z</time>
        <extensions>
          <ns3:TrackPointExtension>
            <ns3:hr>119</ns3:hr>
            <ns3:cad>86</ns3:cad>
          </ns3:TrackPointExtension>
        </extensions>
      </trkpt>
      <trkpt lat="30.2909261919558048248291015625" lon="120.2209520526230335235595703125">
        <ele>16.3999996185302734375</ele>
        <time>2026-07-02T11:50:26.000Z</time>
        <extensions>
          <ns3:TrackPointExtension>
            <ns3:hr>118</ns3:hr>
            <ns3:cad>86</ns3:cad>
          </ns3:TrackPointExtension>
        </extensions>
      </trkpt>
      <trkpt lat="30.29094723053276538848876953125" lon="120.22097208537161350250244140625">
        <ele>16.3999996185302734375</ele>
        <time>2026-07-02T11:50:27.000Z</time>
        <extensions>
          <ns3:TrackPointExtension>
            <ns3:hr>119</ns3:hr>
            <ns3:cad>86</ns3:cad>
          </ns3:TrackPointExtension>
        </extensions>
      </trkpt>
      <trkpt lat="30.2909637428820133209228515625" lon="120.22098499350249767303466796875">
        <ele>16.200000762939453125</ele>
        <time>2026-07-02T11:50:28.000Z</time>
        <extensions>
          <ns3:TrackPointExtension>
            <ns3:hr>119</ns3:hr>
            <ns3:cad>86</ns3:cad>
          </ns3:TrackPointExtension>
        </extensions>
      </trkpt>
      <trkpt lat="30.29097707010805606842041015625" lon="120.22101030685007572174072265625">
        <ele>16.200000762939453125</ele>
        <time>2026-07-02T11:50:29.000Z</time>
        <extensions>
          <ns3:TrackPointExtension>
            <ns3:hr>119</ns3:hr>
            <ns3:cad>86</ns3:cad>
          </ns3:TrackPointExtension>
        </extensions>
      </trkpt>
      <trkpt lat="30.29099198989570140838623046875" lon="120.22102924995124340057373046875">
        <ele>16.200000762939453125</ele>
        <time>2026-07-02T11:50:30.000Z</time>
        <extensions>
          <ns3:TrackPointExtension>
            <ns3:hr>119</ns3:hr>
            <ns3:cad>86</ns3:cad>
          </ns3:TrackPointExtension>
        </extensions>
      </trkpt>
      <trkpt lat="30.2910029701888561248779296875" lon="120.221056155860424041748046875">
        <ele>16.200000762939453125</ele>
        <time>2026-07-02T11:50:31.000Z</time>
        <extensions>
          <ns3:TrackPointExtension>
            <ns3:hr>120</ns3:hr>
            <ns3:cad>86</ns3:cad>
          </ns3:TrackPointExtension>
        </extensions>
      </trkpt>
      <trkpt lat="30.29101730324327945709228515625" lon="120.22107602097094058990478515625">
        <ele>16.200000762939453125</ele>
        <time>2026-07-02T11:50:32.000Z</time>
        <extensions>
          <ns3:TrackPointExtension>
            <ns3:hr>120</ns3:hr>
            <ns3:cad>87</ns3:cad>
          </ns3:TrackPointExtension>
        </extensions>
      </trkpt>
      <trkpt lat="30.2910328097641468048095703125" lon="120.22109337151050567626953125">
        <ele>16.200000762939453125</ele>
        <time>2026-07-02T11:50:33.000Z</time>
        <extensions>
          <ns3:TrackPointExtension>
            <ns3:hr>120</ns3:hr>
            <ns3:cad>87</ns3:cad>
          </ns3:TrackPointExtension>
        </extensions>
      </trkpt>
      <trkpt lat="30.2910509146749973297119140625" lon="120.221107788383960723876953125">
        <ele>16.200000762939453125</ele>
        <time>2026-07-02T11:50:34.000Z</time>
        <extensions>
          <ns3:TrackPointExtension>
            <ns3:hr>121</ns3:hr>
            <ns3:cad>87</ns3:cad>
          </ns3:TrackPointExtension>
        </extensions>
      </trkpt>
      <trkpt lat="30.29106860049068927764892578125" lon="120.22112128324806690216064453125">
        <ele>16.200000762939453125</ele>
        <time>2026-07-02T11:50:35.000Z</time>
        <extensions>
          <ns3:TrackPointExtension>
            <ns3:hr>120</ns3:hr>
            <ns3:cad>87</ns3:cad>
          </ns3:TrackPointExtension>
        </extensions>
      </trkpt>
      <trkpt lat="30.2910916507244110107421875" lon="120.22113804705440998077392578125">
        <ele>16.200000762939453125</ele>
        <time>2026-07-02T11:50:36.000Z</time>
        <extensions>
          <ns3:TrackPointExtension>
            <ns3:hr>120</ns3:hr>
            <ns3:cad>87</ns3:cad>
          </ns3:TrackPointExtension>
        </extensions>
      </trkpt>
      <trkpt lat="30.29110849834978580474853515625" lon="120.221151374280452728271484375">
        <ele>16.200000762939453125</ele>
        <time>2026-07-02T11:50:37.000Z</time>
        <extensions>
          <ns3:TrackPointExtension>
            <ns3:hr>120</ns3:hr>
            <ns3:cad>87</ns3:cad>
          </ns3:TrackPointExtension>
        </extensions>
      </trkpt>
      <trkpt lat="30.29113079421222209930419921875" lon="120.22116922773420810699462890625">
        <ele>16.200000762939453125</ele>
        <time>2026-07-02T11:50:38.000Z</time>
        <extensions>
          <ns3:TrackPointExtension>
            <ns3:hr>121</ns3:hr>
            <ns3:cad>87</ns3:cad>
          </ns3:TrackPointExtension>
        </extensions>
      </trkpt>
      <trkpt lat="30.29114470817148685455322265625" lon="120.2211813814938068389892578125">
        <ele>16.200000762939453125</ele>
        <time>2026-07-02T11:50:39.000Z</time>
        <extensions>
          <ns3:TrackPointExtension>
            <ns3:hr>121</ns3:hr>
            <ns3:cad>87</ns3:cad>
          </ns3:TrackPointExtension>
        </extensions>
      </trkpt>
      <trkpt lat="30.29116314835846424102783203125" lon="120.22120459936559200286865234375">
        <ele>16.200000762939453125</ele>
        <time>2026-07-02T11:50:40.000Z</time>
        <extensions>
          <ns3:TrackPointExtension>
            <ns3:hr>122</ns3:hr>
            <ns3:cad>87</ns3:cad>
          </ns3:TrackPointExtension>
        </extensions>
      </trkpt>
      <trkpt lat="30.2911766432225704193115234375" lon="120.22122186608612537384033203125">
        <ele>16.200000762939453125</ele>
        <time>2026-07-02T11:50:41.000Z</time>
        <extensions>
          <ns3:TrackPointExtension>
            <ns3:hr>123</ns3:hr>
            <ns3:cad>87</ns3:cad>
          </ns3:TrackPointExtension>
        </extensions>
      </trkpt>
      <trkpt lat="30.29119315557181835174560546875" lon="120.22124491631984710693359375">
        <ele>16.200000762939453125</ele>
        <time>2026-07-02T11:50:42.000Z</time>
        <extensions>
          <ns3:TrackPointExtension>
            <ns3:hr>124</ns3:hr>
            <ns3:cad>87</ns3:cad>
          </ns3:TrackPointExtension>
        </extensions>
      </trkpt>
      <trkpt lat="30.2912125177681446075439453125" lon="120.221260003745555877685546875">
        <ele>16.200000762939453125</ele>
        <time>2026-07-02T11:50:43.000Z</time>
        <extensions>
          <ns3:TrackPointExtension>
            <ns3:hr>124</ns3:hr>
            <ns3:cad>87</ns3:cad>
          </ns3:TrackPointExtension>
        </extensions>
      </trkpt>
      <trkpt lat="30.2912312932312488555908203125" lon="120.2212729118764400482177734375">
        <ele>16.200000762939453125</ele>
        <time>2026-07-02T11:50:44.000Z</time>
        <extensions>
          <ns3:TrackPointExtension>
            <ns3:hr>125</ns3:hr>
            <ns3:cad>87</ns3:cad>
          </ns3:TrackPointExtension>
        </extensions>
      </trkpt>
      <trkpt lat="30.2912552654743194580078125" lon="120.221286155283451080322265625">
        <ele>16.200000762939453125</ele>
        <time>2026-07-02T11:50:45.000Z</time>
        <extensions>
          <ns3:TrackPointExtension>
            <ns3:hr>125</ns3:hr>
            <ns3:cad>87</ns3:cad>
          </ns3:TrackPointExtension>
        </extensions>
      </trkpt>
      <trkpt lat="30.29127730987966060638427734375" lon="120.22129730321466922760009765625">
        <ele>16.200000762939453125</ele>
        <time>2026-07-02T11:50:46.000Z</time>
        <extensions>
          <ns3:TrackPointExtension>
            <ns3:hr>126</ns3:hr>
            <ns3:cad>86</ns3:cad>
          </ns3:TrackPointExtension>
        </extensions>
      </trkpt>
      <trkpt lat="30.29129927046597003936767578125" lon="120.22131809033453464508056640625">
        <ele>16.200000762939453125</ele>
        <time>2026-07-02T11:50:47.000Z</time>
        <extensions>
          <ns3:TrackPointExtension>
            <ns3:hr>126</ns3:hr>
            <ns3:cad>86</ns3:cad>
          </ns3:TrackPointExtension>
        </extensions>
      </trkpt>
      <trkpt lat="30.29131888411939144134521484375" lon="120.22132529877126216888427734375">
        <ele>16.200000762939453125</ele>
        <time>2026-07-02T11:50:48.000Z</time>
        <extensions>
          <ns3:TrackPointExtension>
            <ns3:hr>126</ns3:hr>
            <ns3:cad>86</ns3:cad>
          </ns3:TrackPointExtension>
        </extensions>
      </trkpt>
      <trkpt lat="30.2913466282188892364501953125" lon="120.2213399671018123626708984375">
        <ele>16.200000762939453125</ele>
        <time>2026-07-02T11:50:49.000Z</time>
        <extensions>
          <ns3:TrackPointExtension>
            <ns3:hr>127</ns3:hr>
            <ns3:cad>88</ns3:cad>
          </ns3:TrackPointExtension>
        </extensions>
      </trkpt>
      <trkpt lat="30.2913625538349151611328125" lon="120.2213527075946331024169921875">
        <ele>16.200000762939453125</ele>
        <time>2026-07-02T11:50:50.000Z</time>
        <extensions>
          <ns3:TrackPointExtension>
            <ns3:hr>127</ns3:hr>
            <ns3:cad>88</ns3:cad>
          </ns3:TrackPointExtension>
        </extensions>
      </trkpt>
      <trkpt lat="30.2913841791450977325439453125" lon="120.22137559019029140472412109375">
        <ele>16.200000762939453125</ele>
        <time>2026-07-02T11:50:51.000Z</time>
        <extensions>
          <ns3:TrackPointExtension>
            <ns3:hr>127</ns3:hr>
            <ns3:cad>88</ns3:cad>
          </ns3:TrackPointExtension>
        </extensions>
      </trkpt>
      <trkpt lat="30.2913987636566162109375" lon="120.22139000706374645233154296875">
        <ele>16.200000762939453125</ele>
        <time>2026-07-02T11:50:52.000Z</time>
        <extensions>
          <ns3:TrackPointExtension>
            <ns3:hr>127</ns3:hr>
            <ns3:cad>87</ns3:cad>
          </ns3:TrackPointExtension>
        </extensions>
      </trkpt>
      <trkpt lat="30.29141485691070556640625" lon="120.22140928544104099273681640625">
        <ele>16.200000762939453125</ele>
        <time>2026-07-02T11:50:53.000Z</time>
        <extensions>
          <ns3:TrackPointExtension>
            <ns3:hr>127</ns3:hr>
            <ns3:cad>87</ns3:cad>
          </ns3:TrackPointExtension>
        </extensions>
      </trkpt>
      <trkpt lat="30.2914304472506046295166015625" lon="120.2214257977902889251708984375">
        <ele>16.200000762939453125</ele>
        <time>2026-07-02T11:50:54.000Z</time>
        <extensions>
          <ns3:TrackPointExtension>
            <ns3:hr>127</ns3:hr>
            <ns3:cad>87</ns3:cad>
          </ns3:TrackPointExtension>
        </extensions>
      </trkpt>
      <trkpt lat="30.29144729487597942352294921875" lon="120.2214385382831096649169921875">
        <ele>16.200000762939453125</ele>
        <time>2026-07-02T11:50:55.000Z</time>
        <extensions>
          <ns3:TrackPointExtension>
            <ns3:hr>128</ns3:hr>
            <ns3:cad>87</ns3:cad>
          </ns3:TrackPointExtension>
        </extensions>
      </trkpt>
      <trkpt lat="30.291469506919384002685546875" lon="120.22145370952785015106201171875">
        <ele>16.200000762939453125</ele>
        <time>2026-07-02T11:50:56.000Z</time>
        <extensions>
          <ns3:TrackPointExtension>
            <ns3:hr>128</ns3:hr>
            <ns3:cad>86</ns3:cad>
          </ns3:TrackPointExtension>
        </extensions>
      </trkpt>
      <trkpt lat="30.29148819856345653533935546875" lon="120.22146460600197315216064453125">
        <ele>16.200000762939453125</ele>
        <time>2026-07-02T11:50:57.000Z</time>
        <extensions>
          <ns3:TrackPointExtension>
            <ns3:hr>129</ns3:hr>
            <ns3:cad>87</ns3:cad>
          </ns3:TrackPointExtension>
        </extensions>
      </trkpt>
      <trkpt lat="30.29150663875043392181396484375" lon="120.22148405201733112335205078125">
        <ele>16.200000762939453125</ele>
        <time>2026-07-02T11:50:58.000Z</time>
        <extensions>
          <ns3:TrackPointExtension>
            <ns3:hr>129</ns3:hr>
            <ns3:cad>87</ns3:cad>
          </ns3:TrackPointExtension>
        </extensions>
      </trkpt>
      <trkpt lat="30.29152172617614269256591796875" lon="120.22150031290948390960693359375">
        <ele>16.200000762939453125</ele>
        <time>2026-07-02T11:50:59.000Z</time>
        <extensions>
          <ns3:TrackPointExtension>
            <ns3:hr>130</ns3:hr>
            <ns3:cad>87</ns3:cad>
          </ns3:TrackPointExtension>
        </extensions>
      </trkpt>
      <trkpt lat="30.29154268093407154083251953125" lon="120.22152193821966648101806640625">
        <ele>16.200000762939453125</ele>
        <time>2026-07-02T11:51:00.000Z</time>
        <extensions>
          <ns3:TrackPointExtension>
            <ns3:hr>130</ns3:hr>
            <ns3:cad>87</ns3:cad>
          </ns3:TrackPointExtension>
        </extensions>
      </trkpt>
      <trkpt lat="30.29155827127397060394287109375" lon="120.221542306244373321533203125">
        <ele>16.200000762939453125</ele>
        <time>2026-07-02T11:51:01.000Z</time>
        <extensions>
          <ns3:TrackPointExtension>
            <ns3:hr>130</ns3:hr>
            <ns3:cad>87</ns3:cad>
          </ns3:TrackPointExtension>
        </extensions>
      </trkpt>
      <trkpt lat="30.29158107005059719085693359375" lon="120.22155697457492351531982421875">
        <ele>16.200000762939453125</ele>
        <time>2026-07-02T11:51:02.000Z</time>
        <extensions>
          <ns3:TrackPointExtension>
            <ns3:hr>131</ns3:hr>
            <ns3:cad>87</ns3:cad>
          </ns3:TrackPointExtension>
        </extensions>
      </trkpt>
      <trkpt lat="30.2915985882282257080078125" lon="120.22157080471515655517578125">
        <ele>16.200000762939453125</ele>
        <time>2026-07-02T11:51:03.000Z</time>
        <extensions>
          <ns3:TrackPointExtension>
            <ns3:hr>131</ns3:hr>
            <ns3:cad>87</ns3:cad>
          </ns3:TrackPointExtension>
        </extensions>
      </trkpt>
      <trkpt lat="30.29161593876779079437255859375" lon="120.22158681415021419525146484375">
        <ele>16.200000762939453125</ele>
        <time>2026-07-02T11:51:04.000Z</time>
        <extensions>
          <ns3:TrackPointExtension>
            <ns3:hr>131</ns3:hr>
            <ns3:cad>87</ns3:cad>
          </ns3:TrackPointExtension>
        </extensions>
      </trkpt>
      <trkpt lat="30.29163069091737270355224609375" lon="120.22160299122333526611328125">
        <ele>16.200000762939453125</ele>
        <time>2026-07-02T11:51:05.000Z</time>
        <extensions>
          <ns3:TrackPointExtension>
            <ns3:hr>132</ns3:hr>
            <ns3:cad>87</ns3:cad>
          </ns3:TrackPointExtension>
        </extensions>
      </trkpt>
      <trkpt lat="30.2916473709046840667724609375" lon="120.2216184139251708984375">
        <ele>16.200000762939453125</ele>
        <time>2026-07-02T11:51:06.000Z</time>
        <extensions>
          <ns3:TrackPointExtension>
            <ns3:hr>133</ns3:hr>
            <ns3:cad>88</ns3:cad>
          </ns3:TrackPointExtension>
        </extensions>
      </trkpt>
      <trkpt lat="30.29167042113840579986572265625" lon="120.22163324989378452301025390625">
        <ele>16.200000762939453125</ele>
        <time>2026-07-02T11:51:07.000Z</time>
        <extensions>
          <ns3:TrackPointExtension>
            <ns3:hr>134</ns3:hr>
            <ns3:cad>88</ns3:cad>
          </ns3:TrackPointExtension>
        </extensions>
      </trkpt>
      <trkpt lat="30.291688777506351470947265625" lon="120.22164590656757354736328125">
        <ele>16.200000762939453125</ele>
        <time>2026-07-02T11:51:08.000Z</time>
        <extensions>
          <ns3:TrackPointExtension>
            <ns3:hr>134</ns3:hr>
            <ns3:cad>88</ns3:cad>
          </ns3:TrackPointExtension>
        </extensions>
      </trkpt>
      <trkpt lat="30.29171065427362918853759765625" lon="120.22166208364069461822509765625">
        <ele>16.200000762939453125</ele>
        <time>2026-07-02T11:51:09.000Z</time>
        <extensions>
          <ns3:TrackPointExtension>
            <ns3:hr>134</ns3:hr>
            <ns3:cad>88</ns3:cad>
          </ns3:TrackPointExtension>
        </extensions>
      </trkpt>
      <trkpt lat="30.29172339476644992828369140625" lon="120.2216765843331813812255859375">
        <ele>16.200000762939453125</ele>
        <time>2026-07-02T11:51:10.000Z</time>
        <extensions>
          <ns3:TrackPointExtension>
            <ns3:hr>134</ns3:hr>
            <ns3:cad>88</ns3:cad>
          </ns3:TrackPointExtension>
        </extensions>
      </trkpt>
      <trkpt lat="30.2917392365634441375732421875" lon="120.221695862710475921630859375">
        <ele>16.200000762939453125</ele>
        <time>2026-07-02T11:51:11.000Z</time>
        <extensions>
          <ns3:TrackPointExtension>
            <ns3:hr>134</ns3:hr>
            <ns3:cad>87</ns3:cad>
          </ns3:TrackPointExtension>
        </extensions>
      </trkpt>
      <trkpt lat="30.29174837283790111541748046875" lon="120.22170818410813808441162109375">
        <ele>16.200000762939453125</ele>
        <time>2026-07-02T11:51:12.000Z</time>
        <extensions>
          <ns3:TrackPointExtension>
            <ns3:hr>134</ns3:hr>
            <ns3:cad>87</ns3:cad>
          </ns3:TrackPointExtension>
        </extensions>
      </trkpt>
      <trkpt lat="30.29176413081586360931396484375" lon="120.22172478027641773223876953125">
        <ele>16.200000762939453125</ele>
        <time>2026-07-02T11:51:13.000Z</time>
        <extensions>
          <ns3:TrackPointExtension>
            <ns3:hr>134</ns3:hr>
            <ns3:cad>87</ns3:cad>
          </ns3:TrackPointExtension>
        </extensions>
      </trkpt>
      <trkpt lat="30.291776619851589202880859375" lon="120.221742130815982818603515625">
        <ele>16</ele>
        <time>2026-07-02T11:51:14.000Z</time>
        <extensions>
          <ns3:TrackPointExtension>
            <ns3:hr>134</ns3:hr>
            <ns3:cad>87</ns3:cad>
          </ns3:TrackPointExtension>
        </extensions>
      </trkpt>
      <trkpt lat="30.29179313220083713531494140625" lon="120.22175311110913753509521484375">
        <ele>16.200000762939453125</ele>
        <time>2026-07-02T11:51:15.000Z</time>
        <extensions>
          <ns3:TrackPointExtension>
            <ns3:hr>134</ns3:hr>
            <ns3:cad>87</ns3:cad>
          </ns3:TrackPointExtension>
        </extensions>
      </trkpt>
      <trkpt lat="30.29181358404457569122314453125" lon="120.22176333703100681304931640625">
        <ele>16.200000762939453125</ele>
        <time>2026-07-02T11:51:16.000Z</time>
        <extensions>
          <ns3:TrackPointExtension>
            <ns3:hr>134</ns3:hr>
            <ns3:cad>87</ns3:cad>
          </ns3:TrackPointExtension>
        </extensions>
      </trkpt>
      <trkpt lat="30.2918334491550922393798828125" lon="120.22177624516189098358154296875">
        <ele>16.200000762939453125</ele>
        <time>2026-07-02T11:51:17.000Z</time>
        <extensions>
          <ns3:TrackPointExtension>
            <ns3:hr>134</ns3:hr>
            <ns3:cad>87</ns3:cad>
          </ns3:TrackPointExtension>
        </extensions>
      </trkpt>
      <trkpt lat="30.291850380599498748779296875" lon="120.2217895723879337310791015625">
        <ele>16.200000762939453125</ele>
        <time>2026-07-02T11:51:18.000Z</time>
        <extensions>
          <ns3:TrackPointExtension>
            <ns3:hr>134</ns3:hr>
            <ns3:cad>87</ns3:cad>
          </ns3:TrackPointExtension>
        </extensions>
      </trkpt>
      <trkpt lat="30.29186639003455638885498046875" lon="120.2217969484627246856689453125">
        <ele>16.200000762939453125</ele>
        <time>2026-07-02T11:51:19.000Z</time>
        <extensions>
          <ns3:TrackPointExtension>
            <ns3:hr>134</ns3:hr>
            <ns3:cad>87</ns3:cad>
          </ns3:TrackPointExtension>
        </extensions>
      </trkpt>
      <trkpt lat="30.29188265092670917510986328125" lon="120.221816562116146087646484375">
        <ele>16.200000762939453125</ele>
        <time>2026-07-02T11:51:20.000Z</time>
        <extensions>
          <ns3:TrackPointExtension>
            <ns3:hr>134</ns3:hr>
            <ns3:cad>87</ns3:cad>
          </ns3:TrackPointExtension>
        </extensions>
      </trkpt>
      <trkpt lat="30.2918978221714496612548828125" lon="120.22182804532349109649658203125">
        <ele>16.200000762939453125</ele>
        <time>2026-07-02T11:51:21.000Z</time>
        <extensions>
          <ns3:TrackPointExtension>
            <ns3:hr>133</ns3:hr>
            <ns3:cad>87</ns3:cad>
          </ns3:TrackPointExtension>
        </extensions>
      </trkpt>
      <trkpt lat="30.2919162623584270477294921875" lon="120.2218502573668956756591796875">
        <ele>16.200000762939453125</ele>
        <time>2026-07-02T11:51:22.000Z</time>
        <extensions>
          <ns3:TrackPointExtension>
            <ns3:hr>133</ns3:hr>
            <ns3:cad>87</ns3:cad>
          </ns3:TrackPointExtension>
        </extensions>
      </trkpt>
      <trkpt lat="30.29193126596510410308837890625" lon="120.2218692004680633544921875">
        <ele>16.200000762939453125</ele>
        <time>2026-07-02T11:51:23.000Z</time>
        <extensions>
          <ns3:TrackPointExtension>
            <ns3:hr>133</ns3:hr>
            <ns3:cad>87</ns3:cad>
          </ns3:TrackPointExtension>
        </extensions>
      </trkpt>
      <trkpt lat="30.29194392263889312744140625" lon="120.22189191542565822601318359375">
        <ele>16.200000762939453125</ele>
        <time>2026-07-02T11:51:24.000Z</time>
        <extensions>
          <ns3:TrackPointExtension>
            <ns3:hr>133</ns3:hr>
            <ns3:cad>88</ns3:cad>
          </ns3:TrackPointExtension>
        </extensions>
      </trkpt>
      <trkpt lat="30.291953980922698974609375" lon="120.221916139125823974609375">
        <ele>16.200000762939453125</ele>
        <time>2026-07-02T11:51:25.000Z</time>
        <extensions>
          <ns3:TrackPointExtension>
            <ns3:hr>134</ns3:hr>
            <ns3:cad>88</ns3:cad>
          </ns3:TrackPointExtension>
        </extensions>
      </trkpt>
      <trkpt lat="30.29196496121585369110107421875" lon="120.22194220684468746185302734375">
        <ele>16.200000762939453125</ele>
        <time>2026-07-02T11:51:26.000Z</time>
        <extensions>
          <ns3:TrackPointExtension>
            <ns3:hr>133</ns3:hr>
            <ns3:cad>88</ns3:cad>
          </ns3:TrackPointExtension>
        </extensions>
      </trkpt>
      <trkpt lat="30.291971750557422637939453125" lon="120.2219709567725658416748046875">
        <ele>16.3999996185302734375</ele>
        <time>2026-07-02T11:51:27.000Z</time>
        <extensions>
          <ns3:TrackPointExtension>
            <ns3:hr>133</ns3:hr>
            <ns3:cad>87</ns3:cad>
          </ns3:TrackPointExtension>
        </extensions>
      </trkpt>
      <trkpt lat="30.29198004864156246185302734375" lon="120.2219944261014461517333984375">
        <ele>16.200000762939453125</ele>
        <time>2026-07-02T11:51:28.000Z</time>
        <extensions>
          <ns3:TrackPointExtension>
            <ns3:hr>133</ns3:hr>
            <ns3:cad>87</ns3:cad>
          </ns3:TrackPointExtension>
        </extensions>
      </trkpt>
      <trkpt lat="30.29197753407061100006103515625" lon="120.22202854044735431671142578125">
        <ele>16.200000762939453125</ele>
        <time>2026-07-02T11:51:29.000Z</time>
        <extensions>
          <ns3:TrackPointExtension>
            <ns3:hr>133</ns3:hr>
            <ns3:cad>87</ns3:cad>
          </ns3:TrackPointExtension>
        </extensions>
      </trkpt>
      <trkpt lat="30.29197066091001033782958984375" lon="120.2220507524907588958740234375">
        <ele>16.200000762939453125</ele>
        <time>2026-07-02T11:51:30.000Z</time>
        <extensions>
          <ns3:TrackPointExtension>
            <ns3:hr>133</ns3:hr>
            <ns3:cad>87</ns3:cad>
          </ns3:TrackPointExtension>
        </extensions>
      </trkpt>
      <trkpt lat="30.291961021721363067626953125" lon="120.2220769040286540985107421875">
        <ele>16.200000762939453125</ele>
        <time>2026-07-02T11:51:31.000Z</time>
        <extensions>
          <ns3:TrackPointExtension>
            <ns3:hr>133</ns3:hr>
            <ns3:cad>86</ns3:cad>
          </ns3:TrackPointExtension>
        </extensions>
      </trkpt>
      <trkpt lat="30.29195540584623813629150390625" lon="120.22210280410945415496826171875">
        <ele>16.200000762939453125</ele>
        <time>2026-07-02T11:51:32.000Z</time>
        <extensions>
          <ns3:TrackPointExtension>
            <ns3:hr>133</ns3:hr>
            <ns3:cad>86</ns3:cad>
          </ns3:TrackPointExtension>
        </extensions>
      </trkpt>
      <trkpt lat="30.29194618575274944305419921875" lon="120.22212333977222442626953125">
        <ele>16.200000762939453125</ele>
        <time>2026-07-02T11:51:33.000Z</time>
        <extensions>
          <ns3:TrackPointExtension>
            <ns3:hr>132</ns3:hr>
            <ns3:cad>87</ns3:cad>
          </ns3:TrackPointExtension>
        </extensions>
      </trkpt>
      <trkpt lat="30.2919306792318820953369140625" lon="120.22214706055819988250732421875">
        <ele>16.200000762939453125</ele>
        <time>2026-07-02T11:51:34.000Z</time>
        <extensions>
          <ns3:TrackPointExtension>
            <ns3:hr>133</ns3:hr>
            <ns3:cad>87</ns3:cad>
          </ns3:TrackPointExtension>
        </extensions>
      </trkpt>
      <trkpt lat="30.2919236384332180023193359375" lon="120.22217019461095333099365234375">
        <ele>16.200000762939453125</ele>
        <time>2026-07-02T11:51:35.000Z</time>
        <extensions>
          <ns3:TrackPointExtension>
            <ns3:hr>132</ns3:hr>
            <ns3:cad>87</ns3:cad>
          </ns3:TrackPointExtension>
        </extensions>
      </trkpt>
      <trkpt lat="30.29191902838647365570068359375" lon="120.22219466976821422576904296875">
        <ele>16.200000762939453125</ele>
        <time>2026-07-02T11:51:36.000Z</time>
        <extensions>
          <ns3:TrackPointExtension>
            <ns3:hr>132</ns3:hr>
            <ns3:cad>87</ns3:cad>
          </ns3:TrackPointExtension>
        </extensions>
      </trkpt>
      <trkpt lat="30.29191181994974613189697265625" lon="120.22221914492547512054443359375">
        <ele>16.200000762939453125</ele>
        <time>2026-07-02T11:51:37.000Z</time>
        <extensions>
          <ns3:TrackPointExtension>
            <ns3:hr>132</ns3:hr>
            <ns3:cad>87</ns3:cad>
          </ns3:TrackPointExtension>
        </extensions>
      </trkpt>
      <trkpt lat="30.29190327040851116180419921875" lon="120.22224881686270236968994140625">
        <ele>16.200000762939453125</ele>
        <time>2026-07-02T11:51:38.000Z</time>
        <extensions>
          <ns3:TrackPointExtension>
            <ns3:hr>133</ns3:hr>
            <ns3:cad>87</ns3:cad>
          </ns3:TrackPointExtension>
        </extensions>
      </trkpt>
      <trkpt lat="30.29189966619014739990234375" lon="120.22227245382964611053466796875">
        <ele>16.200000762939453125</ele>
        <time>2026-07-02T11:51:39.000Z</time>
        <extensions>
          <ns3:TrackPointExtension>
            <ns3:hr>132</ns3:hr>
            <ns3:cad>87</ns3:cad>
          </ns3:TrackPointExtension>
        </extensions>
      </trkpt>
      <trkpt lat="30.2918911166489124298095703125" lon="120.22229743190109729766845703125">
        <ele>16.200000762939453125</ele>
        <time>2026-07-02T11:51:40.000Z</time>
        <extensions>
          <ns3:TrackPointExtension>
            <ns3:hr>132</ns3:hr>
            <ns3:cad>87</ns3:cad>
          </ns3:TrackPointExtension>
        </extensions>
      </trkpt>
      <trkpt lat="30.2918827347457408905029296875" lon="120.22231587208807468414306640625">
        <ele>16.200000762939453125</ele>
        <time>2026-07-02T11:51:41.000Z</time>
        <extensions>
          <ns3:TrackPointExtension>
            <ns3:hr>132</ns3:hr>
            <ns3:cad>87</ns3:cad>
          </ns3:TrackPointExtension>
        </extensions>
      </trkpt>
      <trkpt lat="30.29186873696744441986083984375" lon="120.222338922321796417236328125">
        <ele>16.200000762939453125</ele>
        <time>2026-07-02T11:51:42.000Z</time>
        <extensions>
          <ns3:TrackPointExtension>
            <ns3:hr>132</ns3:hr>
            <ns3:cad>87</ns3:cad>
          </ns3:TrackPointExtension>
        </extensions>
      </trkpt>
      <trkpt lat="30.29186345636844635009765625" lon="120.22235870361328125">
        <ele>16.200000762939453125</ele>
        <time>2026-07-02T11:51:43.000Z</time>
        <extensions>
          <ns3:TrackPointExtension>
            <ns3:hr>133</ns3:hr>
            <ns3:cad>87</ns3:cad>
          </ns3:TrackPointExtension>
        </extensions>
      </trkpt>
      <trkpt lat="30.2918602712452411651611328125" lon="120.22238376550376415252685546875">
        <ele>16.200000762939453125</ele>
        <time>2026-07-02T11:51:44.000Z</time>
        <extensions>
          <ns3:TrackPointExtension>
            <ns3:hr>133</ns3:hr>
            <ns3:cad>87</ns3:cad>
          </ns3:TrackPointExtension>
        </extensions>
      </trkpt>
      <trkpt lat="30.29185733757913112640380859375" lon="120.22240757010877132415771484375">
        <ele>16.200000762939453125</ele>
        <time>2026-07-02T11:51:45.000Z</time>
        <extensions>
          <ns3:TrackPointExtension>
            <ns3:hr>133</ns3:hr>
            <ns3:cad>87</ns3:cad>
          </ns3:TrackPointExtension>
        </extensions>
      </trkpt>
      <trkpt lat="30.29185264371335506439208984375" lon="120.22243313491344451904296875">
        <ele>16.200000762939453125</ele>
        <time>2026-07-02T11:51:46.000Z</time>
        <extensions>
          <ns3:TrackPointExtension>
            <ns3:hr>133</ns3:hr>
            <ns3:cad>87</ns3:cad>
          </ns3:TrackPointExtension>
        </extensions>
      </trkpt>
      <trkpt lat="30.2918461896479129791259765625" lon="120.22245886735618114471435546875">
        <ele>16.200000762939453125</ele>
        <time>2026-07-02T11:51:47.000Z</time>
        <extensions>
          <ns3:TrackPointExtension>
            <ns3:hr>134</ns3:hr>
            <ns3:cad>87</ns3:cad>
          </ns3:TrackPointExtension>
        </extensions>
      </trkpt>
      <trkpt lat="30.29184392653405666351318359375" lon="120.222479738295078277587890625">
        <ele>16.200000762939453125</ele>
        <time>2026-07-02T11:51:48.000Z</time>
        <extensions>
          <ns3:TrackPointExtension>
            <ns3:hr>134</ns3:hr>
            <ns3:cad>87</ns3:cad>
          </ns3:TrackPointExtension>
        </extensions>
      </trkpt>
      <trkpt lat="30.2918418310582637786865234375" lon="120.222507901489734649658203125">
        <ele>16.200000762939453125</ele>
        <time>2026-07-02T11:51:49.000Z</time>
        <extensions>
          <ns3:TrackPointExtension>
            <ns3:hr>134</ns3:hr>
            <ns3:cad>87</ns3:cad>
          </ns3:TrackPointExtension>
        </extensions>
      </trkpt>
      <trkpt lat="30.2918398194015026092529296875" lon="120.22253262810409069061279296875">
        <ele>16.200000762939453125</ele>
        <time>2026-07-02T11:51:50.000Z</time>
        <extensions>
          <ns3:TrackPointExtension>
            <ns3:hr>134</ns3:hr>
            <ns3:cad>87</ns3:cad>
          </ns3:TrackPointExtension>
        </extensions>
      </trkpt>
      <trkpt lat="30.29183269478380680084228515625" lon="120.22255727089941501617431640625">
        <ele>16.200000762939453125</ele>
        <time>2026-07-02T11:51:51.000Z</time>
        <extensions>
          <ns3:TrackPointExtension>
            <ns3:hr>133</ns3:hr>
            <ns3:cad>88</ns3:cad>
          </ns3:TrackPointExtension>
        </extensions>
      </trkpt>
      <trkpt lat="30.29182783327996730804443359375" lon="120.2225781418383121490478515625">
        <ele>16.200000762939453125</ele>
        <time>2026-07-02T11:51:52.000Z</time>
        <extensions>
          <ns3:TrackPointExtension>
            <ns3:hr>134</ns3:hr>
            <ns3:cad>88</ns3:cad>
          </ns3:TrackPointExtension>
        </extensions>
      </trkpt>
      <trkpt lat="30.2918166853487491607666015625" lon="120.222603119909763336181640625">
        <ele>16.3999996185302734375</ele>
        <time>2026-07-02T11:51:53.000Z</time>
        <extensions>
          <ns3:TrackPointExtension>
            <ns3:hr>134</ns3:hr>
            <ns3:cad>87</ns3:cad>
          </ns3:TrackPointExtension>
        </extensions>
      </trkpt>
      <trkpt lat="30.29180981218814849853515625" lon="120.222621224820613861083984375">
        <ele>16.3999996185302734375</ele>
        <time>2026-07-02T11:51:54.000Z</time>
        <extensions>
          <ns3:TrackPointExtension>
            <ns3:hr>133</ns3:hr>
            <ns3:cad>87</ns3:cad>
          </ns3:TrackPointExtension>
        </extensions>
      </trkpt>
      <trkpt lat="30.29180469922721385955810546875" lon="120.2226465381681919097900390625">
        <ele>16.3999996185302734375</ele>
        <time>2026-07-02T11:51:55.000Z</time>
        <extensions>
          <ns3:TrackPointExtension>
            <ns3:hr>134</ns3:hr>
            <ns3:cad>87</ns3:cad>
          </ns3:TrackPointExtension>
        </extensions>
      </trkpt>
      <trkpt lat="30.29179782606661319732666015625" lon="120.22266916930675506591796875">
        <ele>16.3999996185302734375</ele>
        <time>2026-07-02T11:51:56.000Z</time>
        <extensions>
          <ns3:TrackPointExtension>
            <ns3:hr>134</ns3:hr>
            <ns3:cad>87</ns3:cad>
          </ns3:TrackPointExtension>
        </extensions>
      </trkpt>
      <trkpt lat="30.2917972393333911895751953125" lon="120.22269573993980884552001953125">
        <ele>16.3999996185302734375</ele>
        <time>2026-07-02T11:51:57.000Z</time>
        <extensions>
          <ns3:TrackPointExtension>
            <ns3:hr>133</ns3:hr>
            <ns3:cad>87</ns3:cad>
          </ns3:TrackPointExtension>
        </extensions>
      </trkpt>
      <trkpt lat="30.29179413802921772003173828125" lon="120.22272306494414806365966796875">
        <ele>16.3999996185302734375</ele>
        <time>2026-07-02T11:51:58.000Z</time>
        <extensions>
          <ns3:TrackPointExtension>
            <ns3:hr>134</ns3:hr>
            <ns3:cad>86</ns3:cad>
          </ns3:TrackPointExtension>
        </extensions>
      </trkpt>
      <trkpt lat="30.2917915396392345428466796875" lon="120.2227441035211086273193359375">
        <ele>16.3999996185302734375</ele>
        <time>2026-07-02T11:51:59.000Z</time>
        <extensions>
          <ns3:TrackPointExtension>
            <ns3:hr>134</ns3:hr>
            <ns3:cad>86</ns3:cad>
          </ns3:TrackPointExtension>
        </extensions>
      </trkpt>
      <trkpt lat="30.29178843833506107330322265625" lon="120.222772769629955291748046875">
        <ele>16.3999996185302734375</ele>
        <time>2026-07-02T11:52:00.000Z</time>
        <extensions>
          <ns3:TrackPointExtension>
            <ns3:hr>133</ns3:hr>
            <ns3:cad>87</ns3:cad>
          </ns3:TrackPointExtension>
        </extensions>
      </trkpt>
      <trkpt lat="30.2917865104973316192626953125" lon="120.22279297001659870147705078125">
        <ele>16.3999996185302734375</ele>
        <time>2026-07-02T11:52:01.000Z</time>
        <extensions>
          <ns3:TrackPointExtension>
            <ns3:hr>134</ns3:hr>
            <ns3:cad>87</ns3:cad>
          </ns3:TrackPointExtension>
        </extensions>
      </trkpt>
      <trkpt lat="30.2917848341166973114013671875" lon="120.22281962446868419647216796875">
        <ele>16.6000003814697265625</ele>
        <time>2026-07-02T11:52:02.000Z</time>
        <extensions>
          <ns3:TrackPointExtension>
            <ns3:hr>134</ns3:hr>
            <ns3:cad>87</ns3:cad>
          </ns3:TrackPointExtension>
        </extensions>
      </trkpt>
      <trkpt lat="30.29178424738347530364990234375" lon="120.2228399924933910369873046875">
        <ele>16.6000003814697265625</ele>
        <time>2026-07-02T11:52:03.000Z</time>
        <extensions>
          <ns3:TrackPointExtension>
            <ns3:hr>133</ns3:hr>
            <ns3:cad>87</ns3:cad>
          </ns3:TrackPointExtension>
        </extensions>
      </trkpt>
      <trkpt lat="30.29178441502153873443603515625" lon="120.22286740131676197052001953125">
        <ele>16.6000003814697265625</ele>
        <time>2026-07-02T11:52:04.000Z</time>
        <extensions>
          <ns3:TrackPointExtension>
            <ns3:hr>134</ns3:hr>
            <ns3:cad>87</ns3:cad>
          </ns3:TrackPointExtension>
        </extensions>
      </trkpt>
      <trkpt lat="30.29178391210734844207763671875" lon="120.222890116274356842041015625">
        <ele>16.6000003814697265625</ele>
        <time>2026-07-02T11:52:05.000Z</time>
        <extensions>
          <ns3:TrackPointExtension>
            <ns3:hr>134</ns3:hr>
            <ns3:cad>87</ns3:cad>
          </ns3:TrackPointExtension>
        </extensions>
      </trkpt>
      <trkpt lat="30.29178206808865070343017578125" lon="120.22292104549705982208251953125">
        <ele>16.6000003814697265625</ele>
        <time>2026-07-02T11:52:06.000Z</time>
        <extensions>
          <ns3:TrackPointExtension>
            <ns3:hr>133</ns3:hr>
            <ns3:cad>87</ns3:cad>
          </ns3:TrackPointExtension>
        </extensions>
      </trkpt>
      <trkpt lat="30.2917811460793018341064453125" lon="120.22294384427368640899658203125">
        <ele>16.6000003814697265625</ele>
        <time>2026-07-02T11:52:07.000Z</time>
        <extensions>
          <ns3:TrackPointExtension>
            <ns3:hr>134</ns3:hr>
            <ns3:cad>86</ns3:cad>
          </ns3:TrackPointExtension>
        </extensions>
      </trkpt>
      <trkpt lat="30.2917801402509212493896484375" lon="120.22297385148704051971435546875">
        <ele>16.6000003814697265625</ele>
        <time>2026-07-02T11:52:08.000Z</time>
        <extensions>
          <ns3:TrackPointExtension>
            <ns3:hr>134</ns3:hr>
            <ns3:cad>86</ns3:cad>
          </ns3:TrackPointExtension>
        </extensions>
      </trkpt>
      <trkpt lat="30.29177586548030376434326171875" lon="120.22299966774880886077880859375">
        <ele>16.799999237060546875</ele>
        <time>2026-07-02T11:52:09.000Z</time>
        <extensions>
          <ns3:TrackPointExtension>
            <ns3:hr>133</ns3:hr>
            <ns3:cad>86</ns3:cad>
          </ns3:TrackPointExtension>
        </extensions>
      </trkpt>
      <trkpt lat="30.291772596538066864013671875" lon="120.22302581928670406341552734375">
        <ele>16.799999237060546875</ele>
        <time>2026-07-02T11:52:10.000Z</time>
        <extensions>
          <ns3:TrackPointExtension>
            <ns3:hr>133</ns3:hr>
            <ns3:cad>87</ns3:cad>
          </ns3:TrackPointExtension>
        </extensions>
      </trkpt>
      <trkpt lat="30.29177100397646427154541015625" lon="120.22305046208202838897705078125">
        <ele>16.799999237060546875</ele>
        <time>2026-07-02T11:52:11.000Z</time>
        <extensions>
          <ns3:TrackPointExtension>
            <ns3:hr>133</ns3:hr>
            <ns3:cad>88</ns3:cad>
          </ns3:TrackPointExtension>
        </extensions>
      </trkpt>
      <trkpt lat="30.291769243776798248291015625" lon="120.2230735123157501220703125">
        <ele>16.799999237060546875</ele>
        <time>2026-07-02T11:52:12.000Z</time>
        <extensions>
          <ns3:TrackPointExtension>
            <ns3:hr>134</ns3:hr>
            <ns3:cad>88</ns3:cad>
          </ns3:TrackPointExtension>
        </extensions>
      </trkpt>
      <trkpt lat="30.29176346026360988616943359375" lon="120.22310460917651653289794921875">
        <ele>16.799999237060546875</ele>
        <time>2026-07-02T11:52:13.000Z</time>
        <extensions>
          <ns3:TrackPointExtension>
            <ns3:hr>134</ns3:hr>
            <ns3:cad>87</ns3:cad>
          </ns3:TrackPointExtension>
        </extensions>
      </trkpt>
      <trkpt lat="30.291765891015529632568359375" lon="120.22312380373477935791015625">
        <ele>16.799999237060546875</ele>
        <time>2026-07-02T11:52:14.000Z</time>
        <extensions>
          <ns3:TrackPointExtension>
            <ns3:hr>134</ns3:hr>
            <ns3:cad>87</ns3:cad>
          </ns3:TrackPointExtension>
        </extensions>
      </trkpt>
      <trkpt lat="30.29175776056945323944091796875" lon="120.2231558226048946380615234375">
        <ele>16.799999237060546875</ele>
        <time>2026-07-02T11:52:15.000Z</time>
        <extensions>
          <ns3:TrackPointExtension>
            <ns3:hr>134</ns3:hr>
            <ns3:cad>87</ns3:cad>
          </ns3:TrackPointExtension>
        </extensions>
      </trkpt>
      <trkpt lat="30.29175524599850177764892578125" lon="120.22317518480122089385986328125">
        <ele>17</ele>
        <time>2026-07-02T11:52:16.000Z</time>
        <extensions>
          <ns3:TrackPointExtension>
            <ns3:hr>134</ns3:hr>
            <ns3:cad>87</ns3:cad>
          </ns3:TrackPointExtension>
        </extensions>
      </trkpt>
      <trkpt lat="30.291750133037567138671875" lon="120.22319982759654521942138671875">
        <ele>17</ele>
        <time>2026-07-02T11:52:17.000Z</time>
        <extensions>
          <ns3:TrackPointExtension>
            <ns3:hr>134</ns3:hr>
            <ns3:cad>87</ns3:cad>
          </ns3:TrackPointExtension>
        </extensions>
      </trkpt>
      <trkpt lat="30.29174543917179107666015625" lon="120.22321709431707859039306640625">
        <ele>17</ele>
        <time>2026-07-02T11:52:18.000Z</time>
        <extensions>
          <ns3:TrackPointExtension>
            <ns3:hr>134</ns3:hr>
            <ns3:cad>88</ns3:cad>
          </ns3:TrackPointExtension>
        </extensions>
      </trkpt>
      <trkpt lat="30.29173864983022212982177734375" lon="120.22323989309370517730712890625">
        <ele>17</ele>
        <time>2026-07-02T11:52:19.000Z</time>
        <extensions>
          <ns3:TrackPointExtension>
            <ns3:hr>134</ns3:hr>
            <ns3:cad>88</ns3:cad>
          </ns3:TrackPointExtension>
        </extensions>
      </trkpt>
      <trkpt lat="30.29173202812671661376953125" lon="120.22325850091874599456787109375">
        <ele>17</ele>
        <time>2026-07-02T11:52:20.000Z</time>
        <extensions>
          <ns3:TrackPointExtension>
            <ns3:hr>134</ns3:hr>
            <ns3:cad>88</ns3:cad>
          </ns3:TrackPointExtension>
        </extensions>
      </trkpt>
      <trkpt lat="30.29172842390835285186767578125" lon="120.22328448481857776641845703125">
        <ele>17</ele>
        <time>2026-07-02T11:52:21.000Z</time>
        <extensions>
          <ns3:TrackPointExtension>
            <ns3:hr>134</ns3:hr>
            <ns3:cad>88</ns3:cad>
          </ns3:TrackPointExtension>
        </extensions>
      </trkpt>
      <trkpt lat="30.29171920381486415863037109375" lon="120.22330996580421924591064453125">
        <ele>17</ele>
        <time>2026-07-02T11:52:22.000Z</time>
        <extensions>
          <ns3:TrackPointExtension>
            <ns3:hr>134</ns3:hr>
            <ns3:cad>88</ns3:cad>
          </ns3:TrackPointExtension>
        </extensions>
      </trkpt>
      <trkpt lat="30.2917134203016757965087890625" lon="120.22333377040922641754150390625">
        <ele>17</ele>
        <time>2026-07-02T11:52:23.000Z</time>
        <extensions>
          <ns3:TrackPointExtension>
            <ns3:hr>134</ns3:hr>
            <ns3:cad>88</ns3:cad>
          </ns3:TrackPointExtension>
        </extensions>
      </trkpt>
      <trkpt lat="30.29170596040785312652587890625" lon="120.22336310707032680511474609375">
        <ele>17</ele>
        <time>2026-07-02T11:52:24.000Z</time>
        <extensions>
          <ns3:TrackPointExtension>
            <ns3:hr>134</ns3:hr>
            <ns3:cad>87</ns3:cad>
          </ns3:TrackPointExtension>
        </extensions>
      </trkpt>
      <trkpt lat="30.291703529655933380126953125" lon="120.22338490001857280731201171875">
        <ele>17</ele>
        <time>2026-07-02T11:52:25.000Z</time>
        <extensions>
          <ns3:TrackPointExtension>
            <ns3:hr>135</ns3:hr>
            <ns3:cad>87</ns3:cad>
          </ns3:TrackPointExtension>
        </extensions>
      </trkpt>
      <trkpt lat="30.29170118272304534912109375" lon="120.223412476480007171630859375">
        <ele>17</ele>
        <time>2026-07-02T11:52:26.000Z</time>
        <extensions>
          <ns3:TrackPointExtension>
            <ns3:hr>135</ns3:hr>
            <ns3:cad>87</ns3:cad>
          </ns3:TrackPointExtension>
        </extensions>
      </trkpt>
      <trkpt lat="30.291697494685649871826171875" lon="120.22343418560922145843505859375">
        <ele>17</ele>
        <time>2026-07-02T11:52:27.000Z</time>
        <extensions>
          <ns3:TrackPointExtension>
            <ns3:hr>135</ns3:hr>
            <ns3:cad>88</ns3:cad>
          </ns3:TrackPointExtension>
        </extensions>
      </trkpt>
      <trkpt lat="30.2916906215250492095947265625" lon="120.223463438451290130615234375">
        <ele>17</ele>
        <time>2026-07-02T11:52:28.000Z</time>
        <extensions>
          <ns3:TrackPointExtension>
            <ns3:hr>135</ns3:hr>
            <ns3:cad>88</ns3:cad>
          </ns3:TrackPointExtension>
        </extensions>
      </trkpt>
      <trkpt lat="30.291690118610858917236328125" lon="120.2234853990375995635986328125">
        <ele>17</ele>
        <time>2026-07-02T11:52:29.000Z</time>
        <extensions>
          <ns3:TrackPointExtension>
            <ns3:hr>135</ns3:hr>
            <ns3:cad>88</ns3:cad>
          </ns3:TrackPointExtension>
        </extensions>
      </trkpt>
      <trkpt lat="30.29168416745960712432861328125" lon="120.2235133945941925048828125">
        <ele>17</ele>
        <time>2026-07-02T11:52:30.000Z</time>
        <extensions>
          <ns3:TrackPointExtension>
            <ns3:hr>135</ns3:hr>
            <ns3:cad>88</ns3:cad>
          </ns3:TrackPointExtension>
        </extensions>
      </trkpt>
      <trkpt lat="30.29168148525059223175048828125" lon="120.22353409789502620697021484375">
        <ele>17.200000762939453125</ele>
        <time>2026-07-02T11:52:31.000Z</time>
        <extensions>
          <ns3:TrackPointExtension>
            <ns3:hr>134</ns3:hr>
            <ns3:cad>88</ns3:cad>
          </ns3:TrackPointExtension>
        </extensions>
      </trkpt>
      <trkpt lat="30.29167176224291324615478515625" lon="120.22356343455612659454345703125">
        <ele>17.200000762939453125</ele>
        <time>2026-07-02T11:52:32.000Z</time>
        <extensions>
          <ns3:TrackPointExtension>
            <ns3:hr>134</ns3:hr>
            <ns3:cad>88</ns3:cad>
          </ns3:TrackPointExtension>
        </extensions>
      </trkpt>
      <trkpt lat="30.291665978729724884033203125" lon="120.22358505986630916595458984375">
        <ele>17.200000762939453125</ele>
        <time>2026-07-02T11:52:33.000Z</time>
        <extensions>
          <ns3:TrackPointExtension>
            <ns3:hr>134</ns3:hr>
            <ns3:cad>88</ns3:cad>
          </ns3:TrackPointExtension>
        </extensions>
      </trkpt>
      <trkpt lat="30.29165667481720447540283203125" lon="120.22361590526998043060302734375">
        <ele>17.200000762939453125</ele>
        <time>2026-07-02T11:52:34.000Z</time>
        <extensions>
          <ns3:TrackPointExtension>
            <ns3:hr>134</ns3:hr>
            <ns3:cad>88</ns3:cad>
          </ns3:TrackPointExtension>
        </extensions>
      </trkpt>
      <trkpt lat="30.29165013693273067474365234375" lon="120.2236382849514484405517578125">
        <ele>17.200000762939453125</ele>
        <time>2026-07-02T11:52:35.000Z</time>
        <extensions>
          <ns3:TrackPointExtension>
            <ns3:hr>133</ns3:hr>
            <ns3:cad>88</ns3:cad>
          </ns3:TrackPointExtension>
        </extensions>
      </trkpt>
      <trkpt lat="30.29164292849600315093994140625" lon="120.2236664481461048126220703125">
        <ele>17.200000762939453125</ele>
        <time>2026-07-02T11:52:36.000Z</time>
        <extensions>
          <ns3:TrackPointExtension>
            <ns3:hr>134</ns3:hr>
            <ns3:cad>88</ns3:cad>
          </ns3:TrackPointExtension>
        </extensions>
      </trkpt>
      <trkpt lat="30.2916363067924976348876953125" lon="120.22368899546563625335693359375">
        <ele>17.200000762939453125</ele>
        <time>2026-07-02T11:52:37.000Z</time>
        <extensions>
          <ns3:TrackPointExtension>
            <ns3:hr>134</ns3:hr>
            <ns3:cad>88</ns3:cad>
          </ns3:TrackPointExtension>
        </extensions>
      </trkpt>
      <trkpt lat="30.29163471423089504241943359375" lon="120.22371414117515087127685546875">
        <ele>17.200000762939453125</ele>
        <time>2026-07-02T11:52:38.000Z</time>
        <extensions>
          <ns3:TrackPointExtension>
            <ns3:hr>134</ns3:hr>
            <ns3:cad>88</ns3:cad>
          </ns3:TrackPointExtension>
        </extensions>
      </trkpt>
      <trkpt lat="30.29163203202188014984130859375" lon="120.22373626939952373504638671875">
        <ele>17.200000762939453125</ele>
        <time>2026-07-02T11:52:39.000Z</time>
        <extensions>
          <ns3:TrackPointExtension>
            <ns3:hr>133</ns3:hr>
            <ns3:cad>88</ns3:cad>
          </ns3:TrackPointExtension>
        </extensions>
      </trkpt>
      <trkpt lat="30.2916302718222141265869140625" lon="120.22376007400453090667724609375">
        <ele>17.200000762939453125</ele>
        <time>2026-07-02T11:52:40.000Z</time>
        <extensions>
          <ns3:TrackPointExtension>
            <ns3:hr>134</ns3:hr>
            <ns3:cad>88</ns3:cad>
          </ns3:TrackPointExtension>
        </extensions>
      </trkpt>
      <trkpt lat="30.29162549413740634918212890625" lon="120.223785303533077239990234375">
        <ele>17.200000762939453125</ele>
        <time>2026-07-02T11:52:41.000Z</time>
        <extensions>
          <ns3:TrackPointExtension>
            <ns3:hr>134</ns3:hr>
            <ns3:cad>87</ns3:cad>
          </ns3:TrackPointExtension>
        </extensions>
      </trkpt>
      <trkpt lat="30.291621051728725433349609375" lon="120.2238069288432598114013671875">
        <ele>17.200000762939453125</ele>
        <time>2026-07-02T11:52:42.000Z</time>
        <extensions>
          <ns3:TrackPointExtension>
            <ns3:hr>134</ns3:hr>
            <ns3:cad>87</ns3:cad>
          </ns3:TrackPointExtension>
        </extensions>
      </trkpt>
      <trkpt lat="30.2916146814823150634765625" lon="120.2238344214856624603271484375">
        <ele>17.3999996185302734375</ele>
        <time>2026-07-02T11:52:43.000Z</time>
        <extensions>
          <ns3:TrackPointExtension>
            <ns3:hr>133</ns3:hr>
            <ns3:cad>87</ns3:cad>
          </ns3:TrackPointExtension>
        </extensions>
      </trkpt>
      <trkpt lat="30.29161225073039531707763671875" lon="120.2238567173480987548828125">
        <ele>17.3999996185302734375</ele>
        <time>2026-07-02T11:52:44.000Z</time>
        <extensions>
          <ns3:TrackPointExtension>
            <ns3:hr>134</ns3:hr>
            <ns3:cad>87</ns3:cad>
          </ns3:TrackPointExtension>
        </extensions>
      </trkpt>
      <trkpt lat="30.29160655103623867034912109375" lon="120.223884880542755126953125">
        <ele>17.3999996185302734375</ele>
        <time>2026-07-02T11:52:45.000Z</time>
        <extensions>
          <ns3:TrackPointExtension>
            <ns3:hr>134</ns3:hr>
            <ns3:cad>88</ns3:cad>
          </ns3:TrackPointExtension>
        </extensions>
      </trkpt>
      <trkpt lat="30.29160730540752410888671875" lon="120.2239068411290645599365234375">
        <ele>17.3999996185302734375</ele>
        <time>2026-07-02T11:52:46.000Z</time>
        <extensions>
          <ns3:TrackPointExtension>
            <ns3:hr>133</ns3:hr>
            <ns3:cad>88</ns3:cad>
          </ns3:TrackPointExtension>
        </extensions>
      </trkpt>
      <trkpt lat="30.29160059988498687744140625" lon="120.22393492050468921661376953125">
        <ele>17.3999996185302734375</ele>
        <time>2026-07-02T11:52:47.000Z</time>
        <extensions>
          <ns3:TrackPointExtension>
            <ns3:hr>134</ns3:hr>
            <ns3:cad>88</ns3:cad>
          </ns3:TrackPointExtension>
        </extensions>
      </trkpt>
      <trkpt lat="30.29159816913306713104248046875" lon="120.2239573001861572265625">
        <ele>17.3999996185302734375</ele>
        <time>2026-07-02T11:52:48.000Z</time>
        <extensions>
          <ns3:TrackPointExtension>
            <ns3:hr>134</ns3:hr>
            <ns3:cad>88</ns3:cad>
          </ns3:TrackPointExtension>
        </extensions>
      </trkpt>
      <trkpt lat="30.2915907092392444610595703125" lon="120.2239881455898284912109375">
        <ele>17.3999996185302734375</ele>
        <time>2026-07-02T11:52:49.000Z</time>
        <extensions>
          <ns3:TrackPointExtension>
            <ns3:hr>133</ns3:hr>
            <ns3:cad>88</ns3:cad>
          </ns3:TrackPointExtension>
        </extensions>
      </trkpt>
      <trkpt lat="30.29158710502088069915771484375" lon="120.22400985471904277801513671875">
        <ele>17.3999996185302734375</ele>
        <time>2026-07-02T11:52:50.000Z</time>
        <extensions>
          <ns3:TrackPointExtension>
            <ns3:hr>134</ns3:hr>
            <ns3:cad>88</ns3:cad>
          </ns3:TrackPointExtension>
        </extensions>
      </trkpt>
      <trkpt lat="30.291578806936740875244140625" lon="120.22403650917112827301025390625">
        <ele>17.3999996185302734375</ele>
        <time>2026-07-02T11:52:51.000Z</time>
        <extensions>
          <ns3:TrackPointExtension>
            <ns3:hr>134</ns3:hr>
            <ns3:cad>88</ns3:cad>
          </ns3:TrackPointExtension>
        </extensions>
      </trkpt>
      <trkpt lat="30.291573442518711090087890625" lon="120.22405914030969142913818359375">
        <ele>17.3999996185302734375</ele>
        <time>2026-07-02T11:52:52.000Z</time>
        <extensions>
          <ns3:TrackPointExtension>
            <ns3:hr>133</ns3:hr>
            <ns3:cad>87</ns3:cad>
          </ns3:TrackPointExtension>
        </extensions>
      </trkpt>
      <trkpt lat="30.291566066443920135498046875" lon="120.2240855433046817779541015625">
        <ele>17.6000003814697265625</ele>
        <time>2026-07-02T11:52:53.000Z</time>
        <extensions>
          <ns3:TrackPointExtension>
            <ns3:hr>134</ns3:hr>
            <ns3:cad>87</ns3:cad>
          </ns3:TrackPointExtension>
        </extensions>
      </trkpt>
      <trkpt lat="30.29155827127397060394287109375" lon="120.22410943172872066497802734375">
        <ele>17.3999996185302734375</ele>
        <time>2026-07-02T11:52:54.000Z</time>
        <extensions>
          <ns3:TrackPointExtension>
            <ns3:hr>134</ns3:hr>
            <ns3:cad>87</ns3:cad>
          </ns3:TrackPointExtension>
        </extensions>
      </trkpt>
      <trkpt lat="30.2915531583130359649658203125" lon="120.22413474507629871368408203125">
        <ele>17.3999996185302734375</ele>
        <time>2026-07-02T11:52:55.000Z</time>
        <extensions>
          <ns3:TrackPointExtension>
            <ns3:hr>134</ns3:hr>
            <ns3:cad>88</ns3:cad>
          </ns3:TrackPointExtension>
        </extensions>
      </trkpt>
      <trkpt lat="30.291547961533069610595703125" lon="120.2241616509854793548583984375">
        <ele>17.3999996185302734375</ele>
        <time>2026-07-02T11:52:56.000Z</time>
        <extensions>
          <ns3:TrackPointExtension>
            <ns3:hr>134</ns3:hr>
            <ns3:cad>88</ns3:cad>
          </ns3:TrackPointExtension>
        </extensions>
      </trkpt>
      <trkpt lat="30.29154469259083271026611328125" lon="120.22418704815208911895751953125">
        <ele>17.3999996185302734375</ele>
        <time>2026-07-02T11:52:57.000Z</time>
        <extensions>
          <ns3:TrackPointExtension>
            <ns3:hr>134</ns3:hr>
            <ns3:cad>88</ns3:cad>
          </ns3:TrackPointExtension>
        </extensions>
      </trkpt>
      <trkpt lat="30.29153496958315372467041015625" lon="120.22421554662287235260009765625">
        <ele>17.3999996185302734375</ele>
        <time>2026-07-02T11:52:58.000Z</time>
        <extensions>
          <ns3:TrackPointExtension>
            <ns3:hr>135</ns3:hr>
            <ns3:cad>88</ns3:cad>
          </ns3:TrackPointExtension>
        </extensions>
      </trkpt>
      <trkpt lat="30.29153111390769481658935546875" lon="120.22423633374273777008056640625">
        <ele>17.3999996185302734375</ele>
        <time>2026-07-02T11:52:59.000Z</time>
        <extensions>
          <ns3:TrackPointExtension>
            <ns3:hr>135</ns3:hr>
            <ns3:cad>88</ns3:cad>
          </ns3:TrackPointExtension>
        </extensions>
      </trkpt>
      <trkpt lat="30.29152155853807926177978515625" lon="120.2242632396519184112548828125">
        <ele>17.3999996185302734375</ele>
        <time>2026-07-02T11:53:00.000Z</time>
        <extensions>
          <ns3:TrackPointExtension>
            <ns3:hr>135</ns3:hr>
            <ns3:cad>88</ns3:cad>
          </ns3:TrackPointExtension>
        </extensions>
      </trkpt>
      <trkpt lat="30.29151753522455692291259765625" lon="120.22428260184824466705322265625">
        <ele>17.3999996185302734375</ele>
        <time>2026-07-02T11:53:01.000Z</time>
        <extensions>
          <ns3:TrackPointExtension>
            <ns3:hr>135</ns3:hr>
            <ns3:cad>87</ns3:cad>
          </ns3:TrackPointExtension>
        </extensions>
      </trkpt>
      <trkpt lat="30.29150848276913166046142578125" lon="120.22431344725191593170166015625">
        <ele>17.200000762939453125</ele>
        <time>2026-07-02T11:53:02.000Z</time>
        <extensions>
          <ns3:TrackPointExtension>
            <ns3:hr>135</ns3:hr>
            <ns3:cad>87</ns3:cad>
          </ns3:TrackPointExtension>
        </extensions>
      </trkpt>
      <trkpt lat="30.29150194488465785980224609375" lon="120.22433348000049591064453125">
        <ele>17.200000762939453125</ele>
        <time>2026-07-02T11:53:03.000Z</time>
        <extensions>
          <ns3:TrackPointExtension>
            <ns3:hr>135</ns3:hr>
            <ns3:cad>87</ns3:cad>
          </ns3:TrackPointExtension>
        </extensions>
      </trkpt>
      <trkpt lat="30.291490964591503143310546875" lon="120.22436155937612056732177734375">
        <ele>17.200000762939453125</ele>
        <time>2026-07-02T11:53:04.000Z</time>
        <extensions>
          <ns3:TrackPointExtension>
            <ns3:hr>135</ns3:hr>
            <ns3:cad>87</ns3:cad>
          </ns3:TrackPointExtension>
        </extensions>
      </trkpt>
      <trkpt lat="30.29148635454475879669189453125" lon="120.22438368760049343109130859375">
        <ele>17.200000762939453125</ele>
        <time>2026-07-02T11:53:05.000Z</time>
        <extensions>
          <ns3:TrackPointExtension>
            <ns3:hr>135</ns3:hr>
            <ns3:cad>87</ns3:cad>
          </ns3:TrackPointExtension>
        </extensions>
      </trkpt>
      <trkpt lat="30.29147830791771411895751953125" lon="120.2244100905954837799072265625">
        <ele>17.200000762939453125</ele>
        <time>2026-07-02T11:53:06.000Z</time>
        <extensions>
          <ns3:TrackPointExtension>
            <ns3:hr>135</ns3:hr>
            <ns3:cad>88</ns3:cad>
          </ns3:TrackPointExtension>
        </extensions>
      </trkpt>
      <trkpt lat="30.29147277586162090301513671875" lon="120.224432051181793212890625">
        <ele>17.200000762939453125</ele>
        <time>2026-07-02T11:53:07.000Z</time>
        <extensions>
          <ns3:TrackPointExtension>
            <ns3:hr>134</ns3:hr>
            <ns3:cad>88</ns3:cad>
          </ns3:TrackPointExtension>
        </extensions>
      </trkpt>
      <trkpt lat="30.29146573506295680999755859375" lon="120.2244575321674346923828125">
        <ele>17.200000762939453125</ele>
        <time>2026-07-02T11:53:08.000Z</time>
        <extensions>
          <ns3:TrackPointExtension>
            <ns3:hr>134</ns3:hr>
            <ns3:cad>88</ns3:cad>
          </ns3:TrackPointExtension>
        </extensions>
      </trkpt>
      <trkpt lat="30.2914545871317386627197265625" lon="120.2244825102388858795166015625">
        <ele>17.200000762939453125</ele>
        <time>2026-07-02T11:53:09.000Z</time>
        <extensions>
          <ns3:TrackPointExtension>
            <ns3:hr>134</ns3:hr>
            <ns3:cad>88</ns3:cad>
          </ns3:TrackPointExtension>
        </extensions>
      </trkpt>
      <trkpt lat="30.29144679196178913116455078125" lon="120.224508158862590789794921875">
        <ele>17</ele>
        <time>2026-07-02T11:53:10.000Z</time>
        <extensions>
          <ns3:TrackPointExtension>
            <ns3:hr>134</ns3:hr>
            <ns3:cad>88</ns3:cad>
          </ns3:TrackPointExtension>
        </extensions>
      </trkpt>
      <trkpt lat="30.29143572784960269927978515625" lon="120.224536322057247161865234375">
        <ele>17</ele>
        <time>2026-07-02T11:53:11.000Z</time>
        <extensions>
          <ns3:TrackPointExtension>
            <ns3:hr>134</ns3:hr>
            <ns3:cad>88</ns3:cad>
          </ns3:TrackPointExtension>
        </extensions>
      </trkpt>
      <trkpt lat="30.291429273784160614013671875" lon="120.22456021048128604888916015625">
        <ele>17</ele>
        <time>2026-07-02T11:53:12.000Z</time>
        <extensions>
          <ns3:TrackPointExtension>
            <ns3:hr>133</ns3:hr>
            <ns3:cad>88</ns3:cad>
          </ns3:TrackPointExtension>
        </extensions>
      </trkpt>
      <trkpt lat="30.29141955077648162841796875" lon="120.22458820603787899017333984375">
        <ele>17</ele>
        <time>2026-07-02T11:53:13.000Z</time>
        <extensions>
          <ns3:TrackPointExtension>
            <ns3:hr>134</ns3:hr>
            <ns3:cad>88</ns3:cad>
          </ns3:TrackPointExtension>
        </extensions>
      </trkpt>
      <trkpt lat="30.2914126776158809661865234375" lon="120.22461217828094959259033203125">
        <ele>16.799999237060546875</ele>
        <time>2026-07-02T11:53:14.000Z</time>
        <extensions>
          <ns3:TrackPointExtension>
            <ns3:hr>134</ns3:hr>
            <ns3:cad>88</ns3:cad>
          </ns3:TrackPointExtension>
        </extensions>
      </trkpt>
      <trkpt lat="30.2914016135036945343017578125" lon="120.2246437780559062957763671875">
        <ele>16.799999237060546875</ele>
        <time>2026-07-02T11:53:15.000Z</time>
        <extensions>
          <ns3:TrackPointExtension>
            <ns3:hr>134</ns3:hr>
            <ns3:cad>89</ns3:cad>
          </ns3:TrackPointExtension>
        </extensions>
      </trkpt>
      <trkpt lat="30.29139675199985504150390625" lon="120.22466833703219890594482421875">
        <ele>16.799999237060546875</ele>
        <time>2026-07-02T11:53:16.000Z</time>
        <extensions>
          <ns3:TrackPointExtension>
            <ns3:hr>133</ns3:hr>
            <ns3:cad>89</ns3:cad>
          </ns3:TrackPointExtension>
        </extensions>
      </trkpt>
      <trkpt lat="30.29138476587831974029541015625" lon="120.2246987633407115936279296875">
        <ele>16.6000003814697265625</ele>
        <time>2026-07-02T11:53:17.000Z</time>
        <extensions>
          <ns3:TrackPointExtension>
            <ns3:hr>134</ns3:hr>
            <ns3:cad>89</ns3:cad>
          </ns3:TrackPointExtension>
        </extensions>
      </trkpt>
      <trkpt lat="30.29137571342289447784423828125" lon="120.2247222326695919036865234375">
        <ele>16.6000003814697265625</ele>
        <time>2026-07-02T11:53:18.000Z</time>
        <extensions>
          <ns3:TrackPointExtension>
            <ns3:hr>134</ns3:hr>
            <ns3:cad>88</ns3:cad>
          </ns3:TrackPointExtension>
        </extensions>
      </trkpt>
      <trkpt lat="30.291356854140758514404296875" lon="120.2247487194836139678955078125">
        <ele>16.6000003814697265625</ele>
        <time>2026-07-02T11:53:19.000Z</time>
        <extensions>
          <ns3:TrackPointExtension>
            <ns3:hr>133</ns3:hr>
            <ns3:cad>88</ns3:cad>
          </ns3:TrackPointExtension>
        </extensions>
      </trkpt>
      <trkpt lat="30.291340760886669158935546875" lon="120.22476657293736934661865234375">
        <ele>16.3999996185302734375</ele>
        <time>2026-07-02T11:53:20.000Z</time>
        <extensions>
          <ns3:TrackPointExtension>
            <ns3:hr>133</ns3:hr>
            <ns3:cad>88</ns3:cad>
          </ns3:TrackPointExtension>
        </extensions>
      </trkpt>
      <trkpt lat="30.29131402261555194854736328125" lon="120.22478149272501468658447265625">
        <ele>16.3999996185302734375</ele>
        <time>2026-07-02T11:53:21.000Z</time>
        <extensions>
          <ns3:TrackPointExtension>
            <ns3:hr>133</ns3:hr>
            <ns3:cad>88</ns3:cad>
          </ns3:TrackPointExtension>
        </extensions>
      </trkpt>
      <trkpt lat="30.29129357077181339263916015625" lon="120.22479079663753509521484375">
        <ele>16.3999996185302734375</ele>
        <time>2026-07-02T11:53:22.000Z</time>
        <extensions>
          <ns3:TrackPointExtension>
            <ns3:hr>134</ns3:hr>
            <ns3:cad>88</ns3:cad>
          </ns3:TrackPointExtension>
        </extensions>
      </trkpt>
      <trkpt lat="30.29126691631972789764404296875" lon="120.22479926235973834991455078125">
        <ele>16.200000762939453125</ele>
        <time>2026-07-02T11:53:23.000Z</time>
        <extensions>
          <ns3:TrackPointExtension>
            <ns3:hr>133</ns3:hr>
            <ns3:cad>88</ns3:cad>
          </ns3:TrackPointExtension>
        </extensions>
      </trkpt>
      <trkpt lat="30.29124612919986248016357421875" lon="120.22480345331132411956787109375">
        <ele>16.200000762939453125</ele>
        <time>2026-07-02T11:53:24.000Z</time>
        <extensions>
          <ns3:TrackPointExtension>
            <ns3:hr>133</ns3:hr>
            <ns3:cad>88</ns3:cad>
          </ns3:TrackPointExtension>
        </extensions>
      </trkpt>
      <trkpt lat="30.2912219054996967315673828125" lon="120.22480714134871959686279296875">
        <ele>16.200000762939453125</ele>
        <time>2026-07-02T11:53:25.000Z</time>
        <extensions>
          <ns3:TrackPointExtension>
            <ns3:hr>132</ns3:hr>
            <ns3:cad>89</ns3:cad>
          </ns3:TrackPointExtension>
        </extensions>
      </trkpt>
      <trkpt lat="30.29119885526597499847412109375" lon="120.22480814717710018157958984375">
        <ele>16.200000762939453125</ele>
        <time>2026-07-02T11:53:26.000Z</time>
        <extensions>
          <ns3:TrackPointExtension>
            <ns3:hr>132</ns3:hr>
            <ns3:cad>89</ns3:cad>
          </ns3:TrackPointExtension>
        </extensions>
      </trkpt>
      <trkpt lat="30.2911746315658092498779296875" lon="120.22480932064354419708251953125">
        <ele>16.200000762939453125</ele>
        <time>2026-07-02T11:53:27.000Z</time>
        <extensions>
          <ns3:TrackPointExtension>
            <ns3:hr>132</ns3:hr>
            <ns3:cad>88</ns3:cad>
          </ns3:TrackPointExtension>
        </extensions>
      </trkpt>
      <trkpt lat="30.2911525033414363861083984375" lon="120.2248107455670833587646484375">
        <ele>16.200000762939453125</ele>
        <time>2026-07-02T11:53:28.000Z</time>
        <extensions>
          <ns3:TrackPointExtension>
            <ns3:hr>131</ns3:hr>
            <ns3:cad>88</ns3:cad>
          </ns3:TrackPointExtension>
        </extensions>
      </trkpt>
      <trkpt lat="30.29112760908901691436767578125" lon="120.22481401450932025909423828125">
        <ele>16.3999996185302734375</ele>
        <time>2026-07-02T11:53:29.000Z</time>
        <extensions>
          <ns3:TrackPointExtension>
            <ns3:hr>131</ns3:hr>
            <ns3:cad>88</ns3:cad>
          </ns3:TrackPointExtension>
        </extensions>
      </trkpt>
      <trkpt lat="30.2911038883030414581298828125" lon="120.2248140983283519744873046875">
        <ele>16.3999996185302734375</ele>
        <time>2026-07-02T11:53:30.000Z</time>
        <extensions>
          <ns3:TrackPointExtension>
            <ns3:hr>131</ns3:hr>
            <ns3:cad>87</ns3:cad>
          </ns3:TrackPointExtension>
        </extensions>
      </trkpt>
      <trkpt lat="30.29108352027833461761474609375" lon="120.2248114161193370819091796875">
        <ele>16.3999996185302734375</ele>
        <time>2026-07-02T11:53:31.000Z</time>
        <extensions>
          <ns3:TrackPointExtension>
            <ns3:hr>131</ns3:hr>
            <ns3:cad>87</ns3:cad>
          </ns3:TrackPointExtension>
        </extensions>
      </trkpt>
      <trkpt lat="30.291060470044612884521484375" lon="120.22481166757643222808837890625">
        <ele>16.3999996185302734375</ele>
        <time>2026-07-02T11:53:32.000Z</time>
        <extensions>
          <ns3:TrackPointExtension>
            <ns3:hr>131</ns3:hr>
            <ns3:cad>87</ns3:cad>
          </ns3:TrackPointExtension>
        </extensions>
      </trkpt>
      <trkpt lat="30.29104194603860378265380859375" lon="120.22481149993836879730224609375">
        <ele>16.3999996185302734375</ele>
        <time>2026-07-02T11:53:33.000Z</time>
        <extensions>
          <ns3:TrackPointExtension>
            <ns3:hr>130</ns3:hr>
            <ns3:cad>87</ns3:cad>
          </ns3:TrackPointExtension>
        </extensions>
      </trkpt>
      <trkpt lat="30.29101780615746974945068359375" lon="120.224813260138034820556640625">
        <ele>16.3999996185302734375</ele>
        <time>2026-07-02T11:53:34.000Z</time>
        <extensions>
          <ns3:TrackPointExtension>
            <ns3:hr>130</ns3:hr>
            <ns3:cad>88</ns3:cad>
          </ns3:TrackPointExtension>
        </extensions>
      </trkpt>
      <trkpt lat="30.29099869541823863983154296875" lon="120.22481627762317657470703125">
        <ele>16.3999996185302734375</ele>
        <time>2026-07-02T11:53:35.000Z</time>
        <extensions>
          <ns3:TrackPointExtension>
            <ns3:hr>130</ns3:hr>
            <ns3:cad>88</ns3:cad>
          </ns3:TrackPointExtension>
        </extensions>
      </trkpt>
      <trkpt lat="30.2909717895090579986572265625" lon="120.224817954003810882568359375">
        <ele>16.3999996185302734375</ele>
        <time>2026-07-02T11:53:36.000Z</time>
        <extensions>
          <ns3:TrackPointExtension>
            <ns3:hr>130</ns3:hr>
            <ns3:cad>88</ns3:cad>
          </ns3:TrackPointExtension>
        </extensions>
      </trkpt>
      <trkpt lat="30.29095293022692203521728515625" lon="120.2248187921941280364990234375">
        <ele>16.3999996185302734375</ele>
        <time>2026-07-02T11:53:37.000Z</time>
        <extensions>
          <ns3:TrackPointExtension>
            <ns3:hr>130</ns3:hr>
            <ns3:cad>88</ns3:cad>
          </ns3:TrackPointExtension>
        </extensions>
      </trkpt>
      <trkpt lat="30.2909266948699951171875" lon="120.22482256405055522918701171875">
        <ele>16.3999996185302734375</ele>
        <time>2026-07-02T11:53:38.000Z</time>
        <extensions>
          <ns3:TrackPointExtension>
            <ns3:hr>131</ns3:hr>
            <ns3:cad>88</ns3:cad>
          </ns3:TrackPointExtension>
        </extensions>
      </trkpt>
      <trkpt lat="30.29090666212141513824462890625" lon="120.22482457570731639862060546875">
        <ele>16.200000762939453125</ele>
        <time>2026-07-02T11:53:39.000Z</time>
        <extensions>
          <ns3:TrackPointExtension>
            <ns3:hr>131</ns3:hr>
            <ns3:cad>87</ns3:cad>
          </ns3:TrackPointExtension>
        </extensions>
      </trkpt>
      <trkpt lat="30.290883444249629974365234375" lon="120.22482440806925296783447265625">
        <ele>16.3999996185302734375</ele>
        <time>2026-07-02T11:53:40.000Z</time>
        <extensions>
          <ns3:TrackPointExtension>
            <ns3:hr>131</ns3:hr>
            <ns3:cad>87</ns3:cad>
          </ns3:TrackPointExtension>
        </extensions>
      </trkpt>
      <trkpt lat="30.29085854999721050262451171875" lon="120.22482742555439472198486328125">
        <ele>16.200000762939453125</ele>
        <time>2026-07-02T11:53:41.000Z</time>
        <extensions>
          <ns3:TrackPointExtension>
            <ns3:hr>131</ns3:hr>
            <ns3:cad>87</ns3:cad>
          </ns3:TrackPointExtension>
        </extensions>
      </trkpt>
      <trkpt lat="30.29083558358252048492431640625" lon="120.2248291857540607452392578125">
        <ele>16.200000762939453125</ele>
        <time>2026-07-02T11:53:42.000Z</time>
        <extensions>
          <ns3:TrackPointExtension>
            <ns3:hr>131</ns3:hr>
            <ns3:cad>87</ns3:cad>
          </ns3:TrackPointExtension>
        </extensions>
      </trkpt>
      <trkpt lat="30.29081345535814762115478515625" lon="120.22482893429696559906005859375">
        <ele>16.200000762939453125</ele>
        <time>2026-07-02T11:53:43.000Z</time>
        <extensions>
          <ns3:TrackPointExtension>
            <ns3:hr>131</ns3:hr>
            <ns3:cad>88</ns3:cad>
          </ns3:TrackPointExtension>
        </extensions>
      </trkpt>
      <trkpt lat="30.290786884725093841552734375" lon="120.22483228705823421478271484375">
        <ele>16.3999996185302734375</ele>
        <time>2026-07-02T11:53:44.000Z</time>
        <extensions>
          <ns3:TrackPointExtension>
            <ns3:hr>131</ns3:hr>
            <ns3:cad>88</ns3:cad>
          </ns3:TrackPointExtension>
        </extensions>
      </trkpt>
      <trkpt lat="30.2907602302730083465576171875" lon="120.22483463399112224578857421875">
        <ele>16.3999996185302734375</ele>
        <time>2026-07-02T11:53:45.000Z</time>
        <extensions>
          <ns3:TrackPointExtension>
            <ns3:hr>132</ns3:hr>
            <ns3:cad>88</ns3:cad>
          </ns3:TrackPointExtension>
        </extensions>
      </trkpt>
      <trkpt lat="30.29073684476315975189208984375" lon="120.22484150715172290802001953125">
        <ele>16.3999996185302734375</ele>
        <time>2026-07-02T11:53:46.000Z</time>
        <extensions>
          <ns3:TrackPointExtension>
            <ns3:hr>132</ns3:hr>
            <ns3:cad>88</ns3:cad>
          </ns3:TrackPointExtension>
        </extensions>
      </trkpt>
      <trkpt lat="30.29071270488202571868896484375" lon="120.22484770976006984710693359375">
        <ele>16.200000762939453125</ele>
        <time>2026-07-02T11:53:47.000Z</time>
        <extensions>
          <ns3:TrackPointExtension>
            <ns3:hr>132</ns3:hr>
            <ns3:cad>88</ns3:cad>
          </ns3:TrackPointExtension>
        </extensions>
      </trkpt>
      <trkpt lat="30.29069124720990657806396484375" lon="120.224852152168750762939453125">
        <ele>16.200000762939453125</ele>
        <time>2026-07-02T11:53:48.000Z</time>
        <extensions>
          <ns3:TrackPointExtension>
            <ns3:hr>131</ns3:hr>
            <ns3:cad>88</ns3:cad>
          </ns3:TrackPointExtension>
        </extensions>
      </trkpt>
      <trkpt lat="30.29066811315715312957763671875" lon="120.2248576842248439788818359375">
        <ele>16.200000762939453125</ele>
        <time>2026-07-02T11:53:49.000Z</time>
        <extensions>
          <ns3:TrackPointExtension>
            <ns3:hr>132</ns3:hr>
            <ns3:cad>88</ns3:cad>
          </ns3:TrackPointExtension>
        </extensions>
      </trkpt>
      <trkpt lat="30.29065118171274662017822265625" lon="120.224858857691287994384765625">
        <ele>16.200000762939453125</ele>
        <time>2026-07-02T11:53:50.000Z</time>
        <extensions>
          <ns3:TrackPointExtension>
            <ns3:hr>132</ns3:hr>
            <ns3:cad>88</ns3:cad>
          </ns3:TrackPointExtension>
        </extensions>
      </trkpt>
      <trkpt lat="30.2906294725835323333740234375" lon="120.224861539900302886962890625">
        <ele>16.3999996185302734375</ele>
        <time>2026-07-02T11:53:51.000Z</time>
        <extensions>
          <ns3:TrackPointExtension>
            <ns3:hr>132</ns3:hr>
            <ns3:cad>88</ns3:cad>
          </ns3:TrackPointExtension>
        </extensions>
      </trkpt>
      <trkpt lat="30.290610529482364654541015625" lon="120.22486229427158832550048828125">
        <ele>16.200000762939453125</ele>
        <time>2026-07-02T11:53:52.000Z</time>
        <extensions>
          <ns3:TrackPointExtension>
            <ns3:hr>132</ns3:hr>
            <ns3:cad>88</ns3:cad>
          </ns3:TrackPointExtension>
        </extensions>
      </trkpt>
      <trkpt lat="30.29059066437184810638427734375" lon="120.22486413829028606414794921875">
        <ele>16.200000762939453125</ele>
        <time>2026-07-02T11:53:53.000Z</time>
        <extensions>
          <ns3:TrackPointExtension>
            <ns3:hr>132</ns3:hr>
            <ns3:cad>89</ns3:cad>
          </ns3:TrackPointExtension>
        </extensions>
      </trkpt>
      <trkpt lat="30.2905741520226001739501953125" lon="120.224865563213825225830078125">
        <ele>16.200000762939453125</ele>
        <time>2026-07-02T11:53:54.000Z</time>
        <extensions>
          <ns3:TrackPointExtension>
            <ns3:hr>132</ns3:hr>
            <ns3:cad>89</ns3:cad>
          </ns3:TrackPointExtension>
        </extensions>
      </trkpt>
      <trkpt lat="30.2905550412833690643310546875" lon="120.224869586527347564697265625">
        <ele>16.200000762939453125</ele>
        <time>2026-07-02T11:53:55.000Z</time>
        <extensions>
          <ns3:TrackPointExtension>
            <ns3:hr>132</ns3:hr>
            <ns3:cad>88</ns3:cad>
          </ns3:TrackPointExtension>
        </extensions>
      </trkpt>
      <trkpt lat="30.29054003767669200897216796875" lon="120.2248724363744258880615234375">
        <ele>16.200000762939453125</ele>
        <time>2026-07-02T11:53:56.000Z</time>
        <extensions>
          <ns3:TrackPointExtension>
            <ns3:hr>132</ns3:hr>
            <ns3:cad>88</ns3:cad>
          </ns3:TrackPointExtension>
        </extensions>
      </trkpt>
      <trkpt lat="30.2905188314616680145263671875" lon="120.2248754538595676422119140625">
        <ele>16.200000762939453125</ele>
        <time>2026-07-02T11:53:57.000Z</time>
        <extensions>
          <ns3:TrackPointExtension>
            <ns3:hr>133</ns3:hr>
            <ns3:cad>88</ns3:cad>
          </ns3:TrackPointExtension>
        </extensions>
      </trkpt>
      <trkpt lat="30.29050198383629322052001953125" lon="120.22487302310764789581298828125">
        <ele>16.200000762939453125</ele>
        <time>2026-07-02T11:53:58.000Z</time>
        <extensions>
          <ns3:TrackPointExtension>
            <ns3:hr>132</ns3:hr>
            <ns3:cad>88</ns3:cad>
          </ns3:TrackPointExtension>
        </extensions>
      </trkpt>
      <trkpt lat="30.29047952033579349517822265625" lon="120.22487218491733074188232421875">
        <ele>16.200000762939453125</ele>
        <time>2026-07-02T11:53:59.000Z</time>
        <extensions>
          <ns3:TrackPointExtension>
            <ns3:hr>133</ns3:hr>
            <ns3:cad>88</ns3:cad>
          </ns3:TrackPointExtension>
        </extensions>
      </trkpt>
      <trkpt lat="30.2904591523110866546630859375" lon="120.22486799396574497222900390625">
        <ele>16.200000762939453125</ele>
        <time>2026-07-02T11:54:00.000Z</time>
        <extensions>
          <ns3:TrackPointExtension>
            <ns3:hr>133</ns3:hr>
            <ns3:cad>88</ns3:cad>
          </ns3:TrackPointExtension>
        </extensions>
      </trkpt>
      <trkpt lat="30.2904330007731914520263671875" lon="120.2248680777847766876220703125">
        <ele>16.200000762939453125</ele>
        <time>2026-07-02T11:54:01.000Z</time>
        <extensions>
          <ns3:TrackPointExtension>
            <ns3:hr>133</ns3:hr>
            <ns3:cad>89</ns3:cad>
          </ns3:TrackPointExtension>
        </extensions>
      </trkpt>
      <trkpt lat="30.29040860943496227264404296875" lon="120.22486698813736438751220703125">
        <ele>16.200000762939453125</ele>
        <time>2026-07-02T11:54:02.000Z</time>
        <extensions>
          <ns3:TrackPointExtension>
            <ns3:hr>133</ns3:hr>
            <ns3:cad>89</ns3:cad>
          </ns3:TrackPointExtension>
        </extensions>
      </trkpt>
      <trkpt lat="30.29038329608738422393798828125" lon="120.22486916743218898773193359375">
        <ele>16.200000762939453125</ele>
        <time>2026-07-02T11:54:03.000Z</time>
        <extensions>
          <ns3:TrackPointExtension>
            <ns3:hr>134</ns3:hr>
            <ns3:cad>89</ns3:cad>
          </ns3:TrackPointExtension>
        </extensions>
      </trkpt>
      <trkpt lat="30.2903585694730281829833984375" lon="120.2248640544712543487548828125">
        <ele>16.200000762939453125</ele>
        <time>2026-07-02T11:54:04.000Z</time>
        <extensions>
          <ns3:TrackPointExtension>
            <ns3:hr>133</ns3:hr>
            <ns3:cad>88</ns3:cad>
          </ns3:TrackPointExtension>
        </extensions>
      </trkpt>
      <trkpt lat="30.29033635742962360382080078125" lon="120.22486246190965175628662109375">
        <ele>16.200000762939453125</ele>
        <time>2026-07-02T11:54:05.000Z</time>
        <extensions>
          <ns3:TrackPointExtension>
            <ns3:hr>134</ns3:hr>
            <ns3:cad>88</ns3:cad>
          </ns3:TrackPointExtension>
        </extensions>
      </trkpt>
      <trkpt lat="30.290315151214599609375" lon="120.22486464120447635650634765625">
        <ele>16.200000762939453125</ele>
        <time>2026-07-02T11:54:06.000Z</time>
        <extensions>
          <ns3:TrackPointExtension>
            <ns3:hr>134</ns3:hr>
            <ns3:cad>88</ns3:cad>
          </ns3:TrackPointExtension>
        </extensions>
      </trkpt>
      <trkpt lat="30.2902923524379730224609375" lon="120.22486514411866664886474609375">
        <ele>16.200000762939453125</ele>
        <time>2026-07-02T11:54:07.000Z</time>
        <extensions>
          <ns3:TrackPointExtension>
            <ns3:hr>134</ns3:hr>
            <ns3:cad>88</ns3:cad>
          </ns3:TrackPointExtension>
        </extensions>
      </trkpt>
      <trkpt lat="30.29026779346168041229248046875" lon="120.22486112080514430999755859375">
        <ele>16.200000762939453125</ele>
        <time>2026-07-02T11:54:08.000Z</time>
        <extensions>
          <ns3:TrackPointExtension>
            <ns3:hr>133</ns3:hr>
            <ns3:cad>88</ns3:cad>
          </ns3:TrackPointExtension>
        </extensions>
      </trkpt>
      <trkpt lat="30.2902472577989101409912109375" lon="120.22485659457743167877197265625">
        <ele>16.200000762939453125</ele>
        <time>2026-07-02T11:54:09.000Z</time>
        <extensions>
          <ns3:TrackPointExtension>
            <ns3:hr>133</ns3:hr>
            <ns3:cad>88</ns3:cad>
          </ns3:TrackPointExtension>
        </extensions>
      </trkpt>
      <trkpt lat="30.29022621922194957733154296875" lon="120.2248493023216724395751953125">
        <ele>16</ele>
        <time>2026-07-02T11:54:10.000Z</time>
        <extensions>
          <ns3:TrackPointExtension>
            <ns3:hr>132</ns3:hr>
            <ns3:cad>88</ns3:cad>
          </ns3:TrackPointExtension>
        </extensions>
      </trkpt>
      <trkpt lat="30.29020476154983043670654296875" lon="120.22484603337943553924560546875">
        <ele>16</ele>
        <time>2026-07-02T11:54:11.000Z</time>
        <extensions>
          <ns3:TrackPointExtension>
            <ns3:hr>132</ns3:hr>
            <ns3:cad>89</ns3:cad>
          </ns3:TrackPointExtension>
        </extensions>
      </trkpt>
      <trkpt lat="30.2901828847825527191162109375" lon="120.224840752780437469482421875">
        <ele>16</ele>
        <time>2026-07-02T11:54:12.000Z</time>
        <extensions>
          <ns3:TrackPointExtension>
            <ns3:hr>132</ns3:hr>
            <ns3:cad>89</ns3:cad>
          </ns3:TrackPointExtension>
        </extensions>
      </trkpt>
      <trkpt lat="30.2901624329388141632080078125" lon="120.22483496926724910736083984375">
        <ele>16</ele>
        <time>2026-07-02T11:54:13.000Z</time>
        <extensions>
          <ns3:TrackPointExtension>
            <ns3:hr>132</ns3:hr>
            <ns3:cad>89</ns3:cad>
          </ns3:TrackPointExtension>
        </extensions>
      </trkpt>
      <trkpt lat="30.29013971798121929168701171875" lon="120.224828682839870452880859375">
        <ele>16</ele>
        <time>2026-07-02T11:54:14.000Z</time>
        <extensions>
          <ns3:TrackPointExtension>
            <ns3:hr>132</ns3:hr>
            <ns3:cad>89</ns3:cad>
          </ns3:TrackPointExtension>
        </extensions>
      </trkpt>
      <trkpt lat="30.29011943377554416656494140625" lon="120.22482742555439472198486328125">
        <ele>16</ele>
        <time>2026-07-02T11:54:15.000Z</time>
        <extensions>
          <ns3:TrackPointExtension>
            <ns3:hr>132</ns3:hr>
            <ns3:cad>89</ns3:cad>
          </ns3:TrackPointExtension>
        </extensions>
      </trkpt>
      <trkpt lat="30.29009722173213958740234375" lon="120.22482222877442836761474609375">
        <ele>16</ele>
        <time>2026-07-02T11:54:16.000Z</time>
        <extensions>
          <ns3:TrackPointExtension>
            <ns3:hr>132</ns3:hr>
            <ns3:cad>89</ns3:cad>
          </ns3:TrackPointExtension>
        </extensions>
      </trkpt>
      <trkpt lat="30.29008054174482822418212890625" lon="120.22481233812868595123291015625">
        <ele>16</ele>
        <time>2026-07-02T11:54:17.000Z</time>
        <extensions>
          <ns3:TrackPointExtension>
            <ns3:hr>132</ns3:hr>
            <ns3:cad>89</ns3:cad>
          </ns3:TrackPointExtension>
        </extensions>
      </trkpt>
      <trkpt lat="30.29005439020693302154541015625" lon="120.2248030342161655426025390625">
        <ele>16</ele>
        <time>2026-07-02T11:54:18.000Z</time>
        <extensions>
          <ns3:TrackPointExtension>
            <ns3:hr>132</ns3:hr>
            <ns3:cad>89</ns3:cad>
          </ns3:TrackPointExtension>
        </extensions>
      </trkpt>
      <trkpt lat="30.29003410600125789642333984375" lon="120.224795155227184295654296875">
        <ele>16</ele>
        <time>2026-07-02T11:54:19.000Z</time>
        <extensions>
          <ns3:TrackPointExtension>
            <ns3:hr>132</ns3:hr>
            <ns3:cad>89</ns3:cad>
          </ns3:TrackPointExtension>
        </extensions>
      </trkpt>
      <trkpt lat="30.2900107204914093017578125" lon="120.2247852645814418792724609375">
        <ele>16</ele>
        <time>2026-07-02T11:54:20.000Z</time>
        <extensions>
          <ns3:TrackPointExtension>
            <ns3:hr>132</ns3:hr>
            <ns3:cad>89</ns3:cad>
          </ns3:TrackPointExtension>
        </extensions>
      </trkpt>
      <trkpt lat="30.289993621408939361572265625" lon="120.22477730177342891693115234375">
        <ele>16</ele>
        <time>2026-07-02T11:54:21.000Z</time>
        <extensions>
          <ns3:TrackPointExtension>
            <ns3:hr>132</ns3:hr>
            <ns3:cad>89</ns3:cad>
          </ns3:TrackPointExtension>
        </extensions>
      </trkpt>
      <trkpt lat="30.28997241519391536712646484375" lon="120.224769674241542816162109375">
        <ele>16</ele>
        <time>2026-07-02T11:54:22.000Z</time>
        <extensions>
          <ns3:TrackPointExtension>
            <ns3:hr>132</ns3:hr>
            <ns3:cad>89</ns3:cad>
          </ns3:TrackPointExtension>
        </extensions>
      </trkpt>
      <trkpt lat="30.2899545617401599884033203125" lon="120.22476389072835445404052734375">
        <ele>16</ele>
        <time>2026-07-02T11:54:23.000Z</time>
        <extensions>
          <ns3:TrackPointExtension>
            <ns3:hr>132</ns3:hr>
            <ns3:cad>88</ns3:cad>
          </ns3:TrackPointExtension>
        </extensions>
      </trkpt>
      <trkpt lat="30.2899300865828990936279296875" lon="120.22475735284388065338134765625">
        <ele>16</ele>
        <time>2026-07-02T11:54:24.000Z</time>
        <extensions>
          <ns3:TrackPointExtension>
            <ns3:hr>132</ns3:hr>
            <ns3:cad>88</ns3:cad>
          </ns3:TrackPointExtension>
        </extensions>
      </trkpt>
      <trkpt lat="30.28991759754717350006103515625" lon="120.2247564308345317840576171875">
        <ele>16</ele>
        <time>2026-07-02T11:54:25.000Z</time>
        <extensions>
          <ns3:TrackPointExtension>
            <ns3:hr>133</ns3:hr>
            <ns3:cad>88</ns3:cad>
          </ns3:TrackPointExtension>
        </extensions>
      </trkpt>
      <trkpt lat="30.28990276157855987548828125" lon="120.22475534118711948394775390625">
        <ele>16</ele>
        <time>2026-07-02T11:54:26.000Z</time>
        <extensions>
          <ns3:TrackPointExtension>
            <ns3:hr>133</ns3:hr>
            <ns3:cad>88</ns3:cad>
          </ns3:TrackPointExtension>
        </extensions>
      </trkpt>
      <trkpt lat="30.289887003600597381591796875" lon="120.22475316189229488372802734375">
        <ele>16</ele>
        <time>2026-07-02T11:54:27.000Z</time>
        <extensions>
          <ns3:TrackPointExtension>
            <ns3:hr>133</ns3:hr>
            <ns3:cad>88</ns3:cad>
          </ns3:TrackPointExtension>
        </extensions>
      </trkpt>
      <trkpt lat="30.28987116180360317230224609375" lon="120.22474461235105991363525390625">
        <ele>16</ele>
        <time>2026-07-02T11:54:28.000Z</time>
        <extensions>
          <ns3:TrackPointExtension>
            <ns3:hr>133</ns3:hr>
            <ns3:cad>88</ns3:cad>
          </ns3:TrackPointExtension>
        </extensions>
      </trkpt>
      <trkpt lat="30.289852805435657501220703125" lon="120.2247433550655841827392578125">
        <ele>16</ele>
        <time>2026-07-02T11:54:29.000Z</time>
        <extensions>
          <ns3:TrackPointExtension>
            <ns3:hr>133</ns3:hr>
            <ns3:cad>88</ns3:cad>
          </ns3:TrackPointExtension>
        </extensions>
      </trkpt>
      <trkpt lat="30.2898291684687137603759765625" lon="120.22474385797977447509765625">
        <ele>16</ele>
        <time>2026-07-02T11:54:30.000Z</time>
        <extensions>
          <ns3:TrackPointExtension>
            <ns3:hr>134</ns3:hr>
            <ns3:cad>88</ns3:cad>
          </ns3:TrackPointExtension>
        </extensions>
      </trkpt>
      <trkpt lat="30.289800167083740234375" lon="120.224742852151393890380859375">
        <ele>16</ele>
        <time>2026-07-02T11:54:31.000Z</time>
        <extensions>
          <ns3:TrackPointExtension>
            <ns3:hr>134</ns3:hr>
            <ns3:cad>89</ns3:cad>
          </ns3:TrackPointExtension>
        </extensions>
      </trkpt>
      <trkpt lat="30.2897671423852443695068359375" lon="120.22474226541817188262939453125">
        <ele>16</ele>
        <time>2026-07-02T11:54:32.000Z</time>
        <extensions>
          <ns3:TrackPointExtension>
            <ns3:hr>133</ns3:hr>
            <ns3:cad>89</ns3:cad>
          </ns3:TrackPointExtension>
        </extensions>
      </trkpt>
      <trkpt lat="30.28973956592381000518798828125" lon="120.22474142722785472869873046875">
        <ele>16</ele>
        <time>2026-07-02T11:54:33.000Z</time>
        <extensions>
          <ns3:TrackPointExtension>
            <ns3:hr>133</ns3:hr>
            <ns3:cad>89</ns3:cad>
          </ns3:TrackPointExtension>
        </extensions>
      </trkpt>
      <trkpt lat="30.28971106745302677154541015625" lon="120.22474276833236217498779296875">
        <ele>16</ele>
        <time>2026-07-02T11:54:34.000Z</time>
        <extensions>
          <ns3:TrackPointExtension>
            <ns3:hr>133</ns3:hr>
            <ns3:cad>89</ns3:cad>
          </ns3:TrackPointExtension>
        </extensions>
      </trkpt>
      <trkpt lat="30.2896870113909244537353515625" lon="120.22474226541817188262939453125">
        <ele>16</ele>
        <time>2026-07-02T11:54:35.000Z</time>
        <extensions>
          <ns3:TrackPointExtension>
            <ns3:hr>134</ns3:hr>
            <ns3:cad>89</ns3:cad>
          </ns3:TrackPointExtension>
        </extensions>
      </trkpt>
      <trkpt lat="30.28966211713850498199462890625" lon="120.224743187427520751953125">
        <ele>16</ele>
        <time>2026-07-02T11:54:36.000Z</time>
        <extensions>
          <ns3:TrackPointExtension>
            <ns3:hr>133</ns3:hr>
            <ns3:cad>88</ns3:cad>
          </ns3:TrackPointExtension>
        </extensions>
      </trkpt>
      <trkpt lat="30.28963663615286350250244140625" lon="120.224746204912662506103515625">
        <ele>16</ele>
        <time>2026-07-02T11:54:37.000Z</time>
        <extensions>
          <ns3:TrackPointExtension>
            <ns3:hr>133</ns3:hr>
            <ns3:cad>88</ns3:cad>
          </ns3:TrackPointExtension>
        </extensions>
      </trkpt>
      <trkpt lat="30.28961249627172946929931640625" lon="120.22474679164588451385498046875">
        <ele>16</ele>
        <time>2026-07-02T11:54:38.000Z</time>
        <extensions>
          <ns3:TrackPointExtension>
            <ns3:hr>134</ns3:hr>
            <ns3:cad>89</ns3:cad>
          </ns3:TrackPointExtension>
        </extensions>
      </trkpt>
      <trkpt lat="30.2895860932767391204833984375" lon="120.22474654018878936767578125">
        <ele>16</ele>
        <time>2026-07-02T11:54:39.000Z</time>
        <extensions>
          <ns3:TrackPointExtension>
            <ns3:hr>133</ns3:hr>
            <ns3:cad>89</ns3:cad>
          </ns3:TrackPointExtension>
        </extensions>
      </trkpt>
      <trkpt lat="30.2895643003284931182861328125" lon="120.224748551845550537109375">
        <ele>16</ele>
        <time>2026-07-02T11:54:40.000Z</time>
        <extensions>
          <ns3:TrackPointExtension>
            <ns3:hr>134</ns3:hr>
            <ns3:cad>89</ns3:cad>
          </ns3:TrackPointExtension>
        </extensions>
      </trkpt>
      <trkpt lat="30.28953689150512218475341796875" lon="120.2247490547597408294677734375">
        <ele>16</ele>
        <time>2026-07-02T11:54:41.000Z</time>
        <extensions>
          <ns3:TrackPointExtension>
            <ns3:hr>134</ns3:hr>
            <ns3:cad>90</ns3:cad>
          </ns3:TrackPointExtension>
        </extensions>
      </trkpt>
      <trkpt lat="30.28951275162398815155029296875" lon="120.224750898778438568115234375">
        <ele>16</ele>
        <time>2026-07-02T11:54:42.000Z</time>
        <extensions>
          <ns3:TrackPointExtension>
            <ns3:hr>134</ns3:hr>
            <ns3:cad>90</ns3:cad>
          </ns3:TrackPointExtension>
        </extensions>
      </trkpt>
      <trkpt lat="30.289488695561885833740234375" lon="120.22475056350231170654296875">
        <ele>16</ele>
        <time>2026-07-02T11:54:43.000Z</time>
        <extensions>
          <ns3:TrackPointExtension>
            <ns3:hr>133</ns3:hr>
            <ns3:cad>89</ns3:cad>
          </ns3:TrackPointExtension>
        </extensions>
      </trkpt>
      <trkpt lat="30.28946950100362300872802734375" lon="120.22474947385489940643310546875">
        <ele>16.200000762939453125</ele>
        <time>2026-07-02T11:54:44.000Z</time>
        <extensions>
          <ns3:TrackPointExtension>
            <ns3:hr>134</ns3:hr>
            <ns3:cad>88</ns3:cad>
          </ns3:TrackPointExtension>
        </extensions>
      </trkpt>
      <trkpt lat="30.2894432656466960906982421875" lon="120.22475031204521656036376953125">
        <ele>16</ele>
        <time>2026-07-02T11:54:45.000Z</time>
        <extensions>
          <ns3:TrackPointExtension>
            <ns3:hr>134</ns3:hr>
            <ns3:cad>88</ns3:cad>
          </ns3:TrackPointExtension>
        </extensions>
      </trkpt>
      <trkpt lat="30.28942507691681385040283203125" lon="120.224750228226184844970703125">
        <ele>16</ele>
        <time>2026-07-02T11:54:46.000Z</time>
        <extensions>
          <ns3:TrackPointExtension>
            <ns3:hr>134</ns3:hr>
            <ns3:cad>89</ns3:cad>
          </ns3:TrackPointExtension>
        </extensions>
      </trkpt>
      <trkpt lat="30.28940093703567981719970703125" lon="120.22475081495940685272216796875">
        <ele>16</ele>
        <time>2026-07-02T11:54:47.000Z</time>
        <extensions>
          <ns3:TrackPointExtension>
            <ns3:hr>134</ns3:hr>
            <ns3:cad>89</ns3:cad>
          </ns3:TrackPointExtension>
        </extensions>
      </trkpt>
      <trkpt lat="30.28938400559127330780029296875" lon="120.22475383244454860687255859375">
        <ele>16</ele>
        <time>2026-07-02T11:54:48.000Z</time>
        <extensions>
          <ns3:TrackPointExtension>
            <ns3:hr>133</ns3:hr>
            <ns3:cad>89</ns3:cad>
          </ns3:TrackPointExtension>
        </extensions>
      </trkpt>
      <trkpt lat="30.2893617935478687286376953125" lon="120.2247534133493900299072265625">
        <ele>16</ele>
        <time>2026-07-02T11:54:49.000Z</time>
        <extensions>
          <ns3:TrackPointExtension>
            <ns3:hr>133</ns3:hr>
            <ns3:cad>89</ns3:cad>
          </ns3:TrackPointExtension>
        </extensions>
      </trkpt>
      <trkpt lat="30.2893440239131450653076171875" lon="120.2247512340545654296875">
        <ele>16</ele>
        <time>2026-07-02T11:54:50.000Z</time>
        <extensions>
          <ns3:TrackPointExtension>
            <ns3:hr>133</ns3:hr>
            <ns3:cad>89</ns3:cad>
          </ns3:TrackPointExtension>
        </extensions>
      </trkpt>
      <trkpt lat="30.28932080604135990142822265625" lon="120.22474947385489940643310546875">
        <ele>16</ele>
        <time>2026-07-02T11:54:51.000Z</time>
        <extensions>
          <ns3:TrackPointExtension>
            <ns3:hr>134</ns3:hr>
            <ns3:cad>89</ns3:cad>
          </ns3:TrackPointExtension>
        </extensions>
      </trkpt>
      <trkpt lat="30.28930538333952426910400390625" lon="120.22475232370197772979736328125">
        <ele>16</ele>
        <time>2026-07-02T11:54:52.000Z</time>
        <extensions>
          <ns3:TrackPointExtension>
            <ns3:hr>134</ns3:hr>
            <ns3:cad>89</ns3:cad>
          </ns3:TrackPointExtension>
        </extensions>
      </trkpt>
      <trkpt lat="30.2892811596393585205078125" lon="120.22475198842585086822509765625">
        <ele>16</ele>
        <time>2026-07-02T11:54:53.000Z</time>
        <extensions>
          <ns3:TrackPointExtension>
            <ns3:hr>134</ns3:hr>
            <ns3:cad>89</ns3:cad>
          </ns3:TrackPointExtension>
        </extensions>
      </trkpt>
      <trkpt lat="30.28926573693752288818359375" lon="120.2247524075210094451904296875">
        <ele>16</ele>
        <time>2026-07-02T11:54:54.000Z</time>
        <extensions>
          <ns3:TrackPointExtension>
            <ns3:hr>134</ns3:hr>
            <ns3:cad>89</ns3:cad>
          </ns3:TrackPointExtension>
        </extensions>
      </trkpt>
      <trkpt lat="30.2892431057989597320556640625" lon="120.2247463725507259368896484375">
        <ele>15.80000019073486328125</ele>
        <time>2026-07-02T11:54:55.000Z</time>
        <extensions>
          <ns3:TrackPointExtension>
            <ns3:hr>134</ns3:hr>
            <ns3:cad>89</ns3:cad>
          </ns3:TrackPointExtension>
        </extensions>
      </trkpt>
      <trkpt lat="30.28922894038259983062744140625" lon="120.22474578581750392913818359375">
        <ele>15.80000019073486328125</ele>
        <time>2026-07-02T11:54:56.000Z</time>
        <extensions>
          <ns3:TrackPointExtension>
            <ns3:hr>134</ns3:hr>
            <ns3:cad>89</ns3:cad>
          </ns3:TrackPointExtension>
        </extensions>
      </trkpt>
      <trkpt lat="30.28920027427375316619873046875" lon="120.224744863808155059814453125">
        <ele>15.80000019073486328125</ele>
        <time>2026-07-02T11:54:57.000Z</time>
        <extensions>
          <ns3:TrackPointExtension>
            <ns3:hr>134</ns3:hr>
            <ns3:cad>88</ns3:cad>
          </ns3:TrackPointExtension>
        </extensions>
      </trkpt>
      <trkpt lat="30.289179570972919464111328125" lon="120.22474427707493305206298828125">
        <ele>15.80000019073486328125</ele>
        <time>2026-07-02T11:54:58.000Z</time>
        <extensions>
          <ns3:TrackPointExtension>
            <ns3:hr>134</ns3:hr>
            <ns3:cad>88</ns3:cad>
          </ns3:TrackPointExtension>
        </extensions>
      </trkpt>
      <trkpt lat="30.28915283270180225372314453125" lon="120.2247423492372035980224609375">
        <ele>15.80000019073486328125</ele>
        <time>2026-07-02T11:54:59.000Z</time>
        <extensions>
          <ns3:TrackPointExtension>
            <ns3:hr>134</ns3:hr>
            <ns3:cad>90</ns3:cad>
          </ns3:TrackPointExtension>
        </extensions>
      </trkpt>
      <trkpt lat="30.2891291119158267974853515625" lon="120.22473958320915699005126953125">
        <ele>15.80000019073486328125</ele>
        <time>2026-07-02T11:55:00.000Z</time>
        <extensions>
          <ns3:TrackPointExtension>
            <ns3:hr>135</ns3:hr>
            <ns3:cad>90</ns3:cad>
          </ns3:TrackPointExtension>
        </extensions>
      </trkpt>
      <trkpt lat="30.28910388238728046417236328125" lon="120.224732123315334320068359375">
        <ele>15.80000019073486328125</ele>
        <time>2026-07-02T11:55:01.000Z</time>
        <extensions>
          <ns3:TrackPointExtension>
            <ns3:hr>135</ns3:hr>
            <ns3:cad>90</ns3:cad>
          </ns3:TrackPointExtension>
        </extensions>
      </trkpt>
      <trkpt lat="30.2890788204967975616455078125" lon="120.22473019547760486602783203125">
        <ele>15.80000019073486328125</ele>
        <time>2026-07-02T11:55:02.000Z</time>
        <extensions>
          <ns3:TrackPointExtension>
            <ns3:hr>135</ns3:hr>
            <ns3:cad>90</ns3:cad>
          </ns3:TrackPointExtension>
        </extensions>
      </trkpt>
      <trkpt lat="30.28905241750180721282958984375" lon="120.224725417792797088623046875">
        <ele>15.80000019073486328125</ele>
        <time>2026-07-02T11:55:03.000Z</time>
        <extensions>
          <ns3:TrackPointExtension>
            <ns3:hr>135</ns3:hr>
            <ns3:cad>89</ns3:cad>
          </ns3:TrackPointExtension>
        </extensions>
      </trkpt>
      <trkpt lat="30.28903146274387836456298828125" lon="120.22472768090665340423583984375">
        <ele>15.80000019073486328125</ele>
        <time>2026-07-02T11:55:04.000Z</time>
        <extensions>
          <ns3:TrackPointExtension>
            <ns3:hr>135</ns3:hr>
            <ns3:cad>89</ns3:cad>
          </ns3:TrackPointExtension>
        </extensions>
      </trkpt>
      <trkpt lat="30.28900950215756893157958984375" lon="120.22472885437309741973876953125">
        <ele>15.80000019073486328125</ele>
        <time>2026-07-02T11:55:05.000Z</time>
        <extensions>
          <ns3:TrackPointExtension>
            <ns3:hr>135</ns3:hr>
            <ns3:cad>88</ns3:cad>
          </ns3:TrackPointExtension>
        </extensions>
      </trkpt>
      <trkpt lat="30.2889913134276866912841796875" lon="120.22472835145890712738037109375">
        <ele>16</ele>
        <time>2026-07-02T11:55:06.000Z</time>
        <extensions>
          <ns3:TrackPointExtension>
            <ns3:hr>135</ns3:hr>
            <ns3:cad>88</ns3:cad>
          </ns3:TrackPointExtension>
        </extensions>
      </trkpt>
      <trkpt lat="30.2889725379645824432373046875" lon="120.22472969256341457366943359375">
        <ele>16</ele>
        <time>2026-07-02T11:55:07.000Z</time>
        <extensions>
          <ns3:TrackPointExtension>
            <ns3:hr>135</ns3:hr>
            <ns3:cad>88</ns3:cad>
          </ns3:TrackPointExtension>
        </extensions>
      </trkpt>
      <trkpt lat="30.2889440394937992095947265625" lon="120.2247296087443828582763671875">
        <ele>16</ele>
        <time>2026-07-02T11:55:08.000Z</time>
        <extensions>
          <ns3:TrackPointExtension>
            <ns3:hr>136</ns3:hr>
            <ns3:cad>88</ns3:cad>
          </ns3:TrackPointExtension>
        </extensions>
      </trkpt>
      <trkpt lat="30.28891646303236484527587890625" lon="120.22473178803920745849609375">
        <ele>16</ele>
        <time>2026-07-02T11:55:09.000Z</time>
        <extensions>
          <ns3:TrackPointExtension>
            <ns3:hr>136</ns3:hr>
            <ns3:cad>88</ns3:cad>
          </ns3:TrackPointExtension>
        </extensions>
      </trkpt>
      <trkpt lat="30.2888867072761058807373046875" lon="120.22473338060081005096435546875">
        <ele>16</ele>
        <time>2026-07-02T11:55:10.000Z</time>
        <extensions>
          <ns3:TrackPointExtension>
            <ns3:hr>136</ns3:hr>
            <ns3:cad>89</ns3:cad>
          </ns3:TrackPointExtension>
        </extensions>
      </trkpt>
      <trkpt lat="30.28885862790048122406005859375" lon="120.22473354823887348175048828125">
        <ele>16</ele>
        <time>2026-07-02T11:55:11.000Z</time>
        <extensions>
          <ns3:TrackPointExtension>
            <ns3:hr>136</ns3:hr>
            <ns3:cad>88</ns3:cad>
          </ns3:TrackPointExtension>
        </extensions>
      </trkpt>
      <trkpt lat="30.2888276986777782440185546875" lon="120.22473237477242946624755859375">
        <ele>16</ele>
        <time>2026-07-02T11:55:12.000Z</time>
        <extensions>
          <ns3:TrackPointExtension>
            <ns3:hr>136</ns3:hr>
            <ns3:cad>88</ns3:cad>
          </ns3:TrackPointExtension>
        </extensions>
      </trkpt>
      <trkpt lat="30.2888035587966442108154296875" lon="120.2247289381921291351318359375">
        <ele>16</ele>
        <time>2026-07-02T11:55:13.000Z</time>
        <extensions>
          <ns3:TrackPointExtension>
            <ns3:hr>136</ns3:hr>
            <ns3:cad>88</ns3:cad>
          </ns3:TrackPointExtension>
        </extensions>
      </trkpt>
      <trkpt lat="30.28877665288746356964111328125" lon="120.22471795789897441864013671875">
        <ele>16</ele>
        <time>2026-07-02T11:55:14.000Z</time>
        <extensions>
          <ns3:TrackPointExtension>
            <ns3:hr>137</ns3:hr>
            <ns3:cad>88</ns3:cad>
          </ns3:TrackPointExtension>
        </extensions>
      </trkpt>
      <trkpt lat="30.28876055963337421417236328125" lon="120.2247071452438831329345703125">
        <ele>16</ele>
        <time>2026-07-02T11:55:15.000Z</time>
        <extensions>
          <ns3:TrackPointExtension>
            <ns3:hr>137</ns3:hr>
            <ns3:cad>88</ns3:cad>
          </ns3:TrackPointExtension>
        </extensions>
      </trkpt>
      <trkpt lat="30.28874161653220653533935546875" lon="120.224689207971096038818359375">
        <ele>16</ele>
        <time>2026-07-02T11:55:16.000Z</time>
        <extensions>
          <ns3:TrackPointExtension>
            <ns3:hr>137</ns3:hr>
            <ns3:cad>88</ns3:cad>
          </ns3:TrackPointExtension>
        </extensions>
      </trkpt>
      <trkpt lat="30.28872661292552947998046875" lon="120.2246721088886260986328125">
        <ele>15.80000019073486328125</ele>
        <time>2026-07-02T11:55:17.000Z</time>
        <extensions>
          <ns3:TrackPointExtension>
            <ns3:hr>138</ns3:hr>
            <ns3:cad>88</ns3:cad>
          </ns3:TrackPointExtension>
        </extensions>
      </trkpt>
      <trkpt lat="30.2887093462049961090087890625" lon="120.2246434427797794342041015625">
        <ele>15.80000019073486328125</ele>
        <time>2026-07-02T11:55:18.000Z</time>
        <extensions>
          <ns3:TrackPointExtension>
            <ns3:hr>139</ns3:hr>
            <ns3:cad>90</ns3:cad>
          </ns3:TrackPointExtension>
        </extensions>
      </trkpt>
      <trkpt lat="30.28869819827377796173095703125" lon="120.22462106309831142425537109375">
        <ele>15.80000019073486328125</ele>
        <time>2026-07-02T11:55:19.000Z</time>
        <extensions>
          <ns3:TrackPointExtension>
            <ns3:hr>139</ns3:hr>
            <ns3:cad>89</ns3:cad>
          </ns3:TrackPointExtension>
        </extensions>
      </trkpt>
      <trkpt lat="30.2886862121522426605224609375" lon="120.22459323517978191375732421875">
        <ele>16</ele>
        <time>2026-07-02T11:55:20.000Z</time>
        <extensions>
          <ns3:TrackPointExtension>
            <ns3:hr>139</ns3:hr>
            <ns3:cad>88</ns3:cad>
          </ns3:TrackPointExtension>
        </extensions>
      </trkpt>
      <trkpt lat="30.2886776626110076904296875" lon="120.22456758655607700347900390625">
        <ele>16</ele>
        <time>2026-07-02T11:55:21.000Z</time>
        <extensions>
          <ns3:TrackPointExtension>
            <ns3:hr>139</ns3:hr>
            <ns3:cad>88</ns3:cad>
          </ns3:TrackPointExtension>
        </extensions>
      </trkpt>
      <trkpt lat="30.28867037035524845123291015625" lon="120.22453707642853260040283203125">
        <ele>16</ele>
        <time>2026-07-02T11:55:22.000Z</time>
        <extensions>
          <ns3:TrackPointExtension>
            <ns3:hr>138</ns3:hr>
            <ns3:cad>88</ns3:cad>
          </ns3:TrackPointExtension>
        </extensions>
      </trkpt>
      <trkpt lat="30.28866031207144260406494140625" lon="120.22451176308095455169677734375">
        <ele>16</ele>
        <time>2026-07-02T11:55:23.000Z</time>
        <extensions>
          <ns3:TrackPointExtension>
            <ns3:hr>138</ns3:hr>
            <ns3:cad>88</ns3:cad>
          </ns3:TrackPointExtension>
        </extensions>
      </trkpt>
      <trkpt lat="30.28865209780633449554443359375" lon="120.2244815044105052947998046875">
        <ele>16</ele>
        <time>2026-07-02T11:55:24.000Z</time>
        <extensions>
          <ns3:TrackPointExtension>
            <ns3:hr>139</ns3:hr>
            <ns3:cad>88</ns3:cad>
          </ns3:TrackPointExtension>
        </extensions>
      </trkpt>
      <trkpt lat="30.2886422909796237945556640625" lon="120.22445979528129100799560546875">
        <ele>15.80000019073486328125</ele>
        <time>2026-07-02T11:55:25.000Z</time>
        <extensions>
          <ns3:TrackPointExtension>
            <ns3:hr>139</ns3:hr>
            <ns3:cad>89</ns3:cad>
          </ns3:TrackPointExtension>
        </extensions>
      </trkpt>
      <trkpt lat="30.28863533399999141693115234375" lon="120.22443473339080810546875">
        <ele>16</ele>
        <time>2026-07-02T11:55:26.000Z</time>
        <extensions>
          <ns3:TrackPointExtension>
            <ns3:hr>139</ns3:hr>
            <ns3:cad>89</ns3:cad>
          </ns3:TrackPointExtension>
        </extensions>
      </trkpt>
      <trkpt lat="30.2886261977255344390869140625" lon="120.22441864013671875">
        <ele>16</ele>
        <time>2026-07-02T11:55:27.000Z</time>
        <extensions>
          <ns3:TrackPointExtension>
            <ns3:hr>139</ns3:hr>
            <ns3:cad>89</ns3:cad>
          </ns3:TrackPointExtension>
        </extensions>
      </trkpt>
      <trkpt lat="30.288614295423030853271484375" lon="120.22439181804656982421875">
        <ele>16</ele>
        <time>2026-07-02T11:55:28.000Z</time>
        <extensions>
          <ns3:TrackPointExtension>
            <ns3:hr>138</ns3:hr>
            <ns3:cad>89</ns3:cad>
          </ns3:TrackPointExtension>
        </extensions>
      </trkpt>
      <trkpt lat="30.28860314749181270599365234375" lon="120.22436968982219696044921875">
        <ele>16</ele>
        <time>2026-07-02T11:55:29.000Z</time>
        <extensions>
          <ns3:TrackPointExtension>
            <ns3:hr>139</ns3:hr>
            <ns3:cad>89</ns3:cad>
          </ns3:TrackPointExtension>
        </extensions>
      </trkpt>
      <trkpt lat="30.288590826094150543212890625" lon="120.22434244863688945770263671875">
        <ele>16</ele>
        <time>2026-07-02T11:55:30.000Z</time>
        <extensions>
          <ns3:TrackPointExtension>
            <ns3:hr>138</ns3:hr>
            <ns3:cad>89</ns3:cad>
          </ns3:TrackPointExtension>
        </extensions>
      </trkpt>
      <trkpt lat="30.28858051635324954986572265625" lon="120.22431847639381885528564453125">
        <ele>16</ele>
        <time>2026-07-02T11:55:31.000Z</time>
        <extensions>
          <ns3:TrackPointExtension>
            <ns3:hr>138</ns3:hr>
            <ns3:cad>89</ns3:cad>
          </ns3:TrackPointExtension>
        </extensions>
      </trkpt>
      <trkpt lat="30.288569033145904541015625" lon="120.22429182194173336029052734375">
        <ele>16</ele>
        <time>2026-07-02T11:55:32.000Z</time>
        <extensions>
          <ns3:TrackPointExtension>
            <ns3:hr>138</ns3:hr>
            <ns3:cad>88</ns3:cad>
          </ns3:TrackPointExtension>
        </extensions>
      </trkpt>
      <trkpt lat="30.28856165707111358642578125" lon="120.22426919080317020416259765625">
        <ele>16</ele>
        <time>2026-07-02T11:55:33.000Z</time>
        <extensions>
          <ns3:TrackPointExtension>
            <ns3:hr>138</ns3:hr>
            <ns3:cad>88</ns3:cad>
          </ns3:TrackPointExtension>
        </extensions>
      </trkpt>
      <trkpt lat="30.28855101205408573150634765625" lon="120.22424228489398956298828125">
        <ele>16</ele>
        <time>2026-07-02T11:55:34.000Z</time>
        <extensions>
          <ns3:TrackPointExtension>
            <ns3:hr>138</ns3:hr>
            <ns3:cad>89</ns3:cad>
          </ns3:TrackPointExtension>
        </extensions>
      </trkpt>
      <trkpt lat="30.28854313306510448455810546875" lon="120.2242226712405681610107421875">
        <ele>16</ele>
        <time>2026-07-02T11:55:35.000Z</time>
        <extensions>
          <ns3:TrackPointExtension>
            <ns3:hr>138</ns3:hr>
            <ns3:cad>89</ns3:cad>
          </ns3:TrackPointExtension>
        </extensions>
      </trkpt>
      <trkpt lat="30.288534499704837799072265625" lon="120.2241975255310535430908203125">
        <ele>16</ele>
        <time>2026-07-02T11:55:36.000Z</time>
        <extensions>
          <ns3:TrackPointExtension>
            <ns3:hr>138</ns3:hr>
            <ns3:cad>89</ns3:cad>
          </ns3:TrackPointExtension>
        </extensions>
      </trkpt>
      <trkpt lat="30.28852947056293487548828125" lon="120.22417724132537841796875">
        <ele>16</ele>
        <time>2026-07-02T11:55:37.000Z</time>
        <extensions>
          <ns3:TrackPointExtension>
            <ns3:hr>139</ns3:hr>
            <ns3:cad>90</ns3:cad>
          </ns3:TrackPointExtension>
        </extensions>
      </trkpt>
      <trkpt lat="30.28851874172687530517578125" lon="120.22415469400584697723388671875">
        <ele>16</ele>
        <time>2026-07-02T11:55:38.000Z</time>
        <extensions>
          <ns3:TrackPointExtension>
            <ns3:hr>138</ns3:hr>
            <ns3:cad>90</ns3:cad>
          </ns3:TrackPointExtension>
        </extensions>
      </trkpt>
      <trkpt lat="30.2885101921856403350830078125" lon="120.22413306869566440582275390625">
        <ele>16</ele>
        <time>2026-07-02T11:55:39.000Z</time>
        <extensions>
          <ns3:TrackPointExtension>
            <ns3:hr>139</ns3:hr>
            <ns3:cad>89</ns3:cad>
          </ns3:TrackPointExtension>
        </extensions>
      </trkpt>
      <trkpt lat="30.28849862515926361083984375" lon="120.22410817444324493408203125">
        <ele>16</ele>
        <time>2026-07-02T11:55:40.000Z</time>
        <extensions>
          <ns3:TrackPointExtension>
            <ns3:hr>138</ns3:hr>
            <ns3:cad>88</ns3:cad>
          </ns3:TrackPointExtension>
        </extensions>
      </trkpt>
      <trkpt lat="30.28849166817963123321533203125" lon="120.2240835316479206085205078125">
        <ele>16</ele>
        <time>2026-07-02T11:55:41.000Z</time>
        <extensions>
          <ns3:TrackPointExtension>
            <ns3:hr>138</ns3:hr>
            <ns3:cad>88</ns3:cad>
          </ns3:TrackPointExtension>
        </extensions>
      </trkpt>
      <trkpt lat="30.2884837053716182708740234375" lon="120.2240573801100254058837890625">
        <ele>16</ele>
        <time>2026-07-02T11:55:42.000Z</time>
        <extensions>
          <ns3:TrackPointExtension>
            <ns3:hr>138</ns3:hr>
            <ns3:cad>88</ns3:cad>
          </ns3:TrackPointExtension>
        </extensions>
      </trkpt>
      <trkpt lat="30.288474820554256439208984375" lon="120.224031396210193634033203125">
        <ele>16.200000762939453125</ele>
        <time>2026-07-02T11:55:43.000Z</time>
        <extensions>
          <ns3:TrackPointExtension>
            <ns3:hr>138</ns3:hr>
            <ns3:cad>88</ns3:cad>
          </ns3:TrackPointExtension>
        </extensions>
      </trkpt>
      <trkpt lat="30.2884662710130214691162109375" lon="120.2240070886909961700439453125">
        <ele>16.200000762939453125</ele>
        <time>2026-07-02T11:55:44.000Z</time>
        <extensions>
          <ns3:TrackPointExtension>
            <ns3:hr>138</ns3:hr>
            <ns3:cad>88</ns3:cad>
          </ns3:TrackPointExtension>
        </extensions>
      </trkpt>
      <trkpt lat="30.28845847584307193756103515625" lon="120.2239839546382427215576171875">
        <ele>16.200000762939453125</ele>
        <time>2026-07-02T11:55:45.000Z</time>
        <extensions>
          <ns3:TrackPointExtension>
            <ns3:hr>138</ns3:hr>
            <ns3:cad>89</ns3:cad>
          </ns3:TrackPointExtension>
        </extensions>
      </trkpt>
      <trkpt lat="30.28844774700701236724853515625" lon="120.223959647119045257568359375">
        <ele>16.200000762939453125</ele>
        <time>2026-07-02T11:55:46.000Z</time>
        <extensions>
          <ns3:TrackPointExtension>
            <ns3:hr>137</ns3:hr>
            <ns3:cad>89</ns3:cad>
          </ns3:TrackPointExtension>
        </extensions>
      </trkpt>
      <trkpt lat="30.2884381078183650970458984375" lon="120.2239350043237209320068359375">
        <ele>16.200000762939453125</ele>
        <time>2026-07-02T11:55:47.000Z</time>
        <extensions>
          <ns3:TrackPointExtension>
            <ns3:hr>137</ns3:hr>
            <ns3:cad>89</ns3:cad>
          </ns3:TrackPointExtension>
        </extensions>
      </trkpt>
      <trkpt lat="30.28843022882938385009765625" lon="120.2239157259464263916015625">
        <ele>16.200000762939453125</ele>
        <time>2026-07-02T11:55:48.000Z</time>
        <extensions>
          <ns3:TrackPointExtension>
            <ns3:hr>137</ns3:hr>
            <ns3:cad>89</ns3:cad>
          </ns3:TrackPointExtension>
        </extensions>
      </trkpt>
      <trkpt lat="30.288421176373958587646484375" lon="120.22389334626495838165283203125">
        <ele>16.200000762939453125</ele>
        <time>2026-07-02T11:55:49.000Z</time>
        <extensions>
          <ns3:TrackPointExtension>
            <ns3:hr>137</ns3:hr>
            <ns3:cad>89</ns3:cad>
          </ns3:TrackPointExtension>
        </extensions>
      </trkpt>
      <trkpt lat="30.2884121239185333251953125" lon="120.223874151706695556640625">
        <ele>16.200000762939453125</ele>
        <time>2026-07-02T11:55:50.000Z</time>
        <extensions>
          <ns3:TrackPointExtension>
            <ns3:hr>137</ns3:hr>
            <ns3:cad>89</ns3:cad>
          </ns3:TrackPointExtension>
        </extensions>
      </trkpt>
      <trkpt lat="30.28840315528213977813720703125" lon="120.22384674288332462310791015625">
        <ele>16.200000762939453125</ele>
        <time>2026-07-02T11:55:51.000Z</time>
        <extensions>
          <ns3:TrackPointExtension>
            <ns3:hr>137</ns3:hr>
            <ns3:cad>89</ns3:cad>
          </ns3:TrackPointExtension>
        </extensions>
      </trkpt>
      <trkpt lat="30.2883931808173656463623046875" lon="120.22382788360118865966796875">
        <ele>16.200000762939453125</ele>
        <time>2026-07-02T11:55:52.000Z</time>
        <extensions>
          <ns3:TrackPointExtension>
            <ns3:hr>137</ns3:hr>
            <ns3:cad>89</ns3:cad>
          </ns3:TrackPointExtension>
        </extensions>
      </trkpt>
      <trkpt lat="30.288380943238735198974609375" lon="120.2238032408058643341064453125">
        <ele>16.200000762939453125</ele>
        <time>2026-07-02T11:55:53.000Z</time>
        <extensions>
          <ns3:TrackPointExtension>
            <ns3:hr>137</ns3:hr>
            <ns3:cad>89</ns3:cad>
          </ns3:TrackPointExtension>
        </extensions>
      </trkpt>
      <trkpt lat="30.28837583027780055999755859375" lon="120.2237807773053646087646484375">
        <ele>16.200000762939453125</ele>
        <time>2026-07-02T11:55:54.000Z</time>
        <extensions>
          <ns3:TrackPointExtension>
            <ns3:hr>137</ns3:hr>
            <ns3:cad>89</ns3:cad>
          </ns3:TrackPointExtension>
        </extensions>
      </trkpt>
      <trkpt lat="30.2883676998317241668701171875" lon="120.22375144064426422119140625">
        <ele>16.200000762939453125</ele>
        <time>2026-07-02T11:55:55.000Z</time>
        <extensions>
          <ns3:TrackPointExtension>
            <ns3:hr>137</ns3:hr>
            <ns3:cad>89</ns3:cad>
          </ns3:TrackPointExtension>
        </extensions>
      </trkpt>
      <trkpt lat="30.288362167775630950927734375" lon="120.22372864186763763427734375">
        <ele>16.200000762939453125</ele>
        <time>2026-07-02T11:55:56.000Z</time>
        <extensions>
          <ns3:TrackPointExtension>
            <ns3:hr>137</ns3:hr>
            <ns3:cad>89</ns3:cad>
          </ns3:TrackPointExtension>
        </extensions>
      </trkpt>
      <trkpt lat="30.288353450596332550048828125" lon="120.2237016521394252777099609375">
        <ele>16.200000762939453125</ele>
        <time>2026-07-02T11:55:57.000Z</time>
        <extensions>
          <ns3:TrackPointExtension>
            <ns3:hr>137</ns3:hr>
            <ns3:cad>89</ns3:cad>
          </ns3:TrackPointExtension>
        </extensions>
      </trkpt>
      <trkpt lat="30.2883477509021759033203125" lon="120.223681032657623291015625">
        <ele>16.200000762939453125</ele>
        <time>2026-07-02T11:55:58.000Z</time>
        <extensions>
          <ns3:TrackPointExtension>
            <ns3:hr>137</ns3:hr>
            <ns3:cad>89</ns3:cad>
          </ns3:TrackPointExtension>
        </extensions>
      </trkpt>
      <trkpt lat="30.28833811171352863311767578125" lon="120.2236513607203960418701171875">
        <ele>16.200000762939453125</ele>
        <time>2026-07-02T11:55:59.000Z</time>
        <extensions>
          <ns3:TrackPointExtension>
            <ns3:hr>136</ns3:hr>
            <ns3:cad>89</ns3:cad>
          </ns3:TrackPointExtension>
        </extensions>
      </trkpt>
      <trkpt lat="30.2883289754390716552734375" lon="120.2236302383244037628173828125">
        <ele>16.3999996185302734375</ele>
        <time>2026-07-02T11:56:00.000Z</time>
        <extensions>
          <ns3:TrackPointExtension>
            <ns3:hr>136</ns3:hr>
            <ns3:cad>88</ns3:cad>
          </ns3:TrackPointExtension>
        </extensions>
      </trkpt>
      <trkpt lat="30.28831933625042438507080078125" lon="120.22360350005328655242919921875">
        <ele>16.3999996185302734375</ele>
        <time>2026-07-02T11:56:01.000Z</time>
        <extensions>
          <ns3:TrackPointExtension>
            <ns3:hr>136</ns3:hr>
            <ns3:cad>88</ns3:cad>
          </ns3:TrackPointExtension>
        </extensions>
      </trkpt>
      <trkpt lat="30.28830818831920623779296875" lon="120.223582796752452850341796875">
        <ele>16.3999996185302734375</ele>
        <time>2026-07-02T11:56:02.000Z</time>
        <extensions>
          <ns3:TrackPointExtension>
            <ns3:hr>136</ns3:hr>
            <ns3:cad>88</ns3:cad>
          </ns3:TrackPointExtension>
        </extensions>
      </trkpt>
      <trkpt lat="30.28829989023506641387939453125" lon="120.22355589084327220916748046875">
        <ele>16.3999996185302734375</ele>
        <time>2026-07-02T11:56:03.000Z</time>
        <extensions>
          <ns3:TrackPointExtension>
            <ns3:hr>135</ns3:hr>
            <ns3:cad>88</ns3:cad>
          </ns3:TrackPointExtension>
        </extensions>
      </trkpt>
      <trkpt lat="30.28829477727413177490234375" lon="120.22353627718985080718994140625">
        <ele>16.3999996185302734375</ele>
        <time>2026-07-02T11:56:04.000Z</time>
        <extensions>
          <ns3:TrackPointExtension>
            <ns3:hr>135</ns3:hr>
            <ns3:cad>88</ns3:cad>
          </ns3:TrackPointExtension>
        </extensions>
      </trkpt>
      <trkpt lat="30.2882835455238819122314453125" lon="120.2235078625380992889404296875">
        <ele>16.3999996185302734375</ele>
        <time>2026-07-02T11:56:05.000Z</time>
        <extensions>
          <ns3:TrackPointExtension>
            <ns3:hr>135</ns3:hr>
            <ns3:cad>89</ns3:cad>
          </ns3:TrackPointExtension>
        </extensions>
      </trkpt>
      <trkpt lat="30.288273990154266357421875" lon="120.2234884165227413177490234375">
        <ele>16.3999996185302734375</ele>
        <time>2026-07-02T11:56:06.000Z</time>
        <extensions>
          <ns3:TrackPointExtension>
            <ns3:hr>135</ns3:hr>
            <ns3:cad>90</ns3:cad>
          </ns3:TrackPointExtension>
        </extensions>
      </trkpt>
      <trkpt lat="30.2882627584040164947509765625" lon="120.22346000187098979949951171875">
        <ele>16.3999996185302734375</ele>
        <time>2026-07-02T11:56:07.000Z</time>
        <extensions>
          <ns3:TrackPointExtension>
            <ns3:hr>134</ns3:hr>
            <ns3:cad>89</ns3:cad>
          </ns3:TrackPointExtension>
        </extensions>
      </trkpt>
      <trkpt lat="30.28825395740568637847900390625" lon="120.22344072349369525909423828125">
        <ele>16.3999996185302734375</ele>
        <time>2026-07-02T11:56:08.000Z</time>
        <extensions>
          <ns3:TrackPointExtension>
            <ns3:hr>134</ns3:hr>
            <ns3:cad>89</ns3:cad>
          </ns3:TrackPointExtension>
        </extensions>
      </trkpt>
      <trkpt lat="30.28824205510318279266357421875" lon="120.2234129793941974639892578125">
        <ele>16.3999996185302734375</ele>
        <time>2026-07-02T11:56:09.000Z</time>
        <extensions>
          <ns3:TrackPointExtension>
            <ns3:hr>134</ns3:hr>
            <ns3:cad>89</ns3:cad>
          </ns3:TrackPointExtension>
        </extensions>
      </trkpt>
      <trkpt lat="30.28823367320001125335693359375" lon="120.2233908511698246002197265625">
        <ele>16.3999996185302734375</ele>
        <time>2026-07-02T11:56:10.000Z</time>
        <extensions>
          <ns3:TrackPointExtension>
            <ns3:hr>135</ns3:hr>
            <ns3:cad>89</ns3:cad>
          </ns3:TrackPointExtension>
        </extensions>
      </trkpt>
      <trkpt lat="30.28822529129683971405029296875" lon="120.22336076013743877410888671875">
        <ele>16.3999996185302734375</ele>
        <time>2026-07-02T11:56:11.000Z</time>
        <extensions>
          <ns3:TrackPointExtension>
            <ns3:hr>135</ns3:hr>
            <ns3:cad>89</ns3:cad>
          </ns3:TrackPointExtension>
        </extensions>
      </trkpt>
      <trkpt lat="30.288217328488826751708984375" lon="120.2233388833701610565185546875">
        <ele>16.3999996185302734375</ele>
        <time>2026-07-02T11:56:12.000Z</time>
        <extensions>
          <ns3:TrackPointExtension>
            <ns3:hr>135</ns3:hr>
            <ns3:cad>89</ns3:cad>
          </ns3:TrackPointExtension>
        </extensions>
      </trkpt>
      <trkpt lat="30.2882054261863231658935546875" lon="120.22331231273710727691650390625">
        <ele>16.3999996185302734375</ele>
        <time>2026-07-02T11:56:13.000Z</time>
        <extensions>
          <ns3:TrackPointExtension>
            <ns3:hr>134</ns3:hr>
            <ns3:cad>89</ns3:cad>
          </ns3:TrackPointExtension>
        </extensions>
      </trkpt>
      <trkpt lat="30.28819930739700794219970703125" lon="120.2232909388840198516845703125">
        <ele>16.3999996185302734375</ele>
        <time>2026-07-02T11:56:14.000Z</time>
        <extensions>
          <ns3:TrackPointExtension>
            <ns3:hr>135</ns3:hr>
            <ns3:cad>90</ns3:cad>
          </ns3:TrackPointExtension>
        </extensions>
      </trkpt>
      <trkpt lat="30.28818824328482151031494140625" lon="120.2232666313648223876953125">
        <ele>16.3999996185302734375</ele>
        <time>2026-07-02T11:56:15.000Z</time>
        <extensions>
          <ns3:TrackPointExtension>
            <ns3:hr>135</ns3:hr>
            <ns3:cad>90</ns3:cad>
          </ns3:TrackPointExtension>
        </extensions>
      </trkpt>
      <trkpt lat="30.28817734681069850921630859375" lon="120.22324777208268642425537109375">
        <ele>16.3999996185302734375</ele>
        <time>2026-07-02T11:56:16.000Z</time>
        <extensions>
          <ns3:TrackPointExtension>
            <ns3:hr>135</ns3:hr>
            <ns3:cad>90</ns3:cad>
          </ns3:TrackPointExtension>
        </extensions>
      </trkpt>
      <trkpt lat="30.28817080892622470855712890625" lon="120.2232255600392818450927734375">
        <ele>16.6000003814697265625</ele>
        <time>2026-07-02T11:56:17.000Z</time>
        <extensions>
          <ns3:TrackPointExtension>
            <ns3:hr>135</ns3:hr>
            <ns3:cad>90</ns3:cad>
          </ns3:TrackPointExtension>
        </extensions>
      </trkpt>
      <trkpt lat="30.288161337375640869140625" lon="120.223205275833606719970703125">
        <ele>16.6000003814697265625</ele>
        <time>2026-07-02T11:56:18.000Z</time>
        <extensions>
          <ns3:TrackPointExtension>
            <ns3:hr>135</ns3:hr>
            <ns3:cad>90</ns3:cad>
          </ns3:TrackPointExtension>
        </extensions>
      </trkpt>
      <trkpt lat="30.28815253637731075286865234375" lon="120.22318440489470958709716796875">
        <ele>16.6000003814697265625</ele>
        <time>2026-07-02T11:56:19.000Z</time>
        <extensions>
          <ns3:TrackPointExtension>
            <ns3:hr>135</ns3:hr>
            <ns3:cad>89</ns3:cad>
          </ns3:TrackPointExtension>
        </extensions>
      </trkpt>
      <trkpt lat="30.28814482502639293670654296875" lon="120.22316864691674709320068359375">
        <ele>16.6000003814697265625</ele>
        <time>2026-07-02T11:56:20.000Z</time>
        <extensions>
          <ns3:TrackPointExtension>
            <ns3:hr>135</ns3:hr>
            <ns3:cad>89</ns3:cad>
          </ns3:TrackPointExtension>
        </extensions>
      </trkpt>
      <trkpt lat="30.28813627548515796661376953125" lon="120.22314752452075481414794921875">
        <ele>16.6000003814697265625</ele>
        <time>2026-07-02T11:56:21.000Z</time>
        <extensions>
          <ns3:TrackPointExtension>
            <ns3:hr>135</ns3:hr>
            <ns3:cad>89</ns3:cad>
          </ns3:TrackPointExtension>
        </extensions>
      </trkpt>
      <trkpt lat="30.28812755830585956573486328125" lon="120.2231298387050628662109375">
        <ele>16.6000003814697265625</ele>
        <time>2026-07-02T11:56:22.000Z</time>
        <extensions>
          <ns3:TrackPointExtension>
            <ns3:hr>135</ns3:hr>
            <ns3:cad>89</ns3:cad>
          </ns3:TrackPointExtension>
        </extensions>
      </trkpt>
      <trkpt lat="30.2881157398223876953125" lon="120.2231072075664997100830078125">
        <ele>16.6000003814697265625</ele>
        <time>2026-07-02T11:56:23.000Z</time>
        <extensions>
          <ns3:TrackPointExtension>
            <ns3:hr>135</ns3:hr>
            <ns3:cad>90</ns3:cad>
          </ns3:TrackPointExtension>
        </extensions>
      </trkpt>
      <trkpt lat="30.28810702264308929443359375" lon="120.22308491170406341552734375">
        <ele>16.6000003814697265625</ele>
        <time>2026-07-02T11:56:24.000Z</time>
        <extensions>
          <ns3:TrackPointExtension>
            <ns3:hr>135</ns3:hr>
            <ns3:cad>90</ns3:cad>
          </ns3:TrackPointExtension>
        </extensions>
      </trkpt>
      <trkpt lat="30.288093946874141693115234375" lon="120.223059095442295074462890625">
        <ele>16.6000003814697265625</ele>
        <time>2026-07-02T11:56:25.000Z</time>
        <extensions>
          <ns3:TrackPointExtension>
            <ns3:hr>135</ns3:hr>
            <ns3:cad>90</ns3:cad>
          </ns3:TrackPointExtension>
        </extensions>
      </trkpt>
      <trkpt lat="30.2880847267806529998779296875" lon="120.22303369827568531036376953125">
        <ele>16.6000003814697265625</ele>
        <time>2026-07-02T11:56:26.000Z</time>
        <extensions>
          <ns3:TrackPointExtension>
            <ns3:hr>135</ns3:hr>
            <ns3:cad>90</ns3:cad>
          </ns3:TrackPointExtension>
        </extensions>
      </trkpt>
      <trkpt lat="30.2880741655826568603515625" lon="120.22300578653812408447265625">
        <ele>16.6000003814697265625</ele>
        <time>2026-07-02T11:56:27.000Z</time>
        <extensions>
          <ns3:TrackPointExtension>
            <ns3:hr>135</ns3:hr>
            <ns3:cad>89</ns3:cad>
          </ns3:TrackPointExtension>
        </extensions>
      </trkpt>
      <trkpt lat="30.28806586749851703643798828125" lon="120.22298290394246578216552734375">
        <ele>16.6000003814697265625</ele>
        <time>2026-07-02T11:56:28.000Z</time>
        <extensions>
          <ns3:TrackPointExtension>
            <ns3:hr>135</ns3:hr>
            <ns3:cad>89</ns3:cad>
          </ns3:TrackPointExtension>
        </extensions>
      </trkpt>
      <trkpt lat="30.2880538813769817352294921875" lon="120.2229529805481433868408203125">
        <ele>16.6000003814697265625</ele>
        <time>2026-07-02T11:56:29.000Z</time>
        <extensions>
          <ns3:TrackPointExtension>
            <ns3:hr>135</ns3:hr>
            <ns3:cad>89</ns3:cad>
          </ns3:TrackPointExtension>
        </extensions>
      </trkpt>
      <trkpt lat="30.2880431525409221649169921875" lon="120.22293026559054851531982421875">
        <ele>16.6000003814697265625</ele>
        <time>2026-07-02T11:56:30.000Z</time>
        <extensions>
          <ns3:TrackPointExtension>
            <ns3:hr>135</ns3:hr>
            <ns3:cad>89</ns3:cad>
          </ns3:TrackPointExtension>
        </extensions>
      </trkpt>
      <trkpt lat="30.2880304120481014251708984375" lon="120.22290277294814586639404296875">
        <ele>16.6000003814697265625</ele>
        <time>2026-07-02T11:56:31.000Z</time>
        <extensions>
          <ns3:TrackPointExtension>
            <ns3:hr>135</ns3:hr>
            <ns3:cad>89</ns3:cad>
          </ns3:TrackPointExtension>
        </extensions>
      </trkpt>
      <trkpt lat="30.28801943175494670867919921875" lon="120.222880728542804718017578125">
        <ele>16.6000003814697265625</ele>
        <time>2026-07-02T11:56:32.000Z</time>
        <extensions>
          <ns3:TrackPointExtension>
            <ns3:hr>135</ns3:hr>
            <ns3:cad>89</ns3:cad>
          </ns3:TrackPointExtension>
        </extensions>
      </trkpt>
      <trkpt lat="30.2880097925662994384765625" lon="120.22285197861492633819580078125">
        <ele>16.6000003814697265625</ele>
        <time>2026-07-02T11:56:33.000Z</time>
        <extensions>
          <ns3:TrackPointExtension>
            <ns3:hr>135</ns3:hr>
            <ns3:cad>89</ns3:cad>
          </ns3:TrackPointExtension>
        </extensions>
      </trkpt>
      <trkpt lat="30.28800132684409618377685546875" lon="120.22283068858087062835693359375">
        <ele>16.6000003814697265625</ele>
        <time>2026-07-02T11:56:34.000Z</time>
        <extensions>
          <ns3:TrackPointExtension>
            <ns3:hr>135</ns3:hr>
            <ns3:cad>90</ns3:cad>
          </ns3:TrackPointExtension>
        </extensions>
      </trkpt>
      <trkpt lat="30.28799579478800296783447265625" lon="120.22280487231910228729248046875">
        <ele>16.6000003814697265625</ele>
        <time>2026-07-02T11:56:35.000Z</time>
        <extensions>
          <ns3:TrackPointExtension>
            <ns3:hr>136</ns3:hr>
            <ns3:cad>90</ns3:cad>
          </ns3:TrackPointExtension>
        </extensions>
      </trkpt>
      <trkpt lat="30.28798942454159259796142578125" lon="120.222783498466014862060546875">
        <ele>16.6000003814697265625</ele>
        <time>2026-07-02T11:56:36.000Z</time>
        <extensions>
          <ns3:TrackPointExtension>
            <ns3:hr>136</ns3:hr>
            <ns3:cad>89</ns3:cad>
          </ns3:TrackPointExtension>
        </extensions>
      </trkpt>
      <trkpt lat="30.287978611886501312255859375" lon="120.22275290451943874359130859375">
        <ele>16.6000003814697265625</ele>
        <time>2026-07-02T11:56:37.000Z</time>
        <extensions>
          <ns3:TrackPointExtension>
            <ns3:hr>136</ns3:hr>
            <ns3:cad>89</ns3:cad>
          </ns3:TrackPointExtension>
        </extensions>
      </trkpt>
      <trkpt lat="30.28797165490686893463134765625" lon="120.222727172076702117919921875">
        <ele>16.6000003814697265625</ele>
        <time>2026-07-02T11:56:38.000Z</time>
        <extensions>
          <ns3:TrackPointExtension>
            <ns3:hr>136</ns3:hr>
            <ns3:cad>89</ns3:cad>
          </ns3:TrackPointExtension>
        </extensions>
      </trkpt>
      <trkpt lat="30.28796226717531681060791015625" lon="120.22269406355917453765869140625">
        <ele>16.6000003814697265625</ele>
        <time>2026-07-02T11:56:39.000Z</time>
        <extensions>
          <ns3:TrackPointExtension>
            <ns3:hr>137</ns3:hr>
            <ns3:cad>89</ns3:cad>
          </ns3:TrackPointExtension>
        </extensions>
      </trkpt>
      <trkpt lat="30.28795388527214527130126953125" lon="120.22266640327870845794677734375">
        <ele>16.6000003814697265625</ele>
        <time>2026-07-02T11:56:40.000Z</time>
        <extensions>
          <ns3:TrackPointExtension>
            <ns3:hr>136</ns3:hr>
            <ns3:cad>89</ns3:cad>
          </ns3:TrackPointExtension>
        </extensions>
      </trkpt>
      <trkpt lat="30.287946760654449462890625" lon="120.222640000283718109130859375">
        <ele>16.6000003814697265625</ele>
        <time>2026-07-02T11:56:41.000Z</time>
        <extensions>
          <ns3:TrackPointExtension>
            <ns3:hr>137</ns3:hr>
            <ns3:cad>89</ns3:cad>
          </ns3:TrackPointExtension>
        </extensions>
      </trkpt>
      <trkpt lat="30.28793997131288051605224609375" lon="120.2226161956787109375">
        <ele>16.6000003814697265625</ele>
        <time>2026-07-02T11:56:42.000Z</time>
        <extensions>
          <ns3:TrackPointExtension>
            <ns3:hr>137</ns3:hr>
            <ns3:cad>89</ns3:cad>
          </ns3:TrackPointExtension>
        </extensions>
      </trkpt>
      <trkpt lat="30.2879331819713115692138671875" lon="120.22258467972278594970703125">
        <ele>16.6000003814697265625</ele>
        <time>2026-07-02T11:56:43.000Z</time>
        <extensions>
          <ns3:TrackPointExtension>
            <ns3:hr>137</ns3:hr>
            <ns3:cad>90</ns3:cad>
          </ns3:TrackPointExtension>
        </extensions>
      </trkpt>
      <trkpt lat="30.28792521916329860687255859375" lon="120.22256514988839626312255859375">
        <ele>16.6000003814697265625</ele>
        <time>2026-07-02T11:56:44.000Z</time>
        <extensions>
          <ns3:TrackPointExtension>
            <ns3:hr>137</ns3:hr>
            <ns3:cad>90</ns3:cad>
          </ns3:TrackPointExtension>
        </extensions>
      </trkpt>
      <trkpt lat="30.2879180945456027984619140625" lon="120.2225379087030887603759765625">
        <ele>16.6000003814697265625</ele>
        <time>2026-07-02T11:56:45.000Z</time>
        <extensions>
          <ns3:TrackPointExtension>
            <ns3:hr>137</ns3:hr>
            <ns3:cad>90</ns3:cad>
          </ns3:TrackPointExtension>
        </extensions>
      </trkpt>
      <trkpt lat="30.28791432268917560577392578125" lon="120.222517289221286773681640625">
        <ele>16.6000003814697265625</ele>
        <time>2026-07-02T11:56:46.000Z</time>
        <extensions>
          <ns3:TrackPointExtension>
            <ns3:hr>137</ns3:hr>
            <ns3:cad>90</ns3:cad>
          </ns3:TrackPointExtension>
        </extensions>
      </trkpt>
      <trkpt lat="30.2879083715379238128662109375" lon="120.22249172441661357879638671875">
        <ele>16.6000003814697265625</ele>
        <time>2026-07-02T11:56:47.000Z</time>
        <extensions>
          <ns3:TrackPointExtension>
            <ns3:hr>137</ns3:hr>
            <ns3:cad>89</ns3:cad>
          </ns3:TrackPointExtension>
        </extensions>
      </trkpt>
      <trkpt lat="30.287901498377323150634765625" lon="120.222469680011272430419921875">
        <ele>16.6000003814697265625</ele>
        <time>2026-07-02T11:56:48.000Z</time>
        <extensions>
          <ns3:TrackPointExtension>
            <ns3:hr>138</ns3:hr>
            <ns3:cad>89</ns3:cad>
          </ns3:TrackPointExtension>
        </extensions>
      </trkpt>
      <trkpt lat="30.2878942899405956268310546875" lon="120.22244361229240894317626953125">
        <ele>16.6000003814697265625</ele>
        <time>2026-07-02T11:56:49.000Z</time>
        <extensions>
          <ns3:TrackPointExtension>
            <ns3:hr>138</ns3:hr>
            <ns3:cad>88</ns3:cad>
          </ns3:TrackPointExtension>
        </extensions>
      </trkpt>
      <trkpt lat="30.28788917697966098785400390625" lon="120.22241838276386260986328125">
        <ele>16.6000003814697265625</ele>
        <time>2026-07-02T11:56:50.000Z</time>
        <extensions>
          <ns3:TrackPointExtension>
            <ns3:hr>138</ns3:hr>
            <ns3:cad>88</ns3:cad>
          </ns3:TrackPointExtension>
        </extensions>
      </trkpt>
      <trkpt lat="30.2878802083432674407958984375" lon="120.22238896228373050689697265625">
        <ele>16.6000003814697265625</ele>
        <time>2026-07-02T11:56:51.000Z</time>
        <extensions>
          <ns3:TrackPointExtension>
            <ns3:hr>138</ns3:hr>
            <ns3:cad>88</ns3:cad>
          </ns3:TrackPointExtension>
        </extensions>
      </trkpt>
      <trkpt lat="30.28787358663976192474365234375" lon="120.22235937416553497314453125">
        <ele>16.799999237060546875</ele>
        <time>2026-07-02T11:56:52.000Z</time>
        <extensions>
          <ns3:TrackPointExtension>
            <ns3:hr>138</ns3:hr>
            <ns3:cad>88</ns3:cad>
          </ns3:TrackPointExtension>
        </extensions>
      </trkpt>
      <trkpt lat="30.28786386363208293914794921875" lon="120.222331546247005462646484375">
        <ele>16.799999237060546875</ele>
        <time>2026-07-02T11:56:53.000Z</time>
        <extensions>
          <ns3:TrackPointExtension>
            <ns3:hr>138</ns3:hr>
            <ns3:cad>88</ns3:cad>
          </ns3:TrackPointExtension>
        </extensions>
      </trkpt>
      <trkpt lat="30.2878564037382602691650390625" lon="120.2223015390336513519287109375">
        <ele>16.799999237060546875</ele>
        <time>2026-07-02T11:56:54.000Z</time>
        <extensions>
          <ns3:TrackPointExtension>
            <ns3:hr>138</ns3:hr>
            <ns3:cad>90</ns3:cad>
          </ns3:TrackPointExtension>
        </extensions>
      </trkpt>
      <trkpt lat="30.28784894384443759918212890625" lon="120.2222747169435024261474609375">
        <ele>16.6000003814697265625</ele>
        <time>2026-07-02T11:56:55.000Z</time>
        <extensions>
          <ns3:TrackPointExtension>
            <ns3:hr>138</ns3:hr>
            <ns3:cad>89</ns3:cad>
          </ns3:TrackPointExtension>
        </extensions>
      </trkpt>
      <trkpt lat="30.2878434956073760986328125" lon="120.22224077023565769195556640625">
        <ele>16.6000003814697265625</ele>
        <time>2026-07-02T11:56:56.000Z</time>
        <extensions>
          <ns3:TrackPointExtension>
            <ns3:hr>138</ns3:hr>
            <ns3:cad>89</ns3:cad>
          </ns3:TrackPointExtension>
        </extensions>
      </trkpt>
      <trkpt lat="30.287841148674488067626953125" lon="120.2222125232219696044921875">
        <ele>16.6000003814697265625</ele>
        <time>2026-07-02T11:56:57.000Z</time>
        <extensions>
          <ns3:TrackPointExtension>
            <ns3:hr>138</ns3:hr>
            <ns3:cad>89</ns3:cad>
          </ns3:TrackPointExtension>
        </extensions>
      </trkpt>
      <trkpt lat="30.2878354489803314208984375" lon="120.22218729369342327117919921875">
        <ele>16.6000003814697265625</ele>
        <time>2026-07-02T11:56:58.000Z</time>
        <extensions>
          <ns3:TrackPointExtension>
            <ns3:hr>139</ns3:hr>
            <ns3:cad>88</ns3:cad>
          </ns3:TrackPointExtension>
        </extensions>
      </trkpt>
      <trkpt lat="30.28783167712390422821044921875" lon="120.2221587114036083221435546875">
        <ele>16.6000003814697265625</ele>
        <time>2026-07-02T11:56:59.000Z</time>
        <extensions>
          <ns3:TrackPointExtension>
            <ns3:hr>139</ns3:hr>
            <ns3:cad>88</ns3:cad>
          </ns3:TrackPointExtension>
        </extensions>
      </trkpt>
      <trkpt lat="30.2878285758197307586669921875" lon="120.222127698361873626708984375">
        <ele>16.6000003814697265625</ele>
        <time>2026-07-02T11:57:00.000Z</time>
        <extensions>
          <ns3:TrackPointExtension>
            <ns3:hr>139</ns3:hr>
            <ns3:cad>88</ns3:cad>
          </ns3:TrackPointExtension>
        </extensions>
      </trkpt>
      <trkpt lat="30.28782648034393787384033203125" lon="120.22209811024367809295654296875">
        <ele>16.6000003814697265625</ele>
        <time>2026-07-02T11:57:01.000Z</time>
        <extensions>
          <ns3:TrackPointExtension>
            <ns3:hr>140</ns3:hr>
            <ns3:cad>88</ns3:cad>
          </ns3:TrackPointExtension>
        </extensions>
      </trkpt>
      <trkpt lat="30.28782270848751068115234375" lon="120.2220688574016094207763671875">
        <ele>16.6000003814697265625</ele>
        <time>2026-07-02T11:57:02.000Z</time>
        <extensions>
          <ns3:TrackPointExtension>
            <ns3:hr>140</ns3:hr>
            <ns3:cad>89</ns3:cad>
          </ns3:TrackPointExtension>
        </extensions>
      </trkpt>
      <trkpt lat="30.2878191880881786346435546875" lon="120.22204044274985790252685546875">
        <ele>16.6000003814697265625</ele>
        <time>2026-07-02T11:57:03.000Z</time>
        <extensions>
          <ns3:TrackPointExtension>
            <ns3:hr>141</ns3:hr>
            <ns3:cad>89</ns3:cad>
          </ns3:TrackPointExtension>
        </extensions>
      </trkpt>
      <trkpt lat="30.28781407512724399566650390625" lon="120.22201345302164554595947265625">
        <ele>16.6000003814697265625</ele>
        <time>2026-07-02T11:57:04.000Z</time>
        <extensions>
          <ns3:TrackPointExtension>
            <ns3:hr>141</ns3:hr>
            <ns3:cad>89</ns3:cad>
          </ns3:TrackPointExtension>
        </extensions>
      </trkpt>
      <trkpt lat="30.2878081239759922027587890625" lon="120.22198864258825778961181640625">
        <ele>16.6000003814697265625</ele>
        <time>2026-07-02T11:57:05.000Z</time>
        <extensions>
          <ns3:TrackPointExtension>
            <ns3:hr>141</ns3:hr>
            <ns3:cad>89</ns3:cad>
          </ns3:TrackPointExtension>
        </extensions>
      </trkpt>
      <trkpt lat="30.28779898770153522491455078125" lon="120.22196433506906032562255859375">
        <ele>16.6000003814697265625</ele>
        <time>2026-07-02T11:57:06.000Z</time>
        <extensions>
          <ns3:TrackPointExtension>
            <ns3:hr>141</ns3:hr>
            <ns3:cad>89</ns3:cad>
          </ns3:TrackPointExtension>
        </extensions>
      </trkpt>
      <trkpt lat="30.28779529966413974761962890625" lon="120.22194338031113147735595703125">
        <ele>16.6000003814697265625</ele>
        <time>2026-07-02T11:57:07.000Z</time>
        <extensions>
          <ns3:TrackPointExtension>
            <ns3:hr>141</ns3:hr>
            <ns3:cad>89</ns3:cad>
          </ns3:TrackPointExtension>
        </extensions>
      </trkpt>
      <trkpt lat="30.28778959996998310089111328125" lon="120.22191907279193401336669921875">
        <ele>16.6000003814697265625</ele>
        <time>2026-07-02T11:57:08.000Z</time>
        <extensions>
          <ns3:TrackPointExtension>
            <ns3:hr>142</ns3:hr>
            <ns3:cad>89</ns3:cad>
          </ns3:TrackPointExtension>
        </extensions>
      </trkpt>
      <trkpt lat="30.28778406791388988494873046875" lon="120.22189660929143428802490234375">
        <ele>16.6000003814697265625</ele>
        <time>2026-07-02T11:57:09.000Z</time>
        <extensions>
          <ns3:TrackPointExtension>
            <ns3:hr>142</ns3:hr>
            <ns3:cad>89</ns3:cad>
          </ns3:TrackPointExtension>
        </extensions>
      </trkpt>
      <trkpt lat="30.28777451254427433013916015625" lon="120.2218690328299999237060546875">
        <ele>16.6000003814697265625</ele>
        <time>2026-07-02T11:57:10.000Z</time>
        <extensions>
          <ns3:TrackPointExtension>
            <ns3:hr>142</ns3:hr>
            <ns3:cad>89</ns3:cad>
          </ns3:TrackPointExtension>
        </extensions>
      </trkpt>
      <trkpt lat="30.28776864521205425262451171875" lon="120.221850089728832244873046875">
        <ele>16.6000003814697265625</ele>
        <time>2026-07-02T11:57:11.000Z</time>
        <extensions>
          <ns3:TrackPointExtension>
            <ns3:hr>142</ns3:hr>
            <ns3:cad>89</ns3:cad>
          </ns3:TrackPointExtension>
        </extensions>
      </trkpt>
      <trkpt lat="30.28776428662240505218505859375" lon="120.2218241058290004730224609375">
        <ele>16.6000003814697265625</ele>
        <time>2026-07-02T11:57:12.000Z</time>
        <extensions>
          <ns3:TrackPointExtension>
            <ns3:hr>142</ns3:hr>
            <ns3:cad>89</ns3:cad>
          </ns3:TrackPointExtension>
        </extensions>
      </trkpt>
      <trkpt lat="30.28775808401405811309814453125" lon="120.22180289961397647857666015625">
        <ele>16.6000003814697265625</ele>
        <time>2026-07-02T11:57:13.000Z</time>
        <extensions>
          <ns3:TrackPointExtension>
            <ns3:hr>142</ns3:hr>
            <ns3:cad>89</ns3:cad>
          </ns3:TrackPointExtension>
        </extensions>
      </trkpt>
      <trkpt lat="30.28775070793926715850830078125" lon="120.22177607752382755279541015625">
        <ele>16.3999996185302734375</ele>
        <time>2026-07-02T11:57:14.000Z</time>
        <extensions>
          <ns3:TrackPointExtension>
            <ns3:hr>142</ns3:hr>
            <ns3:cad>89</ns3:cad>
          </ns3:TrackPointExtension>
        </extensions>
      </trkpt>
      <trkpt lat="30.2877430804073810577392578125" lon="120.22175378166139125823974609375">
        <ele>16.3999996185302734375</ele>
        <time>2026-07-02T11:57:15.000Z</time>
        <extensions>
          <ns3:TrackPointExtension>
            <ns3:hr>142</ns3:hr>
            <ns3:cad>89</ns3:cad>
          </ns3:TrackPointExtension>
        </extensions>
      </trkpt>
      <trkpt lat="30.2877336926758289337158203125" lon="120.22172444500029087066650390625">
        <ele>16.3999996185302734375</ele>
        <time>2026-07-02T11:57:16.000Z</time>
        <extensions>
          <ns3:TrackPointExtension>
            <ns3:hr>143</ns3:hr>
            <ns3:cad>88</ns3:cad>
          </ns3:TrackPointExtension>
        </extensions>
      </trkpt>
      <trkpt lat="30.28772589750587940216064453125" lon="120.22170357406139373779296875">
        <ele>16.3999996185302734375</ele>
        <time>2026-07-02T11:57:17.000Z</time>
        <extensions>
          <ns3:TrackPointExtension>
            <ns3:hr>142</ns3:hr>
            <ns3:cad>89</ns3:cad>
          </ns3:TrackPointExtension>
        </extensions>
      </trkpt>
      <trkpt lat="30.28771583922207355499267578125" lon="120.2216762490570545196533203125">
        <ele>16.3999996185302734375</ele>
        <time>2026-07-02T11:57:18.000Z</time>
        <extensions>
          <ns3:TrackPointExtension>
            <ns3:hr>142</ns3:hr>
            <ns3:cad>89</ns3:cad>
          </ns3:TrackPointExtension>
        </extensions>
      </trkpt>
      <trkpt lat="30.2877092175185680389404296875" lon="120.22165663540363311767578125">
        <ele>16.3999996185302734375</ele>
        <time>2026-07-02T11:57:19.000Z</time>
        <extensions>
          <ns3:TrackPointExtension>
            <ns3:hr>143</ns3:hr>
            <ns3:cad>89</ns3:cad>
          </ns3:TrackPointExtension>
        </extensions>
      </trkpt>
      <trkpt lat="30.2876998297870159149169921875" lon="120.22163056768476963043212890625">
        <ele>16.3999996185302734375</ele>
        <time>2026-07-02T11:57:20.000Z</time>
        <extensions>
          <ns3:TrackPointExtension>
            <ns3:hr>142</ns3:hr>
            <ns3:cad>89</ns3:cad>
          </ns3:TrackPointExtension>
        </extensions>
      </trkpt>
      <trkpt lat="30.28769203461706638336181640625" lon="120.22161304950714111328125">
        <ele>16.3999996185302734375</ele>
        <time>2026-07-02T11:57:21.000Z</time>
        <extensions>
          <ns3:TrackPointExtension>
            <ns3:hr>142</ns3:hr>
            <ns3:cad>89</ns3:cad>
          </ns3:TrackPointExtension>
        </extensions>
      </trkpt>
      <trkpt lat="30.2876790426671504974365234375" lon="120.22158916108310222625732421875">
        <ele>16.3999996185302734375</ele>
        <time>2026-07-02T11:57:22.000Z</time>
        <extensions>
          <ns3:TrackPointExtension>
            <ns3:hr>143</ns3:hr>
            <ns3:cad>90</ns3:cad>
          </ns3:TrackPointExtension>
        </extensions>
      </trkpt>
      <trkpt lat="30.28766856528818607330322265625" lon="120.22156753577291965484619140625">
        <ele>16.200000762939453125</ele>
        <time>2026-07-02T11:57:23.000Z</time>
        <extensions>
          <ns3:TrackPointExtension>
            <ns3:hr>142</ns3:hr>
            <ns3:cad>89</ns3:cad>
          </ns3:TrackPointExtension>
        </extensions>
      </trkpt>
      <trkpt lat="30.28765884228050708770751953125" lon="120.221540965139865875244140625">
        <ele>16.200000762939453125</ele>
        <time>2026-07-02T11:57:24.000Z</time>
        <extensions>
          <ns3:TrackPointExtension>
            <ns3:hr>142</ns3:hr>
            <ns3:cad>89</ns3:cad>
          </ns3:TrackPointExtension>
        </extensions>
      </trkpt>
      <trkpt lat="30.28765062801539897918701171875" lon="120.2215213514864444732666015625">
        <ele>16.200000762939453125</ele>
        <time>2026-07-02T11:57:25.000Z</time>
        <extensions>
          <ns3:TrackPointExtension>
            <ns3:hr>143</ns3:hr>
            <ns3:cad>88</ns3:cad>
          </ns3:TrackPointExtension>
        </extensions>
      </trkpt>
      <trkpt lat="30.2876391448080539703369140625" lon="120.22149444557726383209228515625">
        <ele>16.200000762939453125</ele>
        <time>2026-07-02T11:57:26.000Z</time>
        <extensions>
          <ns3:TrackPointExtension>
            <ns3:hr>142</ns3:hr>
            <ns3:cad>88</ns3:cad>
          </ns3:TrackPointExtension>
        </extensions>
      </trkpt>
      <trkpt lat="30.28762766160070896148681640625" lon="120.22147692739963531494140625">
        <ele>16.200000762939453125</ele>
        <time>2026-07-02T11:57:27.000Z</time>
        <extensions>
          <ns3:TrackPointExtension>
            <ns3:hr>142</ns3:hr>
            <ns3:cad>88</ns3:cad>
          </ns3:TrackPointExtension>
        </extensions>
      </trkpt>
      <trkpt lat="30.28761592693626880645751953125" lon="120.22144968621432781219482421875">
        <ele>16.200000762939453125</ele>
        <time>2026-07-02T11:57:28.000Z</time>
        <extensions>
          <ns3:TrackPointExtension>
            <ns3:hr>142</ns3:hr>
            <ns3:cad>89</ns3:cad>
          </ns3:TrackPointExtension>
        </extensions>
      </trkpt>
      <trkpt lat="30.2876020967960357666015625" lon="120.2214345149695873260498046875">
        <ele>16.200000762939453125</ele>
        <time>2026-07-02T11:57:29.000Z</time>
        <extensions>
          <ns3:TrackPointExtension>
            <ns3:hr>142</ns3:hr>
            <ns3:cad>89</ns3:cad>
          </ns3:TrackPointExtension>
        </extensions>
      </trkpt>
      <trkpt lat="30.2875913679599761962890625" lon="120.221409536898136138916015625">
        <ele>16.200000762939453125</ele>
        <time>2026-07-02T11:57:30.000Z</time>
        <extensions>
          <ns3:TrackPointExtension>
            <ns3:hr>142</ns3:hr>
            <ns3:cad>90</ns3:cad>
          </ns3:TrackPointExtension>
        </extensions>
      </trkpt>
      <trkpt lat="30.2875804714858531951904296875" lon="120.22138782776892185211181640625">
        <ele>16.200000762939453125</ele>
        <time>2026-07-02T11:57:31.000Z</time>
        <extensions>
          <ns3:TrackPointExtension>
            <ns3:hr>142</ns3:hr>
            <ns3:cad>90</ns3:cad>
          </ns3:TrackPointExtension>
        </extensions>
      </trkpt>
      <trkpt lat="30.2875672280788421630859375" lon="120.2213600836694240570068359375">
        <ele>16.200000762939453125</ele>
        <time>2026-07-02T11:57:32.000Z</time>
        <extensions>
          <ns3:TrackPointExtension>
            <ns3:hr>142</ns3:hr>
            <ns3:cad>89</ns3:cad>
          </ns3:TrackPointExtension>
        </extensions>
      </trkpt>
      <trkpt lat="30.2875576727092266082763671875" lon="120.22134055383503437042236328125">
        <ele>16.200000762939453125</ele>
        <time>2026-07-02T11:57:33.000Z</time>
        <extensions>
          <ns3:TrackPointExtension>
            <ns3:hr>142</ns3:hr>
            <ns3:cad>89</ns3:cad>
          </ns3:TrackPointExtension>
        </extensions>
      </trkpt>
      <trkpt lat="30.2875445969402790069580078125" lon="120.22131264209747314453125">
        <ele>16.200000762939453125</ele>
        <time>2026-07-02T11:57:34.000Z</time>
        <extensions>
          <ns3:TrackPointExtension>
            <ns3:hr>143</ns3:hr>
            <ns3:cad>89</ns3:cad>
          </ns3:TrackPointExtension>
        </extensions>
      </trkpt>
      <trkpt lat="30.2875338681042194366455078125" lon="120.22129051387310028076171875">
        <ele>16.200000762939453125</ele>
        <time>2026-07-02T11:57:35.000Z</time>
        <extensions>
          <ns3:TrackPointExtension>
            <ns3:hr>142</ns3:hr>
            <ns3:cad>89</ns3:cad>
          </ns3:TrackPointExtension>
        </extensions>
      </trkpt>
      <trkpt lat="30.2875224687159061431884765625" lon="120.22126100957393646240234375">
        <ele>16.200000762939453125</ele>
        <time>2026-07-02T11:57:36.000Z</time>
        <extensions>
          <ns3:TrackPointExtension>
            <ns3:hr>142</ns3:hr>
            <ns3:cad>89</ns3:cad>
          </ns3:TrackPointExtension>
        </extensions>
      </trkpt>
      <trkpt lat="30.2875134162604808807373046875" lon="120.22123443894088268280029296875">
        <ele>16.200000762939453125</ele>
        <time>2026-07-02T11:57:37.000Z</time>
        <extensions>
          <ns3:TrackPointExtension>
            <ns3:hr>143</ns3:hr>
            <ns3:cad>89</ns3:cad>
          </ns3:TrackPointExtension>
        </extensions>
      </trkpt>
      <trkpt lat="30.28750075958669185638427734375" lon="120.2212048508226871490478515625">
        <ele>16.200000762939453125</ele>
        <time>2026-07-02T11:57:38.000Z</time>
        <extensions>
          <ns3:TrackPointExtension>
            <ns3:hr>142</ns3:hr>
            <ns3:cad>89</ns3:cad>
          </ns3:TrackPointExtension>
        </extensions>
      </trkpt>
      <trkpt lat="30.287491120398044586181640625" lon="120.221183560788631439208984375">
        <ele>16</ele>
        <time>2026-07-02T11:57:39.000Z</time>
        <extensions>
          <ns3:TrackPointExtension>
            <ns3:hr>142</ns3:hr>
            <ns3:cad>89</ns3:cad>
          </ns3:TrackPointExtension>
        </extensions>
      </trkpt>
      <trkpt lat="30.28747477568686008453369140625" lon="120.22115699015557765960693359375">
        <ele>16</ele>
        <time>2026-07-02T11:57:40.000Z</time>
        <extensions>
          <ns3:TrackPointExtension>
            <ns3:hr>142</ns3:hr>
            <ns3:cad>89</ns3:cad>
          </ns3:TrackPointExtension>
        </extensions>
      </trkpt>
      <trkpt lat="30.28746387921273708343505859375" lon="120.22113251499831676483154296875">
        <ele>16</ele>
        <time>2026-07-02T11:57:41.000Z</time>
        <extensions>
          <ns3:TrackPointExtension>
            <ns3:hr>142</ns3:hr>
            <ns3:cad>89</ns3:cad>
          </ns3:TrackPointExtension>
        </extensions>
      </trkpt>
      <trkpt lat="30.28745365329086780548095703125" lon="120.22110284306108951568603515625">
        <ele>16</ele>
        <time>2026-07-02T11:57:42.000Z</time>
        <extensions>
          <ns3:TrackPointExtension>
            <ns3:hr>141</ns3:hr>
            <ns3:cad>89</ns3:cad>
          </ns3:TrackPointExtension>
        </extensions>
      </trkpt>
      <trkpt lat="30.2874436788260936737060546875" lon="120.221079289913177490234375">
        <ele>16</ele>
        <time>2026-07-02T11:57:43.000Z</time>
        <extensions>
          <ns3:TrackPointExtension>
            <ns3:hr>141</ns3:hr>
            <ns3:cad>89</ns3:cad>
          </ns3:TrackPointExtension>
        </extensions>
      </trkpt>
      <trkpt lat="30.28743588365614414215087890625" lon="120.2210499532520771026611328125">
        <ele>16</ele>
        <time>2026-07-02T11:57:44.000Z</time>
        <extensions>
          <ns3:TrackPointExtension>
            <ns3:hr>139</ns3:hr>
            <ns3:cad>89</ns3:cad>
          </ns3:TrackPointExtension>
        </extensions>
      </trkpt>
      <trkpt lat="30.28743538074195384979248046875" lon="120.22101952694356441497802734375">
        <ele>16</ele>
        <time>2026-07-02T11:57:45.000Z</time>
        <extensions>
          <ns3:TrackPointExtension>
            <ns3:hr>138</ns3:hr>
            <ns3:cad>89</ns3:cad>
          </ns3:TrackPointExtension>
        </extensions>
      </trkpt>
      <trkpt lat="30.28744007460772991180419921875" lon="120.22098264656960964202880859375">
        <ele>15.80000019073486328125</ele>
        <time>2026-07-02T11:57:46.000Z</time>
        <extensions>
          <ns3:TrackPointExtension>
            <ns3:hr>137</ns3:hr>
            <ns3:cad>89</ns3:cad>
          </ns3:TrackPointExtension>
        </extensions>
      </trkpt>
      <trkpt lat="30.2874490432441234588623046875" lon="120.220954231917858123779296875">
        <ele>15.80000019073486328125</ele>
        <time>2026-07-02T11:57:47.000Z</time>
        <extensions>
          <ns3:TrackPointExtension>
            <ns3:hr>137</ns3:hr>
            <ns3:cad>89</ns3:cad>
          </ns3:TrackPointExtension>
        </extensions>
      </trkpt>
      <trkpt lat="30.28746320866048336029052734375" lon="120.220920704305171966552734375">
        <ele>15.6000003814697265625</ele>
        <time>2026-07-02T11:57:48.000Z</time>
        <extensions>
          <ns3:TrackPointExtension>
            <ns3:hr>137</ns3:hr>
            <ns3:cad>89</ns3:cad>
          </ns3:TrackPointExtension>
        </extensions>
      </trkpt>
      <trkpt lat="30.2874758653342723846435546875" lon="120.2208930440247058868408203125">
        <ele>15.6000003814697265625</ele>
        <time>2026-07-02T11:57:49.000Z</time>
        <extensions>
          <ns3:TrackPointExtension>
            <ns3:hr>137</ns3:hr>
            <ns3:cad>89</ns3:cad>
          </ns3:TrackPointExtension>
        </extensions>
      </trkpt>
      <trkpt lat="30.28749774210155010223388671875" lon="120.22087049670517444610595703125">
        <ele>15.6000003814697265625</ele>
        <time>2026-07-02T11:57:50.000Z</time>
        <extensions>
          <ns3:TrackPointExtension>
            <ns3:hr>137</ns3:hr>
            <ns3:cad>90</ns3:cad>
          </ns3:TrackPointExtension>
        </extensions>
      </trkpt>
      <trkpt lat="30.287515930831432342529296875" lon="120.22085255943238735198974609375">
        <ele>15.6000003814697265625</ele>
        <time>2026-07-02T11:57:51.000Z</time>
        <extensions>
          <ns3:TrackPointExtension>
            <ns3:hr>137</ns3:hr>
            <ns3:cad>90</ns3:cad>
          </ns3:TrackPointExtension>
        </extensions>
      </trkpt>
      <trkpt lat="30.28754166327416896820068359375" lon="120.220832191407680511474609375">
        <ele>15.6000003814697265625</ele>
        <time>2026-07-02T11:57:52.000Z</time>
        <extensions>
          <ns3:TrackPointExtension>
            <ns3:hr>137</ns3:hr>
            <ns3:cad>90</ns3:cad>
          </ns3:TrackPointExtension>
        </extensions>
      </trkpt>
      <trkpt lat="30.28756144456565380096435546875" lon="120.22081702016294002532958984375">
        <ele>15.6000003814697265625</ele>
        <time>2026-07-02T11:57:53.000Z</time>
        <extensions>
          <ns3:TrackPointExtension>
            <ns3:hr>138</ns3:hr>
            <ns3:cad>90</ns3:cad>
          </ns3:TrackPointExtension>
        </extensions>
      </trkpt>
      <trkpt lat="30.28758575208485126495361328125" lon="120.22080235183238983154296875">
        <ele>15.6000003814697265625</ele>
        <time>2026-07-02T11:57:54.000Z</time>
        <extensions>
          <ns3:TrackPointExtension>
            <ns3:hr>138</ns3:hr>
            <ns3:cad>89</ns3:cad>
          </ns3:TrackPointExtension>
        </extensions>
      </trkpt>
      <trkpt lat="30.28760352171957492828369140625" lon="120.22078952752053737640380859375">
        <ele>15.6000003814697265625</ele>
        <time>2026-07-02T11:57:55.000Z</time>
        <extensions>
          <ns3:TrackPointExtension>
            <ns3:hr>138</ns3:hr>
            <ns3:cad>89</ns3:cad>
          </ns3:TrackPointExtension>
        </extensions>
      </trkpt>
      <trkpt lat="30.2876290865242481231689453125" lon="120.2207787148654460906982421875">
        <ele>15.6000003814697265625</ele>
        <time>2026-07-02T11:57:56.000Z</time>
        <extensions>
          <ns3:TrackPointExtension>
            <ns3:hr>138</ns3:hr>
            <ns3:cad>89</ns3:cad>
          </ns3:TrackPointExtension>
        </extensions>
      </trkpt>
      <trkpt lat="30.2876498736441135406494140625" lon="120.22076538763940334320068359375">
        <ele>15.6000003814697265625</ele>
        <time>2026-07-02T11:57:57.000Z</time>
        <extensions>
          <ns3:TrackPointExtension>
            <ns3:hr>138</ns3:hr>
            <ns3:cad>89</ns3:cad>
          </ns3:TrackPointExtension>
        </extensions>
      </trkpt>
      <trkpt lat="30.2876790426671504974365234375" lon="120.2207542397081851959228515625">
        <ele>15.6000003814697265625</ele>
        <time>2026-07-02T11:57:58.000Z</time>
        <extensions>
          <ns3:TrackPointExtension>
            <ns3:hr>139</ns3:hr>
            <ns3:cad>90</ns3:cad>
          </ns3:TrackPointExtension>
        </extensions>
      </trkpt>
      <trkpt lat="30.287696309387683868408203125" lon="120.22074141539633274078369140625">
        <ele>15.6000003814697265625</ele>
        <time>2026-07-02T11:57:59.000Z</time>
        <extensions>
          <ns3:TrackPointExtension>
            <ns3:hr>139</ns3:hr>
            <ns3:cad>90</ns3:cad>
          </ns3:TrackPointExtension>
        </extensions>
      </trkpt>
      <trkpt lat="30.2877201139926910400390625" lon="120.22072716616094112396240234375">
        <ele>15.6000003814697265625</ele>
        <time>2026-07-02T11:58:00.000Z</time>
        <extensions>
          <ns3:TrackPointExtension>
            <ns3:hr>140</ns3:hr>
            <ns3:cad>90</ns3:cad>
          </ns3:TrackPointExtension>
        </extensions>
      </trkpt>
      <trkpt lat="30.28773746453225612640380859375" lon="120.22071643732488155364990234375">
        <ele>15.6000003814697265625</ele>
        <time>2026-07-02T11:58:01.000Z</time>
        <extensions>
          <ns3:TrackPointExtension>
            <ns3:hr>140</ns3:hr>
            <ns3:cad>90</ns3:cad>
          </ns3:TrackPointExtension>
        </extensions>
      </trkpt>
      <trkpt lat="30.2877642028033733367919921875" lon="120.22070704959332942962646484375">
        <ele>15.6000003814697265625</ele>
        <time>2026-07-02T11:58:02.000Z</time>
        <extensions>
          <ns3:TrackPointExtension>
            <ns3:hr>140</ns3:hr>
            <ns3:cad>90</ns3:cad>
          </ns3:TrackPointExtension>
        </extensions>
      </trkpt>
      <trkpt lat="30.28778071515262126922607421875" lon="120.22069648839533329010009765625">
        <ele>15.6000003814697265625</ele>
        <time>2026-07-02T11:58:03.000Z</time>
        <extensions>
          <ns3:TrackPointExtension>
            <ns3:hr>140</ns3:hr>
            <ns3:cad>90</ns3:cad>
          </ns3:TrackPointExtension>
        </extensions>
      </trkpt>
      <trkpt lat="30.28780519030988216400146484375" lon="120.22068458609282970428466796875">
        <ele>15.6000003814697265625</ele>
        <time>2026-07-02T11:58:04.000Z</time>
        <extensions>
          <ns3:TrackPointExtension>
            <ns3:hr>141</ns3:hr>
            <ns3:cad>90</ns3:cad>
          </ns3:TrackPointExtension>
        </extensions>
      </trkpt>
      <trkpt lat="30.28782078064978122711181640625" lon="120.2206724323332309722900390625">
        <ele>15.6000003814697265625</ele>
        <time>2026-07-02T11:58:05.000Z</time>
        <extensions>
          <ns3:TrackPointExtension>
            <ns3:hr>141</ns3:hr>
            <ns3:cad>90</ns3:cad>
          </ns3:TrackPointExtension>
        </extensions>
      </trkpt>
      <trkpt lat="30.287843830883502960205078125" lon="120.22065876983106136322021484375">
        <ele>15.6000003814697265625</ele>
        <time>2026-07-02T11:58:06.000Z</time>
        <extensions>
          <ns3:TrackPointExtension>
            <ns3:hr>141</ns3:hr>
            <ns3:cad>90</ns3:cad>
          </ns3:TrackPointExtension>
        </extensions>
      </trkpt>
      <trkpt lat="30.2878580801188945770263671875" lon="120.22064812481403350830078125">
        <ele>15.6000003814697265625</ele>
        <time>2026-07-02T11:58:07.000Z</time>
        <extensions>
          <ns3:TrackPointExtension>
            <ns3:hr>140</ns3:hr>
            <ns3:cad>90</ns3:cad>
          </ns3:TrackPointExtension>
        </extensions>
      </trkpt>
      <trkpt lat="30.28788113035261631011962890625" lon="120.220635049045085906982421875">
        <ele>15.6000003814697265625</ele>
        <time>2026-07-02T11:58:08.000Z</time>
        <extensions>
          <ns3:TrackPointExtension>
            <ns3:hr>140</ns3:hr>
            <ns3:cad>91</ns3:cad>
          </ns3:TrackPointExtension>
        </extensions>
      </trkpt>
      <trkpt lat="30.2878971397876739501953125" lon="120.22062507458031177520751953125">
        <ele>15.6000003814697265625</ele>
        <time>2026-07-02T11:58:09.000Z</time>
        <extensions>
          <ns3:TrackPointExtension>
            <ns3:hr>139</ns3:hr>
            <ns3:cad>91</ns3:cad>
          </ns3:TrackPointExtension>
        </extensions>
      </trkpt>
      <trkpt lat="30.287920944392681121826171875" lon="120.22061015479266643524169921875">
        <ele>15.6000003814697265625</ele>
        <time>2026-07-02T11:58:10.000Z</time>
        <extensions>
          <ns3:TrackPointExtension>
            <ns3:hr>139</ns3:hr>
            <ns3:cad>91</ns3:cad>
          </ns3:TrackPointExtension>
        </extensions>
      </trkpt>
      <trkpt lat="30.28793561272323131561279296875" lon="120.22059942595660686492919921875">
        <ele>15.6000003814697265625</ele>
        <time>2026-07-02T11:58:11.000Z</time>
        <extensions>
          <ns3:TrackPointExtension>
            <ns3:hr>139</ns3:hr>
            <ns3:cad>90</ns3:cad>
          </ns3:TrackPointExtension>
        </extensions>
      </trkpt>
      <trkpt lat="30.28796025551855564117431640625" lon="120.22058484144508838653564453125">
        <ele>15.6000003814697265625</ele>
        <time>2026-07-02T11:58:12.000Z</time>
        <extensions>
          <ns3:TrackPointExtension>
            <ns3:hr>139</ns3:hr>
            <ns3:cad>90</ns3:cad>
          </ns3:TrackPointExtension>
        </extensions>
      </trkpt>
      <trkpt lat="30.2879754267632961273193359375" lon="120.22057444788515567779541015625">
        <ele>15.6000003814697265625</ele>
        <time>2026-07-02T11:58:13.000Z</time>
        <extensions>
          <ns3:TrackPointExtension>
            <ns3:hr>140</ns3:hr>
            <ns3:cad>90</ns3:cad>
          </ns3:TrackPointExtension>
        </extensions>
      </trkpt>
      <trkpt lat="30.2879999019205570220947265625" lon="120.220559947192668914794921875">
        <ele>15.6000003814697265625</ele>
        <time>2026-07-02T11:58:14.000Z</time>
        <extensions>
          <ns3:TrackPointExtension>
            <ns3:hr>139</ns3:hr>
            <ns3:cad>90</ns3:cad>
          </ns3:TrackPointExtension>
        </extensions>
      </trkpt>
      <trkpt lat="30.28801658190786838531494140625" lon="120.22054896689951419830322265625">
        <ele>15.6000003814697265625</ele>
        <time>2026-07-02T11:58:15.000Z</time>
        <extensions>
          <ns3:TrackPointExtension>
            <ns3:hr>139</ns3:hr>
            <ns3:cad>89</ns3:cad>
          </ns3:TrackPointExtension>
        </extensions>
      </trkpt>
      <trkpt lat="30.28804290108382701873779296875" lon="120.2205342985689640045166015625">
        <ele>15.6000003814697265625</ele>
        <time>2026-07-02T11:58:16.000Z</time>
        <extensions>
          <ns3:TrackPointExtension>
            <ns3:hr>139</ns3:hr>
            <ns3:cad>89</ns3:cad>
          </ns3:TrackPointExtension>
        </extensions>
      </trkpt>
      <trkpt lat="30.28805849142372608184814453125" lon="120.22052214480936527252197265625">
        <ele>15.6000003814697265625</ele>
        <time>2026-07-02T11:58:17.000Z</time>
        <extensions>
          <ns3:TrackPointExtension>
            <ns3:hr>139</ns3:hr>
            <ns3:cad>89</ns3:cad>
          </ns3:TrackPointExtension>
        </extensions>
      </trkpt>
      <trkpt lat="30.2880820445716381072998046875" lon="120.22050605155527591705322265625">
        <ele>15.6000003814697265625</ele>
        <time>2026-07-02T11:58:18.000Z</time>
        <extensions>
          <ns3:TrackPointExtension>
            <ns3:hr>139</ns3:hr>
            <ns3:cad>90</ns3:cad>
          </ns3:TrackPointExtension>
        </extensions>
      </trkpt>
      <trkpt lat="30.2880971319973468780517578125" lon="120.22049331106245517730712890625">
        <ele>15.6000003814697265625</ele>
        <time>2026-07-02T11:58:19.000Z</time>
        <extensions>
          <ns3:TrackPointExtension>
            <ns3:hr>140</ns3:hr>
            <ns3:cad>90</ns3:cad>
          </ns3:TrackPointExtension>
        </extensions>
      </trkpt>
      <trkpt lat="30.28812177479267120361328125" lon="120.22048442624509334564208984375">
        <ele>15.6000003814697265625</ele>
        <time>2026-07-02T11:58:20.000Z</time>
        <extensions>
          <ns3:TrackPointExtension>
            <ns3:hr>139</ns3:hr>
            <ns3:cad>90</ns3:cad>
          </ns3:TrackPointExtension>
        </extensions>
      </trkpt>
      <trkpt lat="30.2881370298564434051513671875" lon="120.22047285921871662139892578125">
        <ele>15.6000003814697265625</ele>
        <time>2026-07-02T11:58:21.000Z</time>
        <extensions>
          <ns3:TrackPointExtension>
            <ns3:hr>139</ns3:hr>
            <ns3:cad>90</ns3:cad>
          </ns3:TrackPointExtension>
        </extensions>
      </trkpt>
      <trkpt lat="30.2881611697375774383544921875" lon="120.22046129219233989715576171875">
        <ele>15.80000019073486328125</ele>
        <time>2026-07-02T11:58:22.000Z</time>
        <extensions>
          <ns3:TrackPointExtension>
            <ns3:hr>139</ns3:hr>
            <ns3:cad>90</ns3:cad>
          </ns3:TrackPointExtension>
        </extensions>
      </trkpt>
      <trkpt lat="30.2881787717342376708984375" lon="120.22045089863240718841552734375">
        <ele>15.6000003814697265625</ele>
        <time>2026-07-02T11:58:23.000Z</time>
        <extensions>
          <ns3:TrackPointExtension>
            <ns3:hr>139</ns3:hr>
            <ns3:cad>89</ns3:cad>
          </ns3:TrackPointExtension>
        </extensions>
      </trkpt>
      <trkpt lat="30.28820282779633998870849609375" lon="120.22044050507247447967529296875">
        <ele>15.6000003814697265625</ele>
        <time>2026-07-02T11:58:24.000Z</time>
        <extensions>
          <ns3:TrackPointExtension>
            <ns3:hr>140</ns3:hr>
            <ns3:cad>88</ns3:cad>
          </ns3:TrackPointExtension>
        </extensions>
      </trkpt>
      <trkpt lat="30.28822143562138080596923828125" lon="120.22042860276997089385986328125">
        <ele>15.6000003814697265625</ele>
        <time>2026-07-02T11:58:25.000Z</time>
        <extensions>
          <ns3:TrackPointExtension>
            <ns3:hr>139</ns3:hr>
            <ns3:cad>88</ns3:cad>
          </ns3:TrackPointExtension>
        </extensions>
      </trkpt>
      <trkpt lat="30.28824272565543651580810546875" lon="120.2204159460961818695068359375">
        <ele>15.80000019073486328125</ele>
        <time>2026-07-02T11:58:26.000Z</time>
        <extensions>
          <ns3:TrackPointExtension>
            <ns3:hr>140</ns3:hr>
            <ns3:cad>88</ns3:cad>
          </ns3:TrackPointExtension>
        </extensions>
      </trkpt>
      <trkpt lat="30.28826393187046051025390625" lon="120.22040580399334430694580078125">
        <ele>15.6000003814697265625</ele>
        <time>2026-07-02T11:58:27.000Z</time>
        <extensions>
          <ns3:TrackPointExtension>
            <ns3:hr>140</ns3:hr>
            <ns3:cad>89</ns3:cad>
          </ns3:TrackPointExtension>
        </extensions>
      </trkpt>
      <trkpt lat="30.2882815338671207427978515625" lon="120.2203971706330776214599609375">
        <ele>15.6000003814697265625</ele>
        <time>2026-07-02T11:58:28.000Z</time>
        <extensions>
          <ns3:TrackPointExtension>
            <ns3:hr>140</ns3:hr>
            <ns3:cad>89</ns3:cad>
          </ns3:TrackPointExtension>
        </extensions>
      </trkpt>
      <trkpt lat="30.28829972259700298309326171875" lon="120.22038929164409637451171875">
        <ele>15.6000003814697265625</ele>
        <time>2026-07-02T11:58:29.000Z</time>
        <extensions>
          <ns3:TrackPointExtension>
            <ns3:hr>140</ns3:hr>
            <ns3:cad>89</ns3:cad>
          </ns3:TrackPointExtension>
        </extensions>
      </trkpt>
      <trkpt lat="30.28831883333623409271240234375" lon="120.22037923336029052734375">
        <ele>15.6000003814697265625</ele>
        <time>2026-07-02T11:58:30.000Z</time>
        <extensions>
          <ns3:TrackPointExtension>
            <ns3:hr>140</ns3:hr>
            <ns3:cad>89</ns3:cad>
          </ns3:TrackPointExtension>
        </extensions>
      </trkpt>
      <trkpt lat="30.28834079392254352569580078125" lon="120.22037110291421413421630859375">
        <ele>15.6000003814697265625</ele>
        <time>2026-07-02T11:58:31.000Z</time>
        <extensions>
          <ns3:TrackPointExtension>
            <ns3:hr>140</ns3:hr>
            <ns3:cad>88</ns3:cad>
          </ns3:TrackPointExtension>
        </extensions>
      </trkpt>
      <trkpt lat="30.28835923410952091217041015625" lon="120.22036205045878887176513671875">
        <ele>15.6000003814697265625</ele>
        <time>2026-07-02T11:58:32.000Z</time>
        <extensions>
          <ns3:TrackPointExtension>
            <ns3:hr>140</ns3:hr>
            <ns3:cad>88</ns3:cad>
          </ns3:TrackPointExtension>
        </extensions>
      </trkpt>
      <trkpt lat="30.28838002122938632965087890625" lon="120.22035081870853900909423828125">
        <ele>15.6000003814697265625</ele>
        <time>2026-07-02T11:58:33.000Z</time>
        <extensions>
          <ns3:TrackPointExtension>
            <ns3:hr>141</ns3:hr>
            <ns3:cad>88</ns3:cad>
          </ns3:TrackPointExtension>
        </extensions>
      </trkpt>
      <trkpt lat="30.288400389254093170166015625" lon="120.2203388325870037078857421875">
        <ele>15.6000003814697265625</ele>
        <time>2026-07-02T11:58:34.000Z</time>
        <extensions>
          <ns3:TrackPointExtension>
            <ns3:hr>141</ns3:hr>
            <ns3:cad>89</ns3:cad>
          </ns3:TrackPointExtension>
        </extensions>
      </trkpt>
      <trkpt lat="30.2884233556687831878662109375" lon="120.22032533772289752960205078125">
        <ele>15.6000003814697265625</ele>
        <time>2026-07-02T11:58:35.000Z</time>
        <extensions>
          <ns3:TrackPointExtension>
            <ns3:hr>141</ns3:hr>
            <ns3:cad>89</ns3:cad>
          </ns3:TrackPointExtension>
        </extensions>
      </trkpt>
      <trkpt lat="30.28844322077929973602294921875" lon="120.22031175903975963592529296875">
        <ele>15.6000003814697265625</ele>
        <time>2026-07-02T11:58:36.000Z</time>
        <extensions>
          <ns3:TrackPointExtension>
            <ns3:hr>141</ns3:hr>
            <ns3:cad>89</ns3:cad>
          </ns3:TrackPointExtension>
        </extensions>
      </trkpt>
      <trkpt lat="30.28846752829849720001220703125" lon="120.22029809653759002685546875">
        <ele>15.6000003814697265625</ele>
        <time>2026-07-02T11:58:37.000Z</time>
        <extensions>
          <ns3:TrackPointExtension>
            <ns3:hr>141</ns3:hr>
            <ns3:cad>90</ns3:cad>
          </ns3:TrackPointExtension>
        </extensions>
      </trkpt>
      <trkpt lat="30.28848647139966487884521484375" lon="120.22028259001672267913818359375">
        <ele>15.6000003814697265625</ele>
        <time>2026-07-02T11:58:38.000Z</time>
        <extensions>
          <ns3:TrackPointExtension>
            <ns3:hr>141</ns3:hr>
            <ns3:cad>90</ns3:cad>
          </ns3:TrackPointExtension>
        </extensions>
      </trkpt>
      <trkpt lat="30.288508348166942596435546875" lon="120.2202680893242359161376953125">
        <ele>15.6000003814697265625</ele>
        <time>2026-07-02T11:58:39.000Z</time>
        <extensions>
          <ns3:TrackPointExtension>
            <ns3:hr>141</ns3:hr>
            <ns3:cad>89</ns3:cad>
          </ns3:TrackPointExtension>
        </extensions>
      </trkpt>
      <trkpt lat="30.2885252796113491058349609375" lon="120.22025224752724170684814453125">
        <ele>15.6000003814697265625</ele>
        <time>2026-07-02T11:58:40.000Z</time>
        <extensions>
          <ns3:TrackPointExtension>
            <ns3:hr>141</ns3:hr>
            <ns3:cad>89</ns3:cad>
          </ns3:TrackPointExtension>
        </extensions>
      </trkpt>
      <trkpt lat="30.2885464020073413848876953125" lon="120.22023816592991352081298828125">
        <ele>15.6000003814697265625</ele>
        <time>2026-07-02T11:58:41.000Z</time>
        <extensions>
          <ns3:TrackPointExtension>
            <ns3:hr>141</ns3:hr>
            <ns3:cad>89</ns3:cad>
          </ns3:TrackPointExtension>
        </extensions>
      </trkpt>
      <trkpt lat="30.288564004004001617431640625" lon="120.22022425197064876556396484375">
        <ele>15.6000003814697265625</ele>
        <time>2026-07-02T11:58:42.000Z</time>
        <extensions>
          <ns3:TrackPointExtension>
            <ns3:hr>141</ns3:hr>
            <ns3:cad>89</ns3:cad>
          </ns3:TrackPointExtension>
        </extensions>
      </trkpt>
      <trkpt lat="30.288585461676120758056640625" lon="120.22020748816430568695068359375">
        <ele>15.6000003814697265625</ele>
        <time>2026-07-02T11:58:43.000Z</time>
        <extensions>
          <ns3:TrackPointExtension>
            <ns3:hr>141</ns3:hr>
            <ns3:cad>89</ns3:cad>
          </ns3:TrackPointExtension>
        </extensions>
      </trkpt>
      <trkpt lat="30.2886013872921466827392578125" lon="120.22019290365278720855712890625">
        <ele>15.6000003814697265625</ele>
        <time>2026-07-02T11:58:44.000Z</time>
        <extensions>
          <ns3:TrackPointExtension>
            <ns3:hr>141</ns3:hr>
            <ns3:cad>89</ns3:cad>
          </ns3:TrackPointExtension>
        </extensions>
      </trkpt>
      <trkpt lat="30.28862494044005870819091796875" lon="120.22017630748450756072998046875">
        <ele>15.6000003814697265625</ele>
        <time>2026-07-02T11:58:45.000Z</time>
        <extensions>
          <ns3:TrackPointExtension>
            <ns3:hr>141</ns3:hr>
            <ns3:cad>89</ns3:cad>
          </ns3:TrackPointExtension>
        </extensions>
      </trkpt>
      <trkpt lat="30.288640446960926055908203125" lon="120.22016172297298908233642578125">
        <ele>15.3999996185302734375</ele>
        <time>2026-07-02T11:58:46.000Z</time>
        <extensions>
          <ns3:TrackPointExtension>
            <ns3:hr>141</ns3:hr>
            <ns3:cad>90</ns3:cad>
          </ns3:TrackPointExtension>
        </extensions>
      </trkpt>
      <trkpt lat="30.288665257394313812255859375" lon="120.22014319896697998046875">
        <ele>15.3999996185302734375</ele>
        <time>2026-07-02T11:58:47.000Z</time>
        <extensions>
          <ns3:TrackPointExtension>
            <ns3:hr>141</ns3:hr>
            <ns3:cad>90</ns3:cad>
          </ns3:TrackPointExtension>
        </extensions>
      </trkpt>
      <trkpt lat="30.288679338991641998291015625" lon="120.220126770436763763427734375">
        <ele>15.3999996185302734375</ele>
        <time>2026-07-02T11:58:48.000Z</time>
        <extensions>
          <ns3:TrackPointExtension>
            <ns3:hr>140</ns3:hr>
            <ns3:cad>89</ns3:cad>
          </ns3:TrackPointExtension>
        </extensions>
      </trkpt>
      <trkpt lat="30.28870339505374431610107421875" lon="120.22010858170688152313232421875">
        <ele>15.3999996185302734375</ele>
        <time>2026-07-02T11:58:49.000Z</time>
        <extensions>
          <ns3:TrackPointExtension>
            <ns3:hr>141</ns3:hr>
            <ns3:cad>89</ns3:cad>
          </ns3:TrackPointExtension>
        </extensions>
      </trkpt>
      <trkpt lat="30.2887210808694362640380859375" lon="120.2200930751860141754150390625">
        <ele>15.3999996185302734375</ele>
        <time>2026-07-02T11:58:50.000Z</time>
        <extensions>
          <ns3:TrackPointExtension>
            <ns3:hr>141</ns3:hr>
            <ns3:cad>89</ns3:cad>
          </ns3:TrackPointExtension>
        </extensions>
      </trkpt>
      <trkpt lat="30.28874547220766544342041015625" lon="120.22007455118000507354736328125">
        <ele>15.3999996185302734375</ele>
        <time>2026-07-02T11:58:51.000Z</time>
        <extensions>
          <ns3:TrackPointExtension>
            <ns3:hr>141</ns3:hr>
            <ns3:cad>89</ns3:cad>
          </ns3:TrackPointExtension>
        </extensions>
      </trkpt>
      <trkpt lat="30.28876055963337421417236328125" lon="120.2200595475733280181884765625">
        <ele>15.3999996185302734375</ele>
        <time>2026-07-02T11:58:52.000Z</time>
        <extensions>
          <ns3:TrackPointExtension>
            <ns3:hr>141</ns3:hr>
            <ns3:cad>89</ns3:cad>
          </ns3:TrackPointExtension>
        </extensions>
      </trkpt>
      <trkpt lat="30.28878201730549335479736328125" lon="120.22004169411957263946533203125">
        <ele>15.3999996185302734375</ele>
        <time>2026-07-02T11:58:53.000Z</time>
        <extensions>
          <ns3:TrackPointExtension>
            <ns3:hr>141</ns3:hr>
            <ns3:cad>89</ns3:cad>
          </ns3:TrackPointExtension>
        </extensions>
      </trkpt>
      <trkpt lat="30.28879827819764614105224609375" lon="120.22003029473125934600830078125">
        <ele>15.3999996185302734375</ele>
        <time>2026-07-02T11:58:54.000Z</time>
        <extensions>
          <ns3:TrackPointExtension>
            <ns3:hr>141</ns3:hr>
            <ns3:cad>89</ns3:cad>
          </ns3:TrackPointExtension>
        </extensions>
      </trkpt>
      <trkpt lat="30.288823507726192474365234375" lon="120.2200131118297576904296875">
        <ele>15.3999996185302734375</ele>
        <time>2026-07-02T11:58:55.000Z</time>
        <extensions>
          <ns3:TrackPointExtension>
            <ns3:hr>141</ns3:hr>
            <ns3:cad>89</ns3:cad>
          </ns3:TrackPointExtension>
        </extensions>
      </trkpt>
      <trkpt lat="30.2888417802751064300537109375" lon="120.2200002036988735198974609375">
        <ele>15.3999996185302734375</ele>
        <time>2026-07-02T11:58:56.000Z</time>
        <extensions>
          <ns3:TrackPointExtension>
            <ns3:hr>141</ns3:hr>
            <ns3:cad>90</ns3:cad>
          </ns3:TrackPointExtension>
        </extensions>
      </trkpt>
      <trkpt lat="30.28886801563203334808349609375" lon="120.2199836075305938720703125">
        <ele>15.3999996185302734375</ele>
        <time>2026-07-02T11:58:57.000Z</time>
        <extensions>
          <ns3:TrackPointExtension>
            <ns3:hr>141</ns3:hr>
            <ns3:cad>90</ns3:cad>
          </ns3:TrackPointExtension>
        </extensions>
      </trkpt>
      <trkpt lat="30.28888544999063014984130859375" lon="120.21996826864778995513916015625">
        <ele>15.3999996185302734375</ele>
        <time>2026-07-02T11:58:58.000Z</time>
        <extensions>
          <ns3:TrackPointExtension>
            <ns3:hr>141</ns3:hr>
            <ns3:cad>90</ns3:cad>
          </ns3:TrackPointExtension>
        </extensions>
      </trkpt>
      <trkpt lat="30.288907997310161590576171875" lon="120.21994781680405139923095703125">
        <ele>15.3999996185302734375</ele>
        <time>2026-07-02T11:58:59.000Z</time>
        <extensions>
          <ns3:TrackPointExtension>
            <ns3:hr>141</ns3:hr>
            <ns3:cad>89</ns3:cad>
          </ns3:TrackPointExtension>
        </extensions>
      </trkpt>
      <trkpt lat="30.28892333619296550750732421875" lon="120.2199299633502960205078125">
        <ele>15.3999996185302734375</ele>
        <time>2026-07-02T11:59:00.000Z</time>
        <extensions>
          <ns3:TrackPointExtension>
            <ns3:hr>141</ns3:hr>
            <ns3:cad>89</ns3:cad>
          </ns3:TrackPointExtension>
        </extensions>
      </trkpt>
      <trkpt lat="30.28894647024571895599365234375" lon="120.2199103496968746185302734375">
        <ele>15.3999996185302734375</ele>
        <time>2026-07-02T11:59:01.000Z</time>
        <extensions>
          <ns3:TrackPointExtension>
            <ns3:hr>141</ns3:hr>
            <ns3:cad>89</ns3:cad>
          </ns3:TrackPointExtension>
        </extensions>
      </trkpt>
      <trkpt lat="30.2889611385762691497802734375" lon="120.21989643573760986328125">
        <ele>15.3999996185302734375</ele>
        <time>2026-07-02T11:59:02.000Z</time>
        <extensions>
          <ns3:TrackPointExtension>
            <ns3:hr>141</ns3:hr>
            <ns3:cad>89</ns3:cad>
          </ns3:TrackPointExtension>
        </extensions>
      </trkpt>
      <trkpt lat="30.28898435644805431365966796875" lon="120.2198788337409496307373046875">
        <ele>15.6000003814697265625</ele>
        <time>2026-07-02T11:59:03.000Z</time>
        <extensions>
          <ns3:TrackPointExtension>
            <ns3:hr>142</ns3:hr>
            <ns3:cad>89</ns3:cad>
          </ns3:TrackPointExtension>
        </extensions>
      </trkpt>
      <trkpt lat="30.2889990247786045074462890625" lon="120.21986634470522403717041015625">
        <ele>15.6000003814697265625</ele>
        <time>2026-07-02T11:59:04.000Z</time>
        <extensions>
          <ns3:TrackPointExtension>
            <ns3:hr>142</ns3:hr>
            <ns3:cad>89</ns3:cad>
          </ns3:TrackPointExtension>
        </extensions>
      </trkpt>
      <trkpt lat="30.28901989571750164031982421875" lon="120.21984639577567577362060546875">
        <ele>15.6000003814697265625</ele>
        <time>2026-07-02T11:59:05.000Z</time>
        <extensions>
          <ns3:TrackPointExtension>
            <ns3:hr>143</ns3:hr>
            <ns3:cad>89</ns3:cad>
          </ns3:TrackPointExtension>
        </extensions>
      </trkpt>
      <trkpt lat="30.28903414495289325714111328125" lon="120.21983097307384014129638671875">
        <ele>15.80000019073486328125</ele>
        <time>2026-07-02T11:59:06.000Z</time>
        <extensions>
          <ns3:TrackPointExtension>
            <ns3:hr>143</ns3:hr>
            <ns3:cad>90</ns3:cad>
          </ns3:TrackPointExtension>
        </extensions>
      </trkpt>
      <trkpt lat="30.289056189358234405517578125" lon="120.21980985067784786224365234375">
        <ele>15.80000019073486328125</ele>
        <time>2026-07-02T11:59:07.000Z</time>
        <extensions>
          <ns3:TrackPointExtension>
            <ns3:hr>143</ns3:hr>
            <ns3:cad>89</ns3:cad>
          </ns3:TrackPointExtension>
        </extensions>
      </trkpt>
      <trkpt lat="30.289068929851055145263671875" lon="120.2197936736047267913818359375">
        <ele>15.6000003814697265625</ele>
        <time>2026-07-02T11:59:08.000Z</time>
        <extensions>
          <ns3:TrackPointExtension>
            <ns3:hr>144</ns3:hr>
            <ns3:cad>89</ns3:cad>
          </ns3:TrackPointExtension>
        </extensions>
      </trkpt>
      <trkpt lat="30.2890922315418720245361328125" lon="120.2197742275893688201904296875">
        <ele>15.80000019073486328125</ele>
        <time>2026-07-02T11:59:09.000Z</time>
        <extensions>
          <ns3:TrackPointExtension>
            <ns3:hr>144</ns3:hr>
            <ns3:cad>89</ns3:cad>
          </ns3:TrackPointExtension>
        </extensions>
      </trkpt>
      <trkpt lat="30.28910572640597820281982421875" lon="120.219759643077850341796875">
        <ele>15.80000019073486328125</ele>
        <time>2026-07-02T11:59:10.000Z</time>
        <extensions>
          <ns3:TrackPointExtension>
            <ns3:hr>145</ns3:hr>
            <ns3:cad>89</ns3:cad>
          </ns3:TrackPointExtension>
        </extensions>
      </trkpt>
      <trkpt lat="30.28912466950714588165283203125" lon="120.21974011324346065521240234375">
        <ele>15.80000019073486328125</ele>
        <time>2026-07-02T11:59:11.000Z</time>
        <extensions>
          <ns3:TrackPointExtension>
            <ns3:hr>145</ns3:hr>
            <ns3:cad>89</ns3:cad>
          </ns3:TrackPointExtension>
        </extensions>
      </trkpt>
      <trkpt lat="30.2891388349235057830810546875" lon="120.2197269536554813385009765625">
        <ele>15.6000003814697265625</ele>
        <time>2026-07-02T11:59:12.000Z</time>
        <extensions>
          <ns3:TrackPointExtension>
            <ns3:hr>146</ns3:hr>
            <ns3:cad>89</ns3:cad>
          </ns3:TrackPointExtension>
        </extensions>
      </trkpt>
      <trkpt lat="30.28915920294821262359619140625" lon="120.2197078429162502288818359375">
        <ele>15.80000019073486328125</ele>
        <time>2026-07-02T11:59:13.000Z</time>
        <extensions>
          <ns3:TrackPointExtension>
            <ns3:hr>146</ns3:hr>
            <ns3:cad>89</ns3:cad>
          </ns3:TrackPointExtension>
        </extensions>
      </trkpt>
      <trkpt lat="30.28917253017425537109375" lon="120.21969250403344631195068359375">
        <ele>15.80000019073486328125</ele>
        <time>2026-07-02T11:59:14.000Z</time>
        <extensions>
          <ns3:TrackPointExtension>
            <ns3:hr>147</ns3:hr>
            <ns3:cad>90</ns3:cad>
          </ns3:TrackPointExtension>
        </extensions>
      </trkpt>
      <trkpt lat="30.28919021598994731903076171875" lon="120.2196733094751834869384765625">
        <ele>15.80000019073486328125</ele>
        <time>2026-07-02T11:59:15.000Z</time>
        <extensions>
          <ns3:TrackPointExtension>
            <ns3:hr>147</ns3:hr>
            <ns3:cad>90</ns3:cad>
          </ns3:TrackPointExtension>
        </extensions>
      </trkpt>
      <trkpt lat="30.2892055548727512359619140625" lon="120.2196598984301090240478515625">
        <ele>15.80000019073486328125</ele>
        <time>2026-07-02T11:59:16.000Z</time>
        <extensions>
          <ns3:TrackPointExtension>
            <ns3:hr>148</ns3:hr>
            <ns3:cad>89</ns3:cad>
          </ns3:TrackPointExtension>
        </extensions>
      </trkpt>
      <trkpt lat="30.28922776691615581512451171875" lon="120.2196427993476390838623046875">
        <ele>15.80000019073486328125</ele>
        <time>2026-07-02T11:59:17.000Z</time>
        <extensions>
          <ns3:TrackPointExtension>
            <ns3:hr>148</ns3:hr>
            <ns3:cad>89</ns3:cad>
          </ns3:TrackPointExtension>
        </extensions>
      </trkpt>
      <trkpt lat="30.2892462909221649169921875" lon="120.21963181905448436737060546875">
        <ele>15.80000019073486328125</ele>
        <time>2026-07-02T11:59:18.000Z</time>
        <extensions>
          <ns3:TrackPointExtension>
            <ns3:hr>148</ns3:hr>
            <ns3:cad>89</ns3:cad>
          </ns3:TrackPointExtension>
        </extensions>
      </trkpt>
      <trkpt lat="30.2892726100981235504150390625" lon="120.21961371414363384246826171875">
        <ele>15.6000003814697265625</ele>
        <time>2026-07-02T11:59:19.000Z</time>
        <extensions>
          <ns3:TrackPointExtension>
            <ns3:hr>148</ns3:hr>
            <ns3:cad>89</ns3:cad>
          </ns3:TrackPointExtension>
        </extensions>
      </trkpt>
      <trkpt lat="30.2892843447625637054443359375" lon="120.21960030309855937957763671875">
        <ele>15.6000003814697265625</ele>
        <time>2026-07-02T11:59:20.000Z</time>
        <extensions>
          <ns3:TrackPointExtension>
            <ns3:hr>149</ns3:hr>
            <ns3:cad>89</ns3:cad>
          </ns3:TrackPointExtension>
        </extensions>
      </trkpt>
      <trkpt lat="30.28930605389177799224853515625" lon="120.21957926452159881591796875">
        <ele>15.6000003814697265625</ele>
        <time>2026-07-02T11:59:21.000Z</time>
        <extensions>
          <ns3:TrackPointExtension>
            <ns3:hr>148</ns3:hr>
            <ns3:cad>89</ns3:cad>
          </ns3:TrackPointExtension>
        </extensions>
      </trkpt>
      <trkpt lat="30.28932231478393077850341796875" lon="120.2195650152862071990966796875">
        <ele>15.6000003814697265625</ele>
        <time>2026-07-02T11:59:22.000Z</time>
        <extensions>
          <ns3:TrackPointExtension>
            <ns3:hr>148</ns3:hr>
            <ns3:cad>89</ns3:cad>
          </ns3:TrackPointExtension>
        </extensions>
      </trkpt>
      <trkpt lat="30.28934461064636707305908203125" lon="120.2195495925843715667724609375">
        <ele>15.6000003814697265625</ele>
        <time>2026-07-02T11:59:23.000Z</time>
        <extensions>
          <ns3:TrackPointExtension>
            <ns3:hr>148</ns3:hr>
            <ns3:cad>89</ns3:cad>
          </ns3:TrackPointExtension>
        </extensions>
      </trkpt>
      <trkpt lat="30.2893591113388538360595703125" lon="120.21953576244413852691650390625">
        <ele>15.6000003814697265625</ele>
        <time>2026-07-02T11:59:24.000Z</time>
        <extensions>
          <ns3:TrackPointExtension>
            <ns3:hr>148</ns3:hr>
            <ns3:cad>90</ns3:cad>
          </ns3:TrackPointExtension>
        </extensions>
      </trkpt>
      <trkpt lat="30.28938232921063899993896484375" lon="120.21951614879071712493896484375">
        <ele>15.6000003814697265625</ele>
        <time>2026-07-02T11:59:25.000Z</time>
        <extensions>
          <ns3:TrackPointExtension>
            <ns3:hr>148</ns3:hr>
            <ns3:cad>90</ns3:cad>
          </ns3:TrackPointExtension>
        </extensions>
      </trkpt>
      <trkpt lat="30.2893976680934429168701171875" lon="120.2195006422698497772216796875">
        <ele>15.6000003814697265625</ele>
        <time>2026-07-02T11:59:26.000Z</time>
        <extensions>
          <ns3:TrackPointExtension>
            <ns3:hr>149</ns3:hr>
            <ns3:cad>90</ns3:cad>
          </ns3:TrackPointExtension>
        </extensions>
      </trkpt>
      <trkpt lat="30.2894218079745769500732421875" lon="120.2194775082170963287353515625">
        <ele>15.6000003814697265625</ele>
        <time>2026-07-02T11:59:27.000Z</time>
        <extensions>
          <ns3:TrackPointExtension>
            <ns3:hr>149</ns3:hr>
            <ns3:cad>89</ns3:cad>
          </ns3:TrackPointExtension>
        </extensions>
      </trkpt>
      <trkpt lat="30.2894367277622222900390625" lon="120.2194600738584995269775390625">
        <ele>15.6000003814697265625</ele>
        <time>2026-07-02T11:59:28.000Z</time>
        <extensions>
          <ns3:TrackPointExtension>
            <ns3:hr>149</ns3:hr>
            <ns3:cad>89</ns3:cad>
          </ns3:TrackPointExtension>
        </extensions>
      </trkpt>
      <trkpt lat="30.28945885598659515380859375" lon="120.219440795481204986572265625">
        <ele>15.6000003814697265625</ele>
        <time>2026-07-02T11:59:29.000Z</time>
        <extensions>
          <ns3:TrackPointExtension>
            <ns3:hr>148</ns3:hr>
            <ns3:cad>89</ns3:cad>
          </ns3:TrackPointExtension>
        </extensions>
      </trkpt>
      <trkpt lat="30.28947360813617706298828125" lon="120.21942327730357646942138671875">
        <ele>15.6000003814697265625</ele>
        <time>2026-07-02T11:59:30.000Z</time>
        <extensions>
          <ns3:TrackPointExtension>
            <ns3:hr>148</ns3:hr>
            <ns3:cad>89</ns3:cad>
          </ns3:TrackPointExtension>
        </extensions>
      </trkpt>
      <trkpt lat="30.289499759674072265625" lon="120.21940483711659908294677734375">
        <ele>15.6000003814697265625</ele>
        <time>2026-07-02T11:59:31.000Z</time>
        <extensions>
          <ns3:TrackPointExtension>
            <ns3:hr>148</ns3:hr>
            <ns3:cad>89</ns3:cad>
          </ns3:TrackPointExtension>
        </extensions>
      </trkpt>
      <trkpt lat="30.2895150147378444671630859375" lon="120.21938907913863658905029296875">
        <ele>15.6000003814697265625</ele>
        <time>2026-07-02T11:59:32.000Z</time>
        <extensions>
          <ns3:TrackPointExtension>
            <ns3:hr>148</ns3:hr>
            <ns3:cad>89</ns3:cad>
          </ns3:TrackPointExtension>
        </extensions>
      </trkpt>
      <trkpt lat="30.2895341254770755767822265625" lon="120.21937273442745208740234375">
        <ele>15.6000003814697265625</ele>
        <time>2026-07-02T11:59:33.000Z</time>
        <extensions>
          <ns3:TrackPointExtension>
            <ns3:hr>148</ns3:hr>
            <ns3:cad>89</ns3:cad>
          </ns3:TrackPointExtension>
        </extensions>
      </trkpt>
      <trkpt lat="30.28955348767340183258056640625" lon="120.2193559706211090087890625">
        <ele>15.6000003814697265625</ele>
        <time>2026-07-02T11:59:34.000Z</time>
        <extensions>
          <ns3:TrackPointExtension>
            <ns3:hr>147</ns3:hr>
            <ns3:cad>90</ns3:cad>
          </ns3:TrackPointExtension>
        </extensions>
      </trkpt>
      <trkpt lat="30.289575867354869842529296875" lon="120.21933392621576786041259765625">
        <ele>15.6000003814697265625</ele>
        <time>2026-07-02T11:59:35.000Z</time>
        <extensions>
          <ns3:TrackPointExtension>
            <ns3:hr>147</ns3:hr>
            <ns3:cad>89</ns3:cad>
          </ns3:TrackPointExtension>
        </extensions>
      </trkpt>
      <trkpt lat="30.2895881049335002899169921875" lon="120.21931707859039306640625">
        <ele>15.6000003814697265625</ele>
        <time>2026-07-02T11:59:36.000Z</time>
        <extensions>
          <ns3:TrackPointExtension>
            <ns3:hr>147</ns3:hr>
            <ns3:cad>89</ns3:cad>
          </ns3:TrackPointExtension>
        </extensions>
      </trkpt>
      <trkpt lat="30.289608724415302276611328125" lon="120.219291932880878448486328125">
        <ele>15.6000003814697265625</ele>
        <time>2026-07-02T11:59:37.000Z</time>
        <extensions>
          <ns3:TrackPointExtension>
            <ns3:hr>146</ns3:hr>
            <ns3:cad>89</ns3:cad>
          </ns3:TrackPointExtension>
        </extensions>
      </trkpt>
      <trkpt lat="30.28962188400328159332275390625" lon="120.21927676163613796234130859375">
        <ele>15.6000003814697265625</ele>
        <time>2026-07-02T11:59:38.000Z</time>
        <extensions>
          <ns3:TrackPointExtension>
            <ns3:hr>146</ns3:hr>
            <ns3:cad>89</ns3:cad>
          </ns3:TrackPointExtension>
        </extensions>
      </trkpt>
      <trkpt lat="30.2896459400653839111328125" lon="120.2192548848688602447509765625">
        <ele>15.6000003814697265625</ele>
        <time>2026-07-02T11:59:39.000Z</time>
        <extensions>
          <ns3:TrackPointExtension>
            <ns3:hr>146</ns3:hr>
            <ns3:cad>89</ns3:cad>
          </ns3:TrackPointExtension>
        </extensions>
      </trkpt>
      <trkpt lat="30.28966538608074188232421875" lon="120.21923686377704143524169921875">
        <ele>15.6000003814697265625</ele>
        <time>2026-07-02T11:59:40.000Z</time>
        <extensions>
          <ns3:TrackPointExtension>
            <ns3:hr>146</ns3:hr>
            <ns3:cad>89</ns3:cad>
          </ns3:TrackPointExtension>
        </extensions>
      </trkpt>
      <trkpt lat="30.28969111852347850799560546875" lon="120.2192176692187786102294921875">
        <ele>15.6000003814697265625</ele>
        <time>2026-07-02T11:59:41.000Z</time>
        <extensions>
          <ns3:TrackPointExtension>
            <ns3:hr>146</ns3:hr>
            <ns3:cad>89</ns3:cad>
          </ns3:TrackPointExtension>
        </extensions>
      </trkpt>
      <trkpt lat="30.28970804996788501739501953125" lon="120.21919797174632549285888671875">
        <ele>15.6000003814697265625</ele>
        <time>2026-07-02T11:59:42.000Z</time>
        <extensions>
          <ns3:TrackPointExtension>
            <ns3:hr>146</ns3:hr>
            <ns3:cad>90</ns3:cad>
          </ns3:TrackPointExtension>
        </extensions>
      </trkpt>
      <trkpt lat="30.289734788239002227783203125" lon="120.2191801182925701141357421875">
        <ele>15.6000003814697265625</ele>
        <time>2026-07-02T11:59:43.000Z</time>
        <extensions>
          <ns3:TrackPointExtension>
            <ns3:hr>146</ns3:hr>
            <ns3:cad>90</ns3:cad>
          </ns3:TrackPointExtension>
        </extensions>
      </trkpt>
      <trkpt lat="30.289756916463375091552734375" lon="120.2191670425236225128173828125">
        <ele>15.3999996185302734375</ele>
        <time>2026-07-02T11:59:44.000Z</time>
        <extensions>
          <ns3:TrackPointExtension>
            <ns3:hr>146</ns3:hr>
            <ns3:cad>89</ns3:cad>
          </ns3:TrackPointExtension>
        </extensions>
      </trkpt>
      <trkpt lat="30.28978449292480945587158203125" lon="120.21915807388722896575927734375">
        <ele>15.3999996185302734375</ele>
        <time>2026-07-02T11:59:45.000Z</time>
        <extensions>
          <ns3:TrackPointExtension>
            <ns3:hr>146</ns3:hr>
            <ns3:cad>89</ns3:cad>
          </ns3:TrackPointExtension>
        </extensions>
      </trkpt>
      <trkpt lat="30.28980913572013378143310546875" lon="120.2191496081650257110595703125">
        <ele>15.3999996185302734375</ele>
        <time>2026-07-02T11:59:46.000Z</time>
        <extensions>
          <ns3:TrackPointExtension>
            <ns3:hr>147</ns3:hr>
            <ns3:cad>89</ns3:cad>
          </ns3:TrackPointExtension>
        </extensions>
      </trkpt>
      <trkpt lat="30.28983864001929759979248046875" lon="120.219143740832805633544921875">
        <ele>15.19999980926513671875</ele>
        <time>2026-07-02T11:59:47.000Z</time>
        <extensions>
          <ns3:TrackPointExtension>
            <ns3:hr>146</ns3:hr>
            <ns3:cad>88</ns3:cad>
          </ns3:TrackPointExtension>
        </extensions>
      </trkpt>
      <trkpt lat="30.289861522614955902099609375" lon="120.21913762204349040985107421875">
        <ele>15.19999980926513671875</ele>
        <time>2026-07-02T11:59:48.000Z</time>
        <extensions>
          <ns3:TrackPointExtension>
            <ns3:hr>146</ns3:hr>
            <ns3:cad>88</ns3:cad>
          </ns3:TrackPointExtension>
        </extensions>
      </trkpt>
      <trkpt lat="30.289891026914119720458984375" lon="120.21913938224315643310546875">
        <ele>15.19999980926513671875</ele>
        <time>2026-07-02T11:59:49.000Z</time>
        <extensions>
          <ns3:TrackPointExtension>
            <ns3:hr>146</ns3:hr>
            <ns3:cad>89</ns3:cad>
          </ns3:TrackPointExtension>
        </extensions>
      </trkpt>
      <trkpt lat="30.289914496243000030517578125" lon="120.21914298646152019500732421875">
        <ele>15.19999980926513671875</ele>
        <time>2026-07-02T11:59:50.000Z</time>
        <extensions>
          <ns3:TrackPointExtension>
            <ns3:hr>146</ns3:hr>
            <ns3:cad>90</ns3:cad>
          </ns3:TrackPointExtension>
        </extensions>
      </trkpt>
      <trkpt lat="30.2899396419525146484375" lon="120.21915170364081859588623046875">
        <ele>15.19999980926513671875</ele>
        <time>2026-07-02T11:59:51.000Z</time>
        <extensions>
          <ns3:TrackPointExtension>
            <ns3:hr>146</ns3:hr>
            <ns3:cad>91</ns3:cad>
          </ns3:TrackPointExtension>
        </extensions>
      </trkpt>
      <trkpt lat="30.2899605967104434967041015625" lon="120.2191660366952419281005859375">
        <ele>15.19999980926513671875</ele>
        <time>2026-07-02T11:59:52.000Z</time>
        <extensions>
          <ns3:TrackPointExtension>
            <ns3:hr>146</ns3:hr>
            <ns3:cad>91</ns3:cad>
          </ns3:TrackPointExtension>
        </extensions>
      </trkpt>
      <trkpt lat="30.28997920453548431396484375" lon="120.21918489597737789154052734375">
        <ele>15.19999980926513671875</ele>
        <time>2026-07-02T11:59:53.000Z</time>
        <extensions>
          <ns3:TrackPointExtension>
            <ns3:hr>147</ns3:hr>
            <ns3:cad>91</ns3:cad>
          </ns3:TrackPointExtension>
        </extensions>
      </trkpt>
      <trkpt lat="30.289995633065700531005859375" lon="120.21920534782111644744873046875">
        <ele>15.19999980926513671875</ele>
        <time>2026-07-02T11:59:54.000Z</time>
        <extensions>
          <ns3:TrackPointExtension>
            <ns3:hr>146</ns3:hr>
            <ns3:cad>91</ns3:cad>
          </ns3:TrackPointExtension>
        </extensions>
      </trkpt>
      <trkpt lat="30.290009714663028717041015625" lon="120.21923166699707508087158203125">
        <ele>15.19999980926513671875</ele>
        <time>2026-07-02T11:59:55.000Z</time>
        <extensions>
          <ns3:TrackPointExtension>
            <ns3:hr>146</ns3:hr>
            <ns3:cad>90</ns3:cad>
          </ns3:TrackPointExtension>
        </extensions>
      </trkpt>
      <trkpt lat="30.2900202758610248565673828125" lon="120.2192532084882259368896484375">
        <ele>15.19999980926513671875</ele>
        <time>2026-07-02T11:59:56.000Z</time>
        <extensions>
          <ns3:TrackPointExtension>
            <ns3:hr>146</ns3:hr>
            <ns3:cad>89</ns3:cad>
          </ns3:TrackPointExtension>
        </extensions>
      </trkpt>
      <trkpt lat="30.290030501782894134521484375" lon="120.219283886253833770751953125">
        <ele>15.19999980926513671875</ele>
        <time>2026-07-02T11:59:57.000Z</time>
        <extensions>
          <ns3:TrackPointExtension>
            <ns3:hr>147</ns3:hr>
            <ns3:cad>89</ns3:cad>
          </ns3:TrackPointExtension>
        </extensions>
      </trkpt>
      <trkpt lat="30.290039889514446258544921875" lon="120.219308026134967803955078125">
        <ele>15.19999980926513671875</ele>
        <time>2026-07-02T11:59:58.000Z</time>
        <extensions>
          <ns3:TrackPointExtension>
            <ns3:hr>147</ns3:hr>
            <ns3:cad>89</ns3:cad>
          </ns3:TrackPointExtension>
        </extensions>
      </trkpt>
      <trkpt lat="30.29005036689341068267822265625" lon="120.2193437330424785614013671875">
        <ele>15.19999980926513671875</ele>
        <time>2026-07-02T11:59:59.000Z</time>
        <extensions>
          <ns3:TrackPointExtension>
            <ns3:hr>146</ns3:hr>
            <ns3:cad>89</ns3:cad>
          </ns3:TrackPointExtension>
        </extensions>
      </trkpt>
      <trkpt lat="30.29005724005401134490966796875" lon="120.21936644800007343292236328125">
        <ele>15.19999980926513671875</ele>
        <time>2026-07-02T12:00:00.000Z</time>
        <extensions>
          <ns3:TrackPointExtension>
            <ns3:hr>146</ns3:hr>
            <ns3:cad>89</ns3:cad>
          </ns3:TrackPointExtension>
        </extensions>
      </trkpt>
      <trkpt lat="30.2900672145187854766845703125" lon="120.2194020710885524749755859375">
        <ele>15.19999980926513671875</ele>
        <time>2026-07-02T12:00:01.000Z</time>
        <extensions>
          <ns3:TrackPointExtension>
            <ns3:hr>146</ns3:hr>
            <ns3:cad>89</ns3:cad>
          </ns3:TrackPointExtension>
        </extensions>
      </trkpt>
      <trkpt lat="30.29007534496486186981201171875" lon="120.21942981518805027008056640625">
        <ele>15.19999980926513671875</ele>
        <time>2026-07-02T12:00:02.000Z</time>
        <extensions>
          <ns3:TrackPointExtension>
            <ns3:hr>147</ns3:hr>
            <ns3:cad>90</ns3:cad>
          </ns3:TrackPointExtension>
        </extensions>
      </trkpt>
      <trkpt lat="30.290086828172206878662109375" lon="120.21945990622043609619140625">
        <ele>15.19999980926513671875</ele>
        <time>2026-07-02T12:00:03.000Z</time>
        <extensions>
          <ns3:TrackPointExtension>
            <ns3:hr>146</ns3:hr>
            <ns3:cad>89</ns3:cad>
          </ns3:TrackPointExtension>
        </extensions>
      </trkpt>
      <trkpt lat="30.29009588062763214111328125" lon="120.2194847166538238525390625">
        <ele>15.19999980926513671875</ele>
        <time>2026-07-02T12:00:04.000Z</time>
        <extensions>
          <ns3:TrackPointExtension>
            <ns3:hr>146</ns3:hr>
            <ns3:cad>89</ns3:cad>
          </ns3:TrackPointExtension>
        </extensions>
      </trkpt>
      <trkpt lat="30.29010803438723087310791015625" lon="120.21951799280941486358642578125">
        <ele>15.19999980926513671875</ele>
        <time>2026-07-02T12:00:05.000Z</time>
        <extensions>
          <ns3:TrackPointExtension>
            <ns3:hr>146</ns3:hr>
            <ns3:cad>89</ns3:cad>
          </ns3:TrackPointExtension>
        </extensions>
      </trkpt>
      <trkpt lat="30.29011708684265613555908203125" lon="120.2195448987185955047607421875">
        <ele>15.19999980926513671875</ele>
        <time>2026-07-02T12:00:06.000Z</time>
        <extensions>
          <ns3:TrackPointExtension>
            <ns3:hr>146</ns3:hr>
            <ns3:cad>89</ns3:cad>
          </ns3:TrackPointExtension>
        </extensions>
      </trkpt>
      <trkpt lat="30.29012731276452541351318359375" lon="120.21957851015031337738037109375">
        <ele>15.19999980926513671875</ele>
        <time>2026-07-02T12:00:07.000Z</time>
        <extensions>
          <ns3:TrackPointExtension>
            <ns3:hr>146</ns3:hr>
            <ns3:cad>89</ns3:cad>
          </ns3:TrackPointExtension>
        </extensions>
      </trkpt>
      <trkpt lat="30.29013787396252155303955078125" lon="120.2196065895259380340576171875">
        <ele>15.19999980926513671875</ele>
        <time>2026-07-02T12:00:08.000Z</time>
        <extensions>
          <ns3:TrackPointExtension>
            <ns3:hr>146</ns3:hr>
            <ns3:cad>89</ns3:cad>
          </ns3:TrackPointExtension>
        </extensions>
      </trkpt>
      <trkpt lat="30.290149860084056854248046875" lon="120.21963902749121189117431640625">
        <ele>15.19999980926513671875</ele>
        <time>2026-07-02T12:00:09.000Z</time>
        <extensions>
          <ns3:TrackPointExtension>
            <ns3:hr>146</ns3:hr>
            <ns3:cad>90</ns3:cad>
          </ns3:TrackPointExtension>
        </extensions>
      </trkpt>
      <trkpt lat="30.290161259472370147705078125" lon="120.2196662686765193939208984375">
        <ele>15.19999980926513671875</ele>
        <time>2026-07-02T12:00:10.000Z</time>
        <extensions>
          <ns3:TrackPointExtension>
            <ns3:hr>147</ns3:hr>
            <ns3:cad>90</ns3:cad>
          </ns3:TrackPointExtension>
        </extensions>
      </trkpt>
      <trkpt lat="30.29017031192779541015625" lon="120.21969996392726898193359375">
        <ele>15.19999980926513671875</ele>
        <time>2026-07-02T12:00:11.000Z</time>
        <extensions>
          <ns3:TrackPointExtension>
            <ns3:hr>147</ns3:hr>
            <ns3:cad>91</ns3:cad>
          </ns3:TrackPointExtension>
        </extensions>
      </trkpt>
      <trkpt lat="30.29018280096352100372314453125" lon="120.21972586400806903839111328125">
        <ele>15.19999980926513671875</ele>
        <time>2026-07-02T12:00:12.000Z</time>
        <extensions>
          <ns3:TrackPointExtension>
            <ns3:hr>147</ns3:hr>
            <ns3:cad>91</ns3:cad>
          </ns3:TrackPointExtension>
        </extensions>
      </trkpt>
      <trkpt lat="30.29019244015216827392578125" lon="120.21975972689688205718994140625">
        <ele>15.19999980926513671875</ele>
        <time>2026-07-02T12:00:13.000Z</time>
        <extensions>
          <ns3:TrackPointExtension>
            <ns3:hr>147</ns3:hr>
            <ns3:cad>91</ns3:cad>
          </ns3:TrackPointExtension>
        </extensions>
      </trkpt>
      <trkpt lat="30.290206857025623321533203125" lon="120.219783447682857513427734375">
        <ele>15.19999980926513671875</ele>
        <time>2026-07-02T12:00:14.000Z</time>
        <extensions>
          <ns3:TrackPointExtension>
            <ns3:hr>148</ns3:hr>
            <ns3:cad>91</ns3:cad>
          </ns3:TrackPointExtension>
        </extensions>
      </trkpt>
      <trkpt lat="30.29022102244198322296142578125" lon="120.219816975295543670654296875">
        <ele>15.19999980926513671875</ele>
        <time>2026-07-02T12:00:15.000Z</time>
        <extensions>
          <ns3:TrackPointExtension>
            <ns3:hr>148</ns3:hr>
            <ns3:cad>91</ns3:cad>
          </ns3:TrackPointExtension>
        </extensions>
      </trkpt>
      <trkpt lat="30.290235690772533416748046875" lon="120.21984077990055084228515625">
        <ele>15.19999980926513671875</ele>
        <time>2026-07-02T12:00:16.000Z</time>
        <extensions>
          <ns3:TrackPointExtension>
            <ns3:hr>149</ns3:hr>
            <ns3:cad>92</ns3:cad>
          </ns3:TrackPointExtension>
        </extensions>
      </trkpt>
      <trkpt lat="30.2902494370937347412109375" lon="120.2198795042932033538818359375">
        <ele>15.19999980926513671875</ele>
        <time>2026-07-02T12:00:17.000Z</time>
        <extensions>
          <ns3:TrackPointExtension>
            <ns3:hr>150</ns3:hr>
            <ns3:cad>92</ns3:cad>
          </ns3:TrackPointExtension>
        </extensions>
      </trkpt>
      <trkpt lat="30.290269553661346435546875" lon="120.21990674547851085662841796875">
        <ele>15.19999980926513671875</ele>
        <time>2026-07-02T12:00:18.000Z</time>
        <extensions>
          <ns3:TrackPointExtension>
            <ns3:hr>150</ns3:hr>
            <ns3:cad>92</ns3:cad>
          </ns3:TrackPointExtension>
        </extensions>
      </trkpt>
      <trkpt lat="30.2902858145534992218017578125" lon="120.2199406921863555908203125">
        <ele>15.19999980926513671875</ele>
        <time>2026-07-02T12:00:19.000Z</time>
        <extensions>
          <ns3:TrackPointExtension>
            <ns3:hr>150</ns3:hr>
            <ns3:cad>92</ns3:cad>
          </ns3:TrackPointExtension>
        </extensions>
      </trkpt>
      <trkpt lat="30.29030618257820606231689453125" lon="120.21997086703777313232421875">
        <ele>15.19999980926513671875</ele>
        <time>2026-07-02T12:00:20.000Z</time>
        <extensions>
          <ns3:TrackPointExtension>
            <ns3:hr>151</ns3:hr>
            <ns3:cad>92</ns3:cad>
          </ns3:TrackPointExtension>
        </extensions>
      </trkpt>
      <trkpt lat="30.29032328166067600250244140625" lon="120.2199991978704929351806640625">
        <ele>15.19999980926513671875</ele>
        <time>2026-07-02T12:00:21.000Z</time>
        <extensions>
          <ns3:TrackPointExtension>
            <ns3:hr>151</ns3:hr>
            <ns3:cad>92</ns3:cad>
          </ns3:TrackPointExtension>
        </extensions>
      </trkpt>
      <trkpt lat="30.2903397940099239349365234375" lon="120.2200318872928619384765625">
        <ele>15.19999980926513671875</ele>
        <time>2026-07-02T12:00:22.000Z</time>
        <extensions>
          <ns3:TrackPointExtension>
            <ns3:hr>152</ns3:hr>
            <ns3:cad>94</ns3:cad>
          </ns3:TrackPointExtension>
        </extensions>
      </trkpt>
      <trkpt lat="30.29035194776952266693115234375" lon="120.22006030194461345672607421875">
        <ele>15.3999996185302734375</ele>
        <time>2026-07-02T12:00:23.000Z</time>
        <extensions>
          <ns3:TrackPointExtension>
            <ns3:hr>152</ns3:hr>
            <ns3:cad>94</ns3:cad>
          </ns3:TrackPointExtension>
        </extensions>
      </trkpt>
      <trkpt lat="30.29036535881459712982177734375" lon="120.22009827196598052978515625">
        <ele>15.3999996185302734375</ele>
        <time>2026-07-02T12:00:24.000Z</time>
        <extensions>
          <ns3:TrackPointExtension>
            <ns3:hr>153</ns3:hr>
            <ns3:cad>93</ns3:cad>
          </ns3:TrackPointExtension>
        </extensions>
      </trkpt>
      <trkpt lat="30.29037441127002239227294921875" lon="120.2201239205896854400634765625">
        <ele>15.19999980926513671875</ele>
        <time>2026-07-02T12:00:25.000Z</time>
        <extensions>
          <ns3:TrackPointExtension>
            <ns3:hr>153</ns3:hr>
            <ns3:cad>92</ns3:cad>
          </ns3:TrackPointExtension>
        </extensions>
      </trkpt>
      <trkpt lat="30.29038949869573116302490234375" lon="120.2201594598591327667236328125">
        <ele>15.19999980926513671875</ele>
        <time>2026-07-02T12:00:26.000Z</time>
        <extensions>
          <ns3:TrackPointExtension>
            <ns3:hr>154</ns3:hr>
            <ns3:cad>92</ns3:cad>
          </ns3:TrackPointExtension>
        </extensions>
      </trkpt>
      <trkpt lat="30.29040324501693248748779296875" lon="120.2201807498931884765625">
        <ele>15.19999980926513671875</ele>
        <time>2026-07-02T12:00:27.000Z</time>
        <extensions>
          <ns3:TrackPointExtension>
            <ns3:hr>155</ns3:hr>
            <ns3:cad>92</ns3:cad>
          </ns3:TrackPointExtension>
        </extensions>
      </trkpt>
      <trkpt lat="30.2904216013848781585693359375" lon="120.22021670825779438018798828125">
        <ele>15.19999980926513671875</ele>
        <time>2026-07-02T12:00:28.000Z</time>
        <extensions>
          <ns3:TrackPointExtension>
            <ns3:hr>155</ns3:hr>
            <ns3:cad>92</ns3:cad>
          </ns3:TrackPointExtension>
        </extensions>
      </trkpt>
      <trkpt lat="30.290440209209918975830078125" lon="120.22023816592991352081298828125">
        <ele>15.19999980926513671875</ele>
        <time>2026-07-02T12:00:29.000Z</time>
        <extensions>
          <ns3:TrackPointExtension>
            <ns3:hr>156</ns3:hr>
            <ns3:cad>92</ns3:cad>
          </ns3:TrackPointExtension>
        </extensions>
      </trkpt>
      <trkpt lat="30.29046108014881610870361328125" lon="120.220272950828075408935546875">
        <ele>15.19999980926513671875</ele>
        <time>2026-07-02T12:00:30.000Z</time>
        <extensions>
          <ns3:TrackPointExtension>
            <ns3:hr>157</ns3:hr>
            <ns3:cad>93</ns3:cad>
          </ns3:TrackPointExtension>
        </extensions>
      </trkpt>
      <trkpt lat="30.290484130382537841796875" lon="120.2202965877950191497802734375">
        <ele>15.19999980926513671875</ele>
        <time>2026-07-02T12:00:31.000Z</time>
        <extensions>
          <ns3:TrackPointExtension>
            <ns3:hr>157</ns3:hr>
            <ns3:cad>93</ns3:cad>
          </ns3:TrackPointExtension>
        </extensions>
      </trkpt>
      <trkpt lat="30.29050181619822978973388671875" lon="120.22032550536096096038818359375">
        <ele>15.19999980926513671875</ele>
        <time>2026-07-02T12:00:32.000Z</time>
        <extensions>
          <ns3:TrackPointExtension>
            <ns3:hr>157</ns3:hr>
            <ns3:cad>92</ns3:cad>
          </ns3:TrackPointExtension>
        </extensions>
      </trkpt>
      <trkpt lat="30.29051807709038257598876953125" lon="120.22035299800336360931396484375">
        <ele>15.19999980926513671875</ele>
        <time>2026-07-02T12:00:33.000Z</time>
        <extensions>
          <ns3:TrackPointExtension>
            <ns3:hr>158</ns3:hr>
            <ns3:cad>92</ns3:cad>
          </ns3:TrackPointExtension>
        </extensions>
      </trkpt>
      <trkpt lat="30.2905362658202648162841796875" lon="120.220382250845432281494140625">
        <ele>15.19999980926513671875</ele>
        <time>2026-07-02T12:00:34.000Z</time>
        <extensions>
          <ns3:TrackPointExtension>
            <ns3:hr>158</ns3:hr>
            <ns3:cad>92</ns3:cad>
          </ns3:TrackPointExtension>
        </extensions>
      </trkpt>
      <trkpt lat="30.2905537001788616180419921875" lon="120.220411755144596099853515625">
        <ele>15.19999980926513671875</ele>
        <time>2026-07-02T12:00:35.000Z</time>
        <extensions>
          <ns3:TrackPointExtension>
            <ns3:hr>158</ns3:hr>
            <ns3:cad>92</ns3:cad>
          </ns3:TrackPointExtension>
        </extensions>
      </trkpt>
      <trkpt lat="30.29056920669972896575927734375" lon="120.22043866105377674102783203125">
        <ele>15.19999980926513671875</ele>
        <time>2026-07-02T12:00:36.000Z</time>
        <extensions>
          <ns3:TrackPointExtension>
            <ns3:hr>159</ns3:hr>
            <ns3:cad>93</ns3:cad>
          </ns3:TrackPointExtension>
        </extensions>
      </trkpt>
      <trkpt lat="30.29058865271508693695068359375" lon="120.22046799771487712860107421875">
        <ele>15.19999980926513671875</ele>
        <time>2026-07-02T12:00:37.000Z</time>
        <extensions>
          <ns3:TrackPointExtension>
            <ns3:hr>159</ns3:hr>
            <ns3:cad>92</ns3:cad>
          </ns3:TrackPointExtension>
        </extensions>
      </trkpt>
      <trkpt lat="30.2906023152172565460205078125" lon="120.2204887010157108306884765625">
        <ele>15</ele>
        <time>2026-07-02T12:00:38.000Z</time>
        <extensions>
          <ns3:TrackPointExtension>
            <ns3:hr>160</ns3:hr>
            <ns3:cad>92</ns3:cad>
          </ns3:TrackPointExtension>
        </extensions>
      </trkpt>
      <trkpt lat="30.290621258318424224853515625" lon="120.22052113898098468780517578125">
        <ele>15</ele>
        <time>2026-07-02T12:00:39.000Z</time>
        <extensions>
          <ns3:TrackPointExtension>
            <ns3:hr>160</ns3:hr>
            <ns3:cad>93</ns3:cad>
          </ns3:TrackPointExtension>
        </extensions>
      </trkpt>
      <trkpt lat="30.29063944704830646514892578125" lon="120.220541842281818389892578125">
        <ele>15</ele>
        <time>2026-07-02T12:00:40.000Z</time>
        <extensions>
          <ns3:TrackPointExtension>
            <ns3:hr>160</ns3:hr>
            <ns3:cad>93</ns3:cad>
          </ns3:TrackPointExtension>
        </extensions>
      </trkpt>
      <trkpt lat="30.2906603179872035980224609375" lon="120.22057578898966312408447265625">
        <ele>15</ele>
        <time>2026-07-02T12:00:41.000Z</time>
        <extensions>
          <ns3:TrackPointExtension>
            <ns3:hr>159</ns3:hr>
            <ns3:cad>93</ns3:cad>
          </ns3:TrackPointExtension>
        </extensions>
      </trkpt>
      <trkpt lat="30.29068018309772014617919921875" lon="120.22059925831854343414306640625">
        <ele>15</ele>
        <time>2026-07-02T12:00:42.000Z</time>
        <extensions>
          <ns3:TrackPointExtension>
            <ns3:hr>160</ns3:hr>
            <ns3:cad>94</ns3:cad>
          </ns3:TrackPointExtension>
        </extensions>
      </trkpt>
      <trkpt lat="30.29069929383695125579833984375" lon="120.22062809206545352935791015625">
        <ele>15</ele>
        <time>2026-07-02T12:00:43.000Z</time>
        <extensions>
          <ns3:TrackPointExtension>
            <ns3:hr>160</ns3:hr>
            <ns3:cad>94</ns3:cad>
          </ns3:TrackPointExtension>
        </extensions>
      </trkpt>
      <trkpt lat="30.2907176502048969268798828125" lon="120.22065541706979274749755859375">
        <ele>15</ele>
        <time>2026-07-02T12:00:44.000Z</time>
        <extensions>
          <ns3:TrackPointExtension>
            <ns3:hr>161</ns3:hr>
            <ns3:cad>93</ns3:cad>
          </ns3:TrackPointExtension>
        </extensions>
      </trkpt>
      <trkpt lat="30.29073248617351055145263671875" lon="120.220681987702846527099609375">
        <ele>15</ele>
        <time>2026-07-02T12:00:45.000Z</time>
        <extensions>
          <ns3:TrackPointExtension>
            <ns3:hr>161</ns3:hr>
            <ns3:cad>93</ns3:cad>
          </ns3:TrackPointExtension>
        </extensions>
      </trkpt>
      <trkpt lat="30.29074992053210735321044921875" lon="120.2207113243639469146728515625">
        <ele>15</ele>
        <time>2026-07-02T12:00:46.000Z</time>
        <extensions>
          <ns3:TrackPointExtension>
            <ns3:hr>162</ns3:hr>
            <ns3:cad>93</ns3:cad>
          </ns3:TrackPointExtension>
        </extensions>
      </trkpt>
      <trkpt lat="30.29076366685330867767333984375" lon="120.22073705680668354034423828125">
        <ele>15</ele>
        <time>2026-07-02T12:00:47.000Z</time>
        <extensions>
          <ns3:TrackPointExtension>
            <ns3:hr>162</ns3:hr>
            <ns3:cad>93</ns3:cad>
          </ns3:TrackPointExtension>
        </extensions>
      </trkpt>
      <trkpt lat="30.29077447950839996337890625" lon="120.22077142260968685150146484375">
        <ele>15</ele>
        <time>2026-07-02T12:00:48.000Z</time>
        <extensions>
          <ns3:TrackPointExtension>
            <ns3:hr>162</ns3:hr>
            <ns3:cad>93</ns3:cad>
          </ns3:TrackPointExtension>
        </extensions>
      </trkpt>
      <trkpt lat="30.29079216532409191131591796875" lon="120.22079220972955226898193359375">
        <ele>15</ele>
        <time>2026-07-02T12:00:49.000Z</time>
        <extensions>
          <ns3:TrackPointExtension>
            <ns3:hr>162</ns3:hr>
            <ns3:cad>93</ns3:cad>
          </ns3:TrackPointExtension>
        </extensions>
      </trkpt>
      <trkpt lat="30.29081060551106929779052734375" lon="120.220822133123874664306640625">
        <ele>15</ele>
        <time>2026-07-02T12:00:50.000Z</time>
        <extensions>
          <ns3:TrackPointExtension>
            <ns3:hr>162</ns3:hr>
            <ns3:cad>93</ns3:cad>
          </ns3:TrackPointExtension>
        </extensions>
      </trkpt>
      <trkpt lat="30.29083021916449069976806640625" lon="120.22084568627178668975830078125">
        <ele>14.80000019073486328125</ele>
        <time>2026-07-02T12:00:51.000Z</time>
        <extensions>
          <ns3:TrackPointExtension>
            <ns3:hr>162</ns3:hr>
            <ns3:cad>93</ns3:cad>
          </ns3:TrackPointExtension>
        </extensions>
      </trkpt>
      <trkpt lat="30.29085670597851276397705078125" lon="120.22087636403739452362060546875">
        <ele>14.80000019073486328125</ele>
        <time>2026-07-02T12:00:52.000Z</time>
        <extensions>
          <ns3:TrackPointExtension>
            <ns3:hr>162</ns3:hr>
            <ns3:cad>93</ns3:cad>
          </ns3:TrackPointExtension>
        </extensions>
      </trkpt>
      <trkpt lat="30.29088084585964679718017578125" lon="120.22089296020567417144775390625">
        <ele>14.80000019073486328125</ele>
        <time>2026-07-02T12:00:53.000Z</time>
        <extensions>
          <ns3:TrackPointExtension>
            <ns3:hr>162</ns3:hr>
            <ns3:cad>92</ns3:cad>
          </ns3:TrackPointExtension>
        </extensions>
      </trkpt>
      <trkpt lat="30.29090590775012969970703125" lon="120.22091978229582309722900390625">
        <ele>14.80000019073486328125</ele>
        <time>2026-07-02T12:00:54.000Z</time>
        <extensions>
          <ns3:TrackPointExtension>
            <ns3:hr>162</ns3:hr>
            <ns3:cad>92</ns3:cad>
          </ns3:TrackPointExtension>
        </extensions>
      </trkpt>
      <trkpt lat="30.29092778451740741729736328125" lon="120.22094492800533771514892578125">
        <ele>14.80000019073486328125</ele>
        <time>2026-07-02T12:00:55.000Z</time>
        <extensions>
          <ns3:TrackPointExtension>
            <ns3:hr>162</ns3:hr>
            <ns3:cad>92</ns3:cad>
          </ns3:TrackPointExtension>
        </extensions>
      </trkpt>
      <trkpt lat="30.29095041565597057342529296875" lon="120.2209694869816303253173828125">
        <ele>14.80000019073486328125</ele>
        <time>2026-07-02T12:00:56.000Z</time>
        <extensions>
          <ns3:TrackPointExtension>
            <ns3:hr>163</ns3:hr>
            <ns3:cad>92</ns3:cad>
          </ns3:TrackPointExtension>
        </extensions>
      </trkpt>
      <trkpt lat="30.290971286594867706298828125" lon="120.22099790163338184356689453125">
        <ele>14.6000003814697265625</ele>
        <time>2026-07-02T12:00:57.000Z</time>
        <extensions>
          <ns3:TrackPointExtension>
            <ns3:hr>162</ns3:hr>
            <ns3:cad>93</ns3:cad>
          </ns3:TrackPointExtension>
        </extensions>
      </trkpt>
      <trkpt lat="30.290992073714733123779296875" lon="120.221017934381961822509765625">
        <ele>14.6000003814697265625</ele>
        <time>2026-07-02T12:00:58.000Z</time>
        <extensions>
          <ns3:TrackPointExtension>
            <ns3:hr>162</ns3:hr>
            <ns3:cad>93</ns3:cad>
          </ns3:TrackPointExtension>
        </extensions>
      </trkpt>
      <trkpt lat="30.29101596213877201080322265625" lon="120.22104651667177677154541015625">
        <ele>14.6000003814697265625</ele>
        <time>2026-07-02T12:00:59.000Z</time>
        <extensions>
          <ns3:TrackPointExtension>
            <ns3:hr>162</ns3:hr>
            <ns3:cad>93</ns3:cad>
          </ns3:TrackPointExtension>
        </extensions>
      </trkpt>
      <trkpt lat="30.29104010201990604400634765625" lon="120.22106763906776905059814453125">
        <ele>14.6000003814697265625</ele>
        <time>2026-07-02T12:01:00.000Z</time>
        <extensions>
          <ns3:TrackPointExtension>
            <ns3:hr>163</ns3:hr>
            <ns3:cad>92</ns3:cad>
          </ns3:TrackPointExtension>
        </extensions>
      </trkpt>
      <trkpt lat="30.29106776230037212371826171875" lon="120.2210885100066661834716796875">
        <ele>14.6000003814697265625</ele>
        <time>2026-07-02T12:01:01.000Z</time>
        <extensions>
          <ns3:TrackPointExtension>
            <ns3:hr>163</ns3:hr>
            <ns3:cad>92</ns3:cad>
          </ns3:TrackPointExtension>
        </extensions>
      </trkpt>
      <trkpt lat="30.29109232127666473388671875" lon="120.22110837511718273162841796875">
        <ele>14.6000003814697265625</ele>
        <time>2026-07-02T12:01:02.000Z</time>
        <extensions>
          <ns3:TrackPointExtension>
            <ns3:hr>163</ns3:hr>
            <ns3:cad>92</ns3:cad>
          </ns3:TrackPointExtension>
        </extensions>
      </trkpt>
      <trkpt lat="30.29111914336681365966796875" lon="120.2211351133882999420166015625">
        <ele>14.6000003814697265625</ele>
        <time>2026-07-02T12:01:03.000Z</time>
        <extensions>
          <ns3:TrackPointExtension>
            <ns3:hr>163</ns3:hr>
            <ns3:cad>92</ns3:cad>
          </ns3:TrackPointExtension>
        </extensions>
      </trkpt>
      <trkpt lat="30.29113951139152050018310546875" lon="120.2211626060307025909423828125">
        <ele>14.6000003814697265625</ele>
        <time>2026-07-02T12:01:04.000Z</time>
        <extensions>
          <ns3:TrackPointExtension>
            <ns3:hr>164</ns3:hr>
            <ns3:cad>92</ns3:cad>
          </ns3:TrackPointExtension>
        </extensions>
      </trkpt>
      <trkpt lat="30.29116331599652767181396484375" lon="120.22118867374956607818603515625">
        <ele>14.6000003814697265625</ele>
        <time>2026-07-02T12:01:05.000Z</time>
        <extensions>
          <ns3:TrackPointExtension>
            <ns3:hr>164</ns3:hr>
            <ns3:cad>92</ns3:cad>
          </ns3:TrackPointExtension>
        </extensions>
      </trkpt>
      <trkpt lat="30.291189216077327728271484375" lon="120.2212120592594146728515625">
        <ele>14.6000003814697265625</ele>
        <time>2026-07-02T12:01:06.000Z</time>
        <extensions>
          <ns3:TrackPointExtension>
            <ns3:hr>164</ns3:hr>
            <ns3:cad>92</ns3:cad>
          </ns3:TrackPointExtension>
        </extensions>
      </trkpt>
      <trkpt lat="30.29121209867298603057861328125" lon="120.22123443894088268280029296875">
        <ele>14.6000003814697265625</ele>
        <time>2026-07-02T12:01:07.000Z</time>
        <extensions>
          <ns3:TrackPointExtension>
            <ns3:hr>164</ns3:hr>
            <ns3:cad>93</ns3:cad>
          </ns3:TrackPointExtension>
        </extensions>
      </trkpt>
      <trkpt lat="30.29123456217348575592041015625" lon="120.22126226685941219329833984375">
        <ele>14.6000003814697265625</ele>
        <time>2026-07-02T12:01:08.000Z</time>
        <extensions>
          <ns3:TrackPointExtension>
            <ns3:hr>164</ns3:hr>
            <ns3:cad>93</ns3:cad>
          </ns3:TrackPointExtension>
        </extensions>
      </trkpt>
      <trkpt lat="30.29126138426363468170166015625" lon="120.221277438104152679443359375">
        <ele>14.6000003814697265625</ele>
        <time>2026-07-02T12:01:09.000Z</time>
        <extensions>
          <ns3:TrackPointExtension>
            <ns3:hr>164</ns3:hr>
            <ns3:cad>93</ns3:cad>
          </ns3:TrackPointExtension>
        </extensions>
      </trkpt>
      <trkpt lat="30.2912943251430988311767578125" lon="120.22130082361400127410888671875">
        <ele>14.6000003814697265625</ele>
        <time>2026-07-02T12:01:10.000Z</time>
        <extensions>
          <ns3:TrackPointExtension>
            <ns3:hr>164</ns3:hr>
            <ns3:cad>93</ns3:cad>
          </ns3:TrackPointExtension>
        </extensions>
      </trkpt>
      <trkpt lat="30.2913198061287403106689453125" lon="120.2213128097355365753173828125">
        <ele>14.6000003814697265625</ele>
        <time>2026-07-02T12:01:11.000Z</time>
        <extensions>
          <ns3:TrackPointExtension>
            <ns3:hr>165</ns3:hr>
            <ns3:cad>92</ns3:cad>
          </ns3:TrackPointExtension>
        </extensions>
      </trkpt>
      <trkpt lat="30.29135006479918956756591796875" lon="120.2213354408740997314453125">
        <ele>14.6000003814697265625</ele>
        <time>2026-07-02T12:01:12.000Z</time>
        <extensions>
          <ns3:TrackPointExtension>
            <ns3:hr>165</ns3:hr>
            <ns3:cad>92</ns3:cad>
          </ns3:TrackPointExtension>
        </extensions>
      </trkpt>
      <trkpt lat="30.291374959051609039306640625" lon="120.2213520370423793792724609375">
        <ele>14.6000003814697265625</ele>
        <time>2026-07-02T12:01:13.000Z</time>
        <extensions>
          <ns3:TrackPointExtension>
            <ns3:hr>165</ns3:hr>
            <ns3:cad>92</ns3:cad>
          </ns3:TrackPointExtension>
        </extensions>
      </trkpt>
      <trkpt lat="30.2914006076753139495849609375" lon="120.2213731594383716583251953125">
        <ele>14.6000003814697265625</ele>
        <time>2026-07-02T12:01:14.000Z</time>
        <extensions>
          <ns3:TrackPointExtension>
            <ns3:hr>164</ns3:hr>
            <ns3:cad>93</ns3:cad>
          </ns3:TrackPointExtension>
        </extensions>
      </trkpt>
      <trkpt lat="30.2914264239370822906494140625" lon="120.22139352746307849884033203125">
        <ele>14.6000003814697265625</ele>
        <time>2026-07-02T12:01:15.000Z</time>
        <extensions>
          <ns3:TrackPointExtension>
            <ns3:hr>164</ns3:hr>
            <ns3:cad>93</ns3:cad>
          </ns3:TrackPointExtension>
        </extensions>
      </trkpt>
      <trkpt lat="30.291444696485996246337890625" lon="120.22141749970614910125732421875">
        <ele>14.6000003814697265625</ele>
        <time>2026-07-02T12:01:16.000Z</time>
        <extensions>
          <ns3:TrackPointExtension>
            <ns3:hr>164</ns3:hr>
            <ns3:cad>93</ns3:cad>
          </ns3:TrackPointExtension>
        </extensions>
      </trkpt>
      <trkpt lat="30.2914698421955108642578125" lon="120.2214435674250125885009765625">
        <ele>14.6000003814697265625</ele>
        <time>2026-07-02T12:01:17.000Z</time>
        <extensions>
          <ns3:TrackPointExtension>
            <ns3:hr>164</ns3:hr>
            <ns3:cad>95</ns3:cad>
          </ns3:TrackPointExtension>
        </extensions>
      </trkpt>
      <trkpt lat="30.29149004258215427398681640625" lon="120.2214653603732585906982421875">
        <ele>14.6000003814697265625</ele>
        <time>2026-07-02T12:01:18.000Z</time>
        <extensions>
          <ns3:TrackPointExtension>
            <ns3:hr>164</ns3:hr>
            <ns3:cad>93</ns3:cad>
          </ns3:TrackPointExtension>
        </extensions>
      </trkpt>
      <trkpt lat="30.29152147471904754638671875" lon="120.22148774005472660064697265625">
        <ele>14.6000003814697265625</ele>
        <time>2026-07-02T12:01:19.000Z</time>
        <extensions>
          <ns3:TrackPointExtension>
            <ns3:hr>165</ns3:hr>
            <ns3:cad>92</ns3:cad>
          </ns3:TrackPointExtension>
        </extensions>
      </trkpt>
      <trkpt lat="30.291546285152435302734375" lon="120.22150584496557712554931640625">
        <ele>14.6000003814697265625</ele>
        <time>2026-07-02T12:01:20.000Z</time>
        <extensions>
          <ns3:TrackPointExtension>
            <ns3:hr>165</ns3:hr>
            <ns3:cad>92</ns3:cad>
          </ns3:TrackPointExtension>
        </extensions>
      </trkpt>
      <trkpt lat="30.29157486744225025177001953125" lon="120.22152445279061794281005859375">
        <ele>14.6000003814697265625</ele>
        <time>2026-07-02T12:01:21.000Z</time>
        <extensions>
          <ns3:TrackPointExtension>
            <ns3:hr>165</ns3:hr>
            <ns3:cad>92</ns3:cad>
          </ns3:TrackPointExtension>
        </extensions>
      </trkpt>
      <trkpt lat="30.29160252772271633148193359375" lon="120.22154255770146846771240234375">
        <ele>14.6000003814697265625</ele>
        <time>2026-07-02T12:01:22.000Z</time>
        <extensions>
          <ns3:TrackPointExtension>
            <ns3:hr>165</ns3:hr>
            <ns3:cad>92</ns3:cad>
          </ns3:TrackPointExtension>
        </extensions>
      </trkpt>
      <trkpt lat="30.29162566177546977996826171875" lon="120.22156250663101673126220703125">
        <ele>14.6000003814697265625</ele>
        <time>2026-07-02T12:01:23.000Z</time>
        <extensions>
          <ns3:TrackPointExtension>
            <ns3:hr>165</ns3:hr>
            <ns3:cad>92</ns3:cad>
          </ns3:TrackPointExtension>
        </extensions>
      </trkpt>
      <trkpt lat="30.2916456945240497589111328125" lon="120.22158497013151645660400390625">
        <ele>14.6000003814697265625</ele>
        <time>2026-07-02T12:01:24.000Z</time>
        <extensions>
          <ns3:TrackPointExtension>
            <ns3:hr>165</ns3:hr>
            <ns3:cad>93</ns3:cad>
          </ns3:TrackPointExtension>
        </extensions>
      </trkpt>
      <trkpt lat="30.2916637994349002838134765625" lon="120.221603997051715850830078125">
        <ele>14.6000003814697265625</ele>
        <time>2026-07-02T12:01:25.000Z</time>
        <extensions>
          <ns3:TrackPointExtension>
            <ns3:hr>165</ns3:hr>
            <ns3:cad>94</ns3:cad>
          </ns3:TrackPointExtension>
        </extensions>
      </trkpt>
      <trkpt lat="30.2916822396218776702880859375" lon="120.22162838838994503021240234375">
        <ele>14.6000003814697265625</ele>
        <time>2026-07-02T12:01:26.000Z</time>
        <extensions>
          <ns3:TrackPointExtension>
            <ns3:hr>165</ns3:hr>
            <ns3:cad>94</ns3:cad>
          </ns3:TrackPointExtension>
        </extensions>
      </trkpt>
      <trkpt lat="30.29169984161853790283203125" lon="120.2216494269669055938720703125">
        <ele>14.6000003814697265625</ele>
        <time>2026-07-02T12:01:27.000Z</time>
        <extensions>
          <ns3:TrackPointExtension>
            <ns3:hr>165</ns3:hr>
            <ns3:cad>94</ns3:cad>
          </ns3:TrackPointExtension>
        </extensions>
      </trkpt>
      <trkpt lat="30.29172892682254314422607421875" lon="120.22167113609611988067626953125">
        <ele>14.6000003814697265625</ele>
        <time>2026-07-02T12:01:28.000Z</time>
        <extensions>
          <ns3:TrackPointExtension>
            <ns3:hr>166</ns3:hr>
            <ns3:cad>94</ns3:cad>
          </ns3:TrackPointExtension>
        </extensions>
      </trkpt>
      <trkpt lat="30.29174921102821826934814453125" lon="120.22168706171214580535888671875">
        <ele>14.6000003814697265625</ele>
        <time>2026-07-02T12:01:29.000Z</time>
        <extensions>
          <ns3:TrackPointExtension>
            <ns3:hr>166</ns3:hr>
            <ns3:cad>94</ns3:cad>
          </ns3:TrackPointExtension>
        </extensions>
      </trkpt>
      <trkpt lat="30.29177083633840084075927734375" lon="120.22171908058226108551025390625">
        <ele>14.6000003814697265625</ele>
        <time>2026-07-02T12:01:30.000Z</time>
        <extensions>
          <ns3:TrackPointExtension>
            <ns3:hr>166</ns3:hr>
            <ns3:cad>94</ns3:cad>
          </ns3:TrackPointExtension>
        </extensions>
      </trkpt>
      <trkpt lat="30.2917942218482494354248046875" lon="120.22174112498760223388671875">
        <ele>14.6000003814697265625</ele>
        <time>2026-07-02T12:01:31.000Z</time>
        <extensions>
          <ns3:TrackPointExtension>
            <ns3:hr>166</ns3:hr>
            <ns3:cad>92</ns3:cad>
          </ns3:TrackPointExtension>
        </extensions>
      </trkpt>
      <trkpt lat="30.29181785881519317626953125" lon="120.22176434285938739776611328125">
        <ele>14.6000003814697265625</ele>
        <time>2026-07-02T12:01:32.000Z</time>
        <extensions>
          <ns3:TrackPointExtension>
            <ns3:hr>166</ns3:hr>
            <ns3:cad>92</ns3:cad>
          </ns3:TrackPointExtension>
        </extensions>
      </trkpt>
      <trkpt lat="30.2918425016105175018310546875" lon="120.221785046160221099853515625">
        <ele>14.6000003814697265625</ele>
        <time>2026-07-02T12:01:33.000Z</time>
        <extensions>
          <ns3:TrackPointExtension>
            <ns3:hr>165</ns3:hr>
            <ns3:cad>92</ns3:cad>
          </ns3:TrackPointExtension>
        </extensions>
      </trkpt>
      <trkpt lat="30.29186622239649295806884765625" lon="120.22180742584168910980224609375">
        <ele>14.6000003814697265625</ele>
        <time>2026-07-02T12:01:34.000Z</time>
        <extensions>
          <ns3:TrackPointExtension>
            <ns3:hr>166</ns3:hr>
            <ns3:cad>93</ns3:cad>
          </ns3:TrackPointExtension>
        </extensions>
      </trkpt>
      <trkpt lat="30.29189807362854480743408203125" lon="120.221835672855377197265625">
        <ele>14.6000003814697265625</ele>
        <time>2026-07-02T12:01:35.000Z</time>
        <extensions>
          <ns3:TrackPointExtension>
            <ns3:hr>167</ns3:hr>
            <ns3:cad>93</ns3:cad>
          </ns3:TrackPointExtension>
        </extensions>
      </trkpt>
      <trkpt lat="30.29192171059548854827880859375" lon="120.22186190821230411529541015625">
        <ele>14.80000019073486328125</ele>
        <time>2026-07-02T12:01:36.000Z</time>
        <extensions>
          <ns3:TrackPointExtension>
            <ns3:hr>167</ns3:hr>
            <ns3:cad>93</ns3:cad>
          </ns3:TrackPointExtension>
        </extensions>
      </trkpt>
      <trkpt lat="30.29193914495408535003662109375" lon="120.2219013869762420654296875">
        <ele>14.80000019073486328125</ele>
        <time>2026-07-02T12:01:37.000Z</time>
        <extensions>
          <ns3:TrackPointExtension>
            <ns3:hr>167</ns3:hr>
            <ns3:cad>93</ns3:cad>
          </ns3:TrackPointExtension>
        </extensions>
      </trkpt>
      <trkpt lat="30.29195456765592098236083984375" lon="120.2219324000179767608642578125">
        <ele>14.80000019073486328125</ele>
        <time>2026-07-02T12:01:38.000Z</time>
        <extensions>
          <ns3:TrackPointExtension>
            <ns3:hr>167</ns3:hr>
            <ns3:cad>93</ns3:cad>
          </ns3:TrackPointExtension>
        </extensions>
      </trkpt>
      <trkpt lat="30.29196202754974365234375" lon="120.22197003476321697235107421875">
        <ele>14.80000019073486328125</ele>
        <time>2026-07-02T12:01:39.000Z</time>
        <extensions>
          <ns3:TrackPointExtension>
            <ns3:hr>168</ns3:hr>
            <ns3:cad>93</ns3:cad>
          </ns3:TrackPointExtension>
        </extensions>
      </trkpt>
      <trkpt lat="30.2919633686542510986328125" lon="120.22201001644134521484375">
        <ele>14.80000019073486328125</ele>
        <time>2026-07-02T12:01:40.000Z</time>
        <extensions>
          <ns3:TrackPointExtension>
            <ns3:hr>168</ns3:hr>
            <ns3:cad>93</ns3:cad>
          </ns3:TrackPointExtension>
        </extensions>
      </trkpt>
      <trkpt lat="30.29196009971201419830322265625" lon="120.2220423705875873565673828125">
        <ele>14.80000019073486328125</ele>
        <time>2026-07-02T12:01:41.000Z</time>
        <extensions>
          <ns3:TrackPointExtension>
            <ns3:hr>168</ns3:hr>
            <ns3:cad>93</ns3:cad>
          </ns3:TrackPointExtension>
        </extensions>
      </trkpt>
      <trkpt lat="30.2919434197247028350830078125" lon="120.22208042442798614501953125">
        <ele>14.80000019073486328125</ele>
        <time>2026-07-02T12:01:42.000Z</time>
        <extensions>
          <ns3:TrackPointExtension>
            <ns3:hr>168</ns3:hr>
            <ns3:cad>93</ns3:cad>
          </ns3:TrackPointExtension>
        </extensions>
      </trkpt>
      <trkpt lat="30.29193411581218242645263671875" lon="120.22210733033716678619384765625">
        <ele>14.80000019073486328125</ele>
        <time>2026-07-02T12:01:43.000Z</time>
        <extensions>
          <ns3:TrackPointExtension>
            <ns3:hr>168</ns3:hr>
            <ns3:cad>93</ns3:cad>
          </ns3:TrackPointExtension>
        </extensions>
      </trkpt>
      <trkpt lat="30.29192221350967884063720703125" lon="120.222141779959201812744140625">
        <ele>14.80000019073486328125</ele>
        <time>2026-07-02T12:01:44.000Z</time>
        <extensions>
          <ns3:TrackPointExtension>
            <ns3:hr>168</ns3:hr>
            <ns3:cad>93</ns3:cad>
          </ns3:TrackPointExtension>
        </extensions>
      </trkpt>
      <trkpt lat="30.2919137477874755859375" lon="120.22217296063899993896484375">
        <ele>14.80000019073486328125</ele>
        <time>2026-07-02T12:01:45.000Z</time>
        <extensions>
          <ns3:TrackPointExtension>
            <ns3:hr>169</ns3:hr>
            <ns3:cad>95</ns3:cad>
          </ns3:TrackPointExtension>
        </extensions>
      </trkpt>
      <trkpt lat="30.291900336742401123046875" lon="120.22221294231712818145751953125">
        <ele>14.80000019073486328125</ele>
        <time>2026-07-02T12:01:46.000Z</time>
        <extensions>
          <ns3:TrackPointExtension>
            <ns3:hr>169</ns3:hr>
            <ns3:cad>95</ns3:cad>
          </ns3:TrackPointExtension>
        </extensions>
      </trkpt>
      <trkpt lat="30.29188835062086582183837890625" lon="120.22224697284400463104248046875">
        <ele>14.80000019073486328125</ele>
        <time>2026-07-02T12:01:47.000Z</time>
        <extensions>
          <ns3:TrackPointExtension>
            <ns3:hr>169</ns3:hr>
            <ns3:cad>95</ns3:cad>
          </ns3:TrackPointExtension>
        </extensions>
      </trkpt>
      <trkpt lat="30.29187460429966449737548828125" lon="120.222279913723468780517578125">
        <ele>14.80000019073486328125</ele>
        <time>2026-07-02T12:01:48.000Z</time>
        <extensions>
          <ns3:TrackPointExtension>
            <ns3:hr>169</ns3:hr>
            <ns3:cad>95</ns3:cad>
          </ns3:TrackPointExtension>
        </extensions>
      </trkpt>
      <trkpt lat="30.29186270199716091156005859375" lon="120.2223109267652034759521484375">
        <ele>14.80000019073486328125</ele>
        <time>2026-07-02T12:01:49.000Z</time>
        <extensions>
          <ns3:TrackPointExtension>
            <ns3:hr>169</ns3:hr>
            <ns3:cad>95</ns3:cad>
          </ns3:TrackPointExtension>
        </extensions>
      </trkpt>
      <trkpt lat="30.2918539009988307952880859375" lon="120.22233900614082813262939453125">
        <ele>14.80000019073486328125</ele>
        <time>2026-07-02T12:01:50.000Z</time>
        <extensions>
          <ns3:TrackPointExtension>
            <ns3:hr>169</ns3:hr>
            <ns3:cad>95</ns3:cad>
          </ns3:TrackPointExtension>
        </extensions>
      </trkpt>
      <trkpt lat="30.29184996150434017181396484375" lon="120.22237907163798809051513671875">
        <ele>14.80000019073486328125</ele>
        <time>2026-07-02T12:01:51.000Z</time>
        <extensions>
          <ns3:TrackPointExtension>
            <ns3:hr>170</ns3:hr>
            <ns3:cad>93</ns3:cad>
          </ns3:TrackPointExtension>
        </extensions>
      </trkpt>
      <trkpt lat="30.29184828512370586395263671875" lon="120.2224118448793888092041015625">
        <ele>14.80000019073486328125</ele>
        <time>2026-07-02T12:01:52.000Z</time>
        <extensions>
          <ns3:TrackPointExtension>
            <ns3:hr>170</ns3:hr>
            <ns3:cad>94</ns3:cad>
          </ns3:TrackPointExtension>
        </extensions>
      </trkpt>
      <trkpt lat="30.291838310658931732177734375" lon="120.2224517427384853363037109375">
        <ele>14.80000019073486328125</ele>
        <time>2026-07-02T12:01:53.000Z</time>
        <extensions>
          <ns3:TrackPointExtension>
            <ns3:hr>170</ns3:hr>
            <ns3:cad>94</ns3:cad>
          </ns3:TrackPointExtension>
        </extensions>
      </trkpt>
      <trkpt lat="30.29182615689933300018310546875" lon="120.22249273024499416351318359375">
        <ele>14.80000019073486328125</ele>
        <time>2026-07-02T12:01:54.000Z</time>
        <extensions>
          <ns3:TrackPointExtension>
            <ns3:hr>170</ns3:hr>
            <ns3:cad>94</ns3:cad>
          </ns3:TrackPointExtension>
        </extensions>
      </trkpt>
      <trkpt lat="30.2918156795203685760498046875" lon="120.2225258387625217437744140625">
        <ele>14.80000019073486328125</ele>
        <time>2026-07-02T12:01:55.000Z</time>
        <extensions>
          <ns3:TrackPointExtension>
            <ns3:hr>170</ns3:hr>
            <ns3:cad>94</ns3:cad>
          </ns3:TrackPointExtension>
        </extensions>
      </trkpt>
      <trkpt lat="30.2918036095798015594482421875" lon="120.222560204565525054931640625">
        <ele>14.80000019073486328125</ele>
        <time>2026-07-02T12:01:56.000Z</time>
        <extensions>
          <ns3:TrackPointExtension>
            <ns3:hr>170</ns3:hr>
            <ns3:cad>94</ns3:cad>
          </ns3:TrackPointExtension>
        </extensions>
      </trkpt>
      <trkpt lat="30.29180201701819896697998046875" lon="120.2225885353982448577880859375">
        <ele>14.80000019073486328125</ele>
        <time>2026-07-02T12:01:57.000Z</time>
        <extensions>
          <ns3:TrackPointExtension>
            <ns3:hr>171</ns3:hr>
            <ns3:cad>94</ns3:cad>
          </ns3:TrackPointExtension>
        </extensions>
      </trkpt>
      <trkpt lat="30.2917943894863128662109375" lon="120.22262851707637310028076171875">
        <ele>15</ele>
        <time>2026-07-02T12:01:58.000Z</time>
        <extensions>
          <ns3:TrackPointExtension>
            <ns3:hr>171</ns3:hr>
            <ns3:cad>94</ns3:cad>
          </ns3:TrackPointExtension>
        </extensions>
      </trkpt>
      <trkpt lat="30.2917948924005031585693359375" lon="120.222659446299076080322265625">
        <ele>15</ele>
        <time>2026-07-02T12:01:59.000Z</time>
        <extensions>
          <ns3:TrackPointExtension>
            <ns3:hr>171</ns3:hr>
            <ns3:cad>94</ns3:cad>
          </ns3:TrackPointExtension>
        </extensions>
      </trkpt>
      <trkpt lat="30.29179028235375881195068359375" lon="120.22269657813012599945068359375">
        <ele>15</ele>
        <time>2026-07-02T12:02:00.000Z</time>
        <extensions>
          <ns3:TrackPointExtension>
            <ns3:hr>171</ns3:hr>
            <ns3:cad>94</ns3:cad>
          </ns3:TrackPointExtension>
        </extensions>
      </trkpt>
      <trkpt lat="30.29178743250668048858642578125" lon="120.222734548151493072509765625">
        <ele>15</ele>
        <time>2026-07-02T12:02:01.000Z</time>
        <extensions>
          <ns3:TrackPointExtension>
            <ns3:hr>170</ns3:hr>
            <ns3:cad>94</ns3:cad>
          </ns3:TrackPointExtension>
        </extensions>
      </trkpt>
      <trkpt lat="30.2917794696986675262451171875" lon="120.2227650582790374755859375">
        <ele>15</ele>
        <time>2026-07-02T12:02:02.000Z</time>
        <extensions>
          <ns3:TrackPointExtension>
            <ns3:hr>170</ns3:hr>
            <ns3:cad>94</ns3:cad>
          </ns3:TrackPointExtension>
        </extensions>
      </trkpt>
      <trkpt lat="30.2917714230716228485107421875" lon="120.22280596196651458740234375">
        <ele>15.19999980926513671875</ele>
        <time>2026-07-02T12:02:03.000Z</time>
        <extensions>
          <ns3:TrackPointExtension>
            <ns3:hr>170</ns3:hr>
            <ns3:cad>94</ns3:cad>
          </ns3:TrackPointExtension>
        </extensions>
      </trkpt>
      <trkpt lat="30.2917704172432422637939453125" lon="120.22283722646534442901611328125">
        <ele>15.19999980926513671875</ele>
        <time>2026-07-02T12:02:04.000Z</time>
        <extensions>
          <ns3:TrackPointExtension>
            <ns3:hr>170</ns3:hr>
            <ns3:cad>94</ns3:cad>
          </ns3:TrackPointExtension>
        </extensions>
      </trkpt>
      <trkpt lat="30.29176882468163967132568359375" lon="120.2228819020092487335205078125">
        <ele>15.19999980926513671875</ele>
        <time>2026-07-02T12:02:05.000Z</time>
        <extensions>
          <ns3:TrackPointExtension>
            <ns3:hr>170</ns3:hr>
            <ns3:cad>94</ns3:cad>
          </ns3:TrackPointExtension>
        </extensions>
      </trkpt>
      <trkpt lat="30.29176949523389339447021484375" lon="120.22291350178420543670654296875">
        <ele>15.19999980926513671875</ele>
        <time>2026-07-02T12:02:06.000Z</time>
        <extensions>
          <ns3:TrackPointExtension>
            <ns3:hr>170</ns3:hr>
            <ns3:cad>93</ns3:cad>
          </ns3:TrackPointExtension>
        </extensions>
      </trkpt>
      <trkpt lat="30.29176915995776653289794921875" lon="120.222955159842967987060546875">
        <ele>15.3999996185302734375</ele>
        <time>2026-07-02T12:02:07.000Z</time>
        <extensions>
          <ns3:TrackPointExtension>
            <ns3:hr>170</ns3:hr>
            <ns3:cad>93</ns3:cad>
          </ns3:TrackPointExtension>
        </extensions>
      </trkpt>
      <trkpt lat="30.2917663939297199249267578125" lon="120.222990699112415313720703125">
        <ele>15.3999996185302734375</ele>
        <time>2026-07-02T12:02:08.000Z</time>
        <extensions>
          <ns3:TrackPointExtension>
            <ns3:hr>171</ns3:hr>
            <ns3:cad>93</ns3:cad>
          </ns3:TrackPointExtension>
        </extensions>
      </trkpt>
      <trkpt lat="30.29176094569265842437744140625" lon="120.22302414290606975555419921875">
        <ele>15.3999996185302734375</ele>
        <time>2026-07-02T12:02:09.000Z</time>
        <extensions>
          <ns3:TrackPointExtension>
            <ns3:hr>171</ns3:hr>
            <ns3:cad>93</ns3:cad>
          </ns3:TrackPointExtension>
        </extensions>
      </trkpt>
      <trkpt lat="30.29175348579883575439453125" lon="120.22306152619421482086181640625">
        <ele>15.3999996185302734375</ele>
        <time>2026-07-02T12:02:10.000Z</time>
        <extensions>
          <ns3:TrackPointExtension>
            <ns3:hr>171</ns3:hr>
            <ns3:cad>93</ns3:cad>
          </ns3:TrackPointExtension>
        </extensions>
      </trkpt>
      <trkpt lat="30.29174887575209140777587890625" lon="120.22308893501758575439453125">
        <ele>15.3999996185302734375</ele>
        <time>2026-07-02T12:02:11.000Z</time>
        <extensions>
          <ns3:TrackPointExtension>
            <ns3:hr>171</ns3:hr>
            <ns3:cad>93</ns3:cad>
          </ns3:TrackPointExtension>
        </extensions>
      </trkpt>
      <trkpt lat="30.29174149967730045318603515625" lon="120.22312891669571399688720703125">
        <ele>15.3999996185302734375</ele>
        <time>2026-07-02T12:02:12.000Z</time>
        <extensions>
          <ns3:TrackPointExtension>
            <ns3:hr>170</ns3:hr>
            <ns3:cad>94</ns3:cad>
          </ns3:TrackPointExtension>
        </extensions>
      </trkpt>
      <trkpt lat="30.2917442657053470611572265625" lon="120.2231593430042266845703125">
        <ele>15.3999996185302734375</ele>
        <time>2026-07-02T12:02:13.000Z</time>
        <extensions>
          <ns3:TrackPointExtension>
            <ns3:hr>170</ns3:hr>
            <ns3:cad>95</ns3:cad>
          </ns3:TrackPointExtension>
        </extensions>
      </trkpt>
      <trkpt lat="30.29174032621085643768310546875" lon="120.2231990732252597808837890625">
        <ele>15.3999996185302734375</ele>
        <time>2026-07-02T12:02:14.000Z</time>
        <extensions>
          <ns3:TrackPointExtension>
            <ns3:hr>170</ns3:hr>
            <ns3:cad>95</ns3:cad>
          </ns3:TrackPointExtension>
        </extensions>
      </trkpt>
      <trkpt lat="30.29173781163990497589111328125" lon="120.223230086266994476318359375">
        <ele>15.3999996185302734375</ele>
        <time>2026-07-02T12:02:15.000Z</time>
        <extensions>
          <ns3:TrackPointExtension>
            <ns3:hr>170</ns3:hr>
            <ns3:cad>95</ns3:cad>
          </ns3:TrackPointExtension>
        </extensions>
      </trkpt>
      <trkpt lat="30.29173077084124088287353515625" lon="120.22326168604195117950439453125">
        <ele>15.3999996185302734375</ele>
        <time>2026-07-02T12:02:16.000Z</time>
        <extensions>
          <ns3:TrackPointExtension>
            <ns3:hr>171</ns3:hr>
            <ns3:cad>95</ns3:cad>
          </ns3:TrackPointExtension>
        </extensions>
      </trkpt>
      <trkpt lat="30.29172222130000591278076171875" lon="120.22329722531139850616455078125">
        <ele>15.3999996185302734375</ele>
        <time>2026-07-02T12:02:17.000Z</time>
        <extensions>
          <ns3:TrackPointExtension>
            <ns3:hr>170</ns3:hr>
            <ns3:cad>95</ns3:cad>
          </ns3:TrackPointExtension>
        </extensions>
      </trkpt>
      <trkpt lat="30.291714929044246673583984375" lon="120.2233234606683254241943359375">
        <ele>15.6000003814697265625</ele>
        <time>2026-07-02T12:02:18.000Z</time>
        <extensions>
          <ns3:TrackPointExtension>
            <ns3:hr>171</ns3:hr>
            <ns3:cad>94</ns3:cad>
          </ns3:TrackPointExtension>
        </extensions>
      </trkpt>
      <trkpt lat="30.291706882417201995849609375" lon="120.22335983812808990478515625">
        <ele>15.6000003814697265625</ele>
        <time>2026-07-02T12:02:19.000Z</time>
        <extensions>
          <ns3:TrackPointExtension>
            <ns3:hr>171</ns3:hr>
            <ns3:cad>93</ns3:cad>
          </ns3:TrackPointExtension>
        </extensions>
      </trkpt>
      <trkpt lat="30.29170344583690166473388671875" lon="120.2233881689608097076416015625">
        <ele>15.6000003814697265625</ele>
        <time>2026-07-02T12:02:20.000Z</time>
        <extensions>
          <ns3:TrackPointExtension>
            <ns3:hr>171</ns3:hr>
            <ns3:cad>94</ns3:cad>
          </ns3:TrackPointExtension>
        </extensions>
      </trkpt>
      <trkpt lat="30.2916956506669521331787109375" lon="120.223428569734096527099609375">
        <ele>15.6000003814697265625</ele>
        <time>2026-07-02T12:02:21.000Z</time>
        <extensions>
          <ns3:TrackPointExtension>
            <ns3:hr>171</ns3:hr>
            <ns3:cad>95</ns3:cad>
          </ns3:TrackPointExtension>
        </extensions>
      </trkpt>
      <trkpt lat="30.29169456101953983306884765625" lon="120.2234622649848461151123046875">
        <ele>15.6000003814697265625</ele>
        <time>2026-07-02T12:02:22.000Z</time>
        <extensions>
          <ns3:TrackPointExtension>
            <ns3:hr>171</ns3:hr>
            <ns3:cad>95</ns3:cad>
          </ns3:TrackPointExtension>
        </extensions>
      </trkpt>
      <trkpt lat="30.29168584384024143218994140625" lon="120.22350140847265720367431640625">
        <ele>15.6000003814697265625</ele>
        <time>2026-07-02T12:02:23.000Z</time>
        <extensions>
          <ns3:TrackPointExtension>
            <ns3:hr>171</ns3:hr>
            <ns3:cad>95</ns3:cad>
          </ns3:TrackPointExtension>
        </extensions>
      </trkpt>
      <trkpt lat="30.29167578555643558502197265625" lon="120.2235407195985317230224609375">
        <ele>15.6000003814697265625</ele>
        <time>2026-07-02T12:02:24.000Z</time>
        <extensions>
          <ns3:TrackPointExtension>
            <ns3:hr>171</ns3:hr>
            <ns3:cad>95</ns3:cad>
          </ns3:TrackPointExtension>
        </extensions>
      </trkpt>
      <trkpt lat="30.2916683256626129150390625" lon="120.223568379878997802734375">
        <ele>15.80000019073486328125</ele>
        <time>2026-07-02T12:02:25.000Z</time>
        <extensions>
          <ns3:TrackPointExtension>
            <ns3:hr>171</ns3:hr>
            <ns3:cad>95</ns3:cad>
          </ns3:TrackPointExtension>
        </extensions>
      </trkpt>
      <trkpt lat="30.29165692627429962158203125" lon="120.223609618842601776123046875">
        <ele>15.80000019073486328125</ele>
        <time>2026-07-02T12:02:26.000Z</time>
        <extensions>
          <ns3:TrackPointExtension>
            <ns3:hr>171</ns3:hr>
            <ns3:cad>95</ns3:cad>
          </ns3:TrackPointExtension>
        </extensions>
      </trkpt>
      <trkpt lat="30.29165650717914104461669921875" lon="120.22363870404660701751708984375">
        <ele>15.80000019073486328125</ele>
        <time>2026-07-02T12:02:27.000Z</time>
        <extensions>
          <ns3:TrackPointExtension>
            <ns3:hr>172</ns3:hr>
            <ns3:cad>93</ns3:cad>
          </ns3:TrackPointExtension>
        </extensions>
      </trkpt>
      <trkpt lat="30.29164644889533519744873046875" lon="120.22367776371538639068603515625">
        <ele>15.80000019073486328125</ele>
        <time>2026-07-02T12:02:28.000Z</time>
        <extensions>
          <ns3:TrackPointExtension>
            <ns3:hr>172</ns3:hr>
            <ns3:cad>93</ns3:cad>
          </ns3:TrackPointExtension>
        </extensions>
      </trkpt>
      <trkpt lat="30.29164158739149570465087890625" lon="120.22371196188032627105712890625">
        <ele>15.80000019073486328125</ele>
        <time>2026-07-02T12:02:29.000Z</time>
        <extensions>
          <ns3:TrackPointExtension>
            <ns3:hr>172</ns3:hr>
            <ns3:cad>94</ns3:cad>
          </ns3:TrackPointExtension>
        </extensions>
      </trkpt>
      <trkpt lat="30.29163320548832416534423828125" lon="120.22374666295945644378662109375">
        <ele>15.80000019073486328125</ele>
        <time>2026-07-02T12:02:30.000Z</time>
        <extensions>
          <ns3:TrackPointExtension>
            <ns3:hr>171</ns3:hr>
            <ns3:cad>94</ns3:cad>
          </ns3:TrackPointExtension>
        </extensions>
      </trkpt>
      <trkpt lat="30.2916269190609455108642578125" lon="120.22378304041922092437744140625">
        <ele>15.80000019073486328125</ele>
        <time>2026-07-02T12:02:31.000Z</time>
        <extensions>
          <ns3:TrackPointExtension>
            <ns3:hr>172</ns3:hr>
            <ns3:cad>95</ns3:cad>
          </ns3:TrackPointExtension>
        </extensions>
      </trkpt>
      <trkpt lat="30.29161895625293254852294921875" lon="120.22381137125194072723388671875">
        <ele>15.80000019073486328125</ele>
        <time>2026-07-02T12:02:32.000Z</time>
        <extensions>
          <ns3:TrackPointExtension>
            <ns3:hr>172</ns3:hr>
            <ns3:cad>95</ns3:cad>
          </ns3:TrackPointExtension>
        </extensions>
      </trkpt>
      <trkpt lat="30.29160889796912670135498046875" lon="120.22385160438716411590576171875">
        <ele>16</ele>
        <time>2026-07-02T12:02:33.000Z</time>
        <extensions>
          <ns3:TrackPointExtension>
            <ns3:hr>171</ns3:hr>
            <ns3:cad>95</ns3:cad>
          </ns3:TrackPointExtension>
        </extensions>
      </trkpt>
      <trkpt lat="30.291605293750762939453125" lon="120.2238835394382476806640625">
        <ele>16</ele>
        <time>2026-07-02T12:02:34.000Z</time>
        <extensions>
          <ns3:TrackPointExtension>
            <ns3:hr>172</ns3:hr>
            <ns3:cad>93</ns3:cad>
          </ns3:TrackPointExtension>
        </extensions>
      </trkpt>
      <trkpt lat="30.29160018078982830047607421875" lon="120.22392100654542446136474609375">
        <ele>16</ele>
        <time>2026-07-02T12:02:35.000Z</time>
        <extensions>
          <ns3:TrackPointExtension>
            <ns3:hr>172</ns3:hr>
            <ns3:cad>93</ns3:cad>
          </ns3:TrackPointExtension>
        </extensions>
      </trkpt>
      <trkpt lat="30.29159498400986194610595703125" lon="120.22395637817680835723876953125">
        <ele>16</ele>
        <time>2026-07-02T12:02:36.000Z</time>
        <extensions>
          <ns3:TrackPointExtension>
            <ns3:hr>171</ns3:hr>
            <ns3:cad>93</ns3:cad>
          </ns3:TrackPointExtension>
        </extensions>
      </trkpt>
      <trkpt lat="30.29158559627830982208251953125" lon="120.2239896543323993682861328125">
        <ele>16</ele>
        <time>2026-07-02T12:02:37.000Z</time>
        <extensions>
          <ns3:TrackPointExtension>
            <ns3:hr>172</ns3:hr>
            <ns3:cad>93</ns3:cad>
          </ns3:TrackPointExtension>
        </extensions>
      </trkpt>
      <trkpt lat="30.29157319106161594390869140625" lon="120.22403181530535221099853515625">
        <ele>16</ele>
        <time>2026-07-02T12:02:38.000Z</time>
        <extensions>
          <ns3:TrackPointExtension>
            <ns3:hr>171</ns3:hr>
            <ns3:cad>94</ns3:cad>
          </ns3:TrackPointExtension>
        </extensions>
      </trkpt>
      <trkpt lat="30.2915689162909984588623046875" lon="120.22406031377613544464111328125">
        <ele>16</ele>
        <time>2026-07-02T12:02:39.000Z</time>
        <extensions>
          <ns3:TrackPointExtension>
            <ns3:hr>171</ns3:hr>
            <ns3:cad>94</ns3:cad>
          </ns3:TrackPointExtension>
        </extensions>
      </trkpt>
      <trkpt lat="30.29155860655009746551513671875" lon="120.224101133644580841064453125">
        <ele>16</ele>
        <time>2026-07-02T12:02:40.000Z</time>
        <extensions>
          <ns3:TrackPointExtension>
            <ns3:hr>171</ns3:hr>
            <ns3:cad>94</ns3:cad>
          </ns3:TrackPointExtension>
        </extensions>
      </trkpt>
      <trkpt lat="30.29155441559851169586181640625" lon="120.22413340397179126739501953125">
        <ele>16</ele>
        <time>2026-07-02T12:02:41.000Z</time>
        <extensions>
          <ns3:TrackPointExtension>
            <ns3:hr>171</ns3:hr>
            <ns3:cad>94</ns3:cad>
          </ns3:TrackPointExtension>
        </extensions>
      </trkpt>
      <trkpt lat="30.2915467880666255950927734375" lon="120.22416911087930202484130859375">
        <ele>16</ele>
        <time>2026-07-02T12:02:42.000Z</time>
        <extensions>
          <ns3:TrackPointExtension>
            <ns3:hr>171</ns3:hr>
            <ns3:cad>94</ns3:cad>
          </ns3:TrackPointExtension>
        </extensions>
      </trkpt>
      <trkpt lat="30.29153513722121715545654296875" lon="120.2242106013000011444091796875">
        <ele>16</ele>
        <time>2026-07-02T12:02:43.000Z</time>
        <extensions>
          <ns3:TrackPointExtension>
            <ns3:hr>171</ns3:hr>
            <ns3:cad>95</ns3:cad>
          </ns3:TrackPointExtension>
        </extensions>
      </trkpt>
      <trkpt lat="30.29152524657547473907470703125" lon="120.2242414467036724090576171875">
        <ele>16</ele>
        <time>2026-07-02T12:02:44.000Z</time>
        <extensions>
          <ns3:TrackPointExtension>
            <ns3:hr>172</ns3:hr>
            <ns3:cad>95</ns3:cad>
          </ns3:TrackPointExtension>
        </extensions>
      </trkpt>
      <trkpt lat="30.2915109135210514068603515625" lon="120.22428293712437152862548828125">
        <ele>16</ele>
        <time>2026-07-02T12:02:45.000Z</time>
        <extensions>
          <ns3:TrackPointExtension>
            <ns3:hr>171</ns3:hr>
            <ns3:cad>95</ns3:cad>
          </ns3:TrackPointExtension>
        </extensions>
      </trkpt>
      <trkpt lat="30.2915062196552753448486328125" lon="120.22431478835642337799072265625">
        <ele>16</ele>
        <time>2026-07-02T12:02:46.000Z</time>
        <extensions>
          <ns3:TrackPointExtension>
            <ns3:hr>171</ns3:hr>
            <ns3:cad>94</ns3:cad>
          </ns3:TrackPointExtension>
        </extensions>
      </trkpt>
      <trkpt lat="30.2914939820766448974609375" lon="120.22435435093939304351806640625">
        <ele>16</ele>
        <time>2026-07-02T12:02:47.000Z</time>
        <extensions>
          <ns3:TrackPointExtension>
            <ns3:hr>172</ns3:hr>
            <ns3:cad>94</ns3:cad>
          </ns3:TrackPointExtension>
        </extensions>
      </trkpt>
      <trkpt lat="30.2914857678115367889404296875" lon="120.22439114749431610107421875">
        <ele>15.80000019073486328125</ele>
        <time>2026-07-02T12:02:48.000Z</time>
        <extensions>
          <ns3:TrackPointExtension>
            <ns3:hr>171</ns3:hr>
            <ns3:cad>94</ns3:cad>
          </ns3:TrackPointExtension>
        </extensions>
      </trkpt>
      <trkpt lat="30.2914770506322383880615234375" lon="120.2244235016405582427978515625">
        <ele>15.80000019073486328125</ele>
        <time>2026-07-02T12:02:49.000Z</time>
        <extensions>
          <ns3:TrackPointExtension>
            <ns3:hr>171</ns3:hr>
            <ns3:cad>95</ns3:cad>
          </ns3:TrackPointExtension>
        </extensions>
      </trkpt>
      <trkpt lat="30.29146355576813220977783203125" lon="120.2244613878428936004638671875">
        <ele>15.80000019073486328125</ele>
        <time>2026-07-02T12:02:50.000Z</time>
        <extensions>
          <ns3:TrackPointExtension>
            <ns3:hr>171</ns3:hr>
            <ns3:cad>95</ns3:cad>
          </ns3:TrackPointExtension>
        </extensions>
      </trkpt>
      <trkpt lat="30.29145651496946811676025390625" lon="120.224492736160755157470703125">
        <ele>15.80000019073486328125</ele>
        <time>2026-07-02T12:02:51.000Z</time>
        <extensions>
          <ns3:TrackPointExtension>
            <ns3:hr>171</ns3:hr>
            <ns3:cad>95</ns3:cad>
          </ns3:TrackPointExtension>
        </extensions>
      </trkpt>
      <trkpt lat="30.2914418466389179229736328125" lon="120.2245341427624225616455078125">
        <ele>15.80000019073486328125</ele>
        <time>2026-07-02T12:02:52.000Z</time>
        <extensions>
          <ns3:TrackPointExtension>
            <ns3:hr>171</ns3:hr>
            <ns3:cad>95</ns3:cad>
          </ns3:TrackPointExtension>
        </extensions>
      </trkpt>
      <trkpt lat="30.29143505729734897613525390625" lon="120.2245683409273624420166015625">
        <ele>15.80000019073486328125</ele>
        <time>2026-07-02T12:02:53.000Z</time>
        <extensions>
          <ns3:TrackPointExtension>
            <ns3:hr>172</ns3:hr>
            <ns3:cad>95</ns3:cad>
          </ns3:TrackPointExtension>
        </extensions>
      </trkpt>
      <trkpt lat="30.29142080806195735931396484375" lon="120.22460446693003177642822265625">
        <ele>15.80000019073486328125</ele>
        <time>2026-07-02T12:02:54.000Z</time>
        <extensions>
          <ns3:TrackPointExtension>
            <ns3:hr>171</ns3:hr>
            <ns3:cad>95</ns3:cad>
          </ns3:TrackPointExtension>
        </extensions>
      </trkpt>
      <trkpt lat="30.29140840284526348114013671875" lon="120.22464302368462085723876953125">
        <ele>15.6000003814697265625</ele>
        <time>2026-07-02T12:02:55.000Z</time>
        <extensions>
          <ns3:TrackPointExtension>
            <ns3:hr>171</ns3:hr>
            <ns3:cad>93</ns3:cad>
          </ns3:TrackPointExtension>
        </extensions>
      </trkpt>
      <trkpt lat="30.291393734514713287353515625" lon="120.224674455821514129638671875">
        <ele>15.6000003814697265625</ele>
        <time>2026-07-02T12:02:56.000Z</time>
        <extensions>
          <ns3:TrackPointExtension>
            <ns3:hr>172</ns3:hr>
            <ns3:cad>93</ns3:cad>
          </ns3:TrackPointExtension>
        </extensions>
      </trkpt>
      <trkpt lat="30.29137797653675079345703125" lon="120.2247098274528980255126953125">
        <ele>15.6000003814697265625</ele>
        <time>2026-07-02T12:02:57.000Z</time>
        <extensions>
          <ns3:TrackPointExtension>
            <ns3:hr>172</ns3:hr>
            <ns3:cad>94</ns3:cad>
          </ns3:TrackPointExtension>
        </extensions>
      </trkpt>
      <trkpt lat="30.29136565513908863067626953125" lon="120.2247373200953006744384765625">
        <ele>15.3999996185302734375</ele>
        <time>2026-07-02T12:02:58.000Z</time>
        <extensions>
          <ns3:TrackPointExtension>
            <ns3:hr>172</ns3:hr>
            <ns3:cad>94</ns3:cad>
          </ns3:TrackPointExtension>
        </extensions>
      </trkpt>
      <trkpt lat="30.29133698903024196624755859375" lon="120.2247681654989719390869140625">
        <ele>15.19999980926513671875</ele>
        <time>2026-07-02T12:02:59.000Z</time>
        <extensions>
          <ns3:TrackPointExtension>
            <ns3:hr>171</ns3:hr>
            <ns3:cad>95</ns3:cad>
          </ns3:TrackPointExtension>
        </extensions>
      </trkpt>
      <trkpt lat="30.2913077361881732940673828125" lon="120.224792473018169403076171875">
        <ele>15.19999980926513671875</ele>
        <time>2026-07-02T12:03:00.000Z</time>
        <extensions>
          <ns3:TrackPointExtension>
            <ns3:hr>172</ns3:hr>
            <ns3:cad>95</ns3:cad>
          </ns3:TrackPointExtension>
        </extensions>
      </trkpt>
      <trkpt lat="30.29128585942089557647705078125" lon="120.22480546496808528900146484375">
        <ele>15</ele>
        <time>2026-07-02T12:03:01.000Z</time>
        <extensions>
          <ns3:TrackPointExtension>
            <ns3:hr>172</ns3:hr>
            <ns3:cad>95</ns3:cad>
          </ns3:TrackPointExtension>
        </extensions>
      </trkpt>
      <trkpt lat="30.29125786386430263519287109375" lon="120.224815942347049713134765625">
        <ele>15</ele>
        <time>2026-07-02T12:03:02.000Z</time>
        <extensions>
          <ns3:TrackPointExtension>
            <ns3:hr>172</ns3:hr>
            <ns3:cad>96</ns3:cad>
          </ns3:TrackPointExtension>
        </extensions>
      </trkpt>
      <trkpt lat="30.29122903011739253997802734375" lon="120.224820636212825775146484375">
        <ele>15</ele>
        <time>2026-07-02T12:03:03.000Z</time>
        <extensions>
          <ns3:TrackPointExtension>
            <ns3:hr>172</ns3:hr>
            <ns3:cad>96</ns3:cad>
          </ns3:TrackPointExtension>
        </extensions>
      </trkpt>
      <trkpt lat="30.29119634069502353668212890625" lon="120.2248221449553966522216796875">
        <ele>15</ele>
        <time>2026-07-02T12:03:04.000Z</time>
        <extensions>
          <ns3:TrackPointExtension>
            <ns3:hr>172</ns3:hr>
            <ns3:cad>96</ns3:cad>
          </ns3:TrackPointExtension>
        </extensions>
      </trkpt>
      <trkpt lat="30.29115929268300533294677734375" lon="120.2248201332986354827880859375">
        <ele>15</ele>
        <time>2026-07-02T12:03:05.000Z</time>
        <extensions>
          <ns3:TrackPointExtension>
            <ns3:hr>172</ns3:hr>
            <ns3:cad>96</ns3:cad>
          </ns3:TrackPointExtension>
        </extensions>
      </trkpt>
      <trkpt lat="30.29112811200320720672607421875" lon="120.22481854073703289031982421875">
        <ele>15</ele>
        <time>2026-07-02T12:03:06.000Z</time>
        <extensions>
          <ns3:TrackPointExtension>
            <ns3:hr>172</ns3:hr>
            <ns3:cad>96</ns3:cad>
          </ns3:TrackPointExtension>
        </extensions>
      </trkpt>
      <trkpt lat="30.29109525494277477264404296875" lon="120.22482222877442836761474609375">
        <ele>15.19999980926513671875</ele>
        <time>2026-07-02T12:03:07.000Z</time>
        <extensions>
          <ns3:TrackPointExtension>
            <ns3:hr>172</ns3:hr>
            <ns3:cad>95</ns3:cad>
          </ns3:TrackPointExtension>
        </extensions>
      </trkpt>
      <trkpt lat="30.2910717017948627471923828125" lon="120.224825330078601837158203125">
        <ele>15.19999980926513671875</ele>
        <time>2026-07-02T12:03:08.000Z</time>
        <extensions>
          <ns3:TrackPointExtension>
            <ns3:hr>173</ns3:hr>
            <ns3:cad>95</ns3:cad>
          </ns3:TrackPointExtension>
        </extensions>
      </trkpt>
      <trkpt lat="30.29103741981089115142822265625" lon="120.2248276770114898681640625">
        <ele>15.19999980926513671875</ele>
        <time>2026-07-02T12:03:09.000Z</time>
        <extensions>
          <ns3:TrackPointExtension>
            <ns3:hr>173</ns3:hr>
            <ns3:cad>95</ns3:cad>
          </ns3:TrackPointExtension>
        </extensions>
      </trkpt>
      <trkpt lat="30.29100908897817134857177734375" lon="120.22482859902083873748779296875">
        <ele>15.19999980926513671875</ele>
        <time>2026-07-02T12:03:10.000Z</time>
        <extensions>
          <ns3:TrackPointExtension>
            <ns3:hr>173</ns3:hr>
            <ns3:cad>95</ns3:cad>
          </ns3:TrackPointExtension>
        </extensions>
      </trkpt>
      <trkpt lat="30.29097707010805606842041015625" lon="120.2248276770114898681640625">
        <ele>15</ele>
        <time>2026-07-02T12:03:11.000Z</time>
        <extensions>
          <ns3:TrackPointExtension>
            <ns3:hr>173</ns3:hr>
            <ns3:cad>95</ns3:cad>
          </ns3:TrackPointExtension>
        </extensions>
      </trkpt>
      <trkpt lat="30.2909473143517971038818359375" lon="120.2248261682689189910888671875">
        <ele>15</ele>
        <time>2026-07-02T12:03:12.000Z</time>
        <extensions>
          <ns3:TrackPointExtension>
            <ns3:hr>172</ns3:hr>
            <ns3:cad>95</ns3:cad>
          </ns3:TrackPointExtension>
        </extensions>
      </trkpt>
      <trkpt lat="30.29091403819620609283447265625" lon="120.224829018115997314453125">
        <ele>15</ele>
        <time>2026-07-02T12:03:13.000Z</time>
        <extensions>
          <ns3:TrackPointExtension>
            <ns3:hr>173</ns3:hr>
            <ns3:cad>95</ns3:cad>
          </ns3:TrackPointExtension>
        </extensions>
      </trkpt>
      <trkpt lat="30.29087799601256847381591796875" lon="120.22483195178210735321044921875">
        <ele>15</ele>
        <time>2026-07-02T12:03:14.000Z</time>
        <extensions>
          <ns3:TrackPointExtension>
            <ns3:hr>173</ns3:hr>
            <ns3:cad>93</ns3:cad>
          </ns3:TrackPointExtension>
        </extensions>
      </trkpt>
      <trkpt lat="30.2908474020659923553466796875" lon="120.22482943721115589141845703125">
        <ele>15</ele>
        <time>2026-07-02T12:03:15.000Z</time>
        <extensions>
          <ns3:TrackPointExtension>
            <ns3:hr>172</ns3:hr>
            <ns3:cad>94</ns3:cad>
          </ns3:TrackPointExtension>
        </extensions>
      </trkpt>
      <trkpt lat="30.2908085100352764129638671875" lon="120.22483094595372676849365234375">
        <ele>15</ele>
        <time>2026-07-02T12:03:16.000Z</time>
        <extensions>
          <ns3:TrackPointExtension>
            <ns3:hr>173</ns3:hr>
            <ns3:cad>94</ns3:cad>
          </ns3:TrackPointExtension>
        </extensions>
      </trkpt>
      <trkpt lat="30.29078059829771518707275390625" lon="120.224832035601139068603515625">
        <ele>15</ele>
        <time>2026-07-02T12:03:17.000Z</time>
        <extensions>
          <ns3:TrackPointExtension>
            <ns3:hr>173</ns3:hr>
            <ns3:cad>95</ns3:cad>
          </ns3:TrackPointExtension>
        </extensions>
      </trkpt>
      <trkpt lat="30.29074355028569698333740234375" lon="120.22483312524855136871337890625">
        <ele>15</ele>
        <time>2026-07-02T12:03:18.000Z</time>
        <extensions>
          <ns3:TrackPointExtension>
            <ns3:hr>172</ns3:hr>
            <ns3:cad>95</ns3:cad>
          </ns3:TrackPointExtension>
        </extensions>
      </trkpt>
      <trkpt lat="30.29071144759654998779296875" lon="120.22483580745756626129150390625">
        <ele>15.19999980926513671875</ele>
        <time>2026-07-02T12:03:19.000Z</time>
        <extensions>
          <ns3:TrackPointExtension>
            <ns3:hr>173</ns3:hr>
            <ns3:cad>95</ns3:cad>
          </ns3:TrackPointExtension>
        </extensions>
      </trkpt>
      <trkpt lat="30.2906831167638301849365234375" lon="120.22483798675239086151123046875">
        <ele>15.19999980926513671875</ele>
        <time>2026-07-02T12:03:20.000Z</time>
        <extensions>
          <ns3:TrackPointExtension>
            <ns3:hr>173</ns3:hr>
            <ns3:cad>96</ns3:cad>
          </ns3:TrackPointExtension>
        </extensions>
      </trkpt>
      <trkpt lat="30.29064799658954143524169921875" lon="120.22484351880848407745361328125">
        <ele>15</ele>
        <time>2026-07-02T12:03:21.000Z</time>
        <extensions>
          <ns3:TrackPointExtension>
            <ns3:hr>172</ns3:hr>
            <ns3:cad>96</ns3:cad>
          </ns3:TrackPointExtension>
        </extensions>
      </trkpt>
      <trkpt lat="30.29061798937618732452392578125" lon="120.22484452463686466217041015625">
        <ele>15</ele>
        <time>2026-07-02T12:03:22.000Z</time>
        <extensions>
          <ns3:TrackPointExtension>
            <ns3:hr>173</ns3:hr>
            <ns3:cad>96</ns3:cad>
          </ns3:TrackPointExtension>
        </extensions>
      </trkpt>
      <trkpt lat="30.29057976789772510528564453125" lon="120.224848128855228424072265625">
        <ele>15</ele>
        <time>2026-07-02T12:03:23.000Z</time>
        <extensions>
          <ns3:TrackPointExtension>
            <ns3:hr>173</ns3:hr>
            <ns3:cad>94</ns3:cad>
          </ns3:TrackPointExtension>
        </extensions>
      </trkpt>
      <trkpt lat="30.2905500121414661407470703125" lon="120.22485055960714817047119140625">
        <ele>15</ele>
        <time>2026-07-02T12:03:24.000Z</time>
        <extensions>
          <ns3:TrackPointExtension>
            <ns3:hr>172</ns3:hr>
            <ns3:cad>94</ns3:cad>
          </ns3:TrackPointExtension>
        </extensions>
      </trkpt>
      <trkpt lat="30.29051707126200199127197265625" lon="120.22485156543552875518798828125">
        <ele>15</ele>
        <time>2026-07-02T12:03:25.000Z</time>
        <extensions>
          <ns3:TrackPointExtension>
            <ns3:hr>173</ns3:hr>
            <ns3:cad>94</ns3:cad>
          </ns3:TrackPointExtension>
        </extensions>
      </trkpt>
      <trkpt lat="30.29048354364931583404541015625" lon="120.2248533256351947784423828125">
        <ele>15</ele>
        <time>2026-07-02T12:03:26.000Z</time>
        <extensions>
          <ns3:TrackPointExtension>
            <ns3:hr>173</ns3:hr>
            <ns3:cad>94</ns3:cad>
          </ns3:TrackPointExtension>
        </extensions>
      </trkpt>
      <trkpt lat="30.2904551289975643157958984375" lon="120.2248516492545604705810546875">
        <ele>15</ele>
        <time>2026-07-02T12:03:27.000Z</time>
        <extensions>
          <ns3:TrackPointExtension>
            <ns3:hr>173</ns3:hr>
            <ns3:cad>95</ns3:cad>
          </ns3:TrackPointExtension>
        </extensions>
      </trkpt>
      <trkpt lat="30.29041782952845096588134765625" lon="120.2248546667397022247314453125">
        <ele>15</ele>
        <time>2026-07-02T12:03:28.000Z</time>
        <extensions>
          <ns3:TrackPointExtension>
            <ns3:hr>172</ns3:hr>
            <ns3:cad>95</ns3:cad>
          </ns3:TrackPointExtension>
        </extensions>
      </trkpt>
      <trkpt lat="30.2903877384960651397705078125" lon="120.22485659457743167877197265625">
        <ele>15</ele>
        <time>2026-07-02T12:03:29.000Z</time>
        <extensions>
          <ns3:TrackPointExtension>
            <ns3:hr>173</ns3:hr>
            <ns3:cad>95</ns3:cad>
          </ns3:TrackPointExtension>
        </extensions>
      </trkpt>
      <trkpt lat="30.29035345651209354400634765625" lon="120.224855504930019378662109375">
        <ele>15</ele>
        <time>2026-07-02T12:03:30.000Z</time>
        <extensions>
          <ns3:TrackPointExtension>
            <ns3:hr>173</ns3:hr>
            <ns3:cad>95</ns3:cad>
          </ns3:TrackPointExtension>
        </extensions>
      </trkpt>
      <trkpt lat="30.29031624086201190948486328125" lon="120.2248536609113216400146484375">
        <ele>15</ele>
        <time>2026-07-02T12:03:31.000Z</time>
        <extensions>
          <ns3:TrackPointExtension>
            <ns3:hr>172</ns3:hr>
            <ns3:cad>96</ns3:cad>
          </ns3:TrackPointExtension>
        </extensions>
      </trkpt>
      <trkpt lat="30.2902844734489917755126953125" lon="120.2248499728739261627197265625">
        <ele>15</ele>
        <time>2026-07-02T12:03:32.000Z</time>
        <extensions>
          <ns3:TrackPointExtension>
            <ns3:hr>173</ns3:hr>
            <ns3:cad>96</ns3:cad>
          </ns3:TrackPointExtension>
        </extensions>
      </trkpt>
      <trkpt lat="30.29024398885667324066162109375" lon="120.2248503081500530242919921875">
        <ele>14.80000019073486328125</ele>
        <time>2026-07-02T12:03:33.000Z</time>
        <extensions>
          <ns3:TrackPointExtension>
            <ns3:hr>173</ns3:hr>
            <ns3:cad>96</ns3:cad>
          </ns3:TrackPointExtension>
        </extensions>
      </trkpt>
      <trkpt lat="30.29021364636719226837158203125" lon="120.22484888322651386260986328125">
        <ele>14.80000019073486328125</ele>
        <time>2026-07-02T12:03:34.000Z</time>
        <extensions>
          <ns3:TrackPointExtension>
            <ns3:hr>173</ns3:hr>
            <ns3:cad>96</ns3:cad>
          </ns3:TrackPointExtension>
        </extensions>
      </trkpt>
      <trkpt lat="30.29018171131610870361328125" lon="120.224839746952056884765625">
        <ele>14.80000019073486328125</ele>
        <time>2026-07-02T12:03:35.000Z</time>
        <extensions>
          <ns3:TrackPointExtension>
            <ns3:hr>172</ns3:hr>
            <ns3:cad>96</ns3:cad>
          </ns3:TrackPointExtension>
        </extensions>
      </trkpt>
      <trkpt lat="30.290146507322788238525390625" lon="120.224828682839870452880859375">
        <ele>14.80000019073486328125</ele>
        <time>2026-07-02T12:03:36.000Z</time>
        <extensions>
          <ns3:TrackPointExtension>
            <ns3:hr>173</ns3:hr>
            <ns3:cad>96</ns3:cad>
          </ns3:TrackPointExtension>
        </extensions>
      </trkpt>
      <trkpt lat="30.2901201881468296051025390625" lon="120.22482055239379405975341796875">
        <ele>14.80000019073486328125</ele>
        <time>2026-07-02T12:03:37.000Z</time>
        <extensions>
          <ns3:TrackPointExtension>
            <ns3:hr>173</ns3:hr>
            <ns3:cad>96</ns3:cad>
          </ns3:TrackPointExtension>
        </extensions>
      </trkpt>
      <trkpt lat="30.2900823019444942474365234375" lon="120.224809236824512481689453125">
        <ele>14.80000019073486328125</ele>
        <time>2026-07-02T12:03:38.000Z</time>
        <extensions>
          <ns3:TrackPointExtension>
            <ns3:hr>172</ns3:hr>
            <ns3:cad>96</ns3:cad>
          </ns3:TrackPointExtension>
        </extensions>
      </trkpt>
      <trkpt lat="30.29005388729274272918701171875" lon="120.2248035371303558349609375">
        <ele>14.80000019073486328125</ele>
        <time>2026-07-02T12:03:39.000Z</time>
        <extensions>
          <ns3:TrackPointExtension>
            <ns3:hr>173</ns3:hr>
            <ns3:cad>96</ns3:cad>
          </ns3:TrackPointExtension>
        </extensions>
      </trkpt>
      <trkpt lat="30.29002002440392971038818359375" lon="120.22480010055005550384521484375">
        <ele>14.80000019073486328125</ele>
        <time>2026-07-02T12:03:40.000Z</time>
        <extensions>
          <ns3:TrackPointExtension>
            <ns3:hr>173</ns3:hr>
            <ns3:cad>96</ns3:cad>
          </ns3:TrackPointExtension>
        </extensions>
      </trkpt>
      <trkpt lat="30.289990268647670745849609375" lon="120.22479691542685031890869140625">
        <ele>14.80000019073486328125</ele>
        <time>2026-07-02T12:03:41.000Z</time>
        <extensions>
          <ns3:TrackPointExtension>
            <ns3:hr>173</ns3:hr>
            <ns3:cad>96</ns3:cad>
          </ns3:TrackPointExtension>
        </extensions>
      </trkpt>
      <trkpt lat="30.2899652905762195587158203125" lon="120.224791467189788818359375">
        <ele>14.6000003814697265625</ele>
        <time>2026-07-02T12:03:42.000Z</time>
        <extensions>
          <ns3:TrackPointExtension>
            <ns3:hr>173</ns3:hr>
            <ns3:cad>94</ns3:cad>
          </ns3:TrackPointExtension>
        </extensions>
      </trkpt>
      <trkpt lat="30.28993804939091205596923828125" lon="120.2247852645814418792724609375">
        <ele>14.6000003814697265625</ele>
        <time>2026-07-02T12:03:43.000Z</time>
        <extensions>
          <ns3:TrackPointExtension>
            <ns3:hr>172</ns3:hr>
            <ns3:cad>94</ns3:cad>
          </ns3:TrackPointExtension>
        </extensions>
      </trkpt>
      <trkpt lat="30.28991390950977802276611328125" lon="120.224782414734363555908203125">
        <ele>14.80000019073486328125</ele>
        <time>2026-07-02T12:03:44.000Z</time>
        <extensions>
          <ns3:TrackPointExtension>
            <ns3:hr>173</ns3:hr>
            <ns3:cad>94</ns3:cad>
          </ns3:TrackPointExtension>
        </extensions>
      </trkpt>
      <trkpt lat="30.289885997772216796875" lon="120.22477964870631694793701171875">
        <ele>14.80000019073486328125</ele>
        <time>2026-07-02T12:03:45.000Z</time>
        <extensions>
          <ns3:TrackPointExtension>
            <ns3:hr>173</ns3:hr>
            <ns3:cad>95</ns3:cad>
          </ns3:TrackPointExtension>
        </extensions>
      </trkpt>
      <trkpt lat="30.28985372744500637054443359375" lon="120.22477746941149234771728515625">
        <ele>14.80000019073486328125</ele>
        <time>2026-07-02T12:03:46.000Z</time>
        <extensions>
          <ns3:TrackPointExtension>
            <ns3:hr>173</ns3:hr>
            <ns3:cad>95</ns3:cad>
          </ns3:TrackPointExtension>
        </extensions>
      </trkpt>
      <trkpt lat="30.28982070274651050567626953125" lon="120.22477009333670139312744140625">
        <ele>14.80000019073486328125</ele>
        <time>2026-07-02T12:03:47.000Z</time>
        <extensions>
          <ns3:TrackPointExtension>
            <ns3:hr>173</ns3:hr>
            <ns3:cad>95</ns3:cad>
          </ns3:TrackPointExtension>
        </extensions>
      </trkpt>
      <trkpt lat="30.28977862559258937835693359375" lon="120.22476389072835445404052734375">
        <ele>14.80000019073486328125</ele>
        <time>2026-07-02T12:03:48.000Z</time>
        <extensions>
          <ns3:TrackPointExtension>
            <ns3:hr>173</ns3:hr>
            <ns3:cad>95</ns3:cad>
          </ns3:TrackPointExtension>
        </extensions>
      </trkpt>
      <trkpt lat="30.28974107466638088226318359375" lon="120.22476187907159328460693359375">
        <ele>14.80000019073486328125</ele>
        <time>2026-07-02T12:03:49.000Z</time>
        <extensions>
          <ns3:TrackPointExtension>
            <ns3:hr>173</ns3:hr>
            <ns3:cad>95</ns3:cad>
          </ns3:TrackPointExtension>
        </extensions>
      </trkpt>
      <trkpt lat="30.28969623148441314697265625" lon="120.2247701771557331085205078125">
        <ele>14.80000019073486328125</ele>
        <time>2026-07-02T12:03:50.000Z</time>
        <extensions>
          <ns3:TrackPointExtension>
            <ns3:hr>173</ns3:hr>
            <ns3:cad>95</ns3:cad>
          </ns3:TrackPointExtension>
        </extensions>
      </trkpt>
      <trkpt lat="30.28965926729142665863037109375" lon="120.224775038659572601318359375">
        <ele>14.80000019073486328125</ele>
        <time>2026-07-02T12:03:51.000Z</time>
        <extensions>
          <ns3:TrackPointExtension>
            <ns3:hr>173</ns3:hr>
            <ns3:cad>95</ns3:cad>
          </ns3:TrackPointExtension>
        </extensions>
      </trkpt>
      <trkpt lat="30.28962506912648677825927734375" lon="120.2247785590589046478271484375">
        <ele>14.80000019073486328125</ele>
        <time>2026-07-02T12:03:52.000Z</time>
        <extensions>
          <ns3:TrackPointExtension>
            <ns3:hr>173</ns3:hr>
            <ns3:cad>96</ns3:cad>
          </ns3:TrackPointExtension>
        </extensions>
      </trkpt>
      <trkpt lat="30.2895869314670562744140625" lon="120.2247728593647480010986328125">
        <ele>14.80000019073486328125</ele>
        <time>2026-07-02T12:03:53.000Z</time>
        <extensions>
          <ns3:TrackPointExtension>
            <ns3:hr>173</ns3:hr>
            <ns3:cad>96</ns3:cad>
          </ns3:TrackPointExtension>
        </extensions>
      </trkpt>
      <trkpt lat="30.28956069611012935638427734375" lon="120.2247701771557331085205078125">
        <ele>14.80000019073486328125</ele>
        <time>2026-07-02T12:03:54.000Z</time>
        <extensions>
          <ns3:TrackPointExtension>
            <ns3:hr>173</ns3:hr>
            <ns3:cad>96</ns3:cad>
          </ns3:TrackPointExtension>
        </extensions>
      </trkpt>
      <trkpt lat="30.28952322900295257568359375" lon="120.224770344793796539306640625">
        <ele>14.80000019073486328125</ele>
        <time>2026-07-02T12:03:55.000Z</time>
        <extensions>
          <ns3:TrackPointExtension>
            <ns3:hr>173</ns3:hr>
            <ns3:cad>96</ns3:cad>
          </ns3:TrackPointExtension>
        </extensions>
      </trkpt>
      <trkpt lat="30.289491377770900726318359375" lon="120.2247742004692554473876953125">
        <ele>15</ele>
        <time>2026-07-02T12:03:56.000Z</time>
        <extensions>
          <ns3:TrackPointExtension>
            <ns3:hr>173</ns3:hr>
            <ns3:cad>96</ns3:cad>
          </ns3:TrackPointExtension>
        </extensions>
      </trkpt>
      <trkpt lat="30.2894586883485317230224609375" lon="120.224771685898303985595703125">
        <ele>15</ele>
        <time>2026-07-02T12:03:57.000Z</time>
        <extensions>
          <ns3:TrackPointExtension>
            <ns3:hr>173</ns3:hr>
            <ns3:cad>96</ns3:cad>
          </ns3:TrackPointExtension>
        </extensions>
      </trkpt>
      <trkpt lat="30.28942272998392581939697265625" lon="120.22476799786090850830078125">
        <ele>15</ele>
        <time>2026-07-02T12:03:58.000Z</time>
        <extensions>
          <ns3:TrackPointExtension>
            <ns3:hr>173</ns3:hr>
            <ns3:cad>96</ns3:cad>
          </ns3:TrackPointExtension>
        </extensions>
      </trkpt>
      <trkpt lat="30.28939389623701572418212890625" lon="120.22476657293736934661865234375">
        <ele>15</ele>
        <time>2026-07-02T12:03:59.000Z</time>
        <extensions>
          <ns3:TrackPointExtension>
            <ns3:hr>174</ns3:hr>
            <ns3:cad>96</ns3:cad>
          </ns3:TrackPointExtension>
        </extensions>
      </trkpt>
      <trkpt lat="30.28935718350112438201904296875" lon="120.22476456128060817718505859375">
        <ele>15</ele>
        <time>2026-07-02T12:04:00.000Z</time>
        <extensions>
          <ns3:TrackPointExtension>
            <ns3:hr>174</ns3:hr>
            <ns3:cad>95</ns3:cad>
          </ns3:TrackPointExtension>
        </extensions>
      </trkpt>
      <trkpt lat="30.28932583518326282501220703125" lon="120.2247658185660839080810546875">
        <ele>14.80000019073486328125</ele>
        <time>2026-07-02T12:04:01.000Z</time>
        <extensions>
          <ns3:TrackPointExtension>
            <ns3:hr>174</ns3:hr>
            <ns3:cad>95</ns3:cad>
          </ns3:TrackPointExtension>
        </extensions>
      </trkpt>
      <trkpt lat="30.289291553199291229248046875" lon="120.2247658185660839080810546875">
        <ele>14.80000019073486328125</ele>
        <time>2026-07-02T12:04:02.000Z</time>
        <extensions>
          <ns3:TrackPointExtension>
            <ns3:hr>174</ns3:hr>
            <ns3:cad>96</ns3:cad>
          </ns3:TrackPointExtension>
        </extensions>
      </trkpt>
      <trkpt lat="30.2892543375492095947265625" lon="120.224768333137035369873046875">
        <ele>14.80000019073486328125</ele>
        <time>2026-07-02T12:04:03.000Z</time>
        <extensions>
          <ns3:TrackPointExtension>
            <ns3:hr>174</ns3:hr>
            <ns3:cad>96</ns3:cad>
          </ns3:TrackPointExtension>
        </extensions>
      </trkpt>
      <trkpt lat="30.28921787627041339874267578125" lon="120.224767662584781646728515625">
        <ele>14.80000019073486328125</ele>
        <time>2026-07-02T12:04:04.000Z</time>
        <extensions>
          <ns3:TrackPointExtension>
            <ns3:hr>174</ns3:hr>
            <ns3:cad>96</ns3:cad>
          </ns3:TrackPointExtension>
        </extensions>
      </trkpt>
      <trkpt lat="30.28917630203068256378173828125" lon="120.22476674057543277740478515625">
        <ele>14.80000019073486328125</ele>
        <time>2026-07-02T12:04:05.000Z</time>
        <extensions>
          <ns3:TrackPointExtension>
            <ns3:hr>174</ns3:hr>
            <ns3:cad>96</ns3:cad>
          </ns3:TrackPointExtension>
        </extensions>
      </trkpt>
      <trkpt lat="30.2891452051699161529541015625" lon="120.22476456128060817718505859375">
        <ele>14.80000019073486328125</ele>
        <time>2026-07-02T12:04:06.000Z</time>
        <extensions>
          <ns3:TrackPointExtension>
            <ns3:hr>175</ns3:hr>
            <ns3:cad>96</ns3:cad>
          </ns3:TrackPointExtension>
        </extensions>
      </trkpt>
      <trkpt lat="30.28911955654621124267578125" lon="120.22476539947092533111572265625">
        <ele>14.80000019073486328125</ele>
        <time>2026-07-02T12:04:07.000Z</time>
        <extensions>
          <ns3:TrackPointExtension>
            <ns3:hr>175</ns3:hr>
            <ns3:cad>96</ns3:cad>
          </ns3:TrackPointExtension>
        </extensions>
      </trkpt>
      <trkpt lat="30.28908762149512767791748046875" lon="120.224763639271259307861328125">
        <ele>14.80000019073486328125</ele>
        <time>2026-07-02T12:04:08.000Z</time>
        <extensions>
          <ns3:TrackPointExtension>
            <ns3:hr>175</ns3:hr>
            <ns3:cad>96</ns3:cad>
          </ns3:TrackPointExtension>
        </extensions>
      </trkpt>
      <trkpt lat="30.28905711136758327484130859375" lon="120.22476975806057453155517578125">
        <ele>14.80000019073486328125</ele>
        <time>2026-07-02T12:04:09.000Z</time>
        <extensions>
          <ns3:TrackPointExtension>
            <ns3:hr>175</ns3:hr>
            <ns3:cad>96</ns3:cad>
          </ns3:TrackPointExtension>
        </extensions>
      </trkpt>
      <trkpt lat="30.28901872225105762481689453125" lon="120.2247651480138301849365234375">
        <ele>14.80000019073486328125</ele>
        <time>2026-07-02T12:04:10.000Z</time>
        <extensions>
          <ns3:TrackPointExtension>
            <ns3:hr>175</ns3:hr>
            <ns3:cad>96</ns3:cad>
          </ns3:TrackPointExtension>
        </extensions>
      </trkpt>
      <trkpt lat="30.28898946940898895263671875" lon="120.22476556710898876190185546875">
        <ele>14.80000019073486328125</ele>
        <time>2026-07-02T12:04:11.000Z</time>
        <extensions>
          <ns3:TrackPointExtension>
            <ns3:hr>175</ns3:hr>
            <ns3:cad>96</ns3:cad>
          </ns3:TrackPointExtension>
        </extensions>
      </trkpt>
      <trkpt lat="30.288959629833698272705078125" lon="120.22476372309029102325439453125">
        <ele>14.80000019073486328125</ele>
        <time>2026-07-02T12:04:12.000Z</time>
        <extensions>
          <ns3:TrackPointExtension>
            <ns3:hr>175</ns3:hr>
            <ns3:cad>96</ns3:cad>
          </ns3:TrackPointExtension>
        </extensions>
      </trkpt>
      <trkpt lat="30.28892216272652149200439453125" lon="120.22476204670965671539306640625">
        <ele>14.80000019073486328125</ele>
        <time>2026-07-02T12:04:13.000Z</time>
        <extensions>
          <ns3:TrackPointExtension>
            <ns3:hr>175</ns3:hr>
            <ns3:cad>96</ns3:cad>
          </ns3:TrackPointExtension>
        </extensions>
      </trkpt>
      <trkpt lat="30.28889148496091365814208984375" lon="120.224764645099639892578125">
        <ele>14.80000019073486328125</ele>
        <time>2026-07-02T12:04:14.000Z</time>
        <extensions>
          <ns3:TrackPointExtension>
            <ns3:hr>176</ns3:hr>
            <ns3:cad>96</ns3:cad>
          </ns3:TrackPointExtension>
        </extensions>
      </trkpt>
      <trkpt lat="30.28884605504572391510009765625" lon="120.2247525751590728759765625">
        <ele>14.80000019073486328125</ele>
        <time>2026-07-02T12:04:15.000Z</time>
        <extensions>
          <ns3:TrackPointExtension>
            <ns3:hr>176</ns3:hr>
            <ns3:cad>96</ns3:cad>
          </ns3:TrackPointExtension>
        </extensions>
      </trkpt>
      <trkpt lat="30.28881319798529148101806640625" lon="120.2247400023043155670166015625">
        <ele>14.80000019073486328125</ele>
        <time>2026-07-02T12:04:16.000Z</time>
        <extensions>
          <ns3:TrackPointExtension>
            <ns3:hr>176</ns3:hr>
            <ns3:cad>97</ns3:cad>
          </ns3:TrackPointExtension>
        </extensions>
      </trkpt>
      <trkpt lat="30.2887834422290325164794921875" lon="120.22471711970865726470947265625">
        <ele>14.80000019073486328125</ele>
        <time>2026-07-02T12:04:17.000Z</time>
        <extensions>
          <ns3:TrackPointExtension>
            <ns3:hr>176</ns3:hr>
            <ns3:cad>96</ns3:cad>
          </ns3:TrackPointExtension>
        </extensions>
      </trkpt>
      <trkpt lat="30.28875133953988552093505859375" lon="120.22468158043920993804931640625">
        <ele>14.6000003814697265625</ele>
        <time>2026-07-02T12:04:18.000Z</time>
        <extensions>
          <ns3:TrackPointExtension>
            <ns3:hr>176</ns3:hr>
            <ns3:cad>95</ns3:cad>
          </ns3:TrackPointExtension>
        </extensions>
      </trkpt>
      <trkpt lat="30.28873038478195667266845703125" lon="120.22465677000582218170166015625">
        <ele>14.6000003814697265625</ele>
        <time>2026-07-02T12:04:19.000Z</time>
        <extensions>
          <ns3:TrackPointExtension>
            <ns3:hr>176</ns3:hr>
            <ns3:cad>95</ns3:cad>
          </ns3:TrackPointExtension>
        </extensions>
      </trkpt>
      <trkpt lat="30.28870926238596439361572265625" lon="120.22461703978478908538818359375">
        <ele>14.6000003814697265625</ele>
        <time>2026-07-02T12:04:20.000Z</time>
        <extensions>
          <ns3:TrackPointExtension>
            <ns3:hr>176</ns3:hr>
            <ns3:cad>95</ns3:cad>
          </ns3:TrackPointExtension>
        </extensions>
      </trkpt>
      <trkpt lat="30.28869300149381160736083984375" lon="120.22457663901150226593017578125">
        <ele>14.6000003814697265625</ele>
        <time>2026-07-02T12:04:21.000Z</time>
        <extensions>
          <ns3:TrackPointExtension>
            <ns3:hr>177</ns3:hr>
            <ns3:cad>95</ns3:cad>
          </ns3:TrackPointExtension>
        </extensions>
      </trkpt>
      <trkpt lat="30.28867975808680057525634765625" lon="120.22454193793237209320068359375">
        <ele>14.6000003814697265625</ele>
        <time>2026-07-02T12:04:22.000Z</time>
        <extensions>
          <ns3:TrackPointExtension>
            <ns3:hr>177</ns3:hr>
            <ns3:cad>96</ns3:cad>
          </ns3:TrackPointExtension>
        </extensions>
      </trkpt>
      <trkpt lat="30.28866047970950603485107421875" lon="120.22450187243521213531494140625">
        <ele>14.6000003814697265625</ele>
        <time>2026-07-02T12:04:23.000Z</time>
        <extensions>
          <ns3:TrackPointExtension>
            <ns3:hr>177</ns3:hr>
            <ns3:cad>97</ns3:cad>
          </ns3:TrackPointExtension>
        </extensions>
      </trkpt>
      <trkpt lat="30.2886439673602581024169921875" lon="120.22446549497544765472412109375">
        <ele>14.80000019073486328125</ele>
        <time>2026-07-02T12:04:24.000Z</time>
        <extensions>
          <ns3:TrackPointExtension>
            <ns3:hr>177</ns3:hr>
            <ns3:cad>97</ns3:cad>
          </ns3:TrackPointExtension>
        </extensions>
      </trkpt>
      <trkpt lat="30.28862812556326389312744140625" lon="120.22442727349698543548583984375">
        <ele>14.80000019073486328125</ele>
        <time>2026-07-02T12:04:25.000Z</time>
        <extensions>
          <ns3:TrackPointExtension>
            <ns3:hr>177</ns3:hr>
            <ns3:cad>97</ns3:cad>
          </ns3:TrackPointExtension>
        </extensions>
      </trkpt>
      <trkpt lat="30.288606584072113037109375" lon="120.22438402287662029266357421875">
        <ele>15</ele>
        <time>2026-07-02T12:04:26.000Z</time>
        <extensions>
          <ns3:TrackPointExtension>
            <ns3:hr>177</ns3:hr>
            <ns3:cad>97</ns3:cad>
          </ns3:TrackPointExtension>
        </extensions>
      </trkpt>
      <trkpt lat="30.2885883115231990814208984375" lon="120.224351584911346435546875">
        <ele>15</ele>
        <time>2026-07-02T12:04:27.000Z</time>
        <extensions>
          <ns3:TrackPointExtension>
            <ns3:hr>177</ns3:hr>
            <ns3:cad>97</ns3:cad>
          </ns3:TrackPointExtension>
        </extensions>
      </trkpt>
      <trkpt lat="30.2885708771646022796630859375" lon="120.22431143559515476226806640625">
        <ele>15</ele>
        <time>2026-07-02T12:04:28.000Z</time>
        <extensions>
          <ns3:TrackPointExtension>
            <ns3:hr>177</ns3:hr>
            <ns3:cad>97</ns3:cad>
          </ns3:TrackPointExtension>
        </extensions>
      </trkpt>
      <trkpt lat="30.28855537064373493194580078125" lon="120.22427556104958057403564453125">
        <ele>15</ele>
        <time>2026-07-02T12:04:29.000Z</time>
        <extensions>
          <ns3:TrackPointExtension>
            <ns3:hr>177</ns3:hr>
            <ns3:cad>96</ns3:cad>
          </ns3:TrackPointExtension>
        </extensions>
      </trkpt>
      <trkpt lat="30.28853726573288440704345703125" lon="120.22423817776143550872802734375">
        <ele>15</ele>
        <time>2026-07-02T12:04:30.000Z</time>
        <extensions>
          <ns3:TrackPointExtension>
            <ns3:hr>178</ns3:hr>
            <ns3:cad>96</ns3:cad>
          </ns3:TrackPointExtension>
        </extensions>
      </trkpt>
      <trkpt lat="30.28852418996393680572509765625" lon="120.224197022616863250732421875">
        <ele>15</ele>
        <time>2026-07-02T12:04:31.000Z</time>
        <extensions>
          <ns3:TrackPointExtension>
            <ns3:hr>177</ns3:hr>
            <ns3:cad>96</ns3:cad>
          </ns3:TrackPointExtension>
        </extensions>
      </trkpt>
      <trkpt lat="30.28851111419498920440673828125" lon="120.22416458465158939361572265625">
        <ele>15</ele>
        <time>2026-07-02T12:04:32.000Z</time>
        <extensions>
          <ns3:TrackPointExtension>
            <ns3:hr>177</ns3:hr>
            <ns3:cad>96</ns3:cad>
          </ns3:TrackPointExtension>
        </extensions>
      </trkpt>
      <trkpt lat="30.2884934283792972564697265625" lon="120.2241264469921588897705078125">
        <ele>15</ele>
        <time>2026-07-02T12:04:33.000Z</time>
        <extensions>
          <ns3:TrackPointExtension>
            <ns3:hr>178</ns3:hr>
            <ns3:cad>96</ns3:cad>
          </ns3:TrackPointExtension>
        </extensions>
      </trkpt>
      <trkpt lat="30.2884803526103496551513671875" lon="120.22408931516110897064208984375">
        <ele>15</ele>
        <time>2026-07-02T12:04:34.000Z</time>
        <extensions>
          <ns3:TrackPointExtension>
            <ns3:hr>178</ns3:hr>
            <ns3:cad>96</ns3:cad>
          </ns3:TrackPointExtension>
        </extensions>
      </trkpt>
      <trkpt lat="30.28846937231719493865966796875" lon="120.22405293770134449005126953125">
        <ele>14.80000019073486328125</ele>
        <time>2026-07-02T12:04:35.000Z</time>
        <extensions>
          <ns3:TrackPointExtension>
            <ns3:hr>177</ns3:hr>
            <ns3:cad>96</ns3:cad>
          </ns3:TrackPointExtension>
        </extensions>
      </trkpt>
      <trkpt lat="30.2884599007666110992431640625" lon="120.22401438094675540924072265625">
        <ele>14.80000019073486328125</ele>
        <time>2026-07-02T12:04:36.000Z</time>
        <extensions>
          <ns3:TrackPointExtension>
            <ns3:hr>177</ns3:hr>
            <ns3:cad>96</ns3:cad>
          </ns3:TrackPointExtension>
        </extensions>
      </trkpt>
      <trkpt lat="30.28845026157796382904052734375" lon="120.22398152388632297515869140625">
        <ele>14.80000019073486328125</ele>
        <time>2026-07-02T12:04:37.000Z</time>
        <extensions>
          <ns3:TrackPointExtension>
            <ns3:hr>177</ns3:hr>
            <ns3:cad>96</ns3:cad>
          </ns3:TrackPointExtension>
        </extensions>
      </trkpt>
      <trkpt lat="30.2884350903332233428955078125" lon="120.22394455969333648681640625">
        <ele>14.80000019073486328125</ele>
        <time>2026-07-02T12:04:38.000Z</time>
        <extensions>
          <ns3:TrackPointExtension>
            <ns3:hr>178</ns3:hr>
            <ns3:cad>96</ns3:cad>
          </ns3:TrackPointExtension>
        </extensions>
      </trkpt>
      <trkpt lat="30.28842243365943431854248046875" lon="120.2239115349948406219482421875">
        <ele>14.80000019073486328125</ele>
        <time>2026-07-02T12:04:39.000Z</time>
        <extensions>
          <ns3:TrackPointExtension>
            <ns3:hr>177</ns3:hr>
            <ns3:cad>96</ns3:cad>
          </ns3:TrackPointExtension>
        </extensions>
      </trkpt>
      <trkpt lat="30.28841136954724788665771484375" lon="120.2238781750202178955078125">
        <ele>14.80000019073486328125</ele>
        <time>2026-07-02T12:04:40.000Z</time>
        <extensions>
          <ns3:TrackPointExtension>
            <ns3:hr>177</ns3:hr>
            <ns3:cad>96</ns3:cad>
          </ns3:TrackPointExtension>
        </extensions>
      </trkpt>
      <trkpt lat="30.28839745558798313140869140625" lon="120.2238350920379161834716796875">
        <ele>15</ele>
        <time>2026-07-02T12:04:41.000Z</time>
        <extensions>
          <ns3:TrackPointExtension>
            <ns3:hr>177</ns3:hr>
            <ns3:cad>96</ns3:cad>
          </ns3:TrackPointExtension>
        </extensions>
      </trkpt>
      <trkpt lat="30.288378261029720306396484375" lon="120.2238062582910060882568359375">
        <ele>15</ele>
        <time>2026-07-02T12:04:42.000Z</time>
        <extensions>
          <ns3:TrackPointExtension>
            <ns3:hr>178</ns3:hr>
            <ns3:cad>96</ns3:cad>
          </ns3:TrackPointExtension>
        </extensions>
      </trkpt>
      <trkpt lat="30.2883573062717914581298828125" lon="120.2237727306783199310302734375">
        <ele>15</ele>
        <time>2026-07-02T12:04:43.000Z</time>
        <extensions>
          <ns3:TrackPointExtension>
            <ns3:hr>177</ns3:hr>
            <ns3:cad>96</ns3:cad>
          </ns3:TrackPointExtension>
        </extensions>
      </trkpt>
      <trkpt lat="30.2883423864841461181640625" lon="120.2237333357334136962890625">
        <ele>15</ele>
        <time>2026-07-02T12:04:44.000Z</time>
        <extensions>
          <ns3:TrackPointExtension>
            <ns3:hr>177</ns3:hr>
            <ns3:cad>96</ns3:cad>
          </ns3:TrackPointExtension>
        </extensions>
      </trkpt>
      <trkpt lat="30.288328640162944793701171875" lon="120.223698131740093231201171875">
        <ele>15</ele>
        <time>2026-07-02T12:04:45.000Z</time>
        <extensions>
          <ns3:TrackPointExtension>
            <ns3:hr>177</ns3:hr>
            <ns3:cad>95</ns3:cad>
          </ns3:TrackPointExtension>
        </extensions>
      </trkpt>
      <trkpt lat="30.28831698931753635406494140625" lon="120.223657898604869842529296875">
        <ele>15</ele>
        <time>2026-07-02T12:04:46.000Z</time>
        <extensions>
          <ns3:TrackPointExtension>
            <ns3:hr>176</ns3:hr>
            <ns3:cad>95</ns3:cad>
          </ns3:TrackPointExtension>
        </extensions>
      </trkpt>
      <trkpt lat="30.2883043326437473297119140625" lon="120.223626382648944854736328125">
        <ele>15</ele>
        <time>2026-07-02T12:04:47.000Z</time>
        <extensions>
          <ns3:TrackPointExtension>
            <ns3:hr>176</ns3:hr>
            <ns3:cad>96</ns3:cad>
          </ns3:TrackPointExtension>
        </extensions>
      </trkpt>
      <trkpt lat="30.28829083777964115142822265625" lon="120.223587490618228912353515625">
        <ele>15.19999980926513671875</ele>
        <time>2026-07-02T12:04:48.000Z</time>
        <extensions>
          <ns3:TrackPointExtension>
            <ns3:hr>176</ns3:hr>
            <ns3:cad>96</ns3:cad>
          </ns3:TrackPointExtension>
        </extensions>
      </trkpt>
      <trkpt lat="30.2882765047252178192138671875" lon="120.22355605848133563995361328125">
        <ele>15.19999980926513671875</ele>
        <time>2026-07-02T12:04:49.000Z</time>
        <extensions>
          <ns3:TrackPointExtension>
            <ns3:hr>176</ns3:hr>
            <ns3:cad>96</ns3:cad>
          </ns3:TrackPointExtension>
        </extensions>
      </trkpt>
      <trkpt lat="30.28826770372688770294189453125" lon="120.22352320142090320587158203125">
        <ele>15.19999980926513671875</ele>
        <time>2026-07-02T12:04:50.000Z</time>
        <extensions>
          <ns3:TrackPointExtension>
            <ns3:hr>176</ns3:hr>
            <ns3:cad>96</ns3:cad>
          </ns3:TrackPointExtension>
        </extensions>
      </trkpt>
      <trkpt lat="30.288257561624050140380859375" lon="120.22348456084728240966796875">
        <ele>15.19999980926513671875</ele>
        <time>2026-07-02T12:04:51.000Z</time>
        <extensions>
          <ns3:TrackPointExtension>
            <ns3:hr>176</ns3:hr>
            <ns3:cad>96</ns3:cad>
          </ns3:TrackPointExtension>
        </extensions>
      </trkpt>
      <trkpt lat="30.2882396243512630462646484375" lon="120.22345497272908687591552734375">
        <ele>15.19999980926513671875</ele>
        <time>2026-07-02T12:04:52.000Z</time>
        <extensions>
          <ns3:TrackPointExtension>
            <ns3:hr>176</ns3:hr>
            <ns3:cad>96</ns3:cad>
          </ns3:TrackPointExtension>
        </extensions>
      </trkpt>
      <trkpt lat="30.28822411783039569854736328125" lon="120.223417840898036956787109375">
        <ele>15.19999980926513671875</ele>
        <time>2026-07-02T12:04:53.000Z</time>
        <extensions>
          <ns3:TrackPointExtension>
            <ns3:hr>176</ns3:hr>
            <ns3:cad>96</ns3:cad>
          </ns3:TrackPointExtension>
        </extensions>
      </trkpt>
      <trkpt lat="30.28821137733757495880126953125" lon="120.22338137961924076080322265625">
        <ele>15.19999980926513671875</ele>
        <time>2026-07-02T12:04:54.000Z</time>
        <extensions>
          <ns3:TrackPointExtension>
            <ns3:hr>176</ns3:hr>
            <ns3:cad>96</ns3:cad>
          </ns3:TrackPointExtension>
        </extensions>
      </trkpt>
      <trkpt lat="30.28820031322538852691650390625" lon="120.22334634326398372650146484375">
        <ele>15.19999980926513671875</ele>
        <time>2026-07-02T12:04:55.000Z</time>
        <extensions>
          <ns3:TrackPointExtension>
            <ns3:hr>176</ns3:hr>
            <ns3:cad>96</ns3:cad>
          </ns3:TrackPointExtension>
        </extensions>
      </trkpt>
      <trkpt lat="30.28818220831453800201416015625" lon="120.22330661304295063018798828125">
        <ele>15.19999980926513671875</ele>
        <time>2026-07-02T12:04:56.000Z</time>
        <extensions>
          <ns3:TrackPointExtension>
            <ns3:hr>176</ns3:hr>
            <ns3:cad>96</ns3:cad>
          </ns3:TrackPointExtension>
        </extensions>
      </trkpt>
      <trkpt lat="30.288169719278812408447265625" lon="120.223271660506725311279296875">
        <ele>15.19999980926513671875</ele>
        <time>2026-07-02T12:04:57.000Z</time>
        <extensions>
          <ns3:TrackPointExtension>
            <ns3:hr>176</ns3:hr>
            <ns3:cad>96</ns3:cad>
          </ns3:TrackPointExtension>
        </extensions>
      </trkpt>
      <trkpt lat="30.28815404511988162994384765625" lon="120.22323511540889739990234375">
        <ele>15.19999980926513671875</ele>
        <time>2026-07-02T12:04:58.000Z</time>
        <extensions>
          <ns3:TrackPointExtension>
            <ns3:hr>176</ns3:hr>
            <ns3:cad>96</ns3:cad>
          </ns3:TrackPointExtension>
        </extensions>
      </trkpt>
      <trkpt lat="30.28813895769417285919189453125" lon="120.223199240863323211669921875">
        <ele>15.3999996185302734375</ele>
        <time>2026-07-02T12:04:59.000Z</time>
        <extensions>
          <ns3:TrackPointExtension>
            <ns3:hr>176</ns3:hr>
            <ns3:cad>96</ns3:cad>
          </ns3:TrackPointExtension>
        </extensions>
      </trkpt>
      <trkpt lat="30.2881266362965106964111328125" lon="120.22316864691674709320068359375">
        <ele>15.3999996185302734375</ele>
        <time>2026-07-02T12:05:00.000Z</time>
        <extensions>
          <ns3:TrackPointExtension>
            <ns3:hr>176</ns3:hr>
            <ns3:cad>97</ns3:cad>
          </ns3:TrackPointExtension>
        </extensions>
      </trkpt>
      <trkpt lat="30.28811280615627765655517578125" lon="120.2231310121715068817138671875">
        <ele>15.3999996185302734375</ele>
        <time>2026-07-02T12:05:01.000Z</time>
        <extensions>
          <ns3:TrackPointExtension>
            <ns3:hr>177</ns3:hr>
            <ns3:cad>97</ns3:cad>
          </ns3:TrackPointExtension>
        </extensions>
      </trkpt>
      <trkpt lat="30.28809838928282260894775390625" lon="120.22309429943561553955078125">
        <ele>15.3999996185302734375</ele>
        <time>2026-07-02T12:05:02.000Z</time>
        <extensions>
          <ns3:TrackPointExtension>
            <ns3:hr>177</ns3:hr>
            <ns3:cad>97</ns3:cad>
          </ns3:TrackPointExtension>
        </extensions>
      </trkpt>
      <trkpt lat="30.28808288276195526123046875" lon="120.2230579219758510589599609375">
        <ele>15.3999996185302734375</ele>
        <time>2026-07-02T12:05:03.000Z</time>
        <extensions>
          <ns3:TrackPointExtension>
            <ns3:hr>177</ns3:hr>
            <ns3:cad>97</ns3:cad>
          </ns3:TrackPointExtension>
        </extensions>
      </trkpt>
      <trkpt lat="30.28806813061237335205078125" lon="120.223018191754817962646484375">
        <ele>15.3999996185302734375</ele>
        <time>2026-07-02T12:05:04.000Z</time>
        <extensions>
          <ns3:TrackPointExtension>
            <ns3:hr>177</ns3:hr>
            <ns3:cad>95</ns3:cad>
          </ns3:TrackPointExtension>
        </extensions>
      </trkpt>
      <trkpt lat="30.28805228881537914276123046875" lon="120.2229918725788593292236328125">
        <ele>15.19999980926513671875</ele>
        <time>2026-07-02T12:05:05.000Z</time>
        <extensions>
          <ns3:TrackPointExtension>
            <ns3:hr>177</ns3:hr>
            <ns3:cad>95</ns3:cad>
          </ns3:TrackPointExtension>
        </extensions>
      </trkpt>
      <trkpt lat="30.2880307473242282867431640625" lon="120.22295415401458740234375">
        <ele>15.3999996185302734375</ele>
        <time>2026-07-02T12:05:06.000Z</time>
        <extensions>
          <ns3:TrackPointExtension>
            <ns3:hr>177</ns3:hr>
            <ns3:cad>96</ns3:cad>
          </ns3:TrackPointExtension>
        </extensions>
      </trkpt>
      <trkpt lat="30.288014151155948638916015625" lon="120.22291685454547405242919921875">
        <ele>15.3999996185302734375</ele>
        <time>2026-07-02T12:05:07.000Z</time>
        <extensions>
          <ns3:TrackPointExtension>
            <ns3:hr>177</ns3:hr>
            <ns3:cad>96</ns3:cad>
          </ns3:TrackPointExtension>
        </extensions>
      </trkpt>
      <trkpt lat="30.288000404834747314453125" lon="120.222884081304073333740234375">
        <ele>15.3999996185302734375</ele>
        <time>2026-07-02T12:05:08.000Z</time>
        <extensions>
          <ns3:TrackPointExtension>
            <ns3:hr>177</ns3:hr>
            <ns3:cad>96</ns3:cad>
          </ns3:TrackPointExtension>
        </extensions>
      </trkpt>
      <trkpt lat="30.28798523359000682830810546875" lon="120.2228332869708538055419921875">
        <ele>15.3999996185302734375</ele>
        <time>2026-07-02T12:05:09.000Z</time>
        <extensions>
          <ns3:TrackPointExtension>
            <ns3:hr>178</ns3:hr>
            <ns3:cad>96</ns3:cad>
          </ns3:TrackPointExtension>
        </extensions>
      </trkpt>
      <trkpt lat="30.28797232545912265777587890625" lon="120.222793556749820709228515625">
        <ele>15.3999996185302734375</ele>
        <time>2026-07-02T12:05:10.000Z</time>
        <extensions>
          <ns3:TrackPointExtension>
            <ns3:hr>178</ns3:hr>
            <ns3:cad>97</ns3:cad>
          </ns3:TrackPointExtension>
        </extensions>
      </trkpt>
      <trkpt lat="30.28796327300369739532470703125" lon="120.22275374270975589752197265625">
        <ele>15.6000003814697265625</ele>
        <time>2026-07-02T12:05:11.000Z</time>
        <extensions>
          <ns3:TrackPointExtension>
            <ns3:hr>178</ns3:hr>
            <ns3:cad>97</ns3:cad>
          </ns3:TrackPointExtension>
        </extensions>
      </trkpt>
      <trkpt lat="30.28795623220503330230712890625" lon="120.2227095700800418853759765625">
        <ele>15.3999996185302734375</ele>
        <time>2026-07-02T12:05:12.000Z</time>
        <extensions>
          <ns3:TrackPointExtension>
            <ns3:hr>178</ns3:hr>
            <ns3:cad>98</ns3:cad>
          </ns3:TrackPointExtension>
        </extensions>
      </trkpt>
      <trkpt lat="30.28794684447348117828369140625" lon="120.2226763777434825897216796875">
        <ele>15.3999996185302734375</ele>
        <time>2026-07-02T12:05:13.000Z</time>
        <extensions>
          <ns3:TrackPointExtension>
            <ns3:hr>179</ns3:hr>
            <ns3:cad>98</ns3:cad>
          </ns3:TrackPointExtension>
        </extensions>
      </trkpt>
      <trkpt lat="30.2879345230758190155029296875" lon="120.22263924591243267059326171875">
        <ele>15.3999996185302734375</ele>
        <time>2026-07-02T12:05:14.000Z</time>
        <extensions>
          <ns3:TrackPointExtension>
            <ns3:hr>179</ns3:hr>
            <ns3:cad>98</ns3:cad>
          </ns3:TrackPointExtension>
        </extensions>
      </trkpt>
      <trkpt lat="30.28792354278266429901123046875" lon="120.2226036228239536285400390625">
        <ele>15.6000003814697265625</ele>
        <time>2026-07-02T12:05:15.000Z</time>
        <extensions>
          <ns3:TrackPointExtension>
            <ns3:hr>179</ns3:hr>
            <ns3:cad>98</ns3:cad>
          </ns3:TrackPointExtension>
        </extensions>
      </trkpt>
      <trkpt lat="30.2879137359559535980224609375" lon="120.22257034666836261749267578125">
        <ele>15.6000003814697265625</ele>
        <time>2026-07-02T12:05:16.000Z</time>
        <extensions>
          <ns3:TrackPointExtension>
            <ns3:hr>179</ns3:hr>
            <ns3:cad>97</ns3:cad>
          </ns3:TrackPointExtension>
        </extensions>
      </trkpt>
      <trkpt lat="30.28790141455829143524169921875" lon="120.222531370818614959716796875">
        <ele>15.6000003814697265625</ele>
        <time>2026-07-02T12:05:17.000Z</time>
        <extensions>
          <ns3:TrackPointExtension>
            <ns3:hr>179</ns3:hr>
            <ns3:cad>97</ns3:cad>
          </ns3:TrackPointExtension>
        </extensions>
      </trkpt>
      <trkpt lat="30.28788766823709011077880859375" lon="120.222499184310436248779296875">
        <ele>15.6000003814697265625</ele>
        <time>2026-07-02T12:05:18.000Z</time>
        <extensions>
          <ns3:TrackPointExtension>
            <ns3:hr>179</ns3:hr>
            <ns3:cad>97</ns3:cad>
          </ns3:TrackPointExtension>
        </extensions>
      </trkpt>
      <trkpt lat="30.28787811286747455596923828125" lon="120.22246205247938632965087890625">
        <ele>15.6000003814697265625</ele>
        <time>2026-07-02T12:05:19.000Z</time>
        <extensions>
          <ns3:TrackPointExtension>
            <ns3:hr>179</ns3:hr>
            <ns3:cad>97</ns3:cad>
          </ns3:TrackPointExtension>
        </extensions>
      </trkpt>
      <trkpt lat="30.28786889277398586273193359375" lon="120.2224148623645305633544921875">
        <ele>15.6000003814697265625</ele>
        <time>2026-07-02T12:05:20.000Z</time>
        <extensions>
          <ns3:TrackPointExtension>
            <ns3:hr>179</ns3:hr>
            <ns3:cad>97</ns3:cad>
          </ns3:TrackPointExtension>
        </extensions>
      </trkpt>
      <trkpt lat="30.2878582477569580078125" lon="120.22237739525735378265380859375">
        <ele>15.3999996185302734375</ele>
        <time>2026-07-02T12:05:21.000Z</time>
        <extensions>
          <ns3:TrackPointExtension>
            <ns3:hr>179</ns3:hr>
            <ns3:cad>97</ns3:cad>
          </ns3:TrackPointExtension>
        </extensions>
      </trkpt>
      <trkpt lat="30.2878446690738201141357421875" lon="120.22233079187572002410888671875">
        <ele>15.3999996185302734375</ele>
        <time>2026-07-02T12:05:22.000Z</time>
        <extensions>
          <ns3:TrackPointExtension>
            <ns3:hr>179</ns3:hr>
            <ns3:cad>97</ns3:cad>
          </ns3:TrackPointExtension>
        </extensions>
      </trkpt>
      <trkpt lat="30.28783033601939678192138671875" lon="120.2222903072834014892578125">
        <ele>15.6000003814697265625</ele>
        <time>2026-07-02T12:05:23.000Z</time>
        <extensions>
          <ns3:TrackPointExtension>
            <ns3:hr>179</ns3:hr>
            <ns3:cad>97</ns3:cad>
          </ns3:TrackPointExtension>
        </extensions>
      </trkpt>
      <trkpt lat="30.28782379813492298126220703125" lon="120.222248733043670654296875">
        <ele>15.3999996185302734375</ele>
        <time>2026-07-02T12:05:24.000Z</time>
        <extensions>
          <ns3:TrackPointExtension>
            <ns3:hr>179</ns3:hr>
            <ns3:cad>97</ns3:cad>
          </ns3:TrackPointExtension>
        </extensions>
      </trkpt>
      <trkpt lat="30.28781843371689319610595703125" lon="120.2222079969942569732666015625">
        <ele>15.3999996185302734375</ele>
        <time>2026-07-02T12:05:25.000Z</time>
        <extensions>
          <ns3:TrackPointExtension>
            <ns3:hr>179</ns3:hr>
            <ns3:cad>96</ns3:cad>
          </ns3:TrackPointExtension>
        </extensions>
      </trkpt>
      <trkpt lat="30.28781407512724399566650390625" lon="120.22216784767806529998779296875">
        <ele>15.3999996185302734375</ele>
        <time>2026-07-02T12:05:26.000Z</time>
        <extensions>
          <ns3:TrackPointExtension>
            <ns3:hr>179</ns3:hr>
            <ns3:cad>95</ns3:cad>
          </ns3:TrackPointExtension>
        </extensions>
      </trkpt>
      <trkpt lat="30.28780787251889705657958984375" lon="120.2221225015819072723388671875">
        <ele>15.3999996185302734375</ele>
        <time>2026-07-02T12:05:27.000Z</time>
        <extensions>
          <ns3:TrackPointExtension>
            <ns3:hr>179</ns3:hr>
            <ns3:cad>96</ns3:cad>
          </ns3:TrackPointExtension>
        </extensions>
      </trkpt>
      <trkpt lat="30.2878007479012012481689453125" lon="120.22208553738892078399658203125">
        <ele>15.3999996185302734375</ele>
        <time>2026-07-02T12:05:28.000Z</time>
        <extensions>
          <ns3:TrackPointExtension>
            <ns3:hr>179</ns3:hr>
            <ns3:cad>97</ns3:cad>
          </ns3:TrackPointExtension>
        </extensions>
      </trkpt>
      <trkpt lat="30.28779865242540836334228515625" lon="120.22204899229109287261962890625">
        <ele>15.3999996185302734375</ele>
        <time>2026-07-02T12:05:29.000Z</time>
        <extensions>
          <ns3:TrackPointExtension>
            <ns3:hr>179</ns3:hr>
            <ns3:cad>97</ns3:cad>
          </ns3:TrackPointExtension>
        </extensions>
      </trkpt>
      <trkpt lat="30.28779412619769573211669921875" lon="120.222012363374233245849609375">
        <ele>15.3999996185302734375</ele>
        <time>2026-07-02T12:05:30.000Z</time>
        <extensions>
          <ns3:TrackPointExtension>
            <ns3:hr>179</ns3:hr>
            <ns3:cad>97</ns3:cad>
          </ns3:TrackPointExtension>
        </extensions>
      </trkpt>
      <trkpt lat="30.2877893485128879547119140625" lon="120.2219793386757373809814453125">
        <ele>15.3999996185302734375</ele>
        <time>2026-07-02T12:05:31.000Z</time>
        <extensions>
          <ns3:TrackPointExtension>
            <ns3:hr>179</ns3:hr>
            <ns3:cad>97</ns3:cad>
          </ns3:TrackPointExtension>
        </extensions>
      </trkpt>
      <trkpt lat="30.2877816371619701385498046875" lon="120.221938602626323699951171875">
        <ele>15.3999996185302734375</ele>
        <time>2026-07-02T12:05:32.000Z</time>
        <extensions>
          <ns3:TrackPointExtension>
            <ns3:hr>180</ns3:hr>
            <ns3:cad>97</ns3:cad>
          </ns3:TrackPointExtension>
        </extensions>
      </trkpt>
      <trkpt lat="30.28777711093425750732421875" lon="120.221895016729831695556640625">
        <ele>15.3999996185302734375</ele>
        <time>2026-07-02T12:05:33.000Z</time>
        <extensions>
          <ns3:TrackPointExtension>
            <ns3:hr>179</ns3:hr>
            <ns3:cad>96</ns3:cad>
          </ns3:TrackPointExtension>
        </extensions>
      </trkpt>
      <trkpt lat="30.28777149505913257598876953125" lon="120.221864841878414154052734375">
        <ele>15.3999996185302734375</ele>
        <time>2026-07-02T12:05:34.000Z</time>
        <extensions>
          <ns3:TrackPointExtension>
            <ns3:hr>180</ns3:hr>
            <ns3:cad>96</ns3:cad>
          </ns3:TrackPointExtension>
        </extensions>
      </trkpt>
      <trkpt lat="30.28775623999536037445068359375" lon="120.2218217588961124420166015625">
        <ele>15.3999996185302734375</ele>
        <time>2026-07-02T12:05:35.000Z</time>
        <extensions>
          <ns3:TrackPointExtension>
            <ns3:hr>180</ns3:hr>
            <ns3:cad>96</ns3:cad>
          </ns3:TrackPointExtension>
        </extensions>
      </trkpt>
      <trkpt lat="30.28774400241672992706298828125" lon="120.2217835374176502227783203125">
        <ele>15.3999996185302734375</ele>
        <time>2026-07-02T12:05:36.000Z</time>
        <extensions>
          <ns3:TrackPointExtension>
            <ns3:hr>181</ns3:hr>
            <ns3:cad>96</ns3:cad>
          </ns3:TrackPointExtension>
        </extensions>
      </trkpt>
      <trkpt lat="30.287735201418399810791015625" lon="120.22174053825438022613525390625">
        <ele>15.3999996185302734375</ele>
        <time>2026-07-02T12:05:37.000Z</time>
        <extensions>
          <ns3:TrackPointExtension>
            <ns3:hr>181</ns3:hr>
            <ns3:cad>96</ns3:cad>
          </ns3:TrackPointExtension>
        </extensions>
      </trkpt>
      <trkpt lat="30.28772455640137195587158203125" lon="120.221694521605968475341796875">
        <ele>15.3999996185302734375</ele>
        <time>2026-07-02T12:05:38.000Z</time>
        <extensions>
          <ns3:TrackPointExtension>
            <ns3:hr>181</ns3:hr>
            <ns3:cad>97</ns3:cad>
          </ns3:TrackPointExtension>
        </extensions>
      </trkpt>
      <trkpt lat="30.28771282173693180084228515625" lon="120.22165940143167972564697265625">
        <ele>15.19999980926513671875</ele>
        <time>2026-07-02T12:05:39.000Z</time>
        <extensions>
          <ns3:TrackPointExtension>
            <ns3:hr>181</ns3:hr>
            <ns3:cad>97</ns3:cad>
          </ns3:TrackPointExtension>
        </extensions>
      </trkpt>
      <trkpt lat="30.28769438154995441436767578125" lon="120.22162176668643951416015625">
        <ele>15.19999980926513671875</ele>
        <time>2026-07-02T12:05:40.000Z</time>
        <extensions>
          <ns3:TrackPointExtension>
            <ns3:hr>181</ns3:hr>
            <ns3:cad>97</ns3:cad>
          </ns3:TrackPointExtension>
        </extensions>
      </trkpt>
      <trkpt lat="30.28767828829586505889892578125" lon="120.2215843833982944488525390625">
        <ele>15.19999980926513671875</ele>
        <time>2026-07-02T12:05:41.000Z</time>
        <extensions>
          <ns3:TrackPointExtension>
            <ns3:hr>182</ns3:hr>
            <ns3:cad>97</ns3:cad>
          </ns3:TrackPointExtension>
        </extensions>
      </trkpt>
      <trkpt lat="30.287666805088520050048828125" lon="120.22154867649078369140625">
        <ele>15.19999980926513671875</ele>
        <time>2026-07-02T12:05:42.000Z</time>
        <extensions>
          <ns3:TrackPointExtension>
            <ns3:hr>182</ns3:hr>
            <ns3:cad>96</ns3:cad>
          </ns3:TrackPointExtension>
        </extensions>
      </trkpt>
      <trkpt lat="30.28764828108251094818115234375" lon="120.2215092815458774566650390625">
        <ele>15.19999980926513671875</ele>
        <time>2026-07-02T12:05:43.000Z</time>
        <extensions>
          <ns3:TrackPointExtension>
            <ns3:hr>182</ns3:hr>
            <ns3:cad>96</ns3:cad>
          </ns3:TrackPointExtension>
        </extensions>
      </trkpt>
      <trkpt lat="30.28763235546648502349853515625" lon="120.221475921571254730224609375">
        <ele>15.19999980926513671875</ele>
        <time>2026-07-02T12:05:44.000Z</time>
        <extensions>
          <ns3:TrackPointExtension>
            <ns3:hr>182</ns3:hr>
            <ns3:cad>96</ns3:cad>
          </ns3:TrackPointExtension>
        </extensions>
      </trkpt>
      <trkpt lat="30.28762263245880603790283203125" lon="120.22144298069179058074951171875">
        <ele>15</ele>
        <time>2026-07-02T12:05:45.000Z</time>
        <extensions>
          <ns3:TrackPointExtension>
            <ns3:hr>183</ns3:hr>
            <ns3:cad>97</ns3:cad>
          </ns3:TrackPointExtension>
        </extensions>
      </trkpt>
      <trkpt lat="30.2876046113669872283935546875" lon="120.22140182554721832275390625">
        <ele>15</ele>
        <time>2026-07-02T12:05:46.000Z</time>
        <extensions>
          <ns3:TrackPointExtension>
            <ns3:hr>182</ns3:hr>
            <ns3:cad>97</ns3:cad>
          </ns3:TrackPointExtension>
        </extensions>
      </trkpt>
      <trkpt lat="30.2875865064561367034912109375" lon="120.22137156687676906585693359375">
        <ele>15</ele>
        <time>2026-07-02T12:05:47.000Z</time>
        <extensions>
          <ns3:TrackPointExtension>
            <ns3:hr>183</ns3:hr>
            <ns3:cad>99</ns3:cad>
          </ns3:TrackPointExtension>
        </extensions>
      </trkpt>
      <trkpt lat="30.2875647135078907012939453125" lon="120.221335105597972869873046875">
        <ele>15</ele>
        <time>2026-07-02T12:05:48.000Z</time>
        <extensions>
          <ns3:TrackPointExtension>
            <ns3:hr>183</ns3:hr>
            <ns3:cad>99</ns3:cad>
          </ns3:TrackPointExtension>
        </extensions>
      </trkpt>
      <trkpt lat="30.28754166327416896820068359375" lon="120.22129462100565433502197265625">
        <ele>15</ele>
        <time>2026-07-02T12:05:49.000Z</time>
        <extensions>
          <ns3:TrackPointExtension>
            <ns3:hr>183</ns3:hr>
            <ns3:cad>99</ns3:cad>
          </ns3:TrackPointExtension>
        </extensions>
      </trkpt>
      <trkpt lat="30.28752439655363559722900390625" lon="120.22126444615423679351806640625">
        <ele>15</ele>
        <time>2026-07-02T12:05:50.000Z</time>
        <extensions>
          <ns3:TrackPointExtension>
            <ns3:hr>183</ns3:hr>
            <ns3:cad>99</ns3:cad>
          </ns3:TrackPointExtension>
        </extensions>
      </trkpt>
      <trkpt lat="30.2875023521482944488525390625" lon="120.2212236262857913970947265625">
        <ele>15</ele>
        <time>2026-07-02T12:05:51.000Z</time>
        <extensions>
          <ns3:TrackPointExtension>
            <ns3:hr>182</ns3:hr>
            <ns3:cad>98</ns3:cad>
          </ns3:TrackPointExtension>
        </extensions>
      </trkpt>
      <trkpt lat="30.28748148120939731597900390625" lon="120.22119051776826381683349609375">
        <ele>15</ele>
        <time>2026-07-02T12:05:52.000Z</time>
        <extensions>
          <ns3:TrackPointExtension>
            <ns3:hr>183</ns3:hr>
            <ns3:cad>98</ns3:cad>
          </ns3:TrackPointExtension>
        </extensions>
      </trkpt>
      <trkpt lat="30.287462286651134490966796875" lon="120.221158079802989959716796875">
        <ele>15</ele>
        <time>2026-07-02T12:05:53.000Z</time>
        <extensions>
          <ns3:TrackPointExtension>
            <ns3:hr>182</ns3:hr>
            <ns3:cad>98</ns3:cad>
          </ns3:TrackPointExtension>
        </extensions>
      </trkpt>
      <trkpt lat="30.28743990696966648101806640625" lon="120.2211139909923076629638671875">
        <ele>14.80000019073486328125</ele>
        <time>2026-07-02T12:05:54.000Z</time>
        <extensions>
          <ns3:TrackPointExtension>
            <ns3:hr>182</ns3:hr>
            <ns3:cad>97</ns3:cad>
          </ns3:TrackPointExtension>
        </extensions>
      </trkpt>
      <trkpt lat="30.28742867521941661834716796875" lon="120.2210811339318752288818359375">
        <ele>14.80000019073486328125</ele>
        <time>2026-07-02T12:05:55.000Z</time>
        <extensions>
          <ns3:TrackPointExtension>
            <ns3:hr>182</ns3:hr>
            <ns3:cad>97</ns3:cad>
          </ns3:TrackPointExtension>
        </extensions>
      </trkpt>
      <trkpt lat="30.2874170243740081787109375" lon="120.22104215808212757110595703125">
        <ele>14.80000019073486328125</ele>
        <time>2026-07-02T12:05:56.000Z</time>
        <extensions>
          <ns3:TrackPointExtension>
            <ns3:hr>182</ns3:hr>
            <ns3:cad>97</ns3:cad>
          </ns3:TrackPointExtension>
        </extensions>
      </trkpt>
      <trkpt lat="30.28741911984980106353759765625" lon="120.220998488366603851318359375">
        <ele>14.6000003814697265625</ele>
        <time>2026-07-02T12:05:57.000Z</time>
        <extensions>
          <ns3:TrackPointExtension>
            <ns3:hr>182</ns3:hr>
            <ns3:cad>97</ns3:cad>
          </ns3:TrackPointExtension>
        </extensions>
      </trkpt>
      <trkpt lat="30.28743118979036808013916015625" lon="120.2209611050784587860107421875">
        <ele>14.6000003814697265625</ele>
        <time>2026-07-02T12:05:58.000Z</time>
        <extensions>
          <ns3:TrackPointExtension>
            <ns3:hr>183</ns3:hr>
            <ns3:cad>97</ns3:cad>
          </ns3:TrackPointExtension>
        </extensions>
      </trkpt>
      <trkpt lat="30.28746304102241992950439453125" lon="120.22091575898230075836181640625">
        <ele>14.3999996185302734375</ele>
        <time>2026-07-02T12:05:59.000Z</time>
        <extensions>
          <ns3:TrackPointExtension>
            <ns3:hr>182</ns3:hr>
            <ns3:cad>97</ns3:cad>
          </ns3:TrackPointExtension>
        </extensions>
      </trkpt>
      <trkpt lat="30.287487767636775970458984375" lon="120.220885165035724639892578125">
        <ele>14.3999996185302734375</ele>
        <time>2026-07-02T12:06:00.000Z</time>
        <extensions>
          <ns3:TrackPointExtension>
            <ns3:hr>183</ns3:hr>
            <ns3:cad>97</ns3:cad>
          </ns3:TrackPointExtension>
        </extensions>
      </trkpt>
      <trkpt lat="30.287519283592700958251953125" lon="120.2208588458597660064697265625">
        <ele>14.3999996185302734375</ele>
        <time>2026-07-02T12:06:01.000Z</time>
        <extensions>
          <ns3:TrackPointExtension>
            <ns3:hr>183</ns3:hr>
            <ns3:cad>97</ns3:cad>
          </ns3:TrackPointExtension>
        </extensions>
      </trkpt>
      <trkpt lat="30.28756848536431789398193359375" lon="120.22083227522671222686767578125">
        <ele>14.3999996185302734375</ele>
        <time>2026-07-02T12:06:02.000Z</time>
        <extensions>
          <ns3:TrackPointExtension>
            <ns3:hr>183</ns3:hr>
            <ns3:cad>97</ns3:cad>
          </ns3:TrackPointExtension>
        </extensions>
      </trkpt>
      <trkpt lat="30.2875958941876888275146484375" lon="120.2208070456981658935546875">
        <ele>14.3999996185302734375</ele>
        <time>2026-07-02T12:06:03.000Z</time>
        <extensions>
          <ns3:TrackPointExtension>
            <ns3:hr>183</ns3:hr>
            <ns3:cad>97</ns3:cad>
          </ns3:TrackPointExtension>
        </extensions>
      </trkpt>
      <trkpt lat="30.28763252310454845428466796875" lon="120.22078651003539562225341796875">
        <ele>14.3999996185302734375</ele>
        <time>2026-07-02T12:06:04.000Z</time>
        <extensions>
          <ns3:TrackPointExtension>
            <ns3:hr>183</ns3:hr>
            <ns3:cad>97</ns3:cad>
          </ns3:TrackPointExtension>
        </extensions>
      </trkpt>
      <trkpt lat="30.28766420669853687286376953125" lon="120.2207733504474163055419921875">
        <ele>14.3999996185302734375</ele>
        <time>2026-07-02T12:06:05.000Z</time>
        <extensions>
          <ns3:TrackPointExtension>
            <ns3:hr>183</ns3:hr>
            <ns3:cad>98</ns3:cad>
          </ns3:TrackPointExtension>
        </extensions>
      </trkpt>
      <trkpt lat="30.28768750838935375213623046875" lon="120.22076086141169071197509765625">
        <ele>14.3999996185302734375</ele>
        <time>2026-07-02T12:06:06.000Z</time>
        <extensions>
          <ns3:TrackPointExtension>
            <ns3:hr>183</ns3:hr>
            <ns3:cad>98</ns3:cad>
          </ns3:TrackPointExtension>
        </extensions>
      </trkpt>
      <trkpt lat="30.2877253107726573944091796875" lon="120.22073940373957157135009765625">
        <ele>14.3999996185302734375</ele>
        <time>2026-07-02T12:06:07.000Z</time>
        <extensions>
          <ns3:TrackPointExtension>
            <ns3:hr>183</ns3:hr>
            <ns3:cad>97</ns3:cad>
          </ns3:TrackPointExtension>
        </extensions>
      </trkpt>
      <trkpt lat="30.2877524681389331817626953125" lon="120.2207187004387378692626953125">
        <ele>14.3999996185302734375</ele>
        <time>2026-07-02T12:06:08.000Z</time>
        <extensions>
          <ns3:TrackPointExtension>
            <ns3:hr>184</ns3:hr>
            <ns3:cad>97</ns3:cad>
          </ns3:TrackPointExtension>
        </extensions>
      </trkpt>
      <trkpt lat="30.2877816371619701385498046875" lon="120.22070621140301227569580078125">
        <ele>14.6000003814697265625</ele>
        <time>2026-07-02T12:06:09.000Z</time>
        <extensions>
          <ns3:TrackPointExtension>
            <ns3:hr>184</ns3:hr>
            <ns3:cad>96</ns3:cad>
          </ns3:TrackPointExtension>
        </extensions>
      </trkpt>
      <trkpt lat="30.28782128356397151947021484375" lon="120.2206885255873203277587890625">
        <ele>14.6000003814697265625</ele>
        <time>2026-07-02T12:06:10.000Z</time>
        <extensions>
          <ns3:TrackPointExtension>
            <ns3:hr>184</ns3:hr>
            <ns3:cad>96</ns3:cad>
          </ns3:TrackPointExtension>
        </extensions>
      </trkpt>
      <trkpt lat="30.2878434956073760986328125" lon="120.220667235553264617919921875">
        <ele>14.6000003814697265625</ele>
        <time>2026-07-02T12:06:11.000Z</time>
        <extensions>
          <ns3:TrackPointExtension>
            <ns3:hr>183</ns3:hr>
            <ns3:cad>96</ns3:cad>
          </ns3:TrackPointExtension>
        </extensions>
      </trkpt>
      <trkpt lat="30.2878778614103794097900390625" lon="120.22064686752855777740478515625">
        <ele>14.6000003814697265625</ele>
        <time>2026-07-02T12:06:12.000Z</time>
        <extensions>
          <ns3:TrackPointExtension>
            <ns3:hr>183</ns3:hr>
            <ns3:cad>96</ns3:cad>
          </ns3:TrackPointExtension>
        </extensions>
      </trkpt>
      <trkpt lat="30.28791784308850765228271484375" lon="120.22063127718865871429443359375">
        <ele>14.6000003814697265625</ele>
        <time>2026-07-02T12:06:13.000Z</time>
        <extensions>
          <ns3:TrackPointExtension>
            <ns3:hr>183</ns3:hr>
            <ns3:cad>96</ns3:cad>
          </ns3:TrackPointExtension>
        </extensions>
      </trkpt>
      <trkpt lat="30.287943072617053985595703125" lon="120.220614932477474212646484375">
        <ele>14.6000003814697265625</ele>
        <time>2026-07-02T12:06:14.000Z</time>
        <extensions>
          <ns3:TrackPointExtension>
            <ns3:hr>183</ns3:hr>
            <ns3:cad>96</ns3:cad>
          </ns3:TrackPointExtension>
        </extensions>
      </trkpt>
      <trkpt lat="30.28798238374292850494384765625" lon="120.220589451491832733154296875">
        <ele>14.6000003814697265625</ele>
        <time>2026-07-02T12:06:15.000Z</time>
        <extensions>
          <ns3:TrackPointExtension>
            <ns3:hr>184</ns3:hr>
            <ns3:cad>96</ns3:cad>
          </ns3:TrackPointExtension>
        </extensions>
      </trkpt>
      <trkpt lat="30.28801381587982177734375" lon="120.22056740708649158477783203125">
        <ele>14.6000003814697265625</ele>
        <time>2026-07-02T12:06:16.000Z</time>
        <extensions>
          <ns3:TrackPointExtension>
            <ns3:hr>183</ns3:hr>
            <ns3:cad>96</ns3:cad>
          </ns3:TrackPointExtension>
        </extensions>
      </trkpt>
      <trkpt lat="30.28804072178900241851806640625" lon="120.22054527886211872100830078125">
        <ele>14.6000003814697265625</ele>
        <time>2026-07-02T12:06:17.000Z</time>
        <extensions>
          <ns3:TrackPointExtension>
            <ns3:hr>183</ns3:hr>
            <ns3:cad>99</ns3:cad>
          </ns3:TrackPointExtension>
        </extensions>
      </trkpt>
      <trkpt lat="30.28807659633457660675048828125" lon="120.2205254137516021728515625">
        <ele>14.6000003814697265625</ele>
        <time>2026-07-02T12:06:18.000Z</time>
        <extensions>
          <ns3:TrackPointExtension>
            <ns3:hr>183</ns3:hr>
            <ns3:cad>99</ns3:cad>
          </ns3:TrackPointExtension>
        </extensions>
      </trkpt>
      <trkpt lat="30.2881063520908355712890625" lon="120.22050739265978336334228515625">
        <ele>14.6000003814697265625</ele>
        <time>2026-07-02T12:06:19.000Z</time>
        <extensions>
          <ns3:TrackPointExtension>
            <ns3:hr>183</ns3:hr>
            <ns3:cad>98</ns3:cad>
          </ns3:TrackPointExtension>
        </extensions>
      </trkpt>
      <trkpt lat="30.28813627548515796661376953125" lon="120.22049716673791408538818359375">
        <ele>14.6000003814697265625</ele>
        <time>2026-07-02T12:06:20.000Z</time>
        <extensions>
          <ns3:TrackPointExtension>
            <ns3:hr>184</ns3:hr>
            <ns3:cad>98</ns3:cad>
          </ns3:TrackPointExtension>
        </extensions>
      </trkpt>
      <trkpt lat="30.28817734681069850921630859375" lon="120.2204766310751438140869140625">
        <ele>14.6000003814697265625</ele>
        <time>2026-07-02T12:06:21.000Z</time>
        <extensions>
          <ns3:TrackPointExtension>
            <ns3:hr>183</ns3:hr>
            <ns3:cad>90</ns3:cad>
          </ns3:TrackPointExtension>
        </extensions>
      </trkpt>
      <trkpt lat="30.28820165432989597320556640625" lon="120.220454670488834381103515625">
        <ele>14.3999996185302734375</ele>
        <time>2026-07-02T12:06:22.000Z</time>
        <extensions>
          <ns3:TrackPointExtension>
            <ns3:hr>183</ns3:hr>
            <ns3:cad>90</ns3:cad>
          </ns3:TrackPointExtension>
        </extensions>
      </trkpt>
      <trkpt lat="30.28823308646678924560546875" lon="120.22043564356863498687744140625">
        <ele>14.6000003814697265625</ele>
        <time>2026-07-02T12:06:23.000Z</time>
        <extensions>
          <ns3:TrackPointExtension>
            <ns3:hr>183</ns3:hr>
            <ns3:cad>90</ns3:cad>
          </ns3:TrackPointExtension>
        </extensions>
      </trkpt>
      <trkpt lat="30.288268625736236572265625" lon="120.2204176224768161773681640625">
        <ele>14.6000003814697265625</ele>
        <time>2026-07-02T12:06:24.000Z</time>
        <extensions>
          <ns3:TrackPointExtension>
            <ns3:hr>183</ns3:hr>
            <ns3:cad>99</ns3:cad>
          </ns3:TrackPointExtension>
        </extensions>
      </trkpt>
      <trkpt lat="30.28829117305576801300048828125" lon="120.2203971706330776214599609375">
        <ele>14.6000003814697265625</ele>
        <time>2026-07-02T12:06:25.000Z</time>
        <extensions>
          <ns3:TrackPointExtension>
            <ns3:hr>184</ns3:hr>
            <ns3:cad>99</ns3:cad>
          </ns3:TrackPointExtension>
        </extensions>
      </trkpt>
      <trkpt lat="30.2883244492113590240478515625" lon="120.2203725278377532958984375">
        <ele>14.6000003814697265625</ele>
        <time>2026-07-02T12:06:26.000Z</time>
        <extensions>
          <ns3:TrackPointExtension>
            <ns3:hr>184</ns3:hr>
            <ns3:cad>98</ns3:cad>
          </ns3:TrackPointExtension>
        </extensions>
      </trkpt>
      <trkpt lat="30.28836183249950408935546875" lon="120.22035400383174419403076171875">
        <ele>14.6000003814697265625</ele>
        <time>2026-07-02T12:06:27.000Z</time>
        <extensions>
          <ns3:TrackPointExtension>
            <ns3:hr>184</ns3:hr>
            <ns3:cad>98</ns3:cad>
          </ns3:TrackPointExtension>
        </extensions>
      </trkpt>
      <trkpt lat="30.28838873840868473052978515625" lon="120.22033405490219593048095703125">
        <ele>14.6000003814697265625</ele>
        <time>2026-07-02T12:06:28.000Z</time>
        <extensions>
          <ns3:TrackPointExtension>
            <ns3:hr>184</ns3:hr>
            <ns3:cad>98</ns3:cad>
          </ns3:TrackPointExtension>
        </extensions>
      </trkpt>
      <trkpt lat="30.288427211344242095947265625" lon="120.22030471824109554290771484375">
        <ele>14.6000003814697265625</ele>
        <time>2026-07-02T12:06:29.000Z</time>
        <extensions>
          <ns3:TrackPointExtension>
            <ns3:hr>183</ns3:hr>
            <ns3:cad>98</ns3:cad>
          </ns3:TrackPointExtension>
        </extensions>
      </trkpt>
      <trkpt lat="30.2884590625762939453125" lon="120.22028175182640552520751953125">
        <ele>14.6000003814697265625</ele>
        <time>2026-07-02T12:06:30.000Z</time>
        <extensions>
          <ns3:TrackPointExtension>
            <ns3:hr>184</ns3:hr>
            <ns3:cad>98</ns3:cad>
          </ns3:TrackPointExtension>
        </extensions>
      </trkpt>
      <trkpt lat="30.28848982416093349456787109375" lon="120.22026649676263332366943359375">
        <ele>14.3999996185302734375</ele>
        <time>2026-07-02T12:06:31.000Z</time>
        <extensions>
          <ns3:TrackPointExtension>
            <ns3:hr>184</ns3:hr>
            <ns3:cad>99</ns3:cad>
          </ns3:TrackPointExtension>
        </extensions>
      </trkpt>
      <trkpt lat="30.28852720744907855987548828125" lon="120.2202462963759899139404296875">
        <ele>14.3999996185302734375</ele>
        <time>2026-07-02T12:06:32.000Z</time>
        <extensions>
          <ns3:TrackPointExtension>
            <ns3:hr>183</ns3:hr>
            <ns3:cad>99</ns3:cad>
          </ns3:TrackPointExtension>
        </extensions>
      </trkpt>
      <trkpt lat="30.288551263511180877685546875" lon="120.22022492252290248870849609375">
        <ele>14.3999996185302734375</ele>
        <time>2026-07-02T12:06:33.000Z</time>
        <extensions>
          <ns3:TrackPointExtension>
            <ns3:hr>184</ns3:hr>
            <ns3:cad>99</ns3:cad>
          </ns3:TrackPointExtension>
        </extensions>
      </trkpt>
      <trkpt lat="30.28858319856226444244384765625" lon="120.220199190080165863037109375">
        <ele>14.3999996185302734375</ele>
        <time>2026-07-02T12:06:34.000Z</time>
        <extensions>
          <ns3:TrackPointExtension>
            <ns3:hr>184</ns3:hr>
            <ns3:cad>99</ns3:cad>
          </ns3:TrackPointExtension>
        </extensions>
      </trkpt>
      <trkpt lat="30.2886131219565868377685546875" lon="120.2201768942177295684814453125">
        <ele>14.3999996185302734375</ele>
        <time>2026-07-02T12:06:35.000Z</time>
        <extensions>
          <ns3:TrackPointExtension>
            <ns3:hr>183</ns3:hr>
            <ns3:cad>98</ns3:cad>
          </ns3:TrackPointExtension>
        </extensions>
      </trkpt>
      <trkpt lat="30.28862996958196163177490234375" lon="120.22016105242073535919189453125">
        <ele>14.3999996185302734375</ele>
        <time>2026-07-02T12:06:36.000Z</time>
        <extensions>
          <ns3:TrackPointExtension>
            <ns3:hr>183</ns3:hr>
            <ns3:cad>98</ns3:cad>
          </ns3:TrackPointExtension>
        </extensions>
      </trkpt>
      <trkpt lat="30.28866316191852092742919921875" lon="120.22013171575963497161865234375">
        <ele>14.3999996185302734375</ele>
        <time>2026-07-02T12:06:37.000Z</time>
        <extensions>
          <ns3:TrackPointExtension>
            <ns3:hr>183</ns3:hr>
            <ns3:cad>98</ns3:cad>
          </ns3:TrackPointExtension>
        </extensions>
      </trkpt>
      <trkpt lat="30.28868679888546466827392578125" lon="120.22010154090821743011474609375">
        <ele>14.3999996185302734375</ele>
        <time>2026-07-02T12:06:38.000Z</time>
        <extensions>
          <ns3:TrackPointExtension>
            <ns3:hr>184</ns3:hr>
            <ns3:cad>96</ns3:cad>
          </ns3:TrackPointExtension>
        </extensions>
      </trkpt>
      <trkpt lat="30.28871881775557994842529296875" lon="120.2200833521783351898193359375">
        <ele>14.3999996185302734375</ele>
        <time>2026-07-02T12:06:39.000Z</time>
        <extensions>
          <ns3:TrackPointExtension>
            <ns3:hr>184</ns3:hr>
            <ns3:cad>96</ns3:cad>
          </ns3:TrackPointExtension>
        </extensions>
      </trkpt>
      <trkpt lat="30.28875268064439296722412109375" lon="120.2200625650584697723388671875">
        <ele>14.3999996185302734375</ele>
        <time>2026-07-02T12:06:40.000Z</time>
        <extensions>
          <ns3:TrackPointExtension>
            <ns3:hr>184</ns3:hr>
            <ns3:cad>96</ns3:cad>
          </ns3:TrackPointExtension>
        </extensions>
      </trkpt>
      <trkpt lat="30.288777910172939300537109375" lon="120.22004370577633380889892578125">
        <ele>14.6000003814697265625</ele>
        <time>2026-07-02T12:06:41.000Z</time>
        <extensions>
          <ns3:TrackPointExtension>
            <ns3:hr>184</ns3:hr>
            <ns3:cad>97</ns3:cad>
          </ns3:TrackPointExtension>
        </extensions>
      </trkpt>
      <trkpt lat="30.288810767233371734619140625" lon="120.2200162969529628753662109375">
        <ele>14.6000003814697265625</ele>
        <time>2026-07-02T12:06:42.000Z</time>
        <extensions>
          <ns3:TrackPointExtension>
            <ns3:hr>183</ns3:hr>
            <ns3:cad>97</ns3:cad>
          </ns3:TrackPointExtension>
        </extensions>
      </trkpt>
      <trkpt lat="30.28883457183837890625" lon="120.21999458782374858856201171875">
        <ele>14.6000003814697265625</ele>
        <time>2026-07-02T12:06:43.000Z</time>
        <extensions>
          <ns3:TrackPointExtension>
            <ns3:hr>184</ns3:hr>
            <ns3:cad>97</ns3:cad>
          </ns3:TrackPointExtension>
        </extensions>
      </trkpt>
      <trkpt lat="30.28886198066174983978271484375" lon="120.21997279487550258636474609375">
        <ele>14.6000003814697265625</ele>
        <time>2026-07-02T12:06:44.000Z</time>
        <extensions>
          <ns3:TrackPointExtension>
            <ns3:hr>184</ns3:hr>
            <ns3:cad>97</ns3:cad>
          </ns3:TrackPointExtension>
        </extensions>
      </trkpt>
      <trkpt lat="30.28888846747577190399169921875" lon="120.21995267830789089202880859375">
        <ele>14.3999996185302734375</ele>
        <time>2026-07-02T12:06:45.000Z</time>
        <extensions>
          <ns3:TrackPointExtension>
            <ns3:hr>183</ns3:hr>
            <ns3:cad>97</ns3:cad>
          </ns3:TrackPointExtension>
        </extensions>
      </trkpt>
      <trkpt lat="30.2889098413288593292236328125" lon="120.2199284546077251434326171875">
        <ele>14.3999996185302734375</ele>
        <time>2026-07-02T12:06:46.000Z</time>
        <extensions>
          <ns3:TrackPointExtension>
            <ns3:hr>184</ns3:hr>
            <ns3:cad>97</ns3:cad>
          </ns3:TrackPointExtension>
        </extensions>
      </trkpt>
      <trkpt lat="30.2889450453221797943115234375" lon="120.2199056558310985565185546875">
        <ele>14.3999996185302734375</ele>
        <time>2026-07-02T12:06:47.000Z</time>
        <extensions>
          <ns3:TrackPointExtension>
            <ns3:hr>183</ns3:hr>
            <ns3:cad>97</ns3:cad>
          </ns3:TrackPointExtension>
        </extensions>
      </trkpt>
      <trkpt lat="30.28896306641399860382080078125" lon="120.2198892273008823394775390625">
        <ele>14.3999996185302734375</ele>
        <time>2026-07-02T12:06:48.000Z</time>
        <extensions>
          <ns3:TrackPointExtension>
            <ns3:hr>183</ns3:hr>
            <ns3:cad>94</ns3:cad>
          </ns3:TrackPointExtension>
        </extensions>
      </trkpt>
      <trkpt lat="30.28899206779897212982177734375" lon="120.2198613993823528289794921875">
        <ele>14.3999996185302734375</ele>
        <time>2026-07-02T12:06:49.000Z</time>
        <extensions>
          <ns3:TrackPointExtension>
            <ns3:hr>183</ns3:hr>
            <ns3:cad>94</ns3:cad>
          </ns3:TrackPointExtension>
        </extensions>
      </trkpt>
      <trkpt lat="30.289015285670757293701171875" lon="120.21983801387250423431396484375">
        <ele>14.3999996185302734375</ele>
        <time>2026-07-02T12:06:50.000Z</time>
        <extensions>
          <ns3:TrackPointExtension>
            <ns3:hr>183</ns3:hr>
            <ns3:cad>94</ns3:cad>
          </ns3:TrackPointExtension>
        </extensions>
      </trkpt>
      <trkpt lat="30.28904520906507968902587890625" lon="120.2198154665529727935791015625">
        <ele>14.3999996185302734375</ele>
        <time>2026-07-02T12:06:51.000Z</time>
        <extensions>
          <ns3:TrackPointExtension>
            <ns3:hr>184</ns3:hr>
            <ns3:cad>94</ns3:cad>
          </ns3:TrackPointExtension>
        </extensions>
      </trkpt>
      <trkpt lat="30.2890711091458797454833984375" lon="120.21979493089020252227783203125">
        <ele>14.3999996185302734375</ele>
        <time>2026-07-02T12:06:52.000Z</time>
        <extensions>
          <ns3:TrackPointExtension>
            <ns3:hr>183</ns3:hr>
            <ns3:cad>94</ns3:cad>
          </ns3:TrackPointExtension>
        </extensions>
      </trkpt>
      <trkpt lat="30.28909415937960147857666015625" lon="120.219780765473842620849609375">
        <ele>14.6000003814697265625</ele>
        <time>2026-07-02T12:06:53.000Z</time>
        <extensions>
          <ns3:TrackPointExtension>
            <ns3:hr>183</ns3:hr>
            <ns3:cad>92</ns3:cad>
          </ns3:TrackPointExtension>
        </extensions>
      </trkpt>
      <trkpt lat="30.28912357985973358154296875" lon="120.2197594754397869110107421875">
        <ele>14.6000003814697265625</ele>
        <time>2026-07-02T12:06:54.000Z</time>
        <extensions>
          <ns3:TrackPointExtension>
            <ns3:hr>183</ns3:hr>
            <ns3:cad>92</ns3:cad>
          </ns3:TrackPointExtension>
        </extensions>
      </trkpt>
      <trkpt lat="30.2891421876847743988037109375" lon="120.21974061615765094757080078125">
        <ele>14.6000003814697265625</ele>
        <time>2026-07-02T12:06:55.000Z</time>
        <extensions>
          <ns3:TrackPointExtension>
            <ns3:hr>184</ns3:hr>
            <ns3:cad>92</ns3:cad>
          </ns3:TrackPointExtension>
        </extensions>
      </trkpt>
      <trkpt lat="30.28916724957525730133056640625" lon="120.21971781738102436065673828125">
        <ele>14.6000003814697265625</ele>
        <time>2026-07-02T12:06:56.000Z</time>
        <extensions>
          <ns3:TrackPointExtension>
            <ns3:hr>183</ns3:hr>
            <ns3:cad>93</ns3:cad>
          </ns3:TrackPointExtension>
        </extensions>
      </trkpt>
      <trkpt lat="30.28918971307575702667236328125" lon="120.21969334222376346588134765625">
        <ele>14.6000003814697265625</ele>
        <time>2026-07-02T12:06:57.000Z</time>
        <extensions>
          <ns3:TrackPointExtension>
            <ns3:hr>183</ns3:hr>
            <ns3:cad>93</ns3:cad>
          </ns3:TrackPointExtension>
        </extensions>
      </trkpt>
      <trkpt lat="30.28921737335622310638427734375" lon="120.2196659334003925323486328125">
        <ele>14.6000003814697265625</ele>
        <time>2026-07-02T12:06:58.000Z</time>
        <extensions>
          <ns3:TrackPointExtension>
            <ns3:hr>183</ns3:hr>
            <ns3:cad>93</ns3:cad>
          </ns3:TrackPointExtension>
        </extensions>
      </trkpt>
      <trkpt lat="30.28923732228577136993408203125" lon="120.21964221261441707611083984375">
        <ele>14.6000003814697265625</ele>
        <time>2026-07-02T12:06:59.000Z</time>
        <extensions>
          <ns3:TrackPointExtension>
            <ns3:hr>183</ns3:hr>
            <ns3:cad>93</ns3:cad>
          </ns3:TrackPointExtension>
        </extensions>
      </trkpt>
      <trkpt lat="30.2892638929188251495361328125" lon="120.2196143008768558502197265625">
        <ele>14.6000003814697265625</ele>
        <time>2026-07-02T12:07:00.000Z</time>
        <extensions>
          <ns3:TrackPointExtension>
            <ns3:hr>183</ns3:hr>
            <ns3:cad>94</ns3:cad>
          </ns3:TrackPointExtension>
        </extensions>
      </trkpt>
      <trkpt lat="30.289287865161895751953125" lon="120.21958974190056324005126953125">
        <ele>14.6000003814697265625</ele>
        <time>2026-07-02T12:07:01.000Z</time>
        <extensions>
          <ns3:TrackPointExtension>
            <ns3:hr>183</ns3:hr>
            <ns3:cad>94</ns3:cad>
          </ns3:TrackPointExtension>
        </extensions>
      </trkpt>
      <trkpt lat="30.2893145196139812469482421875" lon="120.2195687033236026763916015625">
        <ele>14.6000003814697265625</ele>
        <time>2026-07-02T12:07:02.000Z</time>
        <extensions>
          <ns3:TrackPointExtension>
            <ns3:hr>183</ns3:hr>
            <ns3:cad>94</ns3:cad>
          </ns3:TrackPointExtension>
        </extensions>
      </trkpt>
      <trkpt lat="30.28934477828443050384521484375" lon="120.21953945048153400421142578125">
        <ele>14.6000003814697265625</ele>
        <time>2026-07-02T12:07:03.000Z</time>
        <extensions>
          <ns3:TrackPointExtension>
            <ns3:hr>183</ns3:hr>
            <ns3:cad>94</ns3:cad>
          </ns3:TrackPointExtension>
        </extensions>
      </trkpt>
      <trkpt lat="30.28936187736690044403076171875" lon="120.21951464004814624786376953125">
        <ele>14.6000003814697265625</ele>
        <time>2026-07-02T12:07:04.000Z</time>
        <extensions>
          <ns3:TrackPointExtension>
            <ns3:hr>183</ns3:hr>
            <ns3:cad>94</ns3:cad>
          </ns3:TrackPointExtension>
        </extensions>
      </trkpt>
      <trkpt lat="30.28939054347574710845947265625" lon="120.21948312409222126007080078125">
        <ele>14.6000003814697265625</ele>
        <time>2026-07-02T12:07:05.000Z</time>
        <extensions>
          <ns3:TrackPointExtension>
            <ns3:hr>183</ns3:hr>
            <ns3:cad>93</ns3:cad>
          </ns3:TrackPointExtension>
        </extensions>
      </trkpt>
      <trkpt lat="30.28941501863300800323486328125" lon="120.2194580622017383575439453125">
        <ele>14.6000003814697265625</ele>
        <time>2026-07-02T12:07:06.000Z</time>
        <extensions>
          <ns3:TrackPointExtension>
            <ns3:hr>183</ns3:hr>
            <ns3:cad>93</ns3:cad>
          </ns3:TrackPointExtension>
        </extensions>
      </trkpt>
      <trkpt lat="30.28944167308509349822998046875" lon="120.21943400613963603973388671875">
        <ele>14.6000003814697265625</ele>
        <time>2026-07-02T12:07:07.000Z</time>
        <extensions>
          <ns3:TrackPointExtension>
            <ns3:hr>182</ns3:hr>
            <ns3:cad>93</ns3:cad>
          </ns3:TrackPointExtension>
        </extensions>
      </trkpt>
      <trkpt lat="30.28947226703166961669921875" lon="120.21940399892628192901611328125">
        <ele>14.6000003814697265625</ele>
        <time>2026-07-02T12:07:08.000Z</time>
        <extensions>
          <ns3:TrackPointExtension>
            <ns3:hr>182</ns3:hr>
            <ns3:cad>94</ns3:cad>
          </ns3:TrackPointExtension>
        </extensions>
      </trkpt>
      <trkpt lat="30.289492718875408172607421875" lon="120.219383798539638519287109375">
        <ele>14.6000003814697265625</ele>
        <time>2026-07-02T12:07:09.000Z</time>
        <extensions>
          <ns3:TrackPointExtension>
            <ns3:hr>182</ns3:hr>
            <ns3:cad>94</ns3:cad>
          </ns3:TrackPointExtension>
        </extensions>
      </trkpt>
      <trkpt lat="30.28951962478458881378173828125" lon="120.21935789845883846282958984375">
        <ele>14.6000003814697265625</ele>
        <time>2026-07-02T12:07:10.000Z</time>
        <extensions>
          <ns3:TrackPointExtension>
            <ns3:hr>183</ns3:hr>
            <ns3:cad>96</ns3:cad>
          </ns3:TrackPointExtension>
        </extensions>
      </trkpt>
      <trkpt lat="30.2895368076860904693603515625" lon="120.21933577023446559906005859375">
        <ele>14.6000003814697265625</ele>
        <time>2026-07-02T12:07:11.000Z</time>
        <extensions>
          <ns3:TrackPointExtension>
            <ns3:hr>183</ns3:hr>
            <ns3:cad>96</ns3:cad>
          </ns3:TrackPointExtension>
        </extensions>
      </trkpt>
      <trkpt lat="30.28956622816622257232666015625" lon="120.21931112743914127349853515625">
        <ele>14.3999996185302734375</ele>
        <time>2026-07-02T12:07:12.000Z</time>
        <extensions>
          <ns3:TrackPointExtension>
            <ns3:hr>183</ns3:hr>
            <ns3:cad>96</ns3:cad>
          </ns3:TrackPointExtension>
        </extensions>
      </trkpt>
      <trkpt lat="30.2895907871425151824951171875" lon="120.2192835509777069091796875">
        <ele>14.6000003814697265625</ele>
        <time>2026-07-02T12:07:13.000Z</time>
        <extensions>
          <ns3:TrackPointExtension>
            <ns3:hr>183</ns3:hr>
            <ns3:cad>95</ns3:cad>
          </ns3:TrackPointExtension>
        </extensions>
      </trkpt>
      <trkpt lat="30.289616771042346954345703125" lon="120.2192656137049198150634765625">
        <ele>14.6000003814697265625</ele>
        <time>2026-07-02T12:07:14.000Z</time>
        <extensions>
          <ns3:TrackPointExtension>
            <ns3:hr>182</ns3:hr>
            <ns3:cad>95</ns3:cad>
          </ns3:TrackPointExtension>
        </extensions>
      </trkpt>
      <trkpt lat="30.28964803554117679595947265625" lon="120.21924088709056377410888671875">
        <ele>14.3999996185302734375</ele>
        <time>2026-07-02T12:07:15.000Z</time>
        <extensions>
          <ns3:TrackPointExtension>
            <ns3:hr>183</ns3:hr>
            <ns3:cad>95</ns3:cad>
          </ns3:TrackPointExtension>
        </extensions>
      </trkpt>
      <trkpt lat="30.28967083431780338287353515625" lon="120.21922261454164981842041015625">
        <ele>14.3999996185302734375</ele>
        <time>2026-07-02T12:07:16.000Z</time>
        <extensions>
          <ns3:TrackPointExtension>
            <ns3:hr>183</ns3:hr>
            <ns3:cad>95</ns3:cad>
          </ns3:TrackPointExtension>
        </extensions>
      </trkpt>
      <trkpt lat="30.289701931178569793701171875" lon="120.2192005701363086700439453125">
        <ele>14.6000003814697265625</ele>
        <time>2026-07-02T12:07:17.000Z</time>
        <extensions>
          <ns3:TrackPointExtension>
            <ns3:hr>182</ns3:hr>
            <ns3:cad>94</ns3:cad>
          </ns3:TrackPointExtension>
        </extensions>
      </trkpt>
      <trkpt lat="30.2897290885448455810546875" lon="120.2191807888448238372802734375">
        <ele>14.6000003814697265625</ele>
        <time>2026-07-02T12:07:18.000Z</time>
        <extensions>
          <ns3:TrackPointExtension>
            <ns3:hr>182</ns3:hr>
            <ns3:cad>94</ns3:cad>
          </ns3:TrackPointExtension>
        </extensions>
      </trkpt>
      <trkpt lat="30.28976261615753173828125" lon="120.2191680483520030975341796875">
        <ele>14.6000003814697265625</ele>
        <time>2026-07-02T12:07:19.000Z</time>
        <extensions>
          <ns3:TrackPointExtension>
            <ns3:hr>182</ns3:hr>
            <ns3:cad>94</ns3:cad>
          </ns3:TrackPointExtension>
        </extensions>
      </trkpt>
      <trkpt lat="30.28978315182030200958251953125" lon="120.21915690042078495025634765625">
        <ele>14.3999996185302734375</ele>
        <time>2026-07-02T12:07:20.000Z</time>
        <extensions>
          <ns3:TrackPointExtension>
            <ns3:hr>182</ns3:hr>
            <ns3:cad>94</ns3:cad>
          </ns3:TrackPointExtension>
        </extensions>
      </trkpt>
      <trkpt lat="30.289820618927478790283203125" lon="120.21914566867053508758544921875">
        <ele>14.3999996185302734375</ele>
        <time>2026-07-02T12:07:21.000Z</time>
        <extensions>
          <ns3:TrackPointExtension>
            <ns3:hr>181</ns3:hr>
            <ns3:cad>91</ns3:cad>
          </ns3:TrackPointExtension>
        </extensions>
      </trkpt>
      <trkpt lat="30.2898439206182956695556640625" lon="120.21914340555667877197265625">
        <ele>14.19999980926513671875</ele>
        <time>2026-07-02T12:07:22.000Z</time>
        <extensions>
          <ns3:TrackPointExtension>
            <ns3:hr>181</ns3:hr>
            <ns3:cad>91</ns3:cad>
          </ns3:TrackPointExtension>
        </extensions>
      </trkpt>
      <trkpt lat="30.2898777835071086883544921875" lon="120.21914097480475902557373046875">
        <ele>14.19999980926513671875</ele>
        <time>2026-07-02T12:07:23.000Z</time>
        <extensions>
          <ns3:TrackPointExtension>
            <ns3:hr>181</ns3:hr>
            <ns3:cad>91</ns3:cad>
          </ns3:TrackPointExtension>
        </extensions>
      </trkpt>
      <trkpt lat="30.2899074554443359375" lon="120.21914566867053508758544921875">
        <ele>14</ele>
        <time>2026-07-02T12:07:24.000Z</time>
        <extensions>
          <ns3:TrackPointExtension>
            <ns3:hr>181</ns3:hr>
            <ns3:cad>91</ns3:cad>
          </ns3:TrackPointExtension>
        </extensions>
      </trkpt>
      <trkpt lat="30.28993637301027774810791015625" lon="120.2191620133817195892333984375">
        <ele>14</ele>
        <time>2026-07-02T12:07:25.000Z</time>
        <extensions>
          <ns3:TrackPointExtension>
            <ns3:hr>181</ns3:hr>
            <ns3:cad>91</ns3:cad>
          </ns3:TrackPointExtension>
        </extensions>
      </trkpt>
      <trkpt lat="30.28996386565268039703369140625" lon="120.219175927340984344482421875">
        <ele>14</ele>
        <time>2026-07-02T12:07:26.000Z</time>
        <extensions>
          <ns3:TrackPointExtension>
            <ns3:hr>182</ns3:hr>
            <ns3:cad>92</ns3:cad>
          </ns3:TrackPointExtension>
        </extensions>
      </trkpt>
      <trkpt lat="30.289984904229640960693359375" lon="120.219197385013103485107421875">
        <ele>14.19999980926513671875</ele>
        <time>2026-07-02T12:07:27.000Z</time>
        <extensions>
          <ns3:TrackPointExtension>
            <ns3:hr>181</ns3:hr>
            <ns3:cad>92</ns3:cad>
          </ns3:TrackPointExtension>
        </extensions>
      </trkpt>
      <trkpt lat="30.290000997483730316162109375" lon="120.2192183397710323333740234375">
        <ele>14.19999980926513671875</ele>
        <time>2026-07-02T12:07:28.000Z</time>
        <extensions>
          <ns3:TrackPointExtension>
            <ns3:hr>181</ns3:hr>
            <ns3:cad>92</ns3:cad>
          </ns3:TrackPointExtension>
        </extensions>
      </trkpt>
      <trkpt lat="30.2900102175772190093994140625" lon="120.219250358641147613525390625">
        <ele>14.19999980926513671875</ele>
        <time>2026-07-02T12:07:29.000Z</time>
        <extensions>
          <ns3:TrackPointExtension>
            <ns3:hr>181</ns3:hr>
            <ns3:cad>92</ns3:cad>
          </ns3:TrackPointExtension>
        </extensions>
      </trkpt>
      <trkpt lat="30.29002119787037372589111328125" lon="120.219274498522281646728515625">
        <ele>14.19999980926513671875</ele>
        <time>2026-07-02T12:07:30.000Z</time>
        <extensions>
          <ns3:TrackPointExtension>
            <ns3:hr>181</ns3:hr>
            <ns3:cad>91</ns3:cad>
          </ns3:TrackPointExtension>
        </extensions>
      </trkpt>
      <trkpt lat="30.290027149021625518798828125" lon="120.219305343925952911376953125">
        <ele>14.3999996185302734375</ele>
        <time>2026-07-02T12:07:31.000Z</time>
        <extensions>
          <ns3:TrackPointExtension>
            <ns3:hr>181</ns3:hr>
            <ns3:cad>91</ns3:cad>
          </ns3:TrackPointExtension>
        </extensions>
      </trkpt>
      <trkpt lat="30.290035866200923919677734375" lon="120.21932805888354778289794921875">
        <ele>14.3999996185302734375</ele>
        <time>2026-07-02T12:07:32.000Z</time>
        <extensions>
          <ns3:TrackPointExtension>
            <ns3:hr>180</ns3:hr>
            <ns3:cad>91</ns3:cad>
          </ns3:TrackPointExtension>
        </extensions>
      </trkpt>
      <trkpt lat="30.2900444157421588897705078125" lon="120.2193631790578365325927734375">
        <ele>14.19999980926513671875</ele>
        <time>2026-07-02T12:07:33.000Z</time>
        <extensions>
          <ns3:TrackPointExtension>
            <ns3:hr>180</ns3:hr>
            <ns3:cad>91</ns3:cad>
          </ns3:TrackPointExtension>
        </extensions>
      </trkpt>
      <trkpt lat="30.29005640186369419097900390625" lon="120.21939042024314403533935546875">
        <ele>14.19999980926513671875</ele>
        <time>2026-07-02T12:07:34.000Z</time>
        <extensions>
          <ns3:TrackPointExtension>
            <ns3:hr>180</ns3:hr>
            <ns3:cad>90</ns3:cad>
          </ns3:TrackPointExtension>
        </extensions>
      </trkpt>
      <trkpt lat="30.2900688908994197845458984375" lon="120.21942369639873504638671875">
        <ele>14.19999980926513671875</ele>
        <time>2026-07-02T12:07:35.000Z</time>
        <extensions>
          <ns3:TrackPointExtension>
            <ns3:hr>180</ns3:hr>
            <ns3:cad>89</ns3:cad>
          </ns3:TrackPointExtension>
        </extensions>
      </trkpt>
      <trkpt lat="30.2900856547057628631591796875" lon="120.21944138221442699432373046875">
        <ele>14.19999980926513671875</ele>
        <time>2026-07-02T12:07:36.000Z</time>
        <extensions>
          <ns3:TrackPointExtension>
            <ns3:hr>180</ns3:hr>
            <ns3:cad>89</ns3:cad>
          </ns3:TrackPointExtension>
        </extensions>
      </trkpt>
      <trkpt lat="30.29009462334215641021728515625" lon="120.21947608329355716705322265625">
        <ele>14.19999980926513671875</ele>
        <time>2026-07-02T12:07:37.000Z</time>
        <extensions>
          <ns3:TrackPointExtension>
            <ns3:hr>180</ns3:hr>
            <ns3:cad>89</ns3:cad>
          </ns3:TrackPointExtension>
        </extensions>
      </trkpt>
      <trkpt lat="30.2901054359972476959228515625" lon="120.21949879825115203857421875">
        <ele>14.19999980926513671875</ele>
        <time>2026-07-02T12:07:38.000Z</time>
        <extensions>
          <ns3:TrackPointExtension>
            <ns3:hr>179</ns3:hr>
            <ns3:cad>89</ns3:cad>
          </ns3:TrackPointExtension>
        </extensions>
      </trkpt>
      <trkpt lat="30.29011272825300693511962890625" lon="120.2195324935019016265869140625">
        <ele>14.3999996185302734375</ele>
        <time>2026-07-02T12:07:39.000Z</time>
        <extensions>
          <ns3:TrackPointExtension>
            <ns3:hr>179</ns3:hr>
            <ns3:cad>89</ns3:cad>
          </ns3:TrackPointExtension>
        </extensions>
      </trkpt>
      <trkpt lat="30.290121026337146759033203125" lon="120.21956057287752628326416015625">
        <ele>14.3999996185302734375</ele>
        <time>2026-07-02T12:07:40.000Z</time>
        <extensions>
          <ns3:TrackPointExtension>
            <ns3:hr>179</ns3:hr>
            <ns3:cad>89</ns3:cad>
          </ns3:TrackPointExtension>
        </extensions>
      </trkpt>
      <trkpt lat="30.29012865386903285980224609375" lon="120.21959460340440273284912109375">
        <ele>14.19999980926513671875</ele>
        <time>2026-07-02T12:07:41.000Z</time>
        <extensions>
          <ns3:TrackPointExtension>
            <ns3:hr>178</ns3:hr>
            <ns3:cad>89</ns3:cad>
          </ns3:TrackPointExtension>
        </extensions>
      </trkpt>
      <trkpt lat="30.2901394665241241455078125" lon="120.2196163125336170196533203125">
        <ele>14.19999980926513671875</ele>
        <time>2026-07-02T12:07:42.000Z</time>
        <extensions>
          <ns3:TrackPointExtension>
            <ns3:hr>178</ns3:hr>
            <ns3:cad>88</ns3:cad>
          </ns3:TrackPointExtension>
        </extensions>
      </trkpt>
      <trkpt lat="30.29015145264565944671630859375" lon="120.21964355371892452239990234375">
        <ele>14.19999980926513671875</ele>
        <time>2026-07-02T12:07:43.000Z</time>
        <extensions>
          <ns3:TrackPointExtension>
            <ns3:hr>178</ns3:hr>
            <ns3:cad>88</ns3:cad>
          </ns3:TrackPointExtension>
        </extensions>
      </trkpt>
      <trkpt lat="30.29016293585300445556640625" lon="120.21967121399939060211181640625">
        <ele>14.19999980926513671875</ele>
        <time>2026-07-02T12:07:44.000Z</time>
        <extensions>
          <ns3:TrackPointExtension>
            <ns3:hr>178</ns3:hr>
            <ns3:cad>88</ns3:cad>
          </ns3:TrackPointExtension>
        </extensions>
      </trkpt>
      <trkpt lat="30.29017676599323749542236328125" lon="120.21969200111925601959228515625">
        <ele>14.19999980926513671875</ele>
        <time>2026-07-02T12:07:45.000Z</time>
        <extensions>
          <ns3:TrackPointExtension>
            <ns3:hr>177</ns3:hr>
            <ns3:cad>88</ns3:cad>
          </ns3:TrackPointExtension>
        </extensions>
      </trkpt>
      <trkpt lat="30.29018682427704334259033203125" lon="120.21972318179905414581298828125">
        <ele>14.19999980926513671875</ele>
        <time>2026-07-02T12:07:46.000Z</time>
        <extensions>
          <ns3:TrackPointExtension>
            <ns3:hr>177</ns3:hr>
            <ns3:cad>88</ns3:cad>
          </ns3:TrackPointExtension>
        </extensions>
      </trkpt>
      <trkpt lat="30.29019772075116634368896484375" lon="120.21974648348987102508544921875">
        <ele>14.19999980926513671875</ele>
        <time>2026-07-02T12:07:47.000Z</time>
        <extensions>
          <ns3:TrackPointExtension>
            <ns3:hr>177</ns3:hr>
            <ns3:cad>88</ns3:cad>
          </ns3:TrackPointExtension>
        </extensions>
      </trkpt>
      <trkpt lat="30.29020945541560649871826171875" lon="120.219781436026096343994140625">
        <ele>14.19999980926513671875</ele>
        <time>2026-07-02T12:07:48.000Z</time>
        <extensions>
          <ns3:TrackPointExtension>
            <ns3:hr>176</ns3:hr>
            <ns3:cad>88</ns3:cad>
          </ns3:TrackPointExtension>
        </extensions>
      </trkpt>
      <trkpt lat="30.2902244590222835540771484375" lon="120.21980381570756435394287109375">
        <ele>14.19999980926513671875</ele>
        <time>2026-07-02T12:07:49.000Z</time>
        <extensions>
          <ns3:TrackPointExtension>
            <ns3:hr>176</ns3:hr>
            <ns3:cad>88</ns3:cad>
          </ns3:TrackPointExtension>
        </extensions>
      </trkpt>
      <trkpt lat="30.29023124836385250091552734375" lon="120.2198318950831890106201171875">
        <ele>14.19999980926513671875</ele>
        <time>2026-07-02T12:07:50.000Z</time>
        <extensions>
          <ns3:TrackPointExtension>
            <ns3:hr>176</ns3:hr>
            <ns3:cad>88</ns3:cad>
          </ns3:TrackPointExtension>
        </extensions>
      </trkpt>
      <trkpt lat="30.290239043533802032470703125" lon="120.21984572522342205047607421875">
        <ele>14.19999980926513671875</ele>
        <time>2026-07-02T12:07:51.000Z</time>
        <extensions>
          <ns3:TrackPointExtension>
            <ns3:hr>175</ns3:hr>
            <ns3:cad>88</ns3:cad>
          </ns3:TrackPointExtension>
        </extensions>
      </trkpt>
      <trkpt lat="30.29025119729340076446533203125" lon="120.2198711223900318145751953125">
        <ele>14.19999980926513671875</ele>
        <time>2026-07-02T12:07:52.000Z</time>
        <extensions>
          <ns3:TrackPointExtension>
            <ns3:hr>175</ns3:hr>
            <ns3:cad>88</ns3:cad>
          </ns3:TrackPointExtension>
        </extensions>
      </trkpt>
      <trkpt lat="30.290263853967189788818359375" lon="120.21989182569086551666259765625">
        <ele>14.19999980926513671875</ele>
        <time>2026-07-02T12:07:53.000Z</time>
        <extensions>
          <ns3:TrackPointExtension>
            <ns3:hr>175</ns3:hr>
            <ns3:cad>88</ns3:cad>
          </ns3:TrackPointExtension>
        </extensions>
      </trkpt>
      <trkpt lat="30.290274582803249359130859375" lon="120.21992568857967853546142578125">
        <ele>14.19999980926513671875</ele>
        <time>2026-07-02T12:07:54.000Z</time>
        <extensions>
          <ns3:TrackPointExtension>
            <ns3:hr>174</ns3:hr>
            <ns3:cad>88</ns3:cad>
          </ns3:TrackPointExtension>
        </extensions>
      </trkpt>
      <trkpt lat="30.2902858145534992218017578125" lon="120.21994848735630512237548828125">
        <ele>14.19999980926513671875</ele>
        <time>2026-07-02T12:07:55.000Z</time>
        <extensions>
          <ns3:TrackPointExtension>
            <ns3:hr>174</ns3:hr>
            <ns3:cad>88</ns3:cad>
          </ns3:TrackPointExtension>
        </extensions>
      </trkpt>
      <trkpt lat="30.29029914177954196929931640625" lon="120.21997832693159580230712890625">
        <ele>14.19999980926513671875</ele>
        <time>2026-07-02T12:07:56.000Z</time>
        <extensions>
          <ns3:TrackPointExtension>
            <ns3:hr>173</ns3:hr>
            <ns3:cad>88</ns3:cad>
          </ns3:TrackPointExtension>
        </extensions>
      </trkpt>
      <trkpt lat="30.29031154699623584747314453125" lon="120.220006071031093597412109375">
        <ele>14.19999980926513671875</ele>
        <time>2026-07-02T12:07:57.000Z</time>
        <extensions>
          <ns3:TrackPointExtension>
            <ns3:hr>173</ns3:hr>
            <ns3:cad>88</ns3:cad>
          </ns3:TrackPointExtension>
        </extensions>
      </trkpt>
      <trkpt lat="30.29032713733613491058349609375" lon="120.22003197111189365386962890625">
        <ele>14.19999980926513671875</ele>
        <time>2026-07-02T12:07:58.000Z</time>
        <extensions>
          <ns3:TrackPointExtension>
            <ns3:hr>173</ns3:hr>
            <ns3:cad>88</ns3:cad>
          </ns3:TrackPointExtension>
        </extensions>
      </trkpt>
      <trkpt lat="30.29034038074314594268798828125" lon="120.22005594335496425628662109375">
        <ele>14.19999980926513671875</ele>
        <time>2026-07-02T12:07:59.000Z</time>
        <extensions>
          <ns3:TrackPointExtension>
            <ns3:hr>173</ns3:hr>
            <ns3:cad>88</ns3:cad>
          </ns3:TrackPointExtension>
        </extensions>
      </trkpt>
      <trkpt lat="30.290353707969188690185546875" lon="120.22007991559803485870361328125">
        <ele>14.19999980926513671875</ele>
        <time>2026-07-02T12:08:00.000Z</time>
        <extensions>
          <ns3:TrackPointExtension>
            <ns3:hr>172</ns3:hr>
            <ns3:cad>88</ns3:cad>
          </ns3:TrackPointExtension>
        </extensions>
      </trkpt>
      <trkpt lat="30.2903689630329608917236328125" lon="120.22010858170688152313232421875">
        <ele>14.19999980926513671875</ele>
        <time>2026-07-02T12:08:01.000Z</time>
        <extensions>
          <ns3:TrackPointExtension>
            <ns3:hr>172</ns3:hr>
            <ns3:cad>88</ns3:cad>
          </ns3:TrackPointExtension>
        </extensions>
      </trkpt>
      <trkpt lat="30.29038581065833568572998046875" lon="120.220134817063808441162109375">
        <ele>14.19999980926513671875</ele>
        <time>2026-07-02T12:08:02.000Z</time>
        <extensions>
          <ns3:TrackPointExtension>
            <ns3:hr>172</ns3:hr>
            <ns3:cad>87</ns3:cad>
          </ns3:TrackPointExtension>
        </extensions>
      </trkpt>
      <trkpt lat="30.29040341265499591827392578125" lon="120.220162980258464813232421875">
        <ele>14.19999980926513671875</ele>
        <time>2026-07-02T12:08:03.000Z</time>
        <extensions>
          <ns3:TrackPointExtension>
            <ns3:hr>171</ns3:hr>
            <ns3:cad>87</ns3:cad>
          </ns3:TrackPointExtension>
        </extensions>
      </trkpt>
      <trkpt lat="30.29042311012744903564453125" lon="120.22018804214894771575927734375">
        <ele>14.19999980926513671875</ele>
        <time>2026-07-02T12:08:04.000Z</time>
        <extensions>
          <ns3:TrackPointExtension>
            <ns3:hr>171</ns3:hr>
            <ns3:cad>87</ns3:cad>
          </ns3:TrackPointExtension>
        </extensions>
      </trkpt>
      <trkpt lat="30.29043844901025295257568359375" lon="120.22021494805812835693359375">
        <ele>14.19999980926513671875</ele>
        <time>2026-07-02T12:08:05.000Z</time>
        <extensions>
          <ns3:TrackPointExtension>
            <ns3:hr>170</ns3:hr>
            <ns3:cad>88</ns3:cad>
          </ns3:TrackPointExtension>
        </extensions>
      </trkpt>
      <trkpt lat="30.29045001603662967681884765625" lon="120.2202410995960235595703125">
        <ele>14.19999980926513671875</ele>
        <time>2026-07-02T12:08:06.000Z</time>
        <extensions>
          <ns3:TrackPointExtension>
            <ns3:hr>170</ns3:hr>
            <ns3:cad>88</ns3:cad>
          </ns3:TrackPointExtension>
        </extensions>
      </trkpt>
      <trkpt lat="30.29046594165265560150146484375" lon="120.220266245305538177490234375">
        <ele>14.19999980926513671875</ele>
        <time>2026-07-02T12:08:07.000Z</time>
        <extensions>
          <ns3:TrackPointExtension>
            <ns3:hr>169</ns3:hr>
            <ns3:cad>89</ns3:cad>
          </ns3:TrackPointExtension>
        </extensions>
      </trkpt>
      <trkpt lat="30.29048454947769641876220703125" lon="120.22029030136764049530029296875">
        <ele>14</ele>
        <time>2026-07-02T12:08:08.000Z</time>
        <extensions>
          <ns3:TrackPointExtension>
            <ns3:hr>169</ns3:hr>
            <ns3:cad>89</ns3:cad>
          </ns3:TrackPointExtension>
        </extensions>
      </trkpt>
      <trkpt lat="30.29049896635115146636962890625" lon="120.22031611762940883636474609375">
        <ele>14.19999980926513671875</ele>
        <time>2026-07-02T12:08:09.000Z</time>
        <extensions>
          <ns3:TrackPointExtension>
            <ns3:hr>169</ns3:hr>
            <ns3:cad>89</ns3:cad>
          </ns3:TrackPointExtension>
        </extensions>
      </trkpt>
      <trkpt lat="30.29051573015749454498291015625" lon="120.22033522836863994598388671875">
        <ele>14.19999980926513671875</ele>
        <time>2026-07-02T12:08:10.000Z</time>
        <extensions>
          <ns3:TrackPointExtension>
            <ns3:hr>169</ns3:hr>
            <ns3:cad>89</ns3:cad>
          </ns3:TrackPointExtension>
        </extensions>
      </trkpt>
      <trkpt lat="30.29052763245999813079833984375" lon="120.22035442292690277099609375">
        <ele>14.19999980926513671875</ele>
        <time>2026-07-02T12:08:11.000Z</time>
        <extensions>
          <ns3:TrackPointExtension>
            <ns3:hr>168</ns3:hr>
            <ns3:cad>89</ns3:cad>
          </ns3:TrackPointExtension>
        </extensions>
      </trkpt>
      <trkpt lat="30.2905433066189289093017578125" lon="120.2203738689422607421875">
        <ele>14.19999980926513671875</ele>
        <time>2026-07-02T12:08:12.000Z</time>
        <extensions>
          <ns3:TrackPointExtension>
            <ns3:hr>168</ns3:hr>
            <ns3:cad>89</ns3:cad>
          </ns3:TrackPointExtension>
        </extensions>
      </trkpt>
      <trkpt lat="30.29055722057819366455078125" lon="120.22040278650820255279541015625">
        <ele>14.19999980926513671875</ele>
        <time>2026-07-02T12:08:13.000Z</time>
        <extensions>
          <ns3:TrackPointExtension>
            <ns3:hr>168</ns3:hr>
            <ns3:cad>89</ns3:cad>
          </ns3:TrackPointExtension>
        </extensions>
      </trkpt>
      <trkpt lat="30.29057557694613933563232421875" lon="120.22042407654225826263427734375">
        <ele>14</ele>
        <time>2026-07-02T12:08:14.000Z</time>
        <extensions>
          <ns3:TrackPointExtension>
            <ns3:hr>168</ns3:hr>
            <ns3:cad>89</ns3:cad>
          </ns3:TrackPointExtension>
        </extensions>
      </trkpt>
      <trkpt lat="30.2905919216573238372802734375" lon="120.2204531617462635040283203125">
        <ele>14</ele>
        <time>2026-07-02T12:08:15.000Z</time>
        <extensions>
          <ns3:TrackPointExtension>
            <ns3:hr>167</ns3:hr>
            <ns3:cad>90</ns3:cad>
          </ns3:TrackPointExtension>
        </extensions>
      </trkpt>
      <trkpt lat="30.290611870586872100830078125" lon="120.2204732783138751983642578125">
        <ele>13.80000019073486328125</ele>
        <time>2026-07-02T12:08:16.000Z</time>
        <extensions>
          <ns3:TrackPointExtension>
            <ns3:hr>167</ns3:hr>
            <ns3:cad>90</ns3:cad>
          </ns3:TrackPointExtension>
        </extensions>
      </trkpt>
      <trkpt lat="30.29062603600323200225830078125" lon="120.22050135768949985504150390625">
        <ele>13.80000019073486328125</ele>
        <time>2026-07-02T12:08:17.000Z</time>
        <extensions>
          <ns3:TrackPointExtension>
            <ns3:hr>167</ns3:hr>
            <ns3:cad>90</ns3:cad>
          </ns3:TrackPointExtension>
        </extensions>
      </trkpt>
      <trkpt lat="30.2906469069421291351318359375" lon="120.22052432410418987274169921875">
        <ele>14</ele>
        <time>2026-07-02T12:08:18.000Z</time>
        <extensions>
          <ns3:TrackPointExtension>
            <ns3:hr>167</ns3:hr>
            <ns3:cad>90</ns3:cad>
          </ns3:TrackPointExtension>
        </extensions>
      </trkpt>
      <trkpt lat="30.29066174291074275970458984375" lon="120.22055064328014850616455078125">
        <ele>14</ele>
        <time>2026-07-02T12:08:19.000Z</time>
        <extensions>
          <ns3:TrackPointExtension>
            <ns3:hr>167</ns3:hr>
            <ns3:cad>88</ns3:cad>
          </ns3:TrackPointExtension>
        </extensions>
      </trkpt>
      <trkpt lat="30.29067716561257839202880859375" lon="120.22057210095226764678955078125">
        <ele>14</ele>
        <time>2026-07-02T12:08:20.000Z</time>
        <extensions>
          <ns3:TrackPointExtension>
            <ns3:hr>168</ns3:hr>
            <ns3:cad>88</ns3:cad>
          </ns3:TrackPointExtension>
        </extensions>
      </trkpt>
      <trkpt lat="30.290692336857318878173828125" lon="120.220600180327892303466796875">
        <ele>14</ele>
        <time>2026-07-02T12:08:21.000Z</time>
        <extensions>
          <ns3:TrackPointExtension>
            <ns3:hr>167</ns3:hr>
            <ns3:cad>88</ns3:cad>
          </ns3:TrackPointExtension>
        </extensions>
      </trkpt>
      <trkpt lat="30.2907052449882030487060546875" lon="120.22061920724809169769287109375">
        <ele>14</ele>
        <time>2026-07-02T12:08:22.000Z</time>
        <extensions>
          <ns3:TrackPointExtension>
            <ns3:hr>167</ns3:hr>
            <ns3:cad>89</ns3:cad>
          </ns3:TrackPointExtension>
        </extensions>
      </trkpt>
      <trkpt lat="30.29072024859488010406494140625" lon="120.220648460090160369873046875">
        <ele>13.80000019073486328125</ele>
        <time>2026-07-02T12:08:23.000Z</time>
        <extensions>
          <ns3:TrackPointExtension>
            <ns3:hr>168</ns3:hr>
            <ns3:cad>89</ns3:cad>
          </ns3:TrackPointExtension>
        </extensions>
      </trkpt>
      <trkpt lat="30.29073315672576427459716796875" lon="120.22066882811486721038818359375">
        <ele>13.80000019073486328125</ele>
        <time>2026-07-02T12:08:24.000Z</time>
        <extensions>
          <ns3:TrackPointExtension>
            <ns3:hr>167</ns3:hr>
            <ns3:cad>89</ns3:cad>
          </ns3:TrackPointExtension>
        </extensions>
      </trkpt>
      <trkpt lat="30.29074673540890216827392578125" lon="120.22070369683206081390380859375">
        <ele>13.80000019073486328125</ele>
        <time>2026-07-02T12:08:25.000Z</time>
        <extensions>
          <ns3:TrackPointExtension>
            <ns3:hr>168</ns3:hr>
            <ns3:cad>89</ns3:cad>
          </ns3:TrackPointExtension>
        </extensions>
      </trkpt>
      <trkpt lat="30.2907565422356128692626953125" lon="120.2207264117896556854248046875">
        <ele>13.80000019073486328125</ele>
        <time>2026-07-02T12:08:26.000Z</time>
        <extensions>
          <ns3:TrackPointExtension>
            <ns3:hr>168</ns3:hr>
            <ns3:cad>89</ns3:cad>
          </ns3:TrackPointExtension>
        </extensions>
      </trkpt>
      <trkpt lat="30.290766097605228424072265625" lon="120.2207542397081851959228515625">
        <ele>13.80000019073486328125</ele>
        <time>2026-07-02T12:08:27.000Z</time>
        <extensions>
          <ns3:TrackPointExtension>
            <ns3:hr>168</ns3:hr>
            <ns3:cad>89</ns3:cad>
          </ns3:TrackPointExtension>
        </extensions>
      </trkpt>
      <trkpt lat="30.29077691026031970977783203125" lon="120.22077796049416065216064453125">
        <ele>13.6000003814697265625</ele>
        <time>2026-07-02T12:08:28.000Z</time>
        <extensions>
          <ns3:TrackPointExtension>
            <ns3:hr>167</ns3:hr>
            <ns3:cad>89</ns3:cad>
          </ns3:TrackPointExtension>
        </extensions>
      </trkpt>
      <trkpt lat="30.29079250060021877288818359375" lon="120.22080092690885066986083984375">
        <ele>13.80000019073486328125</ele>
        <time>2026-07-02T12:08:29.000Z</time>
        <extensions>
          <ns3:TrackPointExtension>
            <ns3:hr>167</ns3:hr>
            <ns3:cad>88</ns3:cad>
          </ns3:TrackPointExtension>
        </extensions>
      </trkpt>
      <trkpt lat="30.290807001292705535888671875" lon="120.2208263240754604339599609375">
        <ele>13.80000019073486328125</ele>
        <time>2026-07-02T12:08:30.000Z</time>
        <extensions>
          <ns3:TrackPointExtension>
            <ns3:hr>167</ns3:hr>
            <ns3:cad>89</ns3:cad>
          </ns3:TrackPointExtension>
        </extensions>
      </trkpt>
      <trkpt lat="30.2908178977668285369873046875" lon="120.22084887139499187469482421875">
        <ele>13.80000019073486328125</ele>
        <time>2026-07-02T12:08:31.000Z</time>
        <extensions>
          <ns3:TrackPointExtension>
            <ns3:hr>167</ns3:hr>
            <ns3:cad>89</ns3:cad>
          </ns3:TrackPointExtension>
        </extensions>
      </trkpt>
      <trkpt lat="30.29083256609737873077392578125" lon="120.2208722569048404693603515625">
        <ele>13.80000019073486328125</ele>
        <time>2026-07-02T12:08:32.000Z</time>
        <extensions>
          <ns3:TrackPointExtension>
            <ns3:hr>166</ns3:hr>
            <ns3:cad>89</ns3:cad>
          </ns3:TrackPointExtension>
        </extensions>
      </trkpt>
      <trkpt lat="30.290849246084690093994140625" lon="120.2208984084427356719970703125">
        <ele>13.80000019073486328125</ele>
        <time>2026-07-02T12:08:33.000Z</time>
        <extensions>
          <ns3:TrackPointExtension>
            <ns3:hr>166</ns3:hr>
            <ns3:cad>89</ns3:cad>
          </ns3:TrackPointExtension>
        </extensions>
      </trkpt>
      <trkpt lat="30.29086458496749401092529296875" lon="120.220923386514186859130859375">
        <ele>13.6000003814697265625</ele>
        <time>2026-07-02T12:08:34.000Z</time>
        <extensions>
          <ns3:TrackPointExtension>
            <ns3:hr>166</ns3:hr>
            <ns3:cad>89</ns3:cad>
          </ns3:TrackPointExtension>
        </extensions>
      </trkpt>
      <trkpt lat="30.290884114801883697509765625" lon="120.22094509564340114593505859375">
        <ele>13.3999996185302734375</ele>
        <time>2026-07-02T12:08:35.000Z</time>
        <extensions>
          <ns3:TrackPointExtension>
            <ns3:hr>166</ns3:hr>
            <ns3:cad>90</ns3:cad>
          </ns3:TrackPointExtension>
        </extensions>
      </trkpt>
      <trkpt lat="30.29090498574078083038330078125" lon="120.2209694869816303253173828125">
        <ele>13.3999996185302734375</ele>
        <time>2026-07-02T12:08:36.000Z</time>
        <extensions>
          <ns3:TrackPointExtension>
            <ns3:hr>166</ns3:hr>
            <ns3:cad>90</ns3:cad>
          </ns3:TrackPointExtension>
        </extensions>
      </trkpt>
      <trkpt lat="30.2909258566796779632568359375" lon="120.22099186666309833526611328125">
        <ele>13.3999996185302734375</ele>
        <time>2026-07-02T12:08:37.000Z</time>
        <extensions>
          <ns3:TrackPointExtension>
            <ns3:hr>166</ns3:hr>
            <ns3:cad>88</ns3:cad>
          </ns3:TrackPointExtension>
        </extensions>
      </trkpt>
      <trkpt lat="30.29094655998051166534423828125" lon="120.22101298905909061431884765625">
        <ele>13.6000003814697265625</ele>
        <time>2026-07-02T12:08:38.000Z</time>
        <extensions>
          <ns3:TrackPointExtension>
            <ns3:hr>166</ns3:hr>
            <ns3:cad>88</ns3:cad>
          </ns3:TrackPointExtension>
        </extensions>
      </trkpt>
      <trkpt lat="30.29096650891005992889404296875" lon="120.2210204489529132843017578125">
        <ele>13.6000003814697265625</ele>
        <time>2026-07-02T12:08:39.000Z</time>
        <extensions>
          <ns3:TrackPointExtension>
            <ns3:hr>166</ns3:hr>
            <ns3:cad>87</ns3:cad>
          </ns3:TrackPointExtension>
        </extensions>
      </trkpt>
      <trkpt lat="30.29098561964929103851318359375" lon="120.22103863768279552459716796875">
        <ele>13.6000003814697265625</ele>
        <time>2026-07-02T12:08:40.000Z</time>
        <extensions>
          <ns3:TrackPointExtension>
            <ns3:hr>166</ns3:hr>
            <ns3:cad>87</ns3:cad>
          </ns3:TrackPointExtension>
        </extensions>
      </trkpt>
      <trkpt lat="30.29100456275045871734619140625" lon="120.221047438681125640869140625">
        <ele>13.6000003814697265625</ele>
        <time>2026-07-02T12:08:41.000Z</time>
        <extensions>
          <ns3:TrackPointExtension>
            <ns3:hr>166</ns3:hr>
            <ns3:cad>87</ns3:cad>
          </ns3:TrackPointExtension>
        </extensions>
      </trkpt>
      <trkpt lat="30.2910271100699901580810546875" lon="120.2210650406777858734130859375">
        <ele>13.3999996185302734375</ele>
        <time>2026-07-02T12:08:42.000Z</time>
        <extensions>
          <ns3:TrackPointExtension>
            <ns3:hr>166</ns3:hr>
            <ns3:cad>87</ns3:cad>
          </ns3:TrackPointExtension>
        </extensions>
      </trkpt>
      <trkpt lat="30.2910425327718257904052734375" lon="120.22107987664639949798583984375">
        <ele>13.3999996185302734375</ele>
        <time>2026-07-02T12:08:43.000Z</time>
        <extensions>
          <ns3:TrackPointExtension>
            <ns3:hr>166</ns3:hr>
            <ns3:cad>89</ns3:cad>
          </ns3:TrackPointExtension>
        </extensions>
      </trkpt>
      <trkpt lat="30.291061140596866607666015625" lon="120.22109898738563060760498046875">
        <ele>13.3999996185302734375</ele>
        <time>2026-07-02T12:08:44.000Z</time>
        <extensions>
          <ns3:TrackPointExtension>
            <ns3:hr>165</ns3:hr>
            <ns3:cad>89</ns3:cad>
          </ns3:TrackPointExtension>
        </extensions>
      </trkpt>
      <trkpt lat="30.2910757251083850860595703125" lon="120.22112010978162288665771484375">
        <ele>13.3999996185302734375</ele>
        <time>2026-07-02T12:08:45.000Z</time>
        <extensions>
          <ns3:TrackPointExtension>
            <ns3:hr>165</ns3:hr>
            <ns3:cad>88</ns3:cad>
          </ns3:TrackPointExtension>
        </extensions>
      </trkpt>
      <trkpt lat="30.29109743423759937286376953125" lon="120.22114039398729801177978515625">
        <ele>13.3999996185302734375</ele>
        <time>2026-07-02T12:08:46.000Z</time>
        <extensions>
          <ns3:TrackPointExtension>
            <ns3:hr>164</ns3:hr>
            <ns3:cad>87</ns3:cad>
          </ns3:TrackPointExtension>
        </extensions>
      </trkpt>
      <trkpt lat="30.291110090911388397216796875" lon="120.22116034291684627532958984375">
        <ele>13.3999996185302734375</ele>
        <time>2026-07-02T12:08:47.000Z</time>
        <extensions>
          <ns3:TrackPointExtension>
            <ns3:hr>164</ns3:hr>
            <ns3:cad>87</ns3:cad>
          </ns3:TrackPointExtension>
        </extensions>
      </trkpt>
      <trkpt lat="30.2911283634603023529052734375" lon="120.22117878310382366180419921875">
        <ele>13.3999996185302734375</ele>
        <time>2026-07-02T12:08:48.000Z</time>
        <extensions>
          <ns3:TrackPointExtension>
            <ns3:hr>163</ns3:hr>
            <ns3:cad>87</ns3:cad>
          </ns3:TrackPointExtension>
        </extensions>
      </trkpt>
      <trkpt lat="30.2911484800279140472412109375" lon="120.221191607415676116943359375">
        <ele>13.3999996185302734375</ele>
        <time>2026-07-02T12:08:49.000Z</time>
        <extensions>
          <ns3:TrackPointExtension>
            <ns3:hr>163</ns3:hr>
            <ns3:cad>87</ns3:cad>
          </ns3:TrackPointExtension>
        </extensions>
      </trkpt>
      <trkpt lat="30.29116876423358917236328125" lon="120.221196971833705902099609375">
        <ele>13.3999996185302734375</ele>
        <time>2026-07-02T12:08:50.000Z</time>
        <extensions>
          <ns3:TrackPointExtension>
            <ns3:hr>163</ns3:hr>
            <ns3:cad>87</ns3:cad>
          </ns3:TrackPointExtension>
        </extensions>
      </trkpt>
      <trkpt lat="30.291189886629581451416015625" lon="120.2212105505168437957763671875">
        <ele>13.3999996185302734375</ele>
        <time>2026-07-02T12:08:51.000Z</time>
        <extensions>
          <ns3:TrackPointExtension>
            <ns3:hr>162</ns3:hr>
            <ns3:cad>87</ns3:cad>
          </ns3:TrackPointExtension>
        </extensions>
      </trkpt>
      <trkpt lat="30.2912071533501148223876953125" lon="120.22121817804872989654541015625">
        <ele>13.3999996185302734375</ele>
        <time>2026-07-02T12:08:52.000Z</time>
        <extensions>
          <ns3:TrackPointExtension>
            <ns3:hr>162</ns3:hr>
            <ns3:cad>87</ns3:cad>
          </ns3:TrackPointExtension>
        </extensions>
      </trkpt>
      <trkpt lat="30.2912235818803310394287109375" lon="120.2212400548160076141357421875">
        <ele>13.3999996185302734375</ele>
        <time>2026-07-02T12:08:53.000Z</time>
        <extensions>
          <ns3:TrackPointExtension>
            <ns3:hr>162</ns3:hr>
            <ns3:cad>87</ns3:cad>
          </ns3:TrackPointExtension>
        </extensions>
      </trkpt>
      <trkpt lat="30.29123221524059772491455078125" lon="120.2212561480700969696044921875">
        <ele>13.3999996185302734375</ele>
        <time>2026-07-02T12:08:54.000Z</time>
        <extensions>
          <ns3:TrackPointExtension>
            <ns3:hr>161</ns3:hr>
            <ns3:cad>88</ns3:cad>
          </ns3:TrackPointExtension>
        </extensions>
      </trkpt>
      <trkpt lat="30.29123942367732524871826171875" lon="120.22128137759864330291748046875">
        <ele>13.3999996185302734375</ele>
        <time>2026-07-02T12:08:55.000Z</time>
        <extensions>
          <ns3:TrackPointExtension>
            <ns3:hr>161</ns3:hr>
            <ns3:cad>88</ns3:cad>
          </ns3:TrackPointExtension>
        </extensions>
      </trkpt>
      <trkpt lat="30.2912396751344203948974609375" lon="120.22130937315523624420166015625">
        <ele>13.3999996185302734375</ele>
        <time>2026-07-02T12:08:56.000Z</time>
        <extensions>
          <ns3:TrackPointExtension>
            <ns3:hr>161</ns3:hr>
            <ns3:cad>88</ns3:cad>
          </ns3:TrackPointExtension>
        </extensions>
      </trkpt>
      <trkpt lat="30.29124612919986248016357421875" lon="120.2213235385715961456298828125">
        <ele>13.3999996185302734375</ele>
        <time>2026-07-02T12:08:57.000Z</time>
        <extensions>
          <ns3:TrackPointExtension>
            <ns3:hr>161</ns3:hr>
            <ns3:cad>88</ns3:cad>
          </ns3:TrackPointExtension>
        </extensions>
      </trkpt>
      <trkpt lat="30.29124596156179904937744140625" lon="120.2213449962437152862548828125">
        <ele>13.3999996185302734375</ele>
        <time>2026-07-02T12:08:58.000Z</time>
        <extensions>
          <ns3:TrackPointExtension>
            <ns3:hr>161</ns3:hr>
            <ns3:cad>87</ns3:cad>
          </ns3:TrackPointExtension>
        </extensions>
      </trkpt>
      <trkpt lat="30.29124579392373561859130859375" lon="120.22136083804070949554443359375">
        <ele>13.3999996185302734375</ele>
        <time>2026-07-02T12:08:59.000Z</time>
        <extensions>
          <ns3:TrackPointExtension>
            <ns3:hr>161</ns3:hr>
            <ns3:cad>86</ns3:cad>
          </ns3:TrackPointExtension>
        </extensions>
      </trkpt>
      <trkpt lat="30.291238836944103240966796875" lon="120.22138313390314579010009765625">
        <ele>13.3999996185302734375</ele>
        <time>2026-07-02T12:09:00.000Z</time>
        <extensions>
          <ns3:TrackPointExtension>
            <ns3:hr>160</ns3:hr>
            <ns3:cad>85</ns3:cad>
          </ns3:TrackPointExtension>
        </extensions>
      </trkpt>
      <trkpt lat="30.29123489744961261749267578125" lon="120.22140375338494777679443359375">
        <ele>13.3999996185302734375</ele>
        <time>2026-07-02T12:09:01.000Z</time>
        <extensions>
          <ns3:TrackPointExtension>
            <ns3:hr>160</ns3:hr>
            <ns3:cad>85</ns3:cad>
          </ns3:TrackPointExtension>
        </extensions>
      </trkpt>
      <trkpt lat="30.29123657383024692535400390625" lon="120.22141733206808567047119140625">
        <ele>13.3999996185302734375</ele>
        <time>2026-07-02T12:09:02.000Z</time>
        <extensions>
          <ns3:TrackPointExtension>
            <ns3:hr>160</ns3:hr>
            <ns3:cad>85</ns3:cad>
          </ns3:TrackPointExtension>
        </extensions>
      </trkpt>
      <trkpt lat="30.291249565780162811279296875" lon="120.22142051719129085540771484375">
        <ele>13.3999996185302734375</ele>
        <time>2026-07-02T12:09:03.000Z</time>
        <extensions>
          <ns3:TrackPointExtension>
            <ns3:hr>160</ns3:hr>
            <ns3:cad>85</ns3:cad>
          </ns3:TrackPointExtension>
        </extensions>
      </trkpt>
      <trkpt lat="30.2912571094930171966552734375" lon="120.22141984663903713226318359375">
        <ele>13.3999996185302734375</ele>
        <time>2026-07-02T12:09:04.000Z</time>
        <extensions>
          <ns3:TrackPointExtension>
            <ns3:hr>159</ns3:hr>
            <ns3:cad>84</ns3:cad>
          </ns3:TrackPointExtension>
        </extensions>
      </trkpt>
      <trkpt lat="30.291278064250946044921875" lon="120.2214157395064830780029296875">
        <ele>13.3999996185302734375</ele>
        <time>2026-07-02T12:09:05.000Z</time>
        <extensions>
          <ns3:TrackPointExtension>
            <ns3:hr>158</ns3:hr>
            <ns3:cad>83</ns3:cad>
          </ns3:TrackPointExtension>
        </extensions>
      </trkpt>
      <trkpt lat="30.29129658825695514678955078125" lon="120.22141498513519763946533203125">
        <ele>13.19999980926513671875</ele>
        <time>2026-07-02T12:09:06.000Z</time>
        <extensions>
          <ns3:TrackPointExtension>
            <ns3:hr>158</ns3:hr>
            <ns3:cad>83</ns3:cad>
          </ns3:TrackPointExtension>
        </extensions>
      </trkpt>
      <trkpt lat="30.2913224883377552032470703125" lon="120.2214164100587368011474609375">
        <ele>13.19999980926513671875</ele>
        <time>2026-07-02T12:09:07.000Z</time>
        <extensions>
          <ns3:TrackPointExtension>
            <ns3:hr>157</ns3:hr>
            <ns3:cad>83</ns3:cad>
          </ns3:TrackPointExtension>
        </extensions>
      </trkpt>
      <trkpt lat="30.29135056771337985992431640625" lon="120.22141481749713420867919921875">
        <ele>13.19999980926513671875</ele>
        <time>2026-07-02T12:09:08.000Z</time>
        <extensions>
          <ns3:TrackPointExtension>
            <ns3:hr>156</ns3:hr>
            <ns3:cad>83</ns3:cad>
          </ns3:TrackPointExtension>
        </extensions>
      </trkpt>
      <trkpt lat="30.29137554578483104705810546875" lon="120.2214143984019756317138671875">
        <ele>13.19999980926513671875</ele>
        <time>2026-07-02T12:09:09.000Z</time>
        <extensions>
          <ns3:TrackPointExtension>
            <ns3:hr>155</ns3:hr>
            <ns3:cad>83</ns3:cad>
          </ns3:TrackPointExtension>
        </extensions>
      </trkpt>
      <trkpt lat="30.2914079837501049041748046875" lon="120.22142068482935428619384765625">
        <ele>13.3999996185302734375</ele>
        <time>2026-07-02T12:09:10.000Z</time>
        <extensions>
          <ns3:TrackPointExtension>
            <ns3:hr>155</ns3:hr>
            <ns3:cad>84</ns3:cad>
          </ns3:TrackPointExtension>
        </extensions>
      </trkpt>
      <trkpt lat="30.29142935760319232940673828125" lon="120.22142739035189151763916015625">
        <ele>13.3999996185302734375</ele>
        <time>2026-07-02T12:09:11.000Z</time>
        <extensions>
          <ns3:TrackPointExtension>
            <ns3:hr>154</ns3:hr>
            <ns3:cad>85</ns3:cad>
          </ns3:TrackPointExtension>
        </extensions>
      </trkpt>
      <trkpt lat="30.2914524078369140625" lon="120.22144314832985401153564453125">
        <ele>13.19999980926513671875</ele>
        <time>2026-07-02T12:09:12.000Z</time>
        <extensions>
          <ns3:TrackPointExtension>
            <ns3:hr>153</ns3:hr>
            <ns3:cad>87</ns3:cad>
          </ns3:TrackPointExtension>
        </extensions>
      </trkpt>
      <trkpt lat="30.2914750389754772186279296875" lon="120.22145119495689868927001953125">
        <ele>13.19999980926513671875</ele>
        <time>2026-07-02T12:09:13.000Z</time>
        <extensions>
          <ns3:TrackPointExtension>
            <ns3:hr>153</ns3:hr>
            <ns3:cad>88</ns3:cad>
          </ns3:TrackPointExtension>
        </extensions>
      </trkpt>
      <trkpt lat="30.29149926267564296722412109375" lon="120.22146217525005340576171875">
        <ele>13.19999980926513671875</ele>
        <time>2026-07-02T12:09:14.000Z</time>
        <extensions>
          <ns3:TrackPointExtension>
            <ns3:hr>153</ns3:hr>
            <ns3:cad>87</ns3:cad>
          </ns3:TrackPointExtension>
        </extensions>
      </trkpt>
      <trkpt lat="30.29152055270969867706298828125" lon="120.22147684358060359954833984375">
        <ele>13.19999980926513671875</ele>
        <time>2026-07-02T12:09:15.000Z</time>
        <extensions>
          <ns3:TrackPointExtension>
            <ns3:hr>152</ns3:hr>
            <ns3:cad>88</ns3:cad>
          </ns3:TrackPointExtension>
        </extensions>
      </trkpt>
      <trkpt lat="30.2915400825440883636474609375" lon="120.2214972116053104400634765625">
        <ele>13.19999980926513671875</ele>
        <time>2026-07-02T12:09:16.000Z</time>
        <extensions>
          <ns3:TrackPointExtension>
            <ns3:hr>152</ns3:hr>
            <ns3:cad>88</ns3:cad>
          </ns3:TrackPointExtension>
        </extensions>
      </trkpt>
      <trkpt lat="30.2915585227310657501220703125" lon="120.22151288576424121856689453125">
        <ele>13</ele>
        <time>2026-07-02T12:09:17.000Z</time>
        <extensions>
          <ns3:TrackPointExtension>
            <ns3:hr>151</ns3:hr>
            <ns3:cad>88</ns3:cad>
          </ns3:TrackPointExtension>
        </extensions>
      </trkpt>
      <trkpt lat="30.291577465832233428955078125" lon="120.22153199650347232818603515625">
        <ele>13</ele>
        <time>2026-07-02T12:09:18.000Z</time>
        <extensions>
          <ns3:TrackPointExtension>
            <ns3:hr>151</ns3:hr>
            <ns3:cad>88</ns3:cad>
          </ns3:TrackPointExtension>
        </extensions>
      </trkpt>
      <trkpt lat="30.29159800149500370025634765625" lon="120.22154624573886394500732421875">
        <ele>13</ele>
        <time>2026-07-02T12:09:19.000Z</time>
        <extensions>
          <ns3:TrackPointExtension>
            <ns3:hr>151</ns3:hr>
            <ns3:cad>87</ns3:cad>
          </ns3:TrackPointExtension>
        </extensions>
      </trkpt>
      <trkpt lat="30.291621051728725433349609375" lon="120.22157055325806140899658203125">
        <ele>13</ele>
        <time>2026-07-02T12:09:20.000Z</time>
        <extensions>
          <ns3:TrackPointExtension>
            <ns3:hr>151</ns3:hr>
            <ns3:cad>87</ns3:cad>
          </ns3:TrackPointExtension>
        </extensions>
      </trkpt>
      <trkpt lat="30.2916383184492588043212890625" lon="120.221593268215656280517578125">
        <ele>13</ele>
        <time>2026-07-02T12:09:21.000Z</time>
        <extensions>
          <ns3:TrackPointExtension>
            <ns3:hr>151</ns3:hr>
            <ns3:cad>87</ns3:cad>
          </ns3:TrackPointExtension>
        </extensions>
      </trkpt>
      <trkpt lat="30.2916513942182064056396484375" lon="120.2216132171452045440673828125">
        <ele>13.19999980926513671875</ele>
        <time>2026-07-02T12:09:22.000Z</time>
        <extensions>
          <ns3:TrackPointExtension>
            <ns3:hr>151</ns3:hr>
            <ns3:cad>87</ns3:cad>
          </ns3:TrackPointExtension>
        </extensions>
      </trkpt>
      <trkpt lat="30.29167109169065952301025390625" lon="120.22163492627441883087158203125">
        <ele>13.19999980926513671875</ele>
        <time>2026-07-02T12:09:23.000Z</time>
        <extensions>
          <ns3:TrackPointExtension>
            <ns3:hr>151</ns3:hr>
            <ns3:cad>87</ns3:cad>
          </ns3:TrackPointExtension>
        </extensions>
      </trkpt>
      <trkpt lat="30.291690789163112640380859375" lon="120.2216511033475399017333984375">
        <ele>13.19999980926513671875</ele>
        <time>2026-07-02T12:09:24.000Z</time>
        <extensions>
          <ns3:TrackPointExtension>
            <ns3:hr>152</ns3:hr>
            <ns3:cad>88</ns3:cad>
          </ns3:TrackPointExtension>
        </extensions>
      </trkpt>
      <trkpt lat="30.2917120791971683502197265625" lon="120.221673734486103057861328125">
        <ele>13.19999980926513671875</ele>
        <time>2026-07-02T12:09:25.000Z</time>
        <extensions>
          <ns3:TrackPointExtension>
            <ns3:hr>152</ns3:hr>
            <ns3:cad>88</ns3:cad>
          </ns3:TrackPointExtension>
        </extensions>
      </trkpt>
      <trkpt lat="30.29173546470701694488525390625" lon="120.22168471477925777435302734375">
        <ele>13.19999980926513671875</ele>
        <time>2026-07-02T12:09:26.000Z</time>
        <extensions>
          <ns3:TrackPointExtension>
            <ns3:hr>152</ns3:hr>
            <ns3:cad>89</ns3:cad>
          </ns3:TrackPointExtension>
        </extensions>
      </trkpt>
      <trkpt lat="30.2917523123323917388916015625" lon="120.2217054180800914764404296875">
        <ele>13.19999980926513671875</ele>
        <time>2026-07-02T12:09:27.000Z</time>
        <extensions>
          <ns3:TrackPointExtension>
            <ns3:hr>151</ns3:hr>
            <ns3:cad>88</ns3:cad>
          </ns3:TrackPointExtension>
        </extensions>
      </trkpt>
      <trkpt lat="30.29176999814808368682861328125" lon="120.2217198349535465240478515625">
        <ele>13.19999980926513671875</ele>
        <time>2026-07-02T12:09:28.000Z</time>
        <extensions>
          <ns3:TrackPointExtension>
            <ns3:hr>152</ns3:hr>
            <ns3:cad>88</ns3:cad>
          </ns3:TrackPointExtension>
        </extensions>
      </trkpt>
      <trkpt lat="30.29178860597312450408935546875" lon="120.2217386104166507720947265625">
        <ele>13.3999996185302734375</ele>
        <time>2026-07-02T12:09:29.000Z</time>
        <extensions>
          <ns3:TrackPointExtension>
            <ns3:hr>152</ns3:hr>
            <ns3:cad>88</ns3:cad>
          </ns3:TrackPointExtension>
        </extensions>
      </trkpt>
      <trkpt lat="30.29180889017879962921142578125" lon="120.22175093181431293487548828125">
        <ele>13.3999996185302734375</ele>
        <time>2026-07-02T12:09:30.000Z</time>
        <extensions>
          <ns3:TrackPointExtension>
            <ns3:hr>152</ns3:hr>
            <ns3:cad>88</ns3:cad>
          </ns3:TrackPointExtension>
        </extensions>
      </trkpt>
      <trkpt lat="30.291822217404842376708984375" lon="120.2217667736113071441650390625">
        <ele>13.3999996185302734375</ele>
        <time>2026-07-02T12:09:31.000Z</time>
        <extensions>
          <ns3:TrackPointExtension>
            <ns3:hr>153</ns3:hr>
            <ns3:cad>88</ns3:cad>
          </ns3:TrackPointExtension>
        </extensions>
      </trkpt>
      <trkpt lat="30.2918408252298831939697265625" lon="120.22178077138960361480712890625">
        <ele>13.3999996185302734375</ele>
        <time>2026-07-02T12:09:32.000Z</time>
        <extensions>
          <ns3:TrackPointExtension>
            <ns3:hr>153</ns3:hr>
            <ns3:cad>88</ns3:cad>
          </ns3:TrackPointExtension>
        </extensions>
      </trkpt>
      <trkpt lat="30.2918642945587635040283203125" lon="120.22179820574820041656494140625">
        <ele>13.3999996185302734375</ele>
        <time>2026-07-02T12:09:33.000Z</time>
        <extensions>
          <ns3:TrackPointExtension>
            <ns3:hr>153</ns3:hr>
            <ns3:cad>88</ns3:cad>
          </ns3:TrackPointExtension>
        </extensions>
      </trkpt>
      <trkpt lat="30.2918860875070095062255859375" lon="120.22180541418492794036865234375">
        <ele>13.3999996185302734375</ele>
        <time>2026-07-02T12:09:34.000Z</time>
        <extensions>
          <ns3:TrackPointExtension>
            <ns3:hr>152</ns3:hr>
            <ns3:cad>88</ns3:cad>
          </ns3:TrackPointExtension>
        </extensions>
      </trkpt>
      <trkpt lat="30.29190913774073123931884765625" lon="120.221823267638683319091796875">
        <ele>13.3999996185302734375</ele>
        <time>2026-07-02T12:09:35.000Z</time>
        <extensions>
          <ns3:TrackPointExtension>
            <ns3:hr>153</ns3:hr>
            <ns3:cad>88</ns3:cad>
          </ns3:TrackPointExtension>
        </extensions>
      </trkpt>
      <trkpt lat="30.2919266559183597564697265625" lon="120.221851430833339691162109375">
        <ele>13.3999996185302734375</ele>
        <time>2026-07-02T12:09:36.000Z</time>
        <extensions>
          <ns3:TrackPointExtension>
            <ns3:hr>153</ns3:hr>
            <ns3:cad>88</ns3:cad>
          </ns3:TrackPointExtension>
        </extensions>
      </trkpt>
      <trkpt lat="30.29194124042987823486328125" lon="120.2218811027705669403076171875">
        <ele>13.3999996185302734375</ele>
        <time>2026-07-02T12:09:37.000Z</time>
        <extensions>
          <ns3:TrackPointExtension>
            <ns3:hr>153</ns3:hr>
            <ns3:cad>88</ns3:cad>
          </ns3:TrackPointExtension>
        </extensions>
      </trkpt>
      <trkpt lat="30.29195331037044525146484375" lon="120.22191278636455535888671875">
        <ele>13.3999996185302734375</ele>
        <time>2026-07-02T12:09:38.000Z</time>
        <extensions>
          <ns3:TrackPointExtension>
            <ns3:hr>153</ns3:hr>
            <ns3:cad>88</ns3:cad>
          </ns3:TrackPointExtension>
        </extensions>
      </trkpt>
      <trkpt lat="30.29196160845458507537841796875" lon="120.22194455377757549285888671875">
        <ele>13.3999996185302734375</ele>
        <time>2026-07-02T12:09:39.000Z</time>
        <extensions>
          <ns3:TrackPointExtension>
            <ns3:hr>154</ns3:hr>
            <ns3:cad>88</ns3:cad>
          </ns3:TrackPointExtension>
        </extensions>
      </trkpt>
      <trkpt lat="30.29196596704423427581787109375" lon="120.2219796739518642425537109375">
        <ele>13.3999996185302734375</ele>
        <time>2026-07-02T12:09:40.000Z</time>
        <extensions>
          <ns3:TrackPointExtension>
            <ns3:hr>154</ns3:hr>
            <ns3:cad>90</ns3:cad>
          </ns3:TrackPointExtension>
        </extensions>
      </trkpt>
      <trkpt lat="30.291964709758758544921875" lon="120.22201412357389926910400390625">
        <ele>13.3999996185302734375</ele>
        <time>2026-07-02T12:09:41.000Z</time>
        <extensions>
          <ns3:TrackPointExtension>
            <ns3:hr>154</ns3:hr>
            <ns3:cad>90</ns3:cad>
          </ns3:TrackPointExtension>
        </extensions>
      </trkpt>
      <trkpt lat="30.29195708222687244415283203125" lon="120.22204563952982425689697265625">
        <ele>13.3999996185302734375</ele>
        <time>2026-07-02T12:09:42.000Z</time>
        <extensions>
          <ns3:TrackPointExtension>
            <ns3:hr>154</ns3:hr>
            <ns3:cad>90</ns3:cad>
          </ns3:TrackPointExtension>
        </extensions>
      </trkpt>
      <trkpt lat="30.2919507957994937896728515625" lon="120.22207447327673435211181640625">
        <ele>13.3999996185302734375</ele>
        <time>2026-07-02T12:09:43.000Z</time>
        <extensions>
          <ns3:TrackPointExtension>
            <ns3:hr>154</ns3:hr>
            <ns3:cad>89</ns3:cad>
          </ns3:TrackPointExtension>
        </extensions>
      </trkpt>
      <trkpt lat="30.29193813912570476531982421875" lon="120.2221070788800716400146484375">
        <ele>13.3999996185302734375</ele>
        <time>2026-07-02T12:09:44.000Z</time>
        <extensions>
          <ns3:TrackPointExtension>
            <ns3:hr>153</ns3:hr>
            <ns3:cad>89</ns3:cad>
          </ns3:TrackPointExtension>
        </extensions>
      </trkpt>
      <trkpt lat="30.29192908667027950286865234375" lon="120.22213096730411052703857421875">
        <ele>13.3999996185302734375</ele>
        <time>2026-07-02T12:09:45.000Z</time>
        <extensions>
          <ns3:TrackPointExtension>
            <ns3:hr>154</ns3:hr>
            <ns3:cad>88</ns3:cad>
          </ns3:TrackPointExtension>
        </extensions>
      </trkpt>
      <trkpt lat="30.29191969893872737884521484375" lon="120.22215845994651317596435546875">
        <ele>13.3999996185302734375</ele>
        <time>2026-07-02T12:09:46.000Z</time>
        <extensions>
          <ns3:TrackPointExtension>
            <ns3:hr>154</ns3:hr>
            <ns3:cad>88</ns3:cad>
          </ns3:TrackPointExtension>
        </extensions>
      </trkpt>
      <trkpt lat="30.2919155918061733245849609375" lon="120.22218377329409122467041015625">
        <ele>13.19999980926513671875</ele>
        <time>2026-07-02T12:09:47.000Z</time>
        <extensions>
          <ns3:TrackPointExtension>
            <ns3:hr>154</ns3:hr>
            <ns3:cad>88</ns3:cad>
          </ns3:TrackPointExtension>
        </extensions>
      </trkpt>
      <trkpt lat="30.29190259985625743865966796875" lon="120.2222126908600330352783203125">
        <ele>13.19999980926513671875</ele>
        <time>2026-07-02T12:09:48.000Z</time>
        <extensions>
          <ns3:TrackPointExtension>
            <ns3:hr>154</ns3:hr>
            <ns3:cad>88</ns3:cad>
          </ns3:TrackPointExtension>
        </extensions>
      </trkpt>
      <trkpt lat="30.2918994985520839691162109375" lon="120.222236998379230499267578125">
        <ele>13.3999996185302734375</ele>
        <time>2026-07-02T12:09:49.000Z</time>
        <extensions>
          <ns3:TrackPointExtension>
            <ns3:hr>154</ns3:hr>
            <ns3:cad>88</ns3:cad>
          </ns3:TrackPointExtension>
        </extensions>
      </trkpt>
      <trkpt lat="30.2918904460966587066650390625" lon="120.2222616411745548248291015625">
        <ele>13.3999996185302734375</ele>
        <time>2026-07-02T12:09:50.000Z</time>
        <extensions>
          <ns3:TrackPointExtension>
            <ns3:hr>155</ns3:hr>
            <ns3:cad>88</ns3:cad>
          </ns3:TrackPointExtension>
        </extensions>
      </trkpt>
      <trkpt lat="30.29188432730734348297119140625" lon="120.2222822606563568115234375">
        <ele>13.3999996185302734375</ele>
        <time>2026-07-02T12:09:51.000Z</time>
        <extensions>
          <ns3:TrackPointExtension>
            <ns3:hr>155</ns3:hr>
            <ns3:cad>88</ns3:cad>
          </ns3:TrackPointExtension>
        </extensions>
      </trkpt>
      <trkpt lat="30.29187326319515705108642578125" lon="120.222312100231647491455078125">
        <ele>13.3999996185302734375</ele>
        <time>2026-07-02T12:09:52.000Z</time>
        <extensions>
          <ns3:TrackPointExtension>
            <ns3:hr>155</ns3:hr>
            <ns3:cad>88</ns3:cad>
          </ns3:TrackPointExtension>
        </extensions>
      </trkpt>
      <trkpt lat="30.29186253435909748077392578125" lon="120.22233121097087860107421875">
        <ele>13.3999996185302734375</ele>
        <time>2026-07-02T12:09:53.000Z</time>
        <extensions>
          <ns3:TrackPointExtension>
            <ns3:hr>156</ns3:hr>
            <ns3:cad>88</ns3:cad>
          </ns3:TrackPointExtension>
        </extensions>
      </trkpt>
      <trkpt lat="30.29185163788497447967529296875" lon="120.22235375829041004180908203125">
        <ele>13.3999996185302734375</ele>
        <time>2026-07-02T12:09:54.000Z</time>
        <extensions>
          <ns3:TrackPointExtension>
            <ns3:hr>156</ns3:hr>
            <ns3:cad>88</ns3:cad>
          </ns3:TrackPointExtension>
        </extensions>
      </trkpt>
      <trkpt lat="30.29184459708631038665771484375" lon="120.22237571887671947479248046875">
        <ele>13.3999996185302734375</ele>
        <time>2026-07-02T12:09:55.000Z</time>
        <extensions>
          <ns3:TrackPointExtension>
            <ns3:hr>156</ns3:hr>
            <ns3:cad>87</ns3:cad>
          </ns3:TrackPointExtension>
        </extensions>
      </trkpt>
      <trkpt lat="30.291837640106678009033203125" lon="120.22240388207137584686279296875">
        <ele>13.3999996185302734375</ele>
        <time>2026-07-02T12:09:56.000Z</time>
        <extensions>
          <ns3:TrackPointExtension>
            <ns3:hr>157</ns3:hr>
            <ns3:cad>87</ns3:cad>
          </ns3:TrackPointExtension>
        </extensions>
      </trkpt>
      <trkpt lat="30.291826240718364715576171875" lon="120.2224306203424930572509765625">
        <ele>13.3999996185302734375</ele>
        <time>2026-07-02T12:09:57.000Z</time>
        <extensions>
          <ns3:TrackPointExtension>
            <ns3:hr>156</ns3:hr>
            <ns3:cad>87</ns3:cad>
          </ns3:TrackPointExtension>
        </extensions>
      </trkpt>
      <trkpt lat="30.291824899613857269287109375" lon="120.22245685569941997528076171875">
        <ele>13.3999996185302734375</ele>
        <time>2026-07-02T12:09:58.000Z</time>
        <extensions>
          <ns3:TrackPointExtension>
            <ns3:hr>156</ns3:hr>
            <ns3:cad>87</ns3:cad>
          </ns3:TrackPointExtension>
        </extensions>
      </trkpt>
      <trkpt lat="30.29181458987295627593994140625" lon="120.22249055095016956329345703125">
        <ele>13.3999996185302734375</ele>
        <time>2026-07-02T12:09:59.000Z</time>
        <extensions>
          <ns3:TrackPointExtension>
            <ns3:hr>156</ns3:hr>
            <ns3:cad>87</ns3:cad>
          </ns3:TrackPointExtension>
        </extensions>
      </trkpt>
      <trkpt lat="30.29181123711168766021728515625" lon="120.2225164510309696197509765625">
        <ele>13.3999996185302734375</ele>
        <time>2026-07-02T12:10:00.000Z</time>
        <extensions>
          <ns3:TrackPointExtension>
            <ns3:hr>156</ns3:hr>
            <ns3:cad>87</ns3:cad>
          </ns3:TrackPointExtension>
        </extensions>
      </trkpt>
      <trkpt lat="30.29180042445659637451171875" lon="120.22254536859691143035888671875">
        <ele>13.3999996185302734375</ele>
        <time>2026-07-02T12:10:01.000Z</time>
        <extensions>
          <ns3:TrackPointExtension>
            <ns3:hr>156</ns3:hr>
            <ns3:cad>87</ns3:cad>
          </ns3:TrackPointExtension>
        </extensions>
      </trkpt>
      <trkpt lat="30.29179480858147144317626953125" lon="120.22256783209741115570068359375">
        <ele>13.6000003814697265625</ele>
        <time>2026-07-02T12:10:02.000Z</time>
        <extensions>
          <ns3:TrackPointExtension>
            <ns3:hr>156</ns3:hr>
            <ns3:cad>87</ns3:cad>
          </ns3:TrackPointExtension>
        </extensions>
      </trkpt>
      <trkpt lat="30.29178257100284099578857421875" lon="120.2225975878536701202392578125">
        <ele>13.6000003814697265625</ele>
        <time>2026-07-02T12:10:03.000Z</time>
        <extensions>
          <ns3:TrackPointExtension>
            <ns3:hr>156</ns3:hr>
            <ns3:cad>87</ns3:cad>
          </ns3:TrackPointExtension>
        </extensions>
      </trkpt>
      <trkpt lat="30.29177636839449405670166015625" lon="120.2226200513541698455810546875">
        <ele>13.6000003814697265625</ele>
        <time>2026-07-02T12:10:04.000Z</time>
        <extensions>
          <ns3:TrackPointExtension>
            <ns3:hr>156</ns3:hr>
            <ns3:cad>87</ns3:cad>
          </ns3:TrackPointExtension>
        </extensions>
      </trkpt>
      <trkpt lat="30.2917700819671154022216796875" lon="120.22264746017754077911376953125">
        <ele>13.6000003814697265625</ele>
        <time>2026-07-02T12:10:05.000Z</time>
        <extensions>
          <ns3:TrackPointExtension>
            <ns3:hr>157</ns3:hr>
            <ns3:cad>87</ns3:cad>
          </ns3:TrackPointExtension>
        </extensions>
      </trkpt>
      <trkpt lat="30.29176698066294193267822265625" lon="120.22267059423029422760009765625">
        <ele>13.80000019073486328125</ele>
        <time>2026-07-02T12:10:06.000Z</time>
        <extensions>
          <ns3:TrackPointExtension>
            <ns3:hr>157</ns3:hr>
            <ns3:cad>87</ns3:cad>
          </ns3:TrackPointExtension>
        </extensions>
      </trkpt>
      <trkpt lat="30.29176815412938594818115234375" lon="120.222692303359508514404296875">
        <ele>13.80000019073486328125</ele>
        <time>2026-07-02T12:10:07.000Z</time>
        <extensions>
          <ns3:TrackPointExtension>
            <ns3:hr>157</ns3:hr>
            <ns3:cad>87</ns3:cad>
          </ns3:TrackPointExtension>
        </extensions>
      </trkpt>
      <trkpt lat="30.2917640469968318939208984375" lon="120.222715102136135101318359375">
        <ele>14</ele>
        <time>2026-07-02T12:10:08.000Z</time>
        <extensions>
          <ns3:TrackPointExtension>
            <ns3:hr>156</ns3:hr>
            <ns3:cad>86</ns3:cad>
          </ns3:TrackPointExtension>
        </extensions>
      </trkpt>
      <trkpt lat="30.291765220463275909423828125" lon="120.2227367274463176727294921875">
        <ele>14</ele>
        <time>2026-07-02T12:10:09.000Z</time>
        <extensions>
          <ns3:TrackPointExtension>
            <ns3:hr>156</ns3:hr>
            <ns3:cad>86</ns3:cad>
          </ns3:TrackPointExtension>
        </extensions>
      </trkpt>
      <trkpt lat="30.29176262207329273223876953125" lon="120.22276631556451320648193359375">
        <ele>13.80000019073486328125</ele>
        <time>2026-07-02T12:10:10.000Z</time>
        <extensions>
          <ns3:TrackPointExtension>
            <ns3:hr>156</ns3:hr>
            <ns3:cad>87</ns3:cad>
          </ns3:TrackPointExtension>
        </extensions>
      </trkpt>
      <trkpt lat="30.29176463373005390167236328125" lon="120.22278827615082263946533203125">
        <ele>13.80000019073486328125</ele>
        <time>2026-07-02T12:10:11.000Z</time>
        <extensions>
          <ns3:TrackPointExtension>
            <ns3:hr>156</ns3:hr>
            <ns3:cad>87</ns3:cad>
          </ns3:TrackPointExtension>
        </extensions>
      </trkpt>
      <trkpt lat="30.2917620353400707244873046875" lon="120.22282398305833339691162109375">
        <ele>13.80000019073486328125</ele>
        <time>2026-07-02T12:10:12.000Z</time>
        <extensions>
          <ns3:TrackPointExtension>
            <ns3:hr>155</ns3:hr>
            <ns3:cad>87</ns3:cad>
          </ns3:TrackPointExtension>
        </extensions>
      </trkpt>
      <trkpt lat="30.29176077805459499359130859375" lon="120.22284812293946743011474609375">
        <ele>13.80000019073486328125</ele>
        <time>2026-07-02T12:10:13.000Z</time>
        <extensions>
          <ns3:TrackPointExtension>
            <ns3:hr>155</ns3:hr>
            <ns3:cad>87</ns3:cad>
          </ns3:TrackPointExtension>
        </extensions>
      </trkpt>
      <trkpt lat="30.2917583473026752471923828125" lon="120.22288282401859760284423828125">
        <ele>13.80000019073486328125</ele>
        <time>2026-07-02T12:10:14.000Z</time>
        <extensions>
          <ns3:TrackPointExtension>
            <ns3:hr>155</ns3:hr>
            <ns3:cad>87</ns3:cad>
          </ns3:TrackPointExtension>
        </extensions>
      </trkpt>
      <trkpt lat="30.29175507836043834686279296875" lon="120.2229097299277782440185546875">
        <ele>13.80000019073486328125</ele>
        <time>2026-07-02T12:10:15.000Z</time>
        <extensions>
          <ns3:TrackPointExtension>
            <ns3:hr>155</ns3:hr>
            <ns3:cad>87</ns3:cad>
          </ns3:TrackPointExtension>
        </extensions>
      </trkpt>
      <trkpt lat="30.2917560003697872161865234375" lon="120.222941078245639801025390625">
        <ele>13.80000019073486328125</ele>
        <time>2026-07-02T12:10:16.000Z</time>
        <extensions>
          <ns3:TrackPointExtension>
            <ns3:hr>154</ns3:hr>
            <ns3:cad>87</ns3:cad>
          </ns3:TrackPointExtension>
        </extensions>
      </trkpt>
      <trkpt lat="30.29175289906561374664306640625" lon="120.22296982817351818084716796875">
        <ele>14</ele>
        <time>2026-07-02T12:10:17.000Z</time>
        <extensions>
          <ns3:TrackPointExtension>
            <ns3:hr>155</ns3:hr>
            <ns3:cad>87</ns3:cad>
          </ns3:TrackPointExtension>
        </extensions>
      </trkpt>
      <trkpt lat="30.29175356961786746978759765625" lon="120.2229962311685085296630859375">
        <ele>14</ele>
        <time>2026-07-02T12:10:18.000Z</time>
        <extensions>
          <ns3:TrackPointExtension>
            <ns3:hr>154</ns3:hr>
            <ns3:cad>87</ns3:cad>
          </ns3:TrackPointExtension>
        </extensions>
      </trkpt>
      <trkpt lat="30.2917496301233768463134765625" lon="120.223023891448974609375">
        <ele>14</ele>
        <time>2026-07-02T12:10:19.000Z</time>
        <extensions>
          <ns3:TrackPointExtension>
            <ns3:hr>154</ns3:hr>
            <ns3:cad>87</ns3:cad>
          </ns3:TrackPointExtension>
        </extensions>
      </trkpt>
      <trkpt lat="30.29174887575209140777587890625" lon="120.22304744459688663482666015625">
        <ele>14</ele>
        <time>2026-07-02T12:10:20.000Z</time>
        <extensions>
          <ns3:TrackPointExtension>
            <ns3:hr>154</ns3:hr>
            <ns3:cad>87</ns3:cad>
          </ns3:TrackPointExtension>
        </extensions>
      </trkpt>
      <trkpt lat="30.291741080582141876220703125" lon="120.22307812236249446868896484375">
        <ele>14</ele>
        <time>2026-07-02T12:10:21.000Z</time>
        <extensions>
          <ns3:TrackPointExtension>
            <ns3:hr>154</ns3:hr>
            <ns3:cad>88</ns3:cad>
          </ns3:TrackPointExtension>
        </extensions>
      </trkpt>
      <trkpt lat="30.29174149967730045318603515625" lon="120.22309832274913787841796875">
        <ele>14</ele>
        <time>2026-07-02T12:10:22.000Z</time>
        <extensions>
          <ns3:TrackPointExtension>
            <ns3:hr>153</ns3:hr>
            <ns3:cad>87</ns3:cad>
          </ns3:TrackPointExtension>
        </extensions>
      </trkpt>
      <trkpt lat="30.2917353808879852294921875" lon="120.223129503428936004638671875">
        <ele>14</ele>
        <time>2026-07-02T12:10:23.000Z</time>
        <extensions>
          <ns3:TrackPointExtension>
            <ns3:hr>153</ns3:hr>
            <ns3:cad>87</ns3:cad>
          </ns3:TrackPointExtension>
        </extensions>
      </trkpt>
      <trkpt lat="30.29173227958381175994873046875" lon="120.223152302205562591552734375">
        <ele>14</ele>
        <time>2026-07-02T12:10:24.000Z</time>
        <extensions>
          <ns3:TrackPointExtension>
            <ns3:hr>153</ns3:hr>
            <ns3:cad>87</ns3:cad>
          </ns3:TrackPointExtension>
        </extensions>
      </trkpt>
      <trkpt lat="30.29172666370868682861328125" lon="120.223183818161487579345703125">
        <ele>14</ele>
        <time>2026-07-02T12:10:25.000Z</time>
        <extensions>
          <ns3:TrackPointExtension>
            <ns3:hr>153</ns3:hr>
            <ns3:cad>87</ns3:cad>
          </ns3:TrackPointExtension>
        </extensions>
      </trkpt>
      <trkpt lat="30.291723310947418212890625" lon="120.2232057787477970123291015625">
        <ele>14.19999980926513671875</ele>
        <time>2026-07-02T12:10:26.000Z</time>
        <extensions>
          <ns3:TrackPointExtension>
            <ns3:hr>153</ns3:hr>
            <ns3:cad>87</ns3:cad>
          </ns3:TrackPointExtension>
        </extensions>
      </trkpt>
      <trkpt lat="30.29171937145292758941650390625" lon="120.2232352830469608306884765625">
        <ele>14.19999980926513671875</ele>
        <time>2026-07-02T12:10:27.000Z</time>
        <extensions>
          <ns3:TrackPointExtension>
            <ns3:hr>153</ns3:hr>
            <ns3:cad>87</ns3:cad>
          </ns3:TrackPointExtension>
        </extensions>
      </trkpt>
      <trkpt lat="30.29171283356845378875732421875" lon="120.22326353006064891815185546875">
        <ele>14.19999980926513671875</ele>
        <time>2026-07-02T12:10:28.000Z</time>
        <extensions>
          <ns3:TrackPointExtension>
            <ns3:hr>153</ns3:hr>
            <ns3:cad>88</ns3:cad>
          </ns3:TrackPointExtension>
        </extensions>
      </trkpt>
      <trkpt lat="30.29171149246394634246826171875" lon="120.2232869155704975128173828125">
        <ele>14.19999980926513671875</ele>
        <time>2026-07-02T12:10:29.000Z</time>
        <extensions>
          <ns3:TrackPointExtension>
            <ns3:hr>153</ns3:hr>
            <ns3:cad>88</ns3:cad>
          </ns3:TrackPointExtension>
        </extensions>
      </trkpt>
      <trkpt lat="30.29170193709433078765869140625" lon="120.223315916955471038818359375">
        <ele>14.19999980926513671875</ele>
        <time>2026-07-02T12:10:30.000Z</time>
        <extensions>
          <ns3:TrackPointExtension>
            <ns3:hr>153</ns3:hr>
            <ns3:cad>88</ns3:cad>
          </ns3:TrackPointExtension>
        </extensions>
      </trkpt>
      <trkpt lat="30.291698835790157318115234375" lon="120.22334014065563678741455078125">
        <ele>14.19999980926513671875</ele>
        <time>2026-07-02T12:10:31.000Z</time>
        <extensions>
          <ns3:TrackPointExtension>
            <ns3:hr>153</ns3:hr>
            <ns3:cad>88</ns3:cad>
          </ns3:TrackPointExtension>
        </extensions>
      </trkpt>
      <trkpt lat="30.2916892804205417633056640625" lon="120.22336511872708797454833984375">
        <ele>14.19999980926513671875</ele>
        <time>2026-07-02T12:10:32.000Z</time>
        <extensions>
          <ns3:TrackPointExtension>
            <ns3:hr>153</ns3:hr>
            <ns3:cad>88</ns3:cad>
          </ns3:TrackPointExtension>
        </extensions>
      </trkpt>
      <trkpt lat="30.2916879393160343170166015625" lon="120.22338791750371456146240234375">
        <ele>14.3999996185302734375</ele>
        <time>2026-07-02T12:10:33.000Z</time>
        <extensions>
          <ns3:TrackPointExtension>
            <ns3:hr>153</ns3:hr>
            <ns3:cad>88</ns3:cad>
          </ns3:TrackPointExtension>
        </extensions>
      </trkpt>
      <trkpt lat="30.29168265871703624725341796875" lon="120.223413147032260894775390625">
        <ele>14.3999996185302734375</ele>
        <time>2026-07-02T12:10:34.000Z</time>
        <extensions>
          <ns3:TrackPointExtension>
            <ns3:hr>153</ns3:hr>
            <ns3:cad>87</ns3:cad>
          </ns3:TrackPointExtension>
        </extensions>
      </trkpt>
      <trkpt lat="30.2916790544986724853515625" lon="120.223434604704380035400390625">
        <ele>14.6000003814697265625</ele>
        <time>2026-07-02T12:10:35.000Z</time>
        <extensions>
          <ns3:TrackPointExtension>
            <ns3:hr>153</ns3:hr>
            <ns3:cad>87</ns3:cad>
          </ns3:TrackPointExtension>
        </extensions>
      </trkpt>
      <trkpt lat="30.29167192988097667694091796875" lon="120.2234609238803386688232421875">
        <ele>14.6000003814697265625</ele>
        <time>2026-07-02T12:10:36.000Z</time>
        <extensions>
          <ns3:TrackPointExtension>
            <ns3:hr>153</ns3:hr>
            <ns3:cad>86</ns3:cad>
          </ns3:TrackPointExtension>
        </extensions>
      </trkpt>
      <trkpt lat="30.29166639782488346099853515625" lon="120.2234837226569652557373046875">
        <ele>14.6000003814697265625</ele>
        <time>2026-07-02T12:10:37.000Z</time>
        <extensions>
          <ns3:TrackPointExtension>
            <ns3:hr>154</ns3:hr>
            <ns3:cad>86</ns3:cad>
          </ns3:TrackPointExtension>
        </extensions>
      </trkpt>
      <trkpt lat="30.29166270978748798370361328125" lon="120.22351196967065334320068359375">
        <ele>14.6000003814697265625</ele>
        <time>2026-07-02T12:10:38.000Z</time>
        <extensions>
          <ns3:TrackPointExtension>
            <ns3:hr>154</ns3:hr>
            <ns3:cad>86</ns3:cad>
          </ns3:TrackPointExtension>
        </extensions>
      </trkpt>
      <trkpt lat="30.29165533371269702911376953125" lon="120.2235377021133899688720703125">
        <ele>14.6000003814697265625</ele>
        <time>2026-07-02T12:10:39.000Z</time>
        <extensions>
          <ns3:TrackPointExtension>
            <ns3:hr>154</ns3:hr>
            <ns3:cad>86</ns3:cad>
          </ns3:TrackPointExtension>
        </extensions>
      </trkpt>
      <trkpt lat="30.2916549146175384521484375" lon="120.22355957888066768646240234375">
        <ele>14.6000003814697265625</ele>
        <time>2026-07-02T12:10:40.000Z</time>
        <extensions>
          <ns3:TrackPointExtension>
            <ns3:hr>154</ns3:hr>
            <ns3:cad>87</ns3:cad>
          </ns3:TrackPointExtension>
        </extensions>
      </trkpt>
      <trkpt lat="30.29164594598114490509033203125" lon="120.22358673624694347381591796875">
        <ele>14.6000003814697265625</ele>
        <time>2026-07-02T12:10:41.000Z</time>
        <extensions>
          <ns3:TrackPointExtension>
            <ns3:hr>154</ns3:hr>
            <ns3:cad>87</ns3:cad>
          </ns3:TrackPointExtension>
        </extensions>
      </trkpt>
      <trkpt lat="30.2916433475911617279052734375" lon="120.2236072719097137451171875">
        <ele>14.6000003814697265625</ele>
        <time>2026-07-02T12:10:42.000Z</time>
        <extensions>
          <ns3:TrackPointExtension>
            <ns3:hr>154</ns3:hr>
            <ns3:cad>87</ns3:cad>
          </ns3:TrackPointExtension>
        </extensions>
      </trkpt>
      <trkpt lat="30.29163437895476818084716796875" lon="120.22363878786563873291015625">
        <ele>14.3999996185302734375</ele>
        <time>2026-07-02T12:10:43.000Z</time>
        <extensions>
          <ns3:TrackPointExtension>
            <ns3:hr>154</ns3:hr>
            <ns3:cad>87</ns3:cad>
          </ns3:TrackPointExtension>
        </extensions>
      </trkpt>
      <trkpt lat="30.29163270257413387298583984375" lon="120.223659910261631011962890625">
        <ele>14.3999996185302734375</ele>
        <time>2026-07-02T12:10:44.000Z</time>
        <extensions>
          <ns3:TrackPointExtension>
            <ns3:hr>154</ns3:hr>
            <ns3:cad>86</ns3:cad>
          </ns3:TrackPointExtension>
        </extensions>
      </trkpt>
      <trkpt lat="30.29162515886127948760986328125" lon="120.2236936055123805999755859375">
        <ele>14.3999996185302734375</ele>
        <time>2026-07-02T12:10:45.000Z</time>
        <extensions>
          <ns3:TrackPointExtension>
            <ns3:hr>154</ns3:hr>
            <ns3:cad>86</ns3:cad>
          </ns3:TrackPointExtension>
        </extensions>
      </trkpt>
      <trkpt lat="30.29162297956645488739013671875" lon="120.22371732629835605621337890625">
        <ele>14.3999996185302734375</ele>
        <time>2026-07-02T12:10:46.000Z</time>
        <extensions>
          <ns3:TrackPointExtension>
            <ns3:hr>154</ns3:hr>
            <ns3:cad>86</ns3:cad>
          </ns3:TrackPointExtension>
        </extensions>
      </trkpt>
      <trkpt lat="30.29161744751036167144775390625" lon="120.2237467467784881591796875">
        <ele>14.3999996185302734375</ele>
        <time>2026-07-02T12:10:47.000Z</time>
        <extensions>
          <ns3:TrackPointExtension>
            <ns3:hr>154</ns3:hr>
            <ns3:cad>86</ns3:cad>
          </ns3:TrackPointExtension>
        </extensions>
      </trkpt>
      <trkpt lat="30.29161258600652217864990234375" lon="120.2237693779170513153076171875">
        <ele>14.3999996185302734375</ele>
        <time>2026-07-02T12:10:48.000Z</time>
        <extensions>
          <ns3:TrackPointExtension>
            <ns3:hr>153</ns3:hr>
            <ns3:cad>87</ns3:cad>
          </ns3:TrackPointExtension>
        </extensions>
      </trkpt>
      <trkpt lat="30.2916064672172069549560546875" lon="120.2237972058355808258056640625">
        <ele>14.3999996185302734375</ele>
        <time>2026-07-02T12:10:49.000Z</time>
        <extensions>
          <ns3:TrackPointExtension>
            <ns3:hr>153</ns3:hr>
            <ns3:cad>87</ns3:cad>
          </ns3:TrackPointExtension>
        </extensions>
      </trkpt>
      <trkpt lat="30.29160168953239917755126953125" lon="120.2238206751644611358642578125">
        <ele>14.6000003814697265625</ele>
        <time>2026-07-02T12:10:50.000Z</time>
        <extensions>
          <ns3:TrackPointExtension>
            <ns3:hr>153</ns3:hr>
            <ns3:cad>87</ns3:cad>
          </ns3:TrackPointExtension>
        </extensions>
      </trkpt>
      <trkpt lat="30.2915990911424160003662109375" lon="120.22384473122656345367431640625">
        <ele>14.6000003814697265625</ele>
        <time>2026-07-02T12:10:51.000Z</time>
        <extensions>
          <ns3:TrackPointExtension>
            <ns3:hr>153</ns3:hr>
            <ns3:cad>87</ns3:cad>
          </ns3:TrackPointExtension>
        </extensions>
      </trkpt>
      <trkpt lat="30.29159657657146453857421875" lon="120.22387004457414150238037109375">
        <ele>14.6000003814697265625</ele>
        <time>2026-07-02T12:10:52.000Z</time>
        <extensions>
          <ns3:TrackPointExtension>
            <ns3:hr>153</ns3:hr>
            <ns3:cad>87</ns3:cad>
          </ns3:TrackPointExtension>
        </extensions>
      </trkpt>
      <trkpt lat="30.291592888534069061279296875" lon="120.22389217279851436614990234375">
        <ele>14.6000003814697265625</ele>
        <time>2026-07-02T12:10:53.000Z</time>
        <extensions>
          <ns3:TrackPointExtension>
            <ns3:hr>153</ns3:hr>
            <ns3:cad>87</ns3:cad>
          </ns3:TrackPointExtension>
        </extensions>
      </trkpt>
      <trkpt lat="30.29158492572605609893798828125" lon="120.2239184081554412841796875">
        <ele>14.80000019073486328125</ele>
        <time>2026-07-02T12:10:54.000Z</time>
        <extensions>
          <ns3:TrackPointExtension>
            <ns3:hr>153</ns3:hr>
            <ns3:cad>87</ns3:cad>
          </ns3:TrackPointExtension>
        </extensions>
      </trkpt>
      <trkpt lat="30.291583500802516937255859375" lon="120.2239398658275604248046875">
        <ele>14.6000003814697265625</ele>
        <time>2026-07-02T12:10:55.000Z</time>
        <extensions>
          <ns3:TrackPointExtension>
            <ns3:hr>152</ns3:hr>
            <ns3:cad>88</ns3:cad>
          </ns3:TrackPointExtension>
        </extensions>
      </trkpt>
      <trkpt lat="30.2915762923657894134521484375" lon="120.2239715494215488433837890625">
        <ele>14.80000019073486328125</ele>
        <time>2026-07-02T12:10:56.000Z</time>
        <extensions>
          <ns3:TrackPointExtension>
            <ns3:hr>153</ns3:hr>
            <ns3:cad>88</ns3:cad>
          </ns3:TrackPointExtension>
        </extensions>
      </trkpt>
      <trkpt lat="30.29157386161386966705322265625" lon="120.223993845283985137939453125">
        <ele>14.80000019073486328125</ele>
        <time>2026-07-02T12:10:57.000Z</time>
        <extensions>
          <ns3:TrackPointExtension>
            <ns3:hr>153</ns3:hr>
            <ns3:cad>88</ns3:cad>
          </ns3:TrackPointExtension>
        </extensions>
      </trkpt>
      <trkpt lat="30.29156304895877838134765625" lon="120.2240272052586078643798828125">
        <ele>14.80000019073486328125</ele>
        <time>2026-07-02T12:10:58.000Z</time>
        <extensions>
          <ns3:TrackPointExtension>
            <ns3:hr>153</ns3:hr>
            <ns3:cad>88</ns3:cad>
          </ns3:TrackPointExtension>
        </extensions>
      </trkpt>
      <trkpt lat="30.29155944474041461944580078125" lon="120.224049501121044158935546875">
        <ele>14.80000019073486328125</ele>
        <time>2026-07-02T12:10:59.000Z</time>
        <extensions>
          <ns3:TrackPointExtension>
            <ns3:hr>153</ns3:hr>
            <ns3:cad>88</ns3:cad>
          </ns3:TrackPointExtension>
        </extensions>
      </trkpt>
      <trkpt lat="30.29155206866562366485595703125" lon="120.2240825258195400238037109375">
        <ele>14.80000019073486328125</ele>
        <time>2026-07-02T12:11:00.000Z</time>
        <extensions>
          <ns3:TrackPointExtension>
            <ns3:hr>153</ns3:hr>
            <ns3:cad>88</ns3:cad>
          </ns3:TrackPointExtension>
        </extensions>
      </trkpt>
      <trkpt lat="30.2915487997233867645263671875" lon="120.22410389967262744903564453125">
        <ele>14.80000019073486328125</ele>
        <time>2026-07-02T12:11:01.000Z</time>
        <extensions>
          <ns3:TrackPointExtension>
            <ns3:hr>153</ns3:hr>
            <ns3:cad>88</ns3:cad>
          </ns3:TrackPointExtension>
        </extensions>
      </trkpt>
      <trkpt lat="30.2915417589247226715087890625" lon="120.2241338230669498443603515625">
        <ele>14.80000019073486328125</ele>
        <time>2026-07-02T12:11:02.000Z</time>
        <extensions>
          <ns3:TrackPointExtension>
            <ns3:hr>153</ns3:hr>
            <ns3:cad>87</ns3:cad>
          </ns3:TrackPointExtension>
        </extensions>
      </trkpt>
      <trkpt lat="30.29153429903090000152587890625" lon="120.2241559512913227081298828125">
        <ele>14.80000019073486328125</ele>
        <time>2026-07-02T12:11:03.000Z</time>
        <extensions>
          <ns3:TrackPointExtension>
            <ns3:hr>153</ns3:hr>
            <ns3:cad>87</ns3:cad>
          </ns3:TrackPointExtension>
        </extensions>
      </trkpt>
      <trkpt lat="30.29152549803256988525390625" lon="120.22418537177145481109619140625">
        <ele>14.6000003814697265625</ele>
        <time>2026-07-02T12:11:04.000Z</time>
        <extensions>
          <ns3:TrackPointExtension>
            <ns3:hr>153</ns3:hr>
            <ns3:cad>87</ns3:cad>
          </ns3:TrackPointExtension>
        </extensions>
      </trkpt>
      <trkpt lat="30.29151418246328830718994140625" lon="120.224209092557430267333984375">
        <ele>14.80000019073486328125</ele>
        <time>2026-07-02T12:11:05.000Z</time>
        <extensions>
          <ns3:TrackPointExtension>
            <ns3:hr>153</ns3:hr>
            <ns3:cad>88</ns3:cad>
          </ns3:TrackPointExtension>
        </extensions>
      </trkpt>
      <trkpt lat="30.29150831513106822967529296875" lon="120.22423767484724521636962890625">
        <ele>14.80000019073486328125</ele>
        <time>2026-07-02T12:11:06.000Z</time>
        <extensions>
          <ns3:TrackPointExtension>
            <ns3:hr>153</ns3:hr>
            <ns3:cad>88</ns3:cad>
          </ns3:TrackPointExtension>
        </extensions>
      </trkpt>
      <trkpt lat="30.29149808920919895172119140625" lon="120.2242679335176944732666015625">
        <ele>14.80000019073486328125</ele>
        <time>2026-07-02T12:11:07.000Z</time>
        <extensions>
          <ns3:TrackPointExtension>
            <ns3:hr>153</ns3:hr>
            <ns3:cad>88</ns3:cad>
          </ns3:TrackPointExtension>
        </extensions>
      </trkpt>
      <trkpt lat="30.29149607755243778228759765625" lon="120.2242944203317165374755859375">
        <ele>14.80000019073486328125</ele>
        <time>2026-07-02T12:11:08.000Z</time>
        <extensions>
          <ns3:TrackPointExtension>
            <ns3:hr>154</ns3:hr>
            <ns3:cad>88</ns3:cad>
          </ns3:TrackPointExtension>
        </extensions>
      </trkpt>
      <trkpt lat="30.291486941277980804443359375" lon="120.224322415888309478759765625">
        <ele>14.80000019073486328125</ele>
        <time>2026-07-02T12:11:09.000Z</time>
        <extensions>
          <ns3:TrackPointExtension>
            <ns3:hr>154</ns3:hr>
            <ns3:cad>87</ns3:cad>
          </ns3:TrackPointExtension>
        </extensions>
      </trkpt>
      <trkpt lat="30.29148367233574390411376953125" lon="120.22434479556977748870849609375">
        <ele>14.6000003814697265625</ele>
        <time>2026-07-02T12:11:10.000Z</time>
        <extensions>
          <ns3:TrackPointExtension>
            <ns3:hr>153</ns3:hr>
            <ns3:cad>87</ns3:cad>
          </ns3:TrackPointExtension>
        </extensions>
      </trkpt>
      <trkpt lat="30.291470848023891448974609375" lon="120.22437237203121185302734375">
        <ele>14.6000003814697265625</ele>
        <time>2026-07-02T12:11:11.000Z</time>
        <extensions>
          <ns3:TrackPointExtension>
            <ns3:hr>153</ns3:hr>
            <ns3:cad>87</ns3:cad>
          </ns3:TrackPointExtension>
        </extensions>
      </trkpt>
      <trkpt lat="30.29146489687263965606689453125" lon="120.22439525462687015533447265625">
        <ele>14.6000003814697265625</ele>
        <time>2026-07-02T12:11:12.000Z</time>
        <extensions>
          <ns3:TrackPointExtension>
            <ns3:hr>153</ns3:hr>
            <ns3:cad>87</ns3:cad>
          </ns3:TrackPointExtension>
        </extensions>
      </trkpt>
      <trkpt lat="30.29145299457013607025146484375" lon="120.22442333400249481201171875">
        <ele>14.6000003814697265625</ele>
        <time>2026-07-02T12:11:13.000Z</time>
        <extensions>
          <ns3:TrackPointExtension>
            <ns3:hr>153</ns3:hr>
            <ns3:cad>87</ns3:cad>
          </ns3:TrackPointExtension>
        </extensions>
      </trkpt>
      <trkpt lat="30.2914498932659626007080078125" lon="120.22444479167461395263671875">
        <ele>14.6000003814697265625</ele>
        <time>2026-07-02T12:11:14.000Z</time>
        <extensions>
          <ns3:TrackPointExtension>
            <ns3:hr>153</ns3:hr>
            <ns3:cad>87</ns3:cad>
          </ns3:TrackPointExtension>
        </extensions>
      </trkpt>
      <trkpt lat="30.2914338000118732452392578125" lon="120.22447966039180755615234375">
        <ele>14.6000003814697265625</ele>
        <time>2026-07-02T12:11:15.000Z</time>
        <extensions>
          <ns3:TrackPointExtension>
            <ns3:hr>153</ns3:hr>
            <ns3:cad>88</ns3:cad>
          </ns3:TrackPointExtension>
        </extensions>
      </trkpt>
      <trkpt lat="30.291428603231906890869140625" lon="120.22450120188295841217041015625">
        <ele>14.6000003814697265625</ele>
        <time>2026-07-02T12:11:16.000Z</time>
        <extensions>
          <ns3:TrackPointExtension>
            <ns3:hr>153</ns3:hr>
            <ns3:cad>89</ns3:cad>
          </ns3:TrackPointExtension>
        </extensions>
      </trkpt>
      <trkpt lat="30.29141762293875217437744140625" lon="120.2245366573333740234375">
        <ele>14.3999996185302734375</ele>
        <time>2026-07-02T12:11:17.000Z</time>
        <extensions>
          <ns3:TrackPointExtension>
            <ns3:hr>153</ns3:hr>
            <ns3:cad>88</ns3:cad>
          </ns3:TrackPointExtension>
        </extensions>
      </trkpt>
      <trkpt lat="30.29141142033040523529052734375" lon="120.22456674836575984954833984375">
        <ele>14.3999996185302734375</ele>
        <time>2026-07-02T12:11:18.000Z</time>
        <extensions>
          <ns3:TrackPointExtension>
            <ns3:hr>153</ns3:hr>
            <ns3:cad>88</ns3:cad>
          </ns3:TrackPointExtension>
        </extensions>
      </trkpt>
      <trkpt lat="30.291400440037250518798828125" lon="120.22459876723587512969970703125">
        <ele>14.3999996185302734375</ele>
        <time>2026-07-02T12:11:19.000Z</time>
        <extensions>
          <ns3:TrackPointExtension>
            <ns3:hr>153</ns3:hr>
            <ns3:cad>88</ns3:cad>
          </ns3:TrackPointExtension>
        </extensions>
      </trkpt>
      <trkpt lat="30.29139767400920391082763671875" lon="120.224622152745723724365234375">
        <ele>14.19999980926513671875</ele>
        <time>2026-07-02T12:11:20.000Z</time>
        <extensions>
          <ns3:TrackPointExtension>
            <ns3:hr>153</ns3:hr>
            <ns3:cad>88</ns3:cad>
          </ns3:TrackPointExtension>
        </extensions>
      </trkpt>
      <trkpt lat="30.29138476587831974029541015625" lon="120.22465341724455356597900390625">
        <ele>14.19999980926513671875</ele>
        <time>2026-07-02T12:11:21.000Z</time>
        <extensions>
          <ns3:TrackPointExtension>
            <ns3:hr>153</ns3:hr>
            <ns3:cad>88</ns3:cad>
          </ns3:TrackPointExtension>
        </extensions>
      </trkpt>
      <trkpt lat="30.2913741208612918853759765625" lon="120.224677138030529022216796875">
        <ele>14.19999980926513671875</ele>
        <time>2026-07-02T12:11:22.000Z</time>
        <extensions>
          <ns3:TrackPointExtension>
            <ns3:hr>153</ns3:hr>
            <ns3:cad>88</ns3:cad>
          </ns3:TrackPointExtension>
        </extensions>
      </trkpt>
      <trkpt lat="30.2913613803684711456298828125" lon="120.22470504976809024810791015625">
        <ele>14.19999980926513671875</ele>
        <time>2026-07-02T12:11:23.000Z</time>
        <extensions>
          <ns3:TrackPointExtension>
            <ns3:hr>152</ns3:hr>
            <ns3:cad>90</ns3:cad>
          </ns3:TrackPointExtension>
        </extensions>
      </trkpt>
      <trkpt lat="30.29134537093341350555419921875" lon="120.22471913136541843414306640625">
        <ele>14</ele>
        <time>2026-07-02T12:11:24.000Z</time>
        <extensions>
          <ns3:TrackPointExtension>
            <ns3:hr>153</ns3:hr>
            <ns3:cad>90</ns3:cad>
          </ns3:TrackPointExtension>
        </extensions>
      </trkpt>
      <trkpt lat="30.2913221530616283416748046875" lon="120.224744863808155059814453125">
        <ele>13.80000019073486328125</ele>
        <time>2026-07-02T12:11:25.000Z</time>
        <extensions>
          <ns3:TrackPointExtension>
            <ns3:hr>153</ns3:hr>
            <ns3:cad>89</ns3:cad>
          </ns3:TrackPointExtension>
        </extensions>
      </trkpt>
      <trkpt lat="30.291301198303699493408203125" lon="120.224763639271259307861328125">
        <ele>13.80000019073486328125</ele>
        <time>2026-07-02T12:11:26.000Z</time>
        <extensions>
          <ns3:TrackPointExtension>
            <ns3:hr>153</ns3:hr>
            <ns3:cad>89</ns3:cad>
          </ns3:TrackPointExtension>
        </extensions>
      </trkpt>
      <trkpt lat="30.29127873480319976806640625" lon="120.2247745357453823089599609375">
        <ele>13.80000019073486328125</ele>
        <time>2026-07-02T12:11:27.000Z</time>
        <extensions>
          <ns3:TrackPointExtension>
            <ns3:hr>152</ns3:hr>
            <ns3:cad>89</ns3:cad>
          </ns3:TrackPointExtension>
        </extensions>
      </trkpt>
      <trkpt lat="30.2912574447691440582275390625" lon="120.2247849293053150177001953125">
        <ele>13.6000003814697265625</ele>
        <time>2026-07-02T12:11:28.000Z</time>
        <extensions>
          <ns3:TrackPointExtension>
            <ns3:hr>153</ns3:hr>
            <ns3:cad>89</ns3:cad>
          </ns3:TrackPointExtension>
        </extensions>
      </trkpt>
      <trkpt lat="30.291234143078327178955078125" lon="120.22479406557977199554443359375">
        <ele>13.80000019073486328125</ele>
        <time>2026-07-02T12:11:29.000Z</time>
        <extensions>
          <ns3:TrackPointExtension>
            <ns3:hr>153</ns3:hr>
            <ns3:cad>89</ns3:cad>
          </ns3:TrackPointExtension>
        </extensions>
      </trkpt>
      <trkpt lat="30.2912118472158908843994140625" lon="120.224799849092960357666015625">
        <ele>13.80000019073486328125</ele>
        <time>2026-07-02T12:11:30.000Z</time>
        <extensions>
          <ns3:TrackPointExtension>
            <ns3:hr>153</ns3:hr>
            <ns3:cad>88</ns3:cad>
          </ns3:TrackPointExtension>
        </extensions>
      </trkpt>
      <trkpt lat="30.29119147919118404388427734375" lon="120.224805884063243865966796875">
        <ele>13.80000019073486328125</ele>
        <time>2026-07-02T12:11:31.000Z</time>
        <extensions>
          <ns3:TrackPointExtension>
            <ns3:hr>152</ns3:hr>
            <ns3:cad>89</ns3:cad>
          </ns3:TrackPointExtension>
        </extensions>
      </trkpt>
      <trkpt lat="30.29116876423358917236328125" lon="120.22481082938611507415771484375">
        <ele>13.80000019073486328125</ele>
        <time>2026-07-02T12:11:32.000Z</time>
        <extensions>
          <ns3:TrackPointExtension>
            <ns3:hr>152</ns3:hr>
            <ns3:cad>89</ns3:cad>
          </ns3:TrackPointExtension>
        </extensions>
      </trkpt>
      <trkpt lat="30.29114990495145320892333984375" lon="120.2248115837574005126953125">
        <ele>13.80000019073486328125</ele>
        <time>2026-07-02T12:11:33.000Z</time>
        <extensions>
          <ns3:TrackPointExtension>
            <ns3:hr>152</ns3:hr>
            <ns3:cad>89</ns3:cad>
          </ns3:TrackPointExtension>
        </extensions>
      </trkpt>
      <trkpt lat="30.29112660326063632965087890625" lon="120.22481300868093967437744140625">
        <ele>13.80000019073486328125</ele>
        <time>2026-07-02T12:11:34.000Z</time>
        <extensions>
          <ns3:TrackPointExtension>
            <ns3:hr>151</ns3:hr>
            <ns3:cad>89</ns3:cad>
          </ns3:TrackPointExtension>
        </extensions>
      </trkpt>
      <trkpt lat="30.29111285693943500518798828125" lon="120.22482004947960376739501953125">
        <ele>13.80000019073486328125</ele>
        <time>2026-07-02T12:11:35.000Z</time>
        <extensions>
          <ns3:TrackPointExtension>
            <ns3:hr>151</ns3:hr>
            <ns3:cad>89</ns3:cad>
          </ns3:TrackPointExtension>
        </extensions>
      </trkpt>
      <trkpt lat="30.29109240509569644927978515625" lon="120.22482256405055522918701171875">
        <ele>13.80000019073486328125</ele>
        <time>2026-07-02T12:11:36.000Z</time>
        <extensions>
          <ns3:TrackPointExtension>
            <ns3:hr>151</ns3:hr>
            <ns3:cad>89</ns3:cad>
          </ns3:TrackPointExtension>
        </extensions>
      </trkpt>
      <trkpt lat="30.2910777367651462554931640625" lon="120.2248258329927921295166015625">
        <ele>13.80000019073486328125</ele>
        <time>2026-07-02T12:11:37.000Z</time>
        <extensions>
          <ns3:TrackPointExtension>
            <ns3:hr>152</ns3:hr>
            <ns3:cad>89</ns3:cad>
          </ns3:TrackPointExtension>
        </extensions>
      </trkpt>
      <trkpt lat="30.2910519205033779144287109375" lon="120.224823318421840667724609375">
        <ele>13.6000003814697265625</ele>
        <time>2026-07-02T12:11:38.000Z</time>
        <extensions>
          <ns3:TrackPointExtension>
            <ns3:hr>152</ns3:hr>
            <ns3:cad>87</ns3:cad>
          </ns3:TrackPointExtension>
        </extensions>
      </trkpt>
      <trkpt lat="30.29103188775479793548583984375" lon="120.22482524625957012176513671875">
        <ele>13.6000003814697265625</ele>
        <time>2026-07-02T12:11:39.000Z</time>
        <extensions>
          <ns3:TrackPointExtension>
            <ns3:hr>152</ns3:hr>
            <ns3:cad>87</ns3:cad>
          </ns3:TrackPointExtension>
        </extensions>
      </trkpt>
      <trkpt lat="30.291012190282344818115234375" lon="120.22482792846858501434326171875">
        <ele>13.6000003814697265625</ele>
        <time>2026-07-02T12:11:40.000Z</time>
        <extensions>
          <ns3:TrackPointExtension>
            <ns3:hr>152</ns3:hr>
            <ns3:cad>87</ns3:cad>
          </ns3:TrackPointExtension>
        </extensions>
      </trkpt>
      <trkpt lat="30.2909909002482891082763671875" lon="120.22482926957309246063232421875">
        <ele>13.6000003814697265625</ele>
        <time>2026-07-02T12:11:41.000Z</time>
        <extensions>
          <ns3:TrackPointExtension>
            <ns3:hr>152</ns3:hr>
            <ns3:cad>86</ns3:cad>
          </ns3:TrackPointExtension>
        </extensions>
      </trkpt>
      <trkpt lat="30.29097405262291431427001953125" lon="120.2248288504779338836669921875">
        <ele>13.6000003814697265625</ele>
        <time>2026-07-02T12:11:42.000Z</time>
        <extensions>
          <ns3:TrackPointExtension>
            <ns3:hr>153</ns3:hr>
            <ns3:cad>86</ns3:cad>
          </ns3:TrackPointExtension>
        </extensions>
      </trkpt>
      <trkpt lat="30.29094790108501911163330078125" lon="120.22483178414404392242431640625">
        <ele>13.6000003814697265625</ele>
        <time>2026-07-02T12:11:43.000Z</time>
        <extensions>
          <ns3:TrackPointExtension>
            <ns3:hr>152</ns3:hr>
            <ns3:cad>87</ns3:cad>
          </ns3:TrackPointExtension>
        </extensions>
      </trkpt>
      <trkpt lat="30.29092811979353427886962890625" lon="120.2248332090675830841064453125">
        <ele>13.6000003814697265625</ele>
        <time>2026-07-02T12:11:44.000Z</time>
        <extensions>
          <ns3:TrackPointExtension>
            <ns3:hr>153</ns3:hr>
            <ns3:cad>87</ns3:cad>
          </ns3:TrackPointExtension>
        </extensions>
      </trkpt>
      <trkpt lat="30.29090590775012969970703125" lon="120.2248322032392024993896484375">
        <ele>13.80000019073486328125</ele>
        <time>2026-07-02T12:11:45.000Z</time>
        <extensions>
          <ns3:TrackPointExtension>
            <ns3:hr>152</ns3:hr>
            <ns3:cad>87</ns3:cad>
          </ns3:TrackPointExtension>
        </extensions>
      </trkpt>
      <trkpt lat="30.2908896468579769134521484375" lon="120.2248368971049785614013671875">
        <ele>13.80000019073486328125</ele>
        <time>2026-07-02T12:11:46.000Z</time>
        <extensions>
          <ns3:TrackPointExtension>
            <ns3:hr>152</ns3:hr>
            <ns3:cad>87</ns3:cad>
          </ns3:TrackPointExtension>
        </extensions>
      </trkpt>
      <trkpt lat="30.29086257331073284149169921875" lon="120.224834382534027099609375">
        <ele>13.80000019073486328125</ele>
        <time>2026-07-02T12:11:47.000Z</time>
        <extensions>
          <ns3:TrackPointExtension>
            <ns3:hr>152</ns3:hr>
            <ns3:cad>87</ns3:cad>
          </ns3:TrackPointExtension>
        </extensions>
      </trkpt>
      <trkpt lat="30.2908430434763431549072265625" lon="120.22483446635305881500244140625">
        <ele>13.80000019073486328125</ele>
        <time>2026-07-02T12:11:48.000Z</time>
        <extensions>
          <ns3:TrackPointExtension>
            <ns3:hr>152</ns3:hr>
            <ns3:cad>87</ns3:cad>
          </ns3:TrackPointExtension>
        </extensions>
      </trkpt>
      <trkpt lat="30.29081814922392368316650390625" lon="120.224835388362407684326171875">
        <ele>13.80000019073486328125</ele>
        <time>2026-07-02T12:11:49.000Z</time>
        <extensions>
          <ns3:TrackPointExtension>
            <ns3:hr>151</ns3:hr>
            <ns3:cad>87</ns3:cad>
          </ns3:TrackPointExtension>
        </extensions>
      </trkpt>
      <trkpt lat="30.2907984517514705657958984375" lon="120.22483631037175655364990234375">
        <ele>13.80000019073486328125</ele>
        <time>2026-07-02T12:11:50.000Z</time>
        <extensions>
          <ns3:TrackPointExtension>
            <ns3:hr>151</ns3:hr>
            <ns3:cad>86</ns3:cad>
          </ns3:TrackPointExtension>
        </extensions>
      </trkpt>
      <trkpt lat="30.2907813526690006256103515625" lon="120.22483505308628082275390625">
        <ele>13.80000019073486328125</ele>
        <time>2026-07-02T12:11:51.000Z</time>
        <extensions>
          <ns3:TrackPointExtension>
            <ns3:hr>150</ns3:hr>
            <ns3:cad>86</ns3:cad>
          </ns3:TrackPointExtension>
        </extensions>
      </trkpt>
      <trkpt lat="30.29075612314045429229736328125" lon="120.2248330414295196533203125">
        <ele>13.80000019073486328125</ele>
        <time>2026-07-02T12:11:52.000Z</time>
        <extensions>
          <ns3:TrackPointExtension>
            <ns3:hr>149</ns3:hr>
            <ns3:cad>86</ns3:cad>
          </ns3:TrackPointExtension>
        </extensions>
      </trkpt>
      <trkpt lat="30.29074019752442836761474609375" lon="120.22483211942017078399658203125">
        <ele>13.80000019073486328125</ele>
        <time>2026-07-02T12:11:53.000Z</time>
        <extensions>
          <ns3:TrackPointExtension>
            <ns3:hr>149</ns3:hr>
            <ns3:cad>85</ns3:cad>
          </ns3:TrackPointExtension>
        </extensions>
      </trkpt>
      <trkpt lat="30.29071521945297718048095703125" lon="120.2248308621346950531005859375">
        <ele>13.80000019073486328125</ele>
        <time>2026-07-02T12:11:54.000Z</time>
        <extensions>
          <ns3:TrackPointExtension>
            <ns3:hr>149</ns3:hr>
            <ns3:cad>85</ns3:cad>
          </ns3:TrackPointExtension>
        </extensions>
      </trkpt>
      <trkpt lat="30.290691666305065155029296875" lon="120.22483429871499538421630859375">
        <ele>13.6000003814697265625</ele>
        <time>2026-07-02T12:11:55.000Z</time>
        <extensions>
          <ns3:TrackPointExtension>
            <ns3:hr>148</ns3:hr>
            <ns3:cad>85</ns3:cad>
          </ns3:TrackPointExtension>
        </extensions>
      </trkpt>
      <trkpt lat="30.2906686998903751373291015625" lon="120.22483664564788341522216796875">
        <ele>13.6000003814697265625</ele>
        <time>2026-07-02T12:11:56.000Z</time>
        <extensions>
          <ns3:TrackPointExtension>
            <ns3:hr>148</ns3:hr>
            <ns3:cad>85</ns3:cad>
          </ns3:TrackPointExtension>
        </extensions>
      </trkpt>
      <trkpt lat="30.29064430855214595794677734375" lon="120.22483848966658115386962890625">
        <ele>13.6000003814697265625</ele>
        <time>2026-07-02T12:11:57.000Z</time>
        <extensions>
          <ns3:TrackPointExtension>
            <ns3:hr>148</ns3:hr>
            <ns3:cad>86</ns3:cad>
          </ns3:TrackPointExtension>
        </extensions>
      </trkpt>
      <trkpt lat="30.290625952184200286865234375" lon="120.22484268061816692352294921875">
        <ele>13.6000003814697265625</ele>
        <time>2026-07-02T12:11:58.000Z</time>
        <extensions>
          <ns3:TrackPointExtension>
            <ns3:hr>147</ns3:hr>
            <ns3:cad>86</ns3:cad>
          </ns3:TrackPointExtension>
        </extensions>
      </trkpt>
      <trkpt lat="30.290601141750812530517578125" lon="120.224843434989452362060546875">
        <ele>13.6000003814697265625</ele>
        <time>2026-07-02T12:11:59.000Z</time>
        <extensions>
          <ns3:TrackPointExtension>
            <ns3:hr>147</ns3:hr>
            <ns3:cad>86</ns3:cad>
          </ns3:TrackPointExtension>
        </extensions>
      </trkpt>
      <trkpt lat="30.2905868925154209136962890625" lon="120.2248439379036426544189453125">
        <ele>13.6000003814697265625</ele>
        <time>2026-07-02T12:12:00.000Z</time>
        <extensions>
          <ns3:TrackPointExtension>
            <ns3:hr>147</ns3:hr>
            <ns3:cad>86</ns3:cad>
          </ns3:TrackPointExtension>
        </extensions>
      </trkpt>
      <trkpt lat="30.2905614115297794342041015625" lon="120.22484251298010349273681640625">
        <ele>13.6000003814697265625</ele>
        <time>2026-07-02T12:12:01.000Z</time>
        <extensions>
          <ns3:TrackPointExtension>
            <ns3:hr>147</ns3:hr>
            <ns3:cad>86</ns3:cad>
          </ns3:TrackPointExtension>
        </extensions>
      </trkpt>
      <trkpt lat="30.290543474256992340087890625" lon="120.22484175860881805419921875">
        <ele>13.80000019073486328125</ele>
        <time>2026-07-02T12:12:02.000Z</time>
        <extensions>
          <ns3:TrackPointExtension>
            <ns3:hr>146</ns3:hr>
            <ns3:cad>86</ns3:cad>
          </ns3:TrackPointExtension>
        </extensions>
      </trkpt>
      <trkpt lat="30.29051807709038257598876953125" lon="120.22484100423753261566162109375">
        <ele>13.80000019073486328125</ele>
        <time>2026-07-02T12:12:03.000Z</time>
        <extensions>
          <ns3:TrackPointExtension>
            <ns3:hr>146</ns3:hr>
            <ns3:cad>86</ns3:cad>
          </ns3:TrackPointExtension>
        </extensions>
      </trkpt>
      <trkpt lat="30.29049779288470745086669921875" lon="120.2248389087617397308349609375">
        <ele>13.80000019073486328125</ele>
        <time>2026-07-02T12:12:04.000Z</time>
        <extensions>
          <ns3:TrackPointExtension>
            <ns3:hr>146</ns3:hr>
            <ns3:cad>86</ns3:cad>
          </ns3:TrackPointExtension>
        </extensions>
      </trkpt>
      <trkpt lat="30.2904774248600006103515625" lon="120.22483781911432743072509765625">
        <ele>13.80000019073486328125</ele>
        <time>2026-07-02T12:12:05.000Z</time>
        <extensions>
          <ns3:TrackPointExtension>
            <ns3:hr>146</ns3:hr>
            <ns3:cad>87</ns3:cad>
          </ns3:TrackPointExtension>
        </extensions>
      </trkpt>
      <trkpt lat="30.29045336879789829254150390625" lon="120.2248370647430419921875">
        <ele>13.80000019073486328125</ele>
        <time>2026-07-02T12:12:06.000Z</time>
        <extensions>
          <ns3:TrackPointExtension>
            <ns3:hr>145</ns3:hr>
            <ns3:cad>87</ns3:cad>
          </ns3:TrackPointExtension>
        </extensions>
      </trkpt>
      <trkpt lat="30.290438868105411529541015625" lon="120.224839411675930023193359375">
        <ele>13.80000019073486328125</ele>
        <time>2026-07-02T12:12:07.000Z</time>
        <extensions>
          <ns3:TrackPointExtension>
            <ns3:hr>145</ns3:hr>
            <ns3:cad>87</ns3:cad>
          </ns3:TrackPointExtension>
        </extensions>
      </trkpt>
      <trkpt lat="30.29041380621492862701416015625" lon="120.22483832202851772308349609375">
        <ele>13.80000019073486328125</ele>
        <time>2026-07-02T12:12:08.000Z</time>
        <extensions>
          <ns3:TrackPointExtension>
            <ns3:hr>145</ns3:hr>
            <ns3:cad>86</ns3:cad>
          </ns3:TrackPointExtension>
        </extensions>
      </trkpt>
      <trkpt lat="30.29040073044598102569580078125" lon="120.22483932785689830780029296875">
        <ele>13.6000003814697265625</ele>
        <time>2026-07-02T12:12:09.000Z</time>
        <extensions>
          <ns3:TrackPointExtension>
            <ns3:hr>146</ns3:hr>
            <ns3:cad>86</ns3:cad>
          </ns3:TrackPointExtension>
        </extensions>
      </trkpt>
      <trkpt lat="30.29037273488938808441162109375" lon="120.22484251298010349273681640625">
        <ele>13.6000003814697265625</ele>
        <time>2026-07-02T12:12:10.000Z</time>
        <extensions>
          <ns3:TrackPointExtension>
            <ns3:hr>146</ns3:hr>
            <ns3:cad>87</ns3:cad>
          </ns3:TrackPointExtension>
        </extensions>
      </trkpt>
      <trkpt lat="30.29035446234047412872314453125" lon="120.22483932785689830780029296875">
        <ele>13.6000003814697265625</ele>
        <time>2026-07-02T12:12:11.000Z</time>
        <extensions>
          <ns3:TrackPointExtension>
            <ns3:hr>147</ns3:hr>
            <ns3:cad>87</ns3:cad>
          </ns3:TrackPointExtension>
        </extensions>
      </trkpt>
      <trkpt lat="30.29032562859356403350830078125" lon="120.2248372323811054229736328125">
        <ele>13.6000003814697265625</ele>
        <time>2026-07-02T12:12:12.000Z</time>
        <extensions>
          <ns3:TrackPointExtension>
            <ns3:hr>147</ns3:hr>
            <ns3:cad>87</ns3:cad>
          </ns3:TrackPointExtension>
        </extensions>
      </trkpt>
      <trkpt lat="30.2903049252927303314208984375" lon="120.22483505308628082275390625">
        <ele>13.6000003814697265625</ele>
        <time>2026-07-02T12:12:13.000Z</time>
        <extensions>
          <ns3:TrackPointExtension>
            <ns3:hr>147</ns3:hr>
            <ns3:cad>87</ns3:cad>
          </ns3:TrackPointExtension>
        </extensions>
      </trkpt>
      <trkpt lat="30.29028086923062801361083984375" lon="120.22483010776340961456298828125">
        <ele>13.6000003814697265625</ele>
        <time>2026-07-02T12:12:14.000Z</time>
        <extensions>
          <ns3:TrackPointExtension>
            <ns3:hr>147</ns3:hr>
            <ns3:cad>87</ns3:cad>
          </ns3:TrackPointExtension>
        </extensions>
      </trkpt>
      <trkpt lat="30.290254466235637664794921875" lon="120.2248281799256801605224609375">
        <ele>13.6000003814697265625</ele>
        <time>2026-07-02T12:12:15.000Z</time>
        <extensions>
          <ns3:TrackPointExtension>
            <ns3:hr>146</ns3:hr>
            <ns3:cad>87</ns3:cad>
          </ns3:TrackPointExtension>
        </extensions>
      </trkpt>
      <trkpt lat="30.2902308292686939239501953125" lon="120.22482943721115589141845703125">
        <ele>13.6000003814697265625</ele>
        <time>2026-07-02T12:12:16.000Z</time>
        <extensions>
          <ns3:TrackPointExtension>
            <ns3:hr>146</ns3:hr>
            <ns3:cad>87</ns3:cad>
          </ns3:TrackPointExtension>
        </extensions>
      </trkpt>
      <trkpt lat="30.29020912013947963714599609375" lon="120.2248251624405384063720703125">
        <ele>13.6000003814697265625</ele>
        <time>2026-07-02T12:12:17.000Z</time>
        <extensions>
          <ns3:TrackPointExtension>
            <ns3:hr>146</ns3:hr>
            <ns3:cad>86</ns3:cad>
          </ns3:TrackPointExtension>
        </extensions>
      </trkpt>
      <trkpt lat="30.290191434323787689208984375" lon="120.22481921128928661346435546875">
        <ele>13.3999996185302734375</ele>
        <time>2026-07-02T12:12:18.000Z</time>
        <extensions>
          <ns3:TrackPointExtension>
            <ns3:hr>146</ns3:hr>
            <ns3:cad>86</ns3:cad>
          </ns3:TrackPointExtension>
        </extensions>
      </trkpt>
      <trkpt lat="30.29016704298555850982666015625" lon="120.22481736727058887481689453125">
        <ele>13.3999996185302734375</ele>
        <time>2026-07-02T12:12:19.000Z</time>
        <extensions>
          <ns3:TrackPointExtension>
            <ns3:hr>147</ns3:hr>
            <ns3:cad>86</ns3:cad>
          </ns3:TrackPointExtension>
        </extensions>
      </trkpt>
      <trkpt lat="30.290151871740818023681640625" lon="120.22481233812868595123291015625">
        <ele>13.3999996185302734375</ele>
        <time>2026-07-02T12:12:20.000Z</time>
        <extensions>
          <ns3:TrackPointExtension>
            <ns3:hr>146</ns3:hr>
            <ns3:cad>87</ns3:cad>
          </ns3:TrackPointExtension>
        </extensions>
      </trkpt>
      <trkpt lat="30.29012630693614482879638671875" lon="120.224807560443878173828125">
        <ele>13.3999996185302734375</ele>
        <time>2026-07-02T12:12:21.000Z</time>
        <extensions>
          <ns3:TrackPointExtension>
            <ns3:hr>146</ns3:hr>
            <ns3:cad>87</ns3:cad>
          </ns3:TrackPointExtension>
        </extensions>
      </trkpt>
      <trkpt lat="30.29010635800659656524658203125" lon="120.22480512969195842742919921875">
        <ele>13.3999996185302734375</ele>
        <time>2026-07-02T12:12:22.000Z</time>
        <extensions>
          <ns3:TrackPointExtension>
            <ns3:hr>146</ns3:hr>
            <ns3:cad>87</ns3:cad>
          </ns3:TrackPointExtension>
        </extensions>
      </trkpt>
      <trkpt lat="30.29008372686803340911865234375" lon="120.22479079663753509521484375">
        <ele>13.3999996185302734375</ele>
        <time>2026-07-02T12:12:23.000Z</time>
        <extensions>
          <ns3:TrackPointExtension>
            <ns3:hr>146</ns3:hr>
            <ns3:cad>87</ns3:cad>
          </ns3:TrackPointExtension>
        </extensions>
      </trkpt>
      <trkpt lat="30.29006444849073886871337890625" lon="120.2247762121260166168212890625">
        <ele>13.6000003814697265625</ele>
        <time>2026-07-02T12:12:24.000Z</time>
        <extensions>
          <ns3:TrackPointExtension>
            <ns3:hr>147</ns3:hr>
            <ns3:cad>87</ns3:cad>
          </ns3:TrackPointExtension>
        </extensions>
      </trkpt>
      <trkpt lat="30.29004064388573169708251953125" lon="120.22476623766124248504638671875">
        <ele>13.6000003814697265625</ele>
        <time>2026-07-02T12:12:25.000Z</time>
        <extensions>
          <ns3:TrackPointExtension>
            <ns3:hr>147</ns3:hr>
            <ns3:cad>87</ns3:cad>
          </ns3:TrackPointExtension>
        </extensions>
      </trkpt>
      <trkpt lat="30.29001499526202678680419921875" lon="120.22475919686257839202880859375">
        <ele>13.6000003814697265625</ele>
        <time>2026-07-02T12:12:26.000Z</time>
        <extensions>
          <ns3:TrackPointExtension>
            <ns3:hr>147</ns3:hr>
            <ns3:cad>86</ns3:cad>
          </ns3:TrackPointExtension>
        </extensions>
      </trkpt>
      <trkpt lat="30.29000141657888889312744140625" lon="120.224755592644214630126953125">
        <ele>13.6000003814697265625</ele>
        <time>2026-07-02T12:12:27.000Z</time>
        <extensions>
          <ns3:TrackPointExtension>
            <ns3:hr>147</ns3:hr>
            <ns3:cad>86</ns3:cad>
          </ns3:TrackPointExtension>
        </extensions>
      </trkpt>
      <trkpt lat="30.28998130001127719879150390625" lon="120.22474846802651882171630859375">
        <ele>13.6000003814697265625</ele>
        <time>2026-07-02T12:12:28.000Z</time>
        <extensions>
          <ns3:TrackPointExtension>
            <ns3:hr>146</ns3:hr>
            <ns3:cad>86</ns3:cad>
          </ns3:TrackPointExtension>
        </extensions>
      </trkpt>
      <trkpt lat="30.28996218927204608917236328125" lon="120.2247460372745990753173828125">
        <ele>13.6000003814697265625</ele>
        <time>2026-07-02T12:12:29.000Z</time>
        <extensions>
          <ns3:TrackPointExtension>
            <ns3:hr>147</ns3:hr>
            <ns3:cad>88</ns3:cad>
          </ns3:TrackPointExtension>
        </extensions>
      </trkpt>
      <trkpt lat="30.289939977228641510009765625" lon="120.2247391641139984130859375">
        <ele>13.6000003814697265625</ele>
        <time>2026-07-02T12:12:30.000Z</time>
        <extensions>
          <ns3:TrackPointExtension>
            <ns3:hr>147</ns3:hr>
            <ns3:cad>88</ns3:cad>
          </ns3:TrackPointExtension>
        </extensions>
      </trkpt>
      <trkpt lat="30.28991793282330036163330078125" lon="120.2247336320579051971435546875">
        <ele>13.6000003814697265625</ele>
        <time>2026-07-02T12:12:31.000Z</time>
        <extensions>
          <ns3:TrackPointExtension>
            <ns3:hr>147</ns3:hr>
            <ns3:cad>87</ns3:cad>
          </ns3:TrackPointExtension>
        </extensions>
      </trkpt>
      <trkpt lat="30.28989563696086406707763671875" lon="120.224728770554065704345703125">
        <ele>13.6000003814697265625</ele>
        <time>2026-07-02T12:12:32.000Z</time>
        <extensions>
          <ns3:TrackPointExtension>
            <ns3:hr>146</ns3:hr>
            <ns3:cad>87</ns3:cad>
          </ns3:TrackPointExtension>
        </extensions>
      </trkpt>
      <trkpt lat="30.2898804657161235809326171875" lon="120.224726758897304534912109375">
        <ele>13.6000003814697265625</ele>
        <time>2026-07-02T12:12:33.000Z</time>
        <extensions>
          <ns3:TrackPointExtension>
            <ns3:hr>147</ns3:hr>
            <ns3:cad>87</ns3:cad>
          </ns3:TrackPointExtension>
        </extensions>
      </trkpt>
      <trkpt lat="30.2898593433201313018798828125" lon="120.22472600452601909637451171875">
        <ele>13.6000003814697265625</ele>
        <time>2026-07-02T12:12:34.000Z</time>
        <extensions>
          <ns3:TrackPointExtension>
            <ns3:hr>147</ns3:hr>
            <ns3:cad>87</ns3:cad>
          </ns3:TrackPointExtension>
        </extensions>
      </trkpt>
      <trkpt lat="30.289834029972553253173828125" lon="120.22472550161182880401611328125">
        <ele>13.6000003814697265625</ele>
        <time>2026-07-02T12:12:35.000Z</time>
        <extensions>
          <ns3:TrackPointExtension>
            <ns3:hr>147</ns3:hr>
            <ns3:cad>87</ns3:cad>
          </ns3:TrackPointExtension>
        </extensions>
      </trkpt>
      <trkpt lat="30.28980393894016742706298828125" lon="120.2247275970876216888427734375">
        <ele>13.6000003814697265625</ele>
        <time>2026-07-02T12:12:36.000Z</time>
        <extensions>
          <ns3:TrackPointExtension>
            <ns3:hr>147</ns3:hr>
            <ns3:cad>87</ns3:cad>
          </ns3:TrackPointExtension>
        </extensions>
      </trkpt>
      <trkpt lat="30.28977829031646251678466796875" lon="120.2247297763824462890625">
        <ele>13.6000003814697265625</ele>
        <time>2026-07-02T12:12:37.000Z</time>
        <extensions>
          <ns3:TrackPointExtension>
            <ns3:hr>147</ns3:hr>
            <ns3:cad>88</ns3:cad>
          </ns3:TrackPointExtension>
        </extensions>
      </trkpt>
      <trkpt lat="30.28975046239793300628662109375" lon="120.2247356437146663665771484375">
        <ele>13.6000003814697265625</ele>
        <time>2026-07-02T12:12:38.000Z</time>
        <extensions>
          <ns3:TrackPointExtension>
            <ns3:hr>148</ns3:hr>
            <ns3:cad>88</ns3:cad>
          </ns3:TrackPointExtension>
        </extensions>
      </trkpt>
      <trkpt lat="30.2897212095558643341064453125" lon="120.22473740391433238983154296875">
        <ele>13.6000003814697265625</ele>
        <time>2026-07-02T12:12:39.000Z</time>
        <extensions>
          <ns3:TrackPointExtension>
            <ns3:hr>148</ns3:hr>
            <ns3:cad>88</ns3:cad>
          </ns3:TrackPointExtension>
        </extensions>
      </trkpt>
      <trkpt lat="30.28969916515052318572998046875" lon="120.22474586963653564453125">
        <ele>13.6000003814697265625</ele>
        <time>2026-07-02T12:12:40.000Z</time>
        <extensions>
          <ns3:TrackPointExtension>
            <ns3:hr>148</ns3:hr>
            <ns3:cad>88</ns3:cad>
          </ns3:TrackPointExtension>
        </extensions>
      </trkpt>
      <trkpt lat="30.2896692417562007904052734375" lon="120.2247487194836139678955078125">
        <ele>13.6000003814697265625</ele>
        <time>2026-07-02T12:12:41.000Z</time>
        <extensions>
          <ns3:TrackPointExtension>
            <ns3:hr>148</ns3:hr>
            <ns3:cad>88</ns3:cad>
          </ns3:TrackPointExtension>
        </extensions>
      </trkpt>
      <trkpt lat="30.2896486222743988037109375" lon="120.22475517354905605316162109375">
        <ele>13.6000003814697265625</ele>
        <time>2026-07-02T12:12:42.000Z</time>
        <extensions>
          <ns3:TrackPointExtension>
            <ns3:hr>149</ns3:hr>
            <ns3:cad>87</ns3:cad>
          </ns3:TrackPointExtension>
        </extensions>
      </trkpt>
      <trkpt lat="30.28961719013750553131103515625" lon="120.22475215606391429901123046875">
        <ele>13.6000003814697265625</ele>
        <time>2026-07-02T12:12:43.000Z</time>
        <extensions>
          <ns3:TrackPointExtension>
            <ns3:hr>149</ns3:hr>
            <ns3:cad>87</ns3:cad>
          </ns3:TrackPointExtension>
        </extensions>
      </trkpt>
      <trkpt lat="30.2895984984934329986572265625" lon="120.22475684992969036102294921875">
        <ele>13.6000003814697265625</ele>
        <time>2026-07-02T12:12:44.000Z</time>
        <extensions>
          <ns3:TrackPointExtension>
            <ns3:hr>149</ns3:hr>
            <ns3:cad>87</ns3:cad>
          </ns3:TrackPointExtension>
        </extensions>
      </trkpt>
      <trkpt lat="30.28957016766071319580078125" lon="120.22475668229162693023681640625">
        <ele>13.6000003814697265625</ele>
        <time>2026-07-02T12:12:45.000Z</time>
        <extensions>
          <ns3:TrackPointExtension>
            <ns3:hr>149</ns3:hr>
            <ns3:cad>87</ns3:cad>
          </ns3:TrackPointExtension>
        </extensions>
      </trkpt>
      <trkpt lat="30.28955348767340183258056640625" lon="120.2247571013867855072021484375">
        <ele>13.6000003814697265625</ele>
        <time>2026-07-02T12:12:46.000Z</time>
        <extensions>
          <ns3:TrackPointExtension>
            <ns3:hr>150</ns3:hr>
            <ns3:cad>87</ns3:cad>
          </ns3:TrackPointExtension>
        </extensions>
      </trkpt>
      <trkpt lat="30.289528928697109222412109375" lon="120.22475726902484893798828125">
        <ele>13.6000003814697265625</ele>
        <time>2026-07-02T12:12:47.000Z</time>
        <extensions>
          <ns3:TrackPointExtension>
            <ns3:hr>150</ns3:hr>
            <ns3:cad>87</ns3:cad>
          </ns3:TrackPointExtension>
        </extensions>
      </trkpt>
      <trkpt lat="30.28950923122465610504150390625" lon="120.2247574366629123687744140625">
        <ele>13.6000003814697265625</ele>
        <time>2026-07-02T12:12:48.000Z</time>
        <extensions>
          <ns3:TrackPointExtension>
            <ns3:hr>150</ns3:hr>
            <ns3:cad>87</ns3:cad>
          </ns3:TrackPointExtension>
        </extensions>
      </trkpt>
      <trkpt lat="30.28948660008609294891357421875" lon="120.2247597835958003997802734375">
        <ele>13.6000003814697265625</ele>
        <time>2026-07-02T12:12:49.000Z</time>
        <extensions>
          <ns3:TrackPointExtension>
            <ns3:hr>150</ns3:hr>
            <ns3:cad>87</ns3:cad>
          </ns3:TrackPointExtension>
        </extensions>
      </trkpt>
      <trkpt lat="30.28946380130946636199951171875" lon="120.22475819103419780731201171875">
        <ele>13.6000003814697265625</ele>
        <time>2026-07-02T12:12:50.000Z</time>
        <extensions>
          <ns3:TrackPointExtension>
            <ns3:hr>150</ns3:hr>
            <ns3:cad>87</ns3:cad>
          </ns3:TrackPointExtension>
        </extensions>
      </trkpt>
      <trkpt lat="30.28944142162799835205078125" lon="120.2247621305286884307861328125">
        <ele>13.6000003814697265625</ele>
        <time>2026-07-02T12:12:51.000Z</time>
        <extensions>
          <ns3:TrackPointExtension>
            <ns3:hr>150</ns3:hr>
            <ns3:cad>87</ns3:cad>
          </ns3:TrackPointExtension>
        </extensions>
      </trkpt>
      <trkpt lat="30.28941669501364231109619140625" lon="120.2247606217861175537109375">
        <ele>13.6000003814697265625</ele>
        <time>2026-07-02T12:12:52.000Z</time>
        <extensions>
          <ns3:TrackPointExtension>
            <ns3:hr>150</ns3:hr>
            <ns3:cad>87</ns3:cad>
          </ns3:TrackPointExtension>
        </extensions>
      </trkpt>
      <trkpt lat="30.28939272277057170867919921875" lon="120.2247617952525615692138671875">
        <ele>13.6000003814697265625</ele>
        <time>2026-07-02T12:12:53.000Z</time>
        <extensions>
          <ns3:TrackPointExtension>
            <ns3:hr>150</ns3:hr>
            <ns3:cad>87</ns3:cad>
          </ns3:TrackPointExtension>
        </extensions>
      </trkpt>
      <trkpt lat="30.28936497867107391357421875" lon="120.224762968719005584716796875">
        <ele>13.6000003814697265625</ele>
        <time>2026-07-02T12:12:54.000Z</time>
        <extensions>
          <ns3:TrackPointExtension>
            <ns3:hr>151</ns3:hr>
            <ns3:cad>88</ns3:cad>
          </ns3:TrackPointExtension>
        </extensions>
      </trkpt>
      <trkpt lat="30.289346873760223388671875" lon="120.2247658185660839080810546875">
        <ele>13.6000003814697265625</ele>
        <time>2026-07-02T12:12:55.000Z</time>
        <extensions>
          <ns3:TrackPointExtension>
            <ns3:hr>151</ns3:hr>
            <ns3:cad>88</ns3:cad>
          </ns3:TrackPointExtension>
        </extensions>
      </trkpt>
      <trkpt lat="30.28931879438459873199462890625" lon="120.22476539947092533111572265625">
        <ele>13.6000003814697265625</ele>
        <time>2026-07-02T12:12:56.000Z</time>
        <extensions>
          <ns3:TrackPointExtension>
            <ns3:hr>151</ns3:hr>
            <ns3:cad>88</ns3:cad>
          </ns3:TrackPointExtension>
        </extensions>
      </trkpt>
      <trkpt lat="30.28929934836924076080322265625" lon="120.22476908750832080841064453125">
        <ele>13.6000003814697265625</ele>
        <time>2026-07-02T12:12:57.000Z</time>
        <extensions>
          <ns3:TrackPointExtension>
            <ns3:hr>151</ns3:hr>
            <ns3:cad>88</ns3:cad>
          </ns3:TrackPointExtension>
        </extensions>
      </trkpt>
      <trkpt lat="30.2892729453742504119873046875" lon="120.22476389072835445404052734375">
        <ele>13.6000003814697265625</ele>
        <time>2026-07-02T12:12:58.000Z</time>
        <extensions>
          <ns3:TrackPointExtension>
            <ns3:hr>151</ns3:hr>
            <ns3:cad>88</ns3:cad>
          </ns3:TrackPointExtension>
        </extensions>
      </trkpt>
      <trkpt lat="30.289253331720829010009765625" lon="120.22476489655673503875732421875">
        <ele>13.6000003814697265625</ele>
        <time>2026-07-02T12:12:59.000Z</time>
        <extensions>
          <ns3:TrackPointExtension>
            <ns3:hr>151</ns3:hr>
            <ns3:cad>88</ns3:cad>
          </ns3:TrackPointExtension>
        </extensions>
      </trkpt>
      <trkpt lat="30.28922391124069690704345703125" lon="120.2247560955584049224853515625">
        <ele>13.6000003814697265625</ele>
        <time>2026-07-02T12:13:00.000Z</time>
        <extensions>
          <ns3:TrackPointExtension>
            <ns3:hr>152</ns3:hr>
            <ns3:cad>88</ns3:cad>
          </ns3:TrackPointExtension>
        </extensions>
      </trkpt>
      <trkpt lat="30.2892038784921169281005859375" lon="120.2247530780732631683349609375">
        <ele>13.6000003814697265625</ele>
        <time>2026-07-02T12:13:01.000Z</time>
        <extensions>
          <ns3:TrackPointExtension>
            <ns3:hr>151</ns3:hr>
            <ns3:cad>88</ns3:cad>
          </ns3:TrackPointExtension>
        </extensions>
      </trkpt>
      <trkpt lat="30.28917596675455570220947265625" lon="120.2247480489313602447509765625">
        <ele>13.6000003814697265625</ele>
        <time>2026-07-02T12:13:02.000Z</time>
        <extensions>
          <ns3:TrackPointExtension>
            <ns3:hr>151</ns3:hr>
            <ns3:cad>88</ns3:cad>
          </ns3:TrackPointExtension>
        </extensions>
      </trkpt>
      <trkpt lat="30.28915870003402233123779296875" lon="120.22474897094070911407470703125">
        <ele>13.6000003814697265625</ele>
        <time>2026-07-02T12:13:03.000Z</time>
        <extensions>
          <ns3:TrackPointExtension>
            <ns3:hr>151</ns3:hr>
            <ns3:cad>88</ns3:cad>
          </ns3:TrackPointExtension>
        </extensions>
      </trkpt>
      <trkpt lat="30.28913305141031742095947265625" lon="120.22475701756775379180908203125">
        <ele>13.3999996185302734375</ele>
        <time>2026-07-02T12:13:04.000Z</time>
        <extensions>
          <ns3:TrackPointExtension>
            <ns3:hr>152</ns3:hr>
            <ns3:cad>89</ns3:cad>
          </ns3:TrackPointExtension>
        </extensions>
      </trkpt>
      <trkpt lat="30.28911285102367401123046875" lon="120.22475986741483211517333984375">
        <ele>13.3999996185302734375</ele>
        <time>2026-07-02T12:13:05.000Z</time>
        <extensions>
          <ns3:TrackPointExtension>
            <ns3:hr>152</ns3:hr>
            <ns3:cad>89</ns3:cad>
          </ns3:TrackPointExtension>
        </extensions>
      </trkpt>
      <trkpt lat="30.28908661566674709320068359375" lon="120.22475936450064182281494140625">
        <ele>13.3999996185302734375</ele>
        <time>2026-07-02T12:13:06.000Z</time>
        <extensions>
          <ns3:TrackPointExtension>
            <ns3:hr>152</ns3:hr>
            <ns3:cad>89</ns3:cad>
          </ns3:TrackPointExtension>
        </extensions>
      </trkpt>
      <trkpt lat="30.28906214050948619842529296875" lon="120.22475852631032466888427734375">
        <ele>13.3999996185302734375</ele>
        <time>2026-07-02T12:13:07.000Z</time>
        <extensions>
          <ns3:TrackPointExtension>
            <ns3:hr>151</ns3:hr>
            <ns3:cad>89</ns3:cad>
          </ns3:TrackPointExtension>
        </extensions>
      </trkpt>
      <trkpt lat="30.28903230093419551849365234375" lon="120.22475819103419780731201171875">
        <ele>13.3999996185302734375</ele>
        <time>2026-07-02T12:13:08.000Z</time>
        <extensions>
          <ns3:TrackPointExtension>
            <ns3:hr>152</ns3:hr>
            <ns3:cad>89</ns3:cad>
          </ns3:TrackPointExtension>
        </extensions>
      </trkpt>
      <trkpt lat="30.2890084125101566314697265625" lon="120.224757604300975799560546875">
        <ele>13.3999996185302734375</ele>
        <time>2026-07-02T12:13:09.000Z</time>
        <extensions>
          <ns3:TrackPointExtension>
            <ns3:hr>152</ns3:hr>
            <ns3:cad>89</ns3:cad>
          </ns3:TrackPointExtension>
        </extensions>
      </trkpt>
      <trkpt lat="30.28898485936224460601806640625" lon="120.2247579395771026611328125">
        <ele>13.3999996185302734375</ele>
        <time>2026-07-02T12:13:10.000Z</time>
        <extensions>
          <ns3:TrackPointExtension>
            <ns3:hr>151</ns3:hr>
            <ns3:cad>88</ns3:cad>
          </ns3:TrackPointExtension>
        </extensions>
      </trkpt>
      <trkpt lat="30.288960300385951995849609375" lon="120.2247594483196735382080078125">
        <ele>13.3999996185302734375</ele>
        <time>2026-07-02T12:13:11.000Z</time>
        <extensions>
          <ns3:TrackPointExtension>
            <ns3:hr>152</ns3:hr>
            <ns3:cad>88</ns3:cad>
          </ns3:TrackPointExtension>
        </extensions>
      </trkpt>
      <trkpt lat="30.28893976472318172454833984375" lon="120.22476087324321269989013671875">
        <ele>13.3999996185302734375</ele>
        <time>2026-07-02T12:13:12.000Z</time>
        <extensions>
          <ns3:TrackPointExtension>
            <ns3:hr>152</ns3:hr>
            <ns3:cad>88</ns3:cad>
          </ns3:TrackPointExtension>
        </extensions>
      </trkpt>
      <trkpt lat="30.2889205701649188995361328125" lon="120.22475819103419780731201171875">
        <ele>13.6000003814697265625</ele>
        <time>2026-07-02T12:13:13.000Z</time>
        <extensions>
          <ns3:TrackPointExtension>
            <ns3:hr>152</ns3:hr>
            <ns3:cad>89</ns3:cad>
          </ns3:TrackPointExtension>
        </extensions>
      </trkpt>
      <trkpt lat="30.2888976037502288818359375" lon="120.2247628010809421539306640625">
        <ele>13.6000003814697265625</ele>
        <time>2026-07-02T12:13:14.000Z</time>
        <extensions>
          <ns3:TrackPointExtension>
            <ns3:hr>152</ns3:hr>
            <ns3:cad>89</ns3:cad>
          </ns3:TrackPointExtension>
        </extensions>
      </trkpt>
      <trkpt lat="30.28886768035590648651123046875" lon="120.2247638069093227386474609375">
        <ele>13.6000003814697265625</ele>
        <time>2026-07-02T12:13:15.000Z</time>
        <extensions>
          <ns3:TrackPointExtension>
            <ns3:hr>152</ns3:hr>
            <ns3:cad>89</ns3:cad>
          </ns3:TrackPointExtension>
        </extensions>
      </trkpt>
      <trkpt lat="30.28884639032185077667236328125" lon="120.224760286509990692138671875">
        <ele>13.6000003814697265625</ele>
        <time>2026-07-02T12:13:16.000Z</time>
        <extensions>
          <ns3:TrackPointExtension>
            <ns3:hr>153</ns3:hr>
            <ns3:cad>88</ns3:cad>
          </ns3:TrackPointExtension>
        </extensions>
      </trkpt>
      <trkpt lat="30.288816131651401519775390625" lon="120.22475165314972400665283203125">
        <ele>13.6000003814697265625</ele>
        <time>2026-07-02T12:13:17.000Z</time>
        <extensions>
          <ns3:TrackPointExtension>
            <ns3:hr>153</ns3:hr>
            <ns3:cad>88</ns3:cad>
          </ns3:TrackPointExtension>
        </extensions>
      </trkpt>
      <trkpt lat="30.2887908183038234710693359375" lon="120.22474343888461589813232421875">
        <ele>13.6000003814697265625</ele>
        <time>2026-07-02T12:13:18.000Z</time>
        <extensions>
          <ns3:TrackPointExtension>
            <ns3:hr>152</ns3:hr>
            <ns3:cad>87</ns3:cad>
          </ns3:TrackPointExtension>
        </extensions>
      </trkpt>
      <trkpt lat="30.2887650020420551300048828125" lon="120.2247316204011440277099609375">
        <ele>13.6000003814697265625</ele>
        <time>2026-07-02T12:13:19.000Z</time>
        <extensions>
          <ns3:TrackPointExtension>
            <ns3:hr>152</ns3:hr>
            <ns3:cad>87</ns3:cad>
          </ns3:TrackPointExtension>
        </extensions>
      </trkpt>
      <trkpt lat="30.28874865733087062835693359375" lon="120.22471929900348186492919921875">
        <ele>13.6000003814697265625</ele>
        <time>2026-07-02T12:13:20.000Z</time>
        <extensions>
          <ns3:TrackPointExtension>
            <ns3:hr>152</ns3:hr>
            <ns3:cad>87</ns3:cad>
          </ns3:TrackPointExtension>
        </extensions>
      </trkpt>
      <trkpt lat="30.2887291274964809417724609375" lon="120.22469650022685527801513671875">
        <ele>13.6000003814697265625</ele>
        <time>2026-07-02T12:13:21.000Z</time>
        <extensions>
          <ns3:TrackPointExtension>
            <ns3:hr>152</ns3:hr>
            <ns3:cad>88</ns3:cad>
          </ns3:TrackPointExtension>
        </extensions>
      </trkpt>
      <trkpt lat="30.2887160517275333404541015625" lon="120.22467940114438533782958984375">
        <ele>13.6000003814697265625</ele>
        <time>2026-07-02T12:13:22.000Z</time>
        <extensions>
          <ns3:TrackPointExtension>
            <ns3:hr>152</ns3:hr>
            <ns3:cad>88</ns3:cad>
          </ns3:TrackPointExtension>
        </extensions>
      </trkpt>
      <trkpt lat="30.28870071284472942352294921875" lon="120.22465878166258335113525390625">
        <ele>13.6000003814697265625</ele>
        <time>2026-07-02T12:13:23.000Z</time>
        <extensions>
          <ns3:TrackPointExtension>
            <ns3:hr>152</ns3:hr>
            <ns3:cad>89</ns3:cad>
          </ns3:TrackPointExtension>
        </extensions>
      </trkpt>
      <trkpt lat="30.2886922471225261688232421875" lon="120.22463363595306873321533203125">
        <ele>13.6000003814697265625</ele>
        <time>2026-07-02T12:13:24.000Z</time>
        <extensions>
          <ns3:TrackPointExtension>
            <ns3:hr>152</ns3:hr>
            <ns3:cad>88</ns3:cad>
          </ns3:TrackPointExtension>
        </extensions>
      </trkpt>
      <trkpt lat="30.28868378140032291412353515625" lon="120.22460681386291980743408203125">
        <ele>13.6000003814697265625</ele>
        <time>2026-07-02T12:13:25.000Z</time>
        <extensions>
          <ns3:TrackPointExtension>
            <ns3:hr>152</ns3:hr>
            <ns3:cad>88</ns3:cad>
          </ns3:TrackPointExtension>
        </extensions>
      </trkpt>
      <trkpt lat="30.28867841698229312896728515625" lon="120.22457890212535858154296875">
        <ele>13.6000003814697265625</ele>
        <time>2026-07-02T12:13:26.000Z</time>
        <extensions>
          <ns3:TrackPointExtension>
            <ns3:hr>151</ns3:hr>
            <ns3:cad>88</ns3:cad>
          </ns3:TrackPointExtension>
        </extensions>
      </trkpt>
      <trkpt lat="30.288669951260089874267578125" lon="120.22455132566392421722412109375">
        <ele>13.80000019073486328125</ele>
        <time>2026-07-02T12:13:27.000Z</time>
        <extensions>
          <ns3:TrackPointExtension>
            <ns3:hr>152</ns3:hr>
            <ns3:cad>87</ns3:cad>
          </ns3:TrackPointExtension>
        </extensions>
      </trkpt>
      <trkpt lat="30.28866601176559925079345703125" lon="120.22451897151768207550048828125">
        <ele>13.80000019073486328125</ele>
        <time>2026-07-02T12:13:28.000Z</time>
        <extensions>
          <ns3:TrackPointExtension>
            <ns3:hr>152</ns3:hr>
            <ns3:cad>87</ns3:cad>
          </ns3:TrackPointExtension>
        </extensions>
      </trkpt>
      <trkpt lat="30.28865955770015716552734375" lon="120.2244955860078334808349609375">
        <ele>13.80000019073486328125</ele>
        <time>2026-07-02T12:13:29.000Z</time>
        <extensions>
          <ns3:TrackPointExtension>
            <ns3:hr>152</ns3:hr>
            <ns3:cad>87</ns3:cad>
          </ns3:TrackPointExtension>
        </extensions>
      </trkpt>
      <trkpt lat="30.28865377418696880340576171875" lon="120.22446566261351108551025390625">
        <ele>13.80000019073486328125</ele>
        <time>2026-07-02T12:13:30.000Z</time>
        <extensions>
          <ns3:TrackPointExtension>
            <ns3:hr>151</ns3:hr>
            <ns3:cad>88</ns3:cad>
          </ns3:TrackPointExtension>
        </extensions>
      </trkpt>
      <trkpt lat="30.2886454761028289794921875" lon="120.22444638423621654510498046875">
        <ele>13.6000003814697265625</ele>
        <time>2026-07-02T12:13:31.000Z</time>
        <extensions>
          <ns3:TrackPointExtension>
            <ns3:hr>152</ns3:hr>
            <ns3:cad>88</ns3:cad>
          </ns3:TrackPointExtension>
        </extensions>
      </trkpt>
      <trkpt lat="30.28863273561000823974609375" lon="120.2244164608418941497802734375">
        <ele>13.6000003814697265625</ele>
        <time>2026-07-02T12:13:32.000Z</time>
        <extensions>
          <ns3:TrackPointExtension>
            <ns3:hr>152</ns3:hr>
            <ns3:cad>87</ns3:cad>
          </ns3:TrackPointExtension>
        </extensions>
      </trkpt>
      <trkpt lat="30.28862577863037586212158203125" lon="120.224392823874950408935546875">
        <ele>13.6000003814697265625</ele>
        <time>2026-07-02T12:13:33.000Z</time>
        <extensions>
          <ns3:TrackPointExtension>
            <ns3:hr>152</ns3:hr>
            <ns3:cad>87</ns3:cad>
          </ns3:TrackPointExtension>
        </extensions>
      </trkpt>
      <trkpt lat="30.2886171452701091766357421875" lon="120.224363990128040313720703125">
        <ele>13.6000003814697265625</ele>
        <time>2026-07-02T12:13:34.000Z</time>
        <extensions>
          <ns3:TrackPointExtension>
            <ns3:hr>152</ns3:hr>
            <ns3:cad>87</ns3:cad>
          </ns3:TrackPointExtension>
        </extensions>
      </trkpt>
      <trkpt lat="30.2886092662811279296875" lon="120.22433708421885967254638671875">
        <ele>13.6000003814697265625</ele>
        <time>2026-07-02T12:13:35.000Z</time>
        <extensions>
          <ns3:TrackPointExtension>
            <ns3:hr>152</ns3:hr>
            <ns3:cad>87</ns3:cad>
          </ns3:TrackPointExtension>
        </extensions>
      </trkpt>
      <trkpt lat="30.28860080055892467498779296875" lon="120.22431042976677417755126953125">
        <ele>13.6000003814697265625</ele>
        <time>2026-07-02T12:13:36.000Z</time>
        <extensions>
          <ns3:TrackPointExtension>
            <ns3:hr>153</ns3:hr>
            <ns3:cad>87</ns3:cad>
          </ns3:TrackPointExtension>
        </extensions>
      </trkpt>
      <trkpt lat="30.28859426267445087432861328125" lon="120.22428612224757671356201171875">
        <ele>13.6000003814697265625</ele>
        <time>2026-07-02T12:13:37.000Z</time>
        <extensions>
          <ns3:TrackPointExtension>
            <ns3:hr>153</ns3:hr>
            <ns3:cad>86</ns3:cad>
          </ns3:TrackPointExtension>
        </extensions>
      </trkpt>
      <trkpt lat="30.2885852940380573272705078125" lon="120.22426365874707698822021484375">
        <ele>13.6000003814697265625</ele>
        <time>2026-07-02T12:13:38.000Z</time>
        <extensions>
          <ns3:TrackPointExtension>
            <ns3:hr>153</ns3:hr>
            <ns3:cad>87</ns3:cad>
          </ns3:TrackPointExtension>
        </extensions>
      </trkpt>
      <trkpt lat="30.2885752357542514801025390625" lon="120.22423826158046722412109375">
        <ele>13.6000003814697265625</ele>
        <time>2026-07-02T12:13:39.000Z</time>
        <extensions>
          <ns3:TrackPointExtension>
            <ns3:hr>153</ns3:hr>
            <ns3:cad>87</ns3:cad>
          </ns3:TrackPointExtension>
        </extensions>
      </trkpt>
      <trkpt lat="30.28856475837528705596923828125" lon="120.2242203243076801300048828125">
        <ele>13.6000003814697265625</ele>
        <time>2026-07-02T12:13:40.000Z</time>
        <extensions>
          <ns3:TrackPointExtension>
            <ns3:hr>153</ns3:hr>
            <ns3:cad>89</ns3:cad>
          </ns3:TrackPointExtension>
        </extensions>
      </trkpt>
      <trkpt lat="30.28855520300567150115966796875" lon="120.22419526241719722747802734375">
        <ele>13.80000019073486328125</ele>
        <time>2026-07-02T12:13:41.000Z</time>
        <extensions>
          <ns3:TrackPointExtension>
            <ns3:hr>152</ns3:hr>
            <ns3:cad>89</ns3:cad>
          </ns3:TrackPointExtension>
        </extensions>
      </trkpt>
      <trkpt lat="30.28854430653154850006103515625" lon="120.22417724132537841796875">
        <ele>13.80000019073486328125</ele>
        <time>2026-07-02T12:13:42.000Z</time>
        <extensions>
          <ns3:TrackPointExtension>
            <ns3:hr>153</ns3:hr>
            <ns3:cad>89</ns3:cad>
          </ns3:TrackPointExtension>
        </extensions>
      </trkpt>
      <trkpt lat="30.28853391297161579132080078125" lon="120.22415335290133953094482421875">
        <ele>13.80000019073486328125</ele>
        <time>2026-07-02T12:13:43.000Z</time>
        <extensions>
          <ns3:TrackPointExtension>
            <ns3:hr>153</ns3:hr>
            <ns3:cad>89</ns3:cad>
          </ns3:TrackPointExtension>
        </extensions>
      </trkpt>
      <trkpt lat="30.2885236032307147979736328125" lon="120.22413189522922039031982421875">
        <ele>13.80000019073486328125</ele>
        <time>2026-07-02T12:13:44.000Z</time>
        <extensions>
          <ns3:TrackPointExtension>
            <ns3:hr>153</ns3:hr>
            <ns3:cad>87</ns3:cad>
          </ns3:TrackPointExtension>
        </extensions>
      </trkpt>
      <trkpt lat="30.2885167300701141357421875" lon="120.22410943172872066497802734375">
        <ele>14</ele>
        <time>2026-07-02T12:13:45.000Z</time>
        <extensions>
          <ns3:TrackPointExtension>
            <ns3:hr>153</ns3:hr>
            <ns3:cad>87</ns3:cad>
          </ns3:TrackPointExtension>
        </extensions>
      </trkpt>
      <trkpt lat="30.28850759379565715789794921875" lon="120.22409208118915557861328125">
        <ele>14</ele>
        <time>2026-07-02T12:13:46.000Z</time>
        <extensions>
          <ns3:TrackPointExtension>
            <ns3:hr>152</ns3:hr>
            <ns3:cad>87</ns3:cad>
          </ns3:TrackPointExtension>
        </extensions>
      </trkpt>
      <trkpt lat="30.288501642644405364990234375" lon="120.224066935479640960693359375">
        <ele>13.80000019073486328125</ele>
        <time>2026-07-02T12:13:47.000Z</time>
        <extensions>
          <ns3:TrackPointExtension>
            <ns3:hr>152</ns3:hr>
            <ns3:cad>87</ns3:cad>
          </ns3:TrackPointExtension>
        </extensions>
      </trkpt>
      <trkpt lat="30.28849502094089984893798828125" lon="120.22404187358915805816650390625">
        <ele>13.80000019073486328125</ele>
        <time>2026-07-02T12:13:48.000Z</time>
        <extensions>
          <ns3:TrackPointExtension>
            <ns3:hr>152</ns3:hr>
            <ns3:cad>87</ns3:cad>
          </ns3:TrackPointExtension>
        </extensions>
      </trkpt>
      <trkpt lat="30.28848881833255290985107421875" lon="120.22402125410735607147216796875">
        <ele>13.80000019073486328125</ele>
        <time>2026-07-02T12:13:49.000Z</time>
        <extensions>
          <ns3:TrackPointExtension>
            <ns3:hr>152</ns3:hr>
            <ns3:cad>87</ns3:cad>
          </ns3:TrackPointExtension>
        </extensions>
      </trkpt>
      <trkpt lat="30.2884833700954914093017578125" lon="120.22399728186428546905517578125">
        <ele>13.80000019073486328125</ele>
        <time>2026-07-02T12:13:50.000Z</time>
        <extensions>
          <ns3:TrackPointExtension>
            <ns3:hr>152</ns3:hr>
            <ns3:cad>87</ns3:cad>
          </ns3:TrackPointExtension>
        </extensions>
      </trkpt>
      <trkpt lat="30.28847674839198589324951171875" lon="120.2239782549440860748291015625">
        <ele>13.80000019073486328125</ele>
        <time>2026-07-02T12:13:51.000Z</time>
        <extensions>
          <ns3:TrackPointExtension>
            <ns3:hr>151</ns3:hr>
            <ns3:cad>87</ns3:cad>
          </ns3:TrackPointExtension>
        </extensions>
      </trkpt>
      <trkpt lat="30.28846987523138523101806640625" lon="120.22395235486328601837158203125">
        <ele>13.80000019073486328125</ele>
        <time>2026-07-02T12:13:52.000Z</time>
        <extensions>
          <ns3:TrackPointExtension>
            <ns3:hr>152</ns3:hr>
            <ns3:cad>87</ns3:cad>
          </ns3:TrackPointExtension>
        </extensions>
      </trkpt>
      <trkpt lat="30.2884615771472454071044921875" lon="120.22393223829567432403564453125">
        <ele>13.80000019073486328125</ele>
        <time>2026-07-02T12:13:53.000Z</time>
        <extensions>
          <ns3:TrackPointExtension>
            <ns3:hr>152</ns3:hr>
            <ns3:cad>88</ns3:cad>
          </ns3:TrackPointExtension>
        </extensions>
      </trkpt>
      <trkpt lat="30.288454033434391021728515625" lon="120.22390943951904773712158203125">
        <ele>13.80000019073486328125</ele>
        <time>2026-07-02T12:13:54.000Z</time>
        <extensions>
          <ns3:TrackPointExtension>
            <ns3:hr>151</ns3:hr>
            <ns3:cad>88</ns3:cad>
          </ns3:TrackPointExtension>
        </extensions>
      </trkpt>
      <trkpt lat="30.28844221495091915130615234375" lon="120.22389150224626064300537109375">
        <ele>13.80000019073486328125</ele>
        <time>2026-07-02T12:13:55.000Z</time>
        <extensions>
          <ns3:TrackPointExtension>
            <ns3:hr>151</ns3:hr>
            <ns3:cad>88</ns3:cad>
          </ns3:TrackPointExtension>
        </extensions>
      </trkpt>
      <trkpt lat="30.28843467123806476593017578125" lon="120.22386484779417514801025390625">
        <ele>13.80000019073486328125</ele>
        <time>2026-07-02T12:13:56.000Z</time>
        <extensions>
          <ns3:TrackPointExtension>
            <ns3:hr>151</ns3:hr>
            <ns3:cad>88</ns3:cad>
          </ns3:TrackPointExtension>
        </extensions>
      </trkpt>
      <trkpt lat="30.2884250320494174957275390625" lon="120.22384892217814922332763671875">
        <ele>13.80000019073486328125</ele>
        <time>2026-07-02T12:13:57.000Z</time>
        <extensions>
          <ns3:TrackPointExtension>
            <ns3:hr>151</ns3:hr>
            <ns3:cad>88</ns3:cad>
          </ns3:TrackPointExtension>
        </extensions>
      </trkpt>
      <trkpt lat="30.28841472230851650238037109375" lon="120.22382310591638088226318359375">
        <ele>13.80000019073486328125</ele>
        <time>2026-07-02T12:13:58.000Z</time>
        <extensions>
          <ns3:TrackPointExtension>
            <ns3:hr>151</ns3:hr>
            <ns3:cad>87</ns3:cad>
          </ns3:TrackPointExtension>
        </extensions>
      </trkpt>
      <trkpt lat="30.28840969316661357879638671875" lon="120.2238012291491031646728515625">
        <ele>13.80000019073486328125</ele>
        <time>2026-07-02T12:13:59.000Z</time>
        <extensions>
          <ns3:TrackPointExtension>
            <ns3:hr>151</ns3:hr>
            <ns3:cad>87</ns3:cad>
          </ns3:TrackPointExtension>
        </extensions>
      </trkpt>
      <trkpt lat="30.28839862905442714691162109375" lon="120.22377398796379566192626953125">
        <ele>13.80000019073486328125</ele>
        <time>2026-07-02T12:14:00.000Z</time>
        <extensions>
          <ns3:TrackPointExtension>
            <ns3:hr>151</ns3:hr>
            <ns3:cad>87</ns3:cad>
          </ns3:TrackPointExtension>
        </extensions>
      </trkpt>
      <trkpt lat="30.288388989865779876708984375" lon="120.223753452301025390625">
        <ele>14</ele>
        <time>2026-07-02T12:14:01.000Z</time>
        <extensions>
          <ns3:TrackPointExtension>
            <ns3:hr>151</ns3:hr>
            <ns3:cad>87</ns3:cad>
          </ns3:TrackPointExtension>
        </extensions>
      </trkpt>
      <trkpt lat="30.28838119469583034515380859375" lon="120.22373199462890625">
        <ele>14</ele>
        <time>2026-07-02T12:14:02.000Z</time>
        <extensions>
          <ns3:TrackPointExtension>
            <ns3:hr>150</ns3:hr>
            <ns3:cad>87</ns3:cad>
          </ns3:TrackPointExtension>
        </extensions>
      </trkpt>
      <trkpt lat="30.28837197460234165191650390625" lon="120.223708860576152801513671875">
        <ele>13.80000019073486328125</ele>
        <time>2026-07-02T12:14:03.000Z</time>
        <extensions>
          <ns3:TrackPointExtension>
            <ns3:hr>150</ns3:hr>
            <ns3:cad>87</ns3:cad>
          </ns3:TrackPointExtension>
        </extensions>
      </trkpt>
      <trkpt lat="30.28836292214691638946533203125" lon="120.22368513979017734527587890625">
        <ele>13.80000019073486328125</ele>
        <time>2026-07-02T12:14:04.000Z</time>
        <extensions>
          <ns3:TrackPointExtension>
            <ns3:hr>150</ns3:hr>
            <ns3:cad>87</ns3:cad>
          </ns3:TrackPointExtension>
        </extensions>
      </trkpt>
      <trkpt lat="30.28835856355726718902587890625" lon="120.2236624248325824737548828125">
        <ele>14</ele>
        <time>2026-07-02T12:14:05.000Z</time>
        <extensions>
          <ns3:TrackPointExtension>
            <ns3:hr>150</ns3:hr>
            <ns3:cad>87</ns3:cad>
          </ns3:TrackPointExtension>
        </extensions>
      </trkpt>
      <trkpt lat="30.28835370205342769622802734375" lon="120.2236394584178924560546875">
        <ele>14</ele>
        <time>2026-07-02T12:14:06.000Z</time>
        <extensions>
          <ns3:TrackPointExtension>
            <ns3:hr>150</ns3:hr>
            <ns3:cad>87</ns3:cad>
          </ns3:TrackPointExtension>
        </extensions>
      </trkpt>
      <trkpt lat="30.2883408777415752410888671875" lon="120.2236164920032024383544921875">
        <ele>14</ele>
        <time>2026-07-02T12:14:07.000Z</time>
        <extensions>
          <ns3:TrackPointExtension>
            <ns3:hr>150</ns3:hr>
            <ns3:cad>88</ns3:cad>
          </ns3:TrackPointExtension>
        </extensions>
      </trkpt>
      <trkpt lat="30.288329310715198516845703125" lon="120.2235967107117176055908203125">
        <ele>14</ele>
        <time>2026-07-02T12:14:08.000Z</time>
        <extensions>
          <ns3:TrackPointExtension>
            <ns3:hr>150</ns3:hr>
            <ns3:cad>88</ns3:cad>
          </ns3:TrackPointExtension>
        </extensions>
      </trkpt>
      <trkpt lat="30.28832101263105869293212890625" lon="120.223573744297027587890625">
        <ele>14</ele>
        <time>2026-07-02T12:14:09.000Z</time>
        <extensions>
          <ns3:TrackPointExtension>
            <ns3:hr>150</ns3:hr>
            <ns3:cad>88</ns3:cad>
          </ns3:TrackPointExtension>
        </extensions>
      </trkpt>
      <trkpt lat="30.2883164025843143463134765625" lon="120.22355723194777965545654296875">
        <ele>14</ele>
        <time>2026-07-02T12:14:10.000Z</time>
        <extensions>
          <ns3:TrackPointExtension>
            <ns3:hr>149</ns3:hr>
            <ns3:cad>88</ns3:cad>
          </ns3:TrackPointExtension>
        </extensions>
      </trkpt>
      <trkpt lat="30.28830684721469879150390625" lon="120.223532505333423614501953125">
        <ele>14</ele>
        <time>2026-07-02T12:14:11.000Z</time>
        <extensions>
          <ns3:TrackPointExtension>
            <ns3:hr>149</ns3:hr>
            <ns3:cad>88</ns3:cad>
          </ns3:TrackPointExtension>
        </extensions>
      </trkpt>
      <trkpt lat="30.288299806416034698486328125" lon="120.2235118858516216278076171875">
        <ele>14.19999980926513671875</ele>
        <time>2026-07-02T12:14:12.000Z</time>
        <extensions>
          <ns3:TrackPointExtension>
            <ns3:hr>149</ns3:hr>
            <ns3:cad>87</ns3:cad>
          </ns3:TrackPointExtension>
        </extensions>
      </trkpt>
      <trkpt lat="30.28829134069383144378662109375" lon="120.22349185310304164886474609375">
        <ele>14.19999980926513671875</ele>
        <time>2026-07-02T12:14:13.000Z</time>
        <extensions>
          <ns3:TrackPointExtension>
            <ns3:hr>148</ns3:hr>
            <ns3:cad>87</ns3:cad>
          </ns3:TrackPointExtension>
        </extensions>
      </trkpt>
      <trkpt lat="30.2882828749716281890869140625" lon="120.2234760113060474395751953125">
        <ele>14.3999996185302734375</ele>
        <time>2026-07-02T12:14:14.000Z</time>
        <extensions>
          <ns3:TrackPointExtension>
            <ns3:hr>148</ns3:hr>
            <ns3:cad>87</ns3:cad>
          </ns3:TrackPointExtension>
        </extensions>
      </trkpt>
      <trkpt lat="30.28827206231653690338134765625" lon="120.2234545536339282989501953125">
        <ele>14.19999980926513671875</ele>
        <time>2026-07-02T12:14:15.000Z</time>
        <extensions>
          <ns3:TrackPointExtension>
            <ns3:hr>148</ns3:hr>
            <ns3:cad>87</ns3:cad>
          </ns3:TrackPointExtension>
        </extensions>
      </trkpt>
      <trkpt lat="30.28827038593590259552001953125" lon="120.2234273962676525115966796875">
        <ele>14.19999980926513671875</ele>
        <time>2026-07-02T12:14:16.000Z</time>
        <extensions>
          <ns3:TrackPointExtension>
            <ns3:hr>149</ns3:hr>
            <ns3:cad>87</ns3:cad>
          </ns3:TrackPointExtension>
        </extensions>
      </trkpt>
      <trkpt lat="30.288261584937572479248046875" lon="120.22340350784361362457275390625">
        <ele>14.19999980926513671875</ele>
        <time>2026-07-02T12:14:17.000Z</time>
        <extensions>
          <ns3:TrackPointExtension>
            <ns3:hr>148</ns3:hr>
            <ns3:cad>86</ns3:cad>
          </ns3:TrackPointExtension>
        </extensions>
      </trkpt>
      <trkpt lat="30.28825546614825725555419921875" lon="120.22337953560054302215576171875">
        <ele>14.19999980926513671875</ele>
        <time>2026-07-02T12:14:18.000Z</time>
        <extensions>
          <ns3:TrackPointExtension>
            <ns3:hr>148</ns3:hr>
            <ns3:cad>88</ns3:cad>
          </ns3:TrackPointExtension>
        </extensions>
      </trkpt>
      <trkpt lat="30.28824741952121257781982421875" lon="120.2233610115945339202880859375">
        <ele>14.19999980926513671875</ele>
        <time>2026-07-02T12:14:19.000Z</time>
        <extensions>
          <ns3:TrackPointExtension>
            <ns3:hr>149</ns3:hr>
            <ns3:cad>88</ns3:cad>
          </ns3:TrackPointExtension>
        </extensions>
      </trkpt>
      <trkpt lat="30.288239456713199615478515625" lon="120.22334047593176364898681640625">
        <ele>14.3999996185302734375</ele>
        <time>2026-07-02T12:14:20.000Z</time>
        <extensions>
          <ns3:TrackPointExtension>
            <ns3:hr>148</ns3:hr>
            <ns3:cad>88</ns3:cad>
          </ns3:TrackPointExtension>
        </extensions>
      </trkpt>
      <trkpt lat="30.2882350981235504150390625" lon="120.22332304157316684722900390625">
        <ele>14.3999996185302734375</ele>
        <time>2026-07-02T12:14:21.000Z</time>
        <extensions>
          <ns3:TrackPointExtension>
            <ns3:hr>148</ns3:hr>
            <ns3:cad>88</ns3:cad>
          </ns3:TrackPointExtension>
        </extensions>
      </trkpt>
      <trkpt lat="30.2882238663733005523681640625" lon="120.22329873405396938323974609375">
        <ele>14.19999980926513671875</ele>
        <time>2026-07-02T12:14:22.000Z</time>
        <extensions>
          <ns3:TrackPointExtension>
            <ns3:hr>149</ns3:hr>
            <ns3:cad>88</ns3:cad>
          </ns3:TrackPointExtension>
        </extensions>
      </trkpt>
      <trkpt lat="30.28821028769016265869140625" lon="120.22327593527734279632568359375">
        <ele>14.19999980926513671875</ele>
        <time>2026-07-02T12:14:23.000Z</time>
        <extensions>
          <ns3:TrackPointExtension>
            <ns3:hr>148</ns3:hr>
            <ns3:cad>87</ns3:cad>
          </ns3:TrackPointExtension>
        </extensions>
      </trkpt>
      <trkpt lat="30.28819880448281764984130859375" lon="120.22325347177684307098388671875">
        <ele>14.19999980926513671875</ele>
        <time>2026-07-02T12:14:24.000Z</time>
        <extensions>
          <ns3:TrackPointExtension>
            <ns3:hr>148</ns3:hr>
            <ns3:cad>88</ns3:cad>
          </ns3:TrackPointExtension>
        </extensions>
      </trkpt>
      <trkpt lat="30.28818874619901180267333984375" lon="120.2232332713901996612548828125">
        <ele>14.19999980926513671875</ele>
        <time>2026-07-02T12:14:25.000Z</time>
        <extensions>
          <ns3:TrackPointExtension>
            <ns3:hr>149</ns3:hr>
            <ns3:cad>88</ns3:cad>
          </ns3:TrackPointExtension>
        </extensions>
      </trkpt>
      <trkpt lat="30.28817139565944671630859375" lon="120.223201923072338104248046875">
        <ele>14.19999980926513671875</ele>
        <time>2026-07-02T12:14:26.000Z</time>
        <extensions>
          <ns3:TrackPointExtension>
            <ns3:hr>148</ns3:hr>
            <ns3:cad>87</ns3:cad>
          </ns3:TrackPointExtension>
        </extensions>
      </trkpt>
      <trkpt lat="30.28816242702305316925048828125" lon="120.22317937575280666351318359375">
        <ele>14.19999980926513671875</ele>
        <time>2026-07-02T12:14:27.000Z</time>
        <extensions>
          <ns3:TrackPointExtension>
            <ns3:hr>148</ns3:hr>
            <ns3:cad>86</ns3:cad>
          </ns3:TrackPointExtension>
        </extensions>
      </trkpt>
      <trkpt lat="30.2881507761776447296142578125" lon="120.2231551520526409149169921875">
        <ele>14.19999980926513671875</ele>
        <time>2026-07-02T12:14:28.000Z</time>
        <extensions>
          <ns3:TrackPointExtension>
            <ns3:hr>148</ns3:hr>
            <ns3:cad>86</ns3:cad>
          </ns3:TrackPointExtension>
        </extensions>
      </trkpt>
      <trkpt lat="30.28814591467380523681640625" lon="120.2231313474476337432861328125">
        <ele>14.3999996185302734375</ele>
        <time>2026-07-02T12:14:29.000Z</time>
        <extensions>
          <ns3:TrackPointExtension>
            <ns3:hr>149</ns3:hr>
            <ns3:cad>86</ns3:cad>
          </ns3:TrackPointExtension>
        </extensions>
      </trkpt>
      <trkpt lat="30.28813493438065052032470703125" lon="120.223110727965831756591796875">
        <ele>14.3999996185302734375</ele>
        <time>2026-07-02T12:14:30.000Z</time>
        <extensions>
          <ns3:TrackPointExtension>
            <ns3:hr>148</ns3:hr>
            <ns3:cad>86</ns3:cad>
          </ns3:TrackPointExtension>
        </extensions>
      </trkpt>
      <trkpt lat="30.28812638483941555023193359375" lon="120.2230867557227611541748046875">
        <ele>14.3999996185302734375</ele>
        <time>2026-07-02T12:14:31.000Z</time>
        <extensions>
          <ns3:TrackPointExtension>
            <ns3:hr>148</ns3:hr>
            <ns3:cad>86</ns3:cad>
          </ns3:TrackPointExtension>
        </extensions>
      </trkpt>
      <trkpt lat="30.288115404546260833740234375" lon="120.22306689061224460601806640625">
        <ele>14.3999996185302734375</ele>
        <time>2026-07-02T12:14:32.000Z</time>
        <extensions>
          <ns3:TrackPointExtension>
            <ns3:hr>149</ns3:hr>
            <ns3:cad>86</ns3:cad>
          </ns3:TrackPointExtension>
        </extensions>
      </trkpt>
      <trkpt lat="30.28810610063374042510986328125" lon="120.2230408228933811187744140625">
        <ele>14.3999996185302734375</ele>
        <time>2026-07-02T12:14:33.000Z</time>
        <extensions>
          <ns3:TrackPointExtension>
            <ns3:hr>148</ns3:hr>
            <ns3:cad>86</ns3:cad>
          </ns3:TrackPointExtension>
        </extensions>
      </trkpt>
      <trkpt lat="30.28809520415961742401123046875" lon="120.22302011959254741668701171875">
        <ele>14.3999996185302734375</ele>
        <time>2026-07-02T12:14:34.000Z</time>
        <extensions>
          <ns3:TrackPointExtension>
            <ns3:hr>148</ns3:hr>
            <ns3:cad>86</ns3:cad>
          </ns3:TrackPointExtension>
        </extensions>
      </trkpt>
      <trkpt lat="30.28808263130486011505126953125" lon="120.2229982428252696990966796875">
        <ele>14.3999996185302734375</ele>
        <time>2026-07-02T12:14:35.000Z</time>
        <extensions>
          <ns3:TrackPointExtension>
            <ns3:hr>149</ns3:hr>
            <ns3:cad>86</ns3:cad>
          </ns3:TrackPointExtension>
        </extensions>
      </trkpt>
      <trkpt lat="30.2880733273923397064208984375" lon="120.2229821495711803436279296875">
        <ele>14.3999996185302734375</ele>
        <time>2026-07-02T12:14:36.000Z</time>
        <extensions>
          <ns3:TrackPointExtension>
            <ns3:hr>148</ns3:hr>
            <ns3:cad>86</ns3:cad>
          </ns3:TrackPointExtension>
        </extensions>
      </trkpt>
      <trkpt lat="30.28805882669985294342041015625" lon="120.22295071743428707122802734375">
        <ele>14.3999996185302734375</ele>
        <time>2026-07-02T12:14:37.000Z</time>
        <extensions>
          <ns3:TrackPointExtension>
            <ns3:hr>149</ns3:hr>
            <ns3:cad>87</ns3:cad>
          </ns3:TrackPointExtension>
        </extensions>
      </trkpt>
      <trkpt lat="30.288048684597015380859375" lon="120.222928337752819061279296875">
        <ele>14.3999996185302734375</ele>
        <time>2026-07-02T12:14:38.000Z</time>
        <extensions>
          <ns3:TrackPointExtension>
            <ns3:hr>149</ns3:hr>
            <ns3:cad>87</ns3:cad>
          </ns3:TrackPointExtension>
        </extensions>
      </trkpt>
      <trkpt lat="30.2880387939512729644775390625" lon="120.222898162901401519775390625">
        <ele>14.3999996185302734375</ele>
        <time>2026-07-02T12:14:39.000Z</time>
        <extensions>
          <ns3:TrackPointExtension>
            <ns3:hr>150</ns3:hr>
            <ns3:cad>87</ns3:cad>
          </ns3:TrackPointExtension>
        </extensions>
      </trkpt>
      <trkpt lat="30.2880304120481014251708984375" lon="120.222873687744140625">
        <ele>14.3999996185302734375</ele>
        <time>2026-07-02T12:14:40.000Z</time>
        <extensions>
          <ns3:TrackPointExtension>
            <ns3:hr>150</ns3:hr>
            <ns3:cad>87</ns3:cad>
          </ns3:TrackPointExtension>
        </extensions>
      </trkpt>
      <trkpt lat="30.28802395798265933990478515625" lon="120.22284753620624542236328125">
        <ele>14.3999996185302734375</ele>
        <time>2026-07-02T12:14:41.000Z</time>
        <extensions>
          <ns3:TrackPointExtension>
            <ns3:hr>150</ns3:hr>
            <ns3:cad>87</ns3:cad>
          </ns3:TrackPointExtension>
        </extensions>
      </trkpt>
      <trkpt lat="30.2880123071372509002685546875" lon="120.22282146848738193511962890625">
        <ele>14.3999996185302734375</ele>
        <time>2026-07-02T12:14:42.000Z</time>
        <extensions>
          <ns3:TrackPointExtension>
            <ns3:hr>150</ns3:hr>
            <ns3:cad>87</ns3:cad>
          </ns3:TrackPointExtension>
        </extensions>
      </trkpt>
      <trkpt lat="30.28800182975828647613525390625" lon="120.22279280237853527069091796875">
        <ele>14.3999996185302734375</ele>
        <time>2026-07-02T12:14:43.000Z</time>
        <extensions>
          <ns3:TrackPointExtension>
            <ns3:hr>150</ns3:hr>
            <ns3:cad>88</ns3:cad>
          </ns3:TrackPointExtension>
        </extensions>
      </trkpt>
      <trkpt lat="30.287991352379322052001953125" lon="120.22276732139289379119873046875">
        <ele>14.6000003814697265625</ele>
        <time>2026-07-02T12:14:44.000Z</time>
        <extensions>
          <ns3:TrackPointExtension>
            <ns3:hr>150</ns3:hr>
            <ns3:cad>88</ns3:cad>
          </ns3:TrackPointExtension>
        </extensions>
      </trkpt>
      <trkpt lat="30.28798372484743595123291015625" lon="120.222740583121776580810546875">
        <ele>14.6000003814697265625</ele>
        <time>2026-07-02T12:14:45.000Z</time>
        <extensions>
          <ns3:TrackPointExtension>
            <ns3:hr>150</ns3:hr>
            <ns3:cad>88</ns3:cad>
          </ns3:TrackPointExtension>
        </extensions>
      </trkpt>
      <trkpt lat="30.28797836042940616607666015625" lon="120.22271300666034221649169921875">
        <ele>14.6000003814697265625</ele>
        <time>2026-07-02T12:14:46.000Z</time>
        <extensions>
          <ns3:TrackPointExtension>
            <ns3:hr>150</ns3:hr>
            <ns3:cad>88</ns3:cad>
          </ns3:TrackPointExtension>
        </extensions>
      </trkpt>
      <trkpt lat="30.2879717387259006500244140625" lon="120.2226872742176055908203125">
        <ele>14.6000003814697265625</ele>
        <time>2026-07-02T12:14:47.000Z</time>
        <extensions>
          <ns3:TrackPointExtension>
            <ns3:hr>150</ns3:hr>
            <ns3:cad>87</ns3:cad>
          </ns3:TrackPointExtension>
        </extensions>
      </trkpt>
      <trkpt lat="30.2879636920988559722900390625" lon="120.22266036830842494964599609375">
        <ele>14.6000003814697265625</ele>
        <time>2026-07-02T12:14:48.000Z</time>
        <extensions>
          <ns3:TrackPointExtension>
            <ns3:hr>150</ns3:hr>
            <ns3:cad>87</ns3:cad>
          </ns3:TrackPointExtension>
        </extensions>
      </trkpt>
      <trkpt lat="30.287951789796352386474609375" lon="120.22263404913246631622314453125">
        <ele>14.6000003814697265625</ele>
        <time>2026-07-02T12:14:49.000Z</time>
        <extensions>
          <ns3:TrackPointExtension>
            <ns3:hr>150</ns3:hr>
            <ns3:cad>87</ns3:cad>
          </ns3:TrackPointExtension>
        </extensions>
      </trkpt>
      <trkpt lat="30.287944413721561431884765625" lon="120.22260722704231739044189453125">
        <ele>14.3999996185302734375</ele>
        <time>2026-07-02T12:14:50.000Z</time>
        <extensions>
          <ns3:TrackPointExtension>
            <ns3:hr>150</ns3:hr>
            <ns3:cad>87</ns3:cad>
          </ns3:TrackPointExtension>
        </extensions>
      </trkpt>
      <trkpt lat="30.28793896548449993133544921875" lon="120.22258744575083255767822265625">
        <ele>14.3999996185302734375</ele>
        <time>2026-07-02T12:14:51.000Z</time>
        <extensions>
          <ns3:TrackPointExtension>
            <ns3:hr>151</ns3:hr>
            <ns3:cad>89</ns3:cad>
          </ns3:TrackPointExtension>
        </extensions>
      </trkpt>
      <trkpt lat="30.28793125413358211517333984375" lon="120.2225633896887302398681640625">
        <ele>14.3999996185302734375</ele>
        <time>2026-07-02T12:14:52.000Z</time>
        <extensions>
          <ns3:TrackPointExtension>
            <ns3:hr>150</ns3:hr>
            <ns3:cad>89</ns3:cad>
          </ns3:TrackPointExtension>
        </extensions>
      </trkpt>
      <trkpt lat="30.2879227884113788604736328125" lon="120.2225426025688648223876953125">
        <ele>14.3999996185302734375</ele>
        <time>2026-07-02T12:14:53.000Z</time>
        <extensions>
          <ns3:TrackPointExtension>
            <ns3:hr>151</ns3:hr>
            <ns3:cad>89</ns3:cad>
          </ns3:TrackPointExtension>
        </extensions>
      </trkpt>
      <trkpt lat="30.2879140712320804595947265625" lon="120.22251787595450878143310546875">
        <ele>14.3999996185302734375</ele>
        <time>2026-07-02T12:14:54.000Z</time>
        <extensions>
          <ns3:TrackPointExtension>
            <ns3:hr>151</ns3:hr>
            <ns3:cad>89</ns3:cad>
          </ns3:TrackPointExtension>
        </extensions>
      </trkpt>
      <trkpt lat="30.28790325857698917388916015625" lon="120.22249591536819934844970703125">
        <ele>14.3999996185302734375</ele>
        <time>2026-07-02T12:14:55.000Z</time>
        <extensions>
          <ns3:TrackPointExtension>
            <ns3:hr>151</ns3:hr>
            <ns3:cad>89</ns3:cad>
          </ns3:TrackPointExtension>
        </extensions>
      </trkpt>
      <trkpt lat="30.28789554722607135772705078125" lon="120.22246909327805042266845703125">
        <ele>14.3999996185302734375</ele>
        <time>2026-07-02T12:14:56.000Z</time>
        <extensions>
          <ns3:TrackPointExtension>
            <ns3:hr>151</ns3:hr>
            <ns3:cad>88</ns3:cad>
          </ns3:TrackPointExtension>
        </extensions>
      </trkpt>
      <trkpt lat="30.28788448311388492584228515625" lon="120.2224463783204555511474609375">
        <ele>14.3999996185302734375</ele>
        <time>2026-07-02T12:14:57.000Z</time>
        <extensions>
          <ns3:TrackPointExtension>
            <ns3:hr>151</ns3:hr>
            <ns3:cad>88</ns3:cad>
          </ns3:TrackPointExtension>
        </extensions>
      </trkpt>
      <trkpt lat="30.28787861578166484832763671875" lon="120.22241729311645030975341796875">
        <ele>14.3999996185302734375</ele>
        <time>2026-07-02T12:14:58.000Z</time>
        <extensions>
          <ns3:TrackPointExtension>
            <ns3:hr>151</ns3:hr>
            <ns3:cad>88</ns3:cad>
          </ns3:TrackPointExtension>
        </extensions>
      </trkpt>
      <trkpt lat="30.2878721617162227630615234375" lon="120.22239265032112598419189453125">
        <ele>14.3999996185302734375</ele>
        <time>2026-07-02T12:14:59.000Z</time>
        <extensions>
          <ns3:TrackPointExtension>
            <ns3:hr>151</ns3:hr>
            <ns3:cad>88</ns3:cad>
          </ns3:TrackPointExtension>
        </extensions>
      </trkpt>
      <trkpt lat="30.2878671325743198394775390625" lon="120.222363732755184173583984375">
        <ele>14.3999996185302734375</ele>
        <time>2026-07-02T12:15:00.000Z</time>
        <extensions>
          <ns3:TrackPointExtension>
            <ns3:hr>152</ns3:hr>
            <ns3:cad>88</ns3:cad>
          </ns3:TrackPointExtension>
        </extensions>
      </trkpt>
      <trkpt lat="30.28786168433725833892822265625" lon="120.22233749739825725555419921875">
        <ele>14.3999996185302734375</ele>
        <time>2026-07-02T12:15:01.000Z</time>
        <extensions>
          <ns3:TrackPointExtension>
            <ns3:hr>152</ns3:hr>
            <ns3:cad>89</ns3:cad>
          </ns3:TrackPointExtension>
        </extensions>
      </trkpt>
      <trkpt lat="30.28785598464310169219970703125" lon="120.22231042385101318359375">
        <ele>14.3999996185302734375</ele>
        <time>2026-07-02T12:15:02.000Z</time>
        <extensions>
          <ns3:TrackPointExtension>
            <ns3:hr>152</ns3:hr>
            <ns3:cad>89</ns3:cad>
          </ns3:TrackPointExtension>
        </extensions>
      </trkpt>
      <trkpt lat="30.287850201129913330078125" lon="120.22227848879992961883544921875">
        <ele>14.3999996185302734375</ele>
        <time>2026-07-02T12:15:03.000Z</time>
        <extensions>
          <ns3:TrackPointExtension>
            <ns3:hr>152</ns3:hr>
            <ns3:cad>89</ns3:cad>
          </ns3:TrackPointExtension>
        </extensions>
      </trkpt>
      <trkpt lat="30.287844836711883544921875" lon="120.2222472243010997772216796875">
        <ele>14.3999996185302734375</ele>
        <time>2026-07-02T12:15:04.000Z</time>
        <extensions>
          <ns3:TrackPointExtension>
            <ns3:hr>152</ns3:hr>
            <ns3:cad>88</ns3:cad>
          </ns3:TrackPointExtension>
        </extensions>
      </trkpt>
      <trkpt lat="30.28784072957932949066162109375" lon="120.2222153730690479278564453125">
        <ele>14.3999996185302734375</ele>
        <time>2026-07-02T12:15:05.000Z</time>
        <extensions>
          <ns3:TrackPointExtension>
            <ns3:hr>152</ns3:hr>
            <ns3:cad>88</ns3:cad>
          </ns3:TrackPointExtension>
        </extensions>
      </trkpt>
      <trkpt lat="30.28783603571355342864990234375" lon="120.22218729369342327117919921875">
        <ele>14.3999996185302734375</ele>
        <time>2026-07-02T12:15:06.000Z</time>
        <extensions>
          <ns3:TrackPointExtension>
            <ns3:hr>152</ns3:hr>
            <ns3:cad>88</ns3:cad>
          </ns3:TrackPointExtension>
        </extensions>
      </trkpt>
      <trkpt lat="30.2878349460661411285400390625" lon="120.22215393371880054473876953125">
        <ele>14.3999996185302734375</ele>
        <time>2026-07-02T12:15:07.000Z</time>
        <extensions>
          <ns3:TrackPointExtension>
            <ns3:hr>153</ns3:hr>
            <ns3:cad>88</ns3:cad>
          </ns3:TrackPointExtension>
        </extensions>
      </trkpt>
      <trkpt lat="30.287834107875823974609375" lon="120.22212744690477848052978515625">
        <ele>14.3999996185302734375</ele>
        <time>2026-07-02T12:15:08.000Z</time>
        <extensions>
          <ns3:TrackPointExtension>
            <ns3:hr>153</ns3:hr>
            <ns3:cad>88</ns3:cad>
          </ns3:TrackPointExtension>
        </extensions>
      </trkpt>
      <trkpt lat="30.28783050365746021270751953125" lon="120.22209760732948780059814453125">
        <ele>14.3999996185302734375</ele>
        <time>2026-07-02T12:15:09.000Z</time>
        <extensions>
          <ns3:TrackPointExtension>
            <ns3:hr>153</ns3:hr>
            <ns3:cad>88</ns3:cad>
          </ns3:TrackPointExtension>
        </extensions>
      </trkpt>
      <trkpt lat="30.28782513923943042755126953125" lon="120.2220792509615421295166015625">
        <ele>14.3999996185302734375</ele>
        <time>2026-07-02T12:15:10.000Z</time>
        <extensions>
          <ns3:TrackPointExtension>
            <ns3:hr>153</ns3:hr>
            <ns3:cad>88</ns3:cad>
          </ns3:TrackPointExtension>
        </extensions>
      </trkpt>
      <trkpt lat="30.287825055420398712158203125" lon="120.22205083630979061126708984375">
        <ele>14.3999996185302734375</ele>
        <time>2026-07-02T12:15:11.000Z</time>
        <extensions>
          <ns3:TrackPointExtension>
            <ns3:hr>153</ns3:hr>
            <ns3:cad>89</ns3:cad>
          </ns3:TrackPointExtension>
        </extensions>
      </trkpt>
      <trkpt lat="30.28782245703041553497314453125" lon="120.22202820517122745513916015625">
        <ele>14.3999996185302734375</ele>
        <time>2026-07-02T12:15:12.000Z</time>
        <extensions>
          <ns3:TrackPointExtension>
            <ns3:hr>153</ns3:hr>
            <ns3:cad>89</ns3:cad>
          </ns3:TrackPointExtension>
        </extensions>
      </trkpt>
      <trkpt lat="30.2878139913082122802734375" lon="120.222004987299442291259765625">
        <ele>14.3999996185302734375</ele>
        <time>2026-07-02T12:15:13.000Z</time>
        <extensions>
          <ns3:TrackPointExtension>
            <ns3:hr>154</ns3:hr>
            <ns3:cad>88</ns3:cad>
          </ns3:TrackPointExtension>
        </extensions>
      </trkpt>
      <trkpt lat="30.2878087945282459259033203125" lon="120.22198344580829143524169921875">
        <ele>14.3999996185302734375</ele>
        <time>2026-07-02T12:15:14.000Z</time>
        <extensions>
          <ns3:TrackPointExtension>
            <ns3:hr>154</ns3:hr>
            <ns3:cad>88</ns3:cad>
          </ns3:TrackPointExtension>
        </extensions>
      </trkpt>
      <trkpt lat="30.28779999352991580963134765625" lon="120.22195662371814250946044921875">
        <ele>14.3999996185302734375</ele>
        <time>2026-07-02T12:15:15.000Z</time>
        <extensions>
          <ns3:TrackPointExtension>
            <ns3:hr>154</ns3:hr>
            <ns3:cad>88</ns3:cad>
          </ns3:TrackPointExtension>
        </extensions>
      </trkpt>
      <trkpt lat="30.2877978980541229248046875" lon="120.22193298675119876861572265625">
        <ele>14.3999996185302734375</ele>
        <time>2026-07-02T12:15:16.000Z</time>
        <extensions>
          <ns3:TrackPointExtension>
            <ns3:hr>154</ns3:hr>
            <ns3:cad>88</ns3:cad>
          </ns3:TrackPointExtension>
        </extensions>
      </trkpt>
      <trkpt lat="30.287790857255458831787109375" lon="120.22190499119460582733154296875">
        <ele>14.3999996185302734375</ele>
        <time>2026-07-02T12:15:17.000Z</time>
        <extensions>
          <ns3:TrackPointExtension>
            <ns3:hr>154</ns3:hr>
            <ns3:cad>88</ns3:cad>
          </ns3:TrackPointExtension>
        </extensions>
      </trkpt>
      <trkpt lat="30.28778381645679473876953125" lon="120.22188236005604267120361328125">
        <ele>14.3999996185302734375</ele>
        <time>2026-07-02T12:15:18.000Z</time>
        <extensions>
          <ns3:TrackPointExtension>
            <ns3:hr>154</ns3:hr>
            <ns3:cad>89</ns3:cad>
          </ns3:TrackPointExtension>
        </extensions>
      </trkpt>
      <trkpt lat="30.28777903877198696136474609375" lon="120.221857130527496337890625">
        <ele>14.3999996185302734375</ele>
        <time>2026-07-02T12:15:19.000Z</time>
        <extensions>
          <ns3:TrackPointExtension>
            <ns3:hr>154</ns3:hr>
            <ns3:cad>89</ns3:cad>
          </ns3:TrackPointExtension>
        </extensions>
      </trkpt>
      <trkpt lat="30.2877710759639739990234375" lon="120.22183340974152088165283203125">
        <ele>14.3999996185302734375</ele>
        <time>2026-07-02T12:15:20.000Z</time>
        <extensions>
          <ns3:TrackPointExtension>
            <ns3:hr>155</ns3:hr>
            <ns3:cad>89</ns3:cad>
          </ns3:TrackPointExtension>
        </extensions>
      </trkpt>
      <trkpt lat="30.2877675555646419525146484375" lon="120.221803151071071624755859375">
        <ele>14.3999996185302734375</ele>
        <time>2026-07-02T12:15:21.000Z</time>
        <extensions>
          <ns3:TrackPointExtension>
            <ns3:hr>154</ns3:hr>
            <ns3:cad>89</ns3:cad>
          </ns3:TrackPointExtension>
        </extensions>
      </trkpt>
      <trkpt lat="30.28776093386113643646240234375" lon="120.221776664257049560546875">
        <ele>14.3999996185302734375</ele>
        <time>2026-07-02T12:15:22.000Z</time>
        <extensions>
          <ns3:TrackPointExtension>
            <ns3:hr>155</ns3:hr>
            <ns3:cad>89</ns3:cad>
          </ns3:TrackPointExtension>
        </extensions>
      </trkpt>
      <trkpt lat="30.2877544797956943511962890625" lon="120.2217493392527103424072265625">
        <ele>14.3999996185302734375</ele>
        <time>2026-07-02T12:15:23.000Z</time>
        <extensions>
          <ns3:TrackPointExtension>
            <ns3:hr>154</ns3:hr>
            <ns3:cad>89</ns3:cad>
          </ns3:TrackPointExtension>
        </extensions>
      </trkpt>
      <trkpt lat="30.2877511270344257354736328125" lon="120.22172377444803714752197265625">
        <ele>14.3999996185302734375</ele>
        <time>2026-07-02T12:15:24.000Z</time>
        <extensions>
          <ns3:TrackPointExtension>
            <ns3:hr>154</ns3:hr>
            <ns3:cad>89</ns3:cad>
          </ns3:TrackPointExtension>
        </extensions>
      </trkpt>
      <trkpt lat="30.28773997910320758819580078125" lon="120.22169552743434906005859375">
        <ele>14.3999996185302734375</ele>
        <time>2026-07-02T12:15:25.000Z</time>
        <extensions>
          <ns3:TrackPointExtension>
            <ns3:hr>154</ns3:hr>
            <ns3:cad>88</ns3:cad>
          </ns3:TrackPointExtension>
        </extensions>
      </trkpt>
      <trkpt lat="30.28773478232324123382568359375" lon="120.2216707170009613037109375">
        <ele>14.19999980926513671875</ele>
        <time>2026-07-02T12:15:26.000Z</time>
        <extensions>
          <ns3:TrackPointExtension>
            <ns3:hr>155</ns3:hr>
            <ns3:cad>88</ns3:cad>
          </ns3:TrackPointExtension>
        </extensions>
      </trkpt>
      <trkpt lat="30.28772438876330852508544921875" lon="120.221647918224334716796875">
        <ele>14.19999980926513671875</ele>
        <time>2026-07-02T12:15:27.000Z</time>
        <extensions>
          <ns3:TrackPointExtension>
            <ns3:hr>154</ns3:hr>
            <ns3:cad>88</ns3:cad>
          </ns3:TrackPointExtension>
        </extensions>
      </trkpt>
      <trkpt lat="30.28771407902240753173828125" lon="120.22162713110446929931640625">
        <ele>14.19999980926513671875</ele>
        <time>2026-07-02T12:15:28.000Z</time>
        <extensions>
          <ns3:TrackPointExtension>
            <ns3:hr>154</ns3:hr>
            <ns3:cad>88</ns3:cad>
          </ns3:TrackPointExtension>
        </extensions>
      </trkpt>
      <trkpt lat="30.28770066797733306884765625" lon="120.22160558961331844329833984375">
        <ele>14.19999980926513671875</ele>
        <time>2026-07-02T12:15:29.000Z</time>
        <extensions>
          <ns3:TrackPointExtension>
            <ns3:hr>155</ns3:hr>
            <ns3:cad>88</ns3:cad>
          </ns3:TrackPointExtension>
        </extensions>
      </trkpt>
      <trkpt lat="30.2876884303987026214599609375" lon="120.22158262319862842559814453125">
        <ele>14.19999980926513671875</ele>
        <time>2026-07-02T12:15:30.000Z</time>
        <extensions>
          <ns3:TrackPointExtension>
            <ns3:hr>155</ns3:hr>
            <ns3:cad>88</ns3:cad>
          </ns3:TrackPointExtension>
        </extensions>
      </trkpt>
      <trkpt lat="30.2876756899058818817138671875" lon="120.221561752259731292724609375">
        <ele>14.19999980926513671875</ele>
        <time>2026-07-02T12:15:31.000Z</time>
        <extensions>
          <ns3:TrackPointExtension>
            <ns3:hr>154</ns3:hr>
            <ns3:cad>88</ns3:cad>
          </ns3:TrackPointExtension>
        </extensions>
      </trkpt>
      <trkpt lat="30.28765884228050708770751953125" lon="120.22153635509312152862548828125">
        <ele>14.19999980926513671875</ele>
        <time>2026-07-02T12:15:32.000Z</time>
        <extensions>
          <ns3:TrackPointExtension>
            <ns3:hr>154</ns3:hr>
            <ns3:cad>87</ns3:cad>
          </ns3:TrackPointExtension>
        </extensions>
      </trkpt>
      <trkpt lat="30.2876485325396060943603515625" lon="120.22151489742100238800048828125">
        <ele>14.19999980926513671875</ele>
        <time>2026-07-02T12:15:33.000Z</time>
        <extensions>
          <ns3:TrackPointExtension>
            <ns3:hr>154</ns3:hr>
            <ns3:cad>87</ns3:cad>
          </ns3:TrackPointExtension>
        </extensions>
      </trkpt>
      <trkpt lat="30.28763822279870510101318359375" lon="120.22149058990180492401123046875">
        <ele>14.19999980926513671875</ele>
        <time>2026-07-02T12:15:34.000Z</time>
        <extensions>
          <ns3:TrackPointExtension>
            <ns3:hr>154</ns3:hr>
            <ns3:cad>87</ns3:cad>
          </ns3:TrackPointExtension>
        </extensions>
      </trkpt>
      <trkpt lat="30.2876304276287555694580078125" lon="120.2214693836867809295654296875">
        <ele>14.19999980926513671875</ele>
        <time>2026-07-02T12:15:35.000Z</time>
        <extensions>
          <ns3:TrackPointExtension>
            <ns3:hr>153</ns3:hr>
            <ns3:cad>87</ns3:cad>
          </ns3:TrackPointExtension>
        </extensions>
      </trkpt>
      <trkpt lat="30.28761944733560085296630859375" lon="120.221443064510822296142578125">
        <ele>14.19999980926513671875</ele>
        <time>2026-07-02T12:15:36.000Z</time>
        <extensions>
          <ns3:TrackPointExtension>
            <ns3:hr>153</ns3:hr>
            <ns3:cad>87</ns3:cad>
          </ns3:TrackPointExtension>
        </extensions>
      </trkpt>
      <trkpt lat="30.287610478699207305908203125" lon="120.2214211039245128631591796875">
        <ele>14.19999980926513671875</ele>
        <time>2026-07-02T12:15:37.000Z</time>
        <extensions>
          <ns3:TrackPointExtension>
            <ns3:hr>153</ns3:hr>
            <ns3:cad>88</ns3:cad>
          </ns3:TrackPointExtension>
        </extensions>
      </trkpt>
      <trkpt lat="30.28759648092091083526611328125" lon="120.22139620967209339141845703125">
        <ele>14.19999980926513671875</ele>
        <time>2026-07-02T12:15:38.000Z</time>
        <extensions>
          <ns3:TrackPointExtension>
            <ns3:hr>153</ns3:hr>
            <ns3:cad>88</ns3:cad>
          </ns3:TrackPointExtension>
        </extensions>
      </trkpt>
      <trkpt lat="30.28758726082742214202880859375" lon="120.221379362046718597412109375">
        <ele>14</ele>
        <time>2026-07-02T12:15:39.000Z</time>
        <extensions>
          <ns3:TrackPointExtension>
            <ns3:hr>153</ns3:hr>
            <ns3:cad>88</ns3:cad>
          </ns3:TrackPointExtension>
        </extensions>
      </trkpt>
      <trkpt lat="30.287572257220745086669921875" lon="120.22135547362267971038818359375">
        <ele>14</ele>
        <time>2026-07-02T12:15:40.000Z</time>
        <extensions>
          <ns3:TrackPointExtension>
            <ns3:hr>153</ns3:hr>
            <ns3:cad>88</ns3:cad>
          </ns3:TrackPointExtension>
        </extensions>
      </trkpt>
      <trkpt lat="30.287560187280178070068359375" lon="120.22133301012217998504638671875">
        <ele>14</ele>
        <time>2026-07-02T12:15:41.000Z</time>
        <extensions>
          <ns3:TrackPointExtension>
            <ns3:hr>153</ns3:hr>
            <ns3:cad>88</ns3:cad>
          </ns3:TrackPointExtension>
        </extensions>
      </trkpt>
      <trkpt lat="30.28754702769219875335693359375" lon="120.22130920551717281341552734375">
        <ele>14.19999980926513671875</ele>
        <time>2026-07-02T12:15:42.000Z</time>
        <extensions>
          <ns3:TrackPointExtension>
            <ns3:hr>152</ns3:hr>
            <ns3:cad>89</ns3:cad>
          </ns3:TrackPointExtension>
        </extensions>
      </trkpt>
      <trkpt lat="30.287536717951297760009765625" lon="120.22128439508378505706787109375">
        <ele>14.19999980926513671875</ele>
        <time>2026-07-02T12:15:43.000Z</time>
        <extensions>
          <ns3:TrackPointExtension>
            <ns3:hr>152</ns3:hr>
            <ns3:cad>89</ns3:cad>
          </ns3:TrackPointExtension>
        </extensions>
      </trkpt>
      <trkpt lat="30.2875243127346038818359375" lon="120.22125941701233386993408203125">
        <ele>14.19999980926513671875</ele>
        <time>2026-07-02T12:15:44.000Z</time>
        <extensions>
          <ns3:TrackPointExtension>
            <ns3:hr>152</ns3:hr>
            <ns3:cad>88</ns3:cad>
          </ns3:TrackPointExtension>
        </extensions>
      </trkpt>
      <trkpt lat="30.28751484118402004241943359375" lon="120.221235193312168121337890625">
        <ele>14</ele>
        <time>2026-07-02T12:15:45.000Z</time>
        <extensions>
          <ns3:TrackPointExtension>
            <ns3:hr>152</ns3:hr>
            <ns3:cad>88</ns3:cad>
          </ns3:TrackPointExtension>
        </extensions>
      </trkpt>
      <trkpt lat="30.287503190338611602783203125" lon="120.22120761685073375701904296875">
        <ele>14</ele>
        <time>2026-07-02T12:15:46.000Z</time>
        <extensions>
          <ns3:TrackPointExtension>
            <ns3:hr>152</ns3:hr>
            <ns3:cad>89</ns3:cad>
          </ns3:TrackPointExtension>
        </extensions>
      </trkpt>
      <trkpt lat="30.28749438934028148651123046875" lon="120.22118389606475830078125">
        <ele>13.80000019073486328125</ele>
        <time>2026-07-02T12:15:47.000Z</time>
        <extensions>
          <ns3:TrackPointExtension>
            <ns3:hr>152</ns3:hr>
            <ns3:cad>89</ns3:cad>
          </ns3:TrackPointExtension>
        </extensions>
      </trkpt>
      <trkpt lat="30.28747594915330410003662109375" lon="120.221158079802989959716796875">
        <ele>13.80000019073486328125</ele>
        <time>2026-07-02T12:15:48.000Z</time>
        <extensions>
          <ns3:TrackPointExtension>
            <ns3:hr>152</ns3:hr>
            <ns3:cad>89</ns3:cad>
          </ns3:TrackPointExtension>
        </extensions>
      </trkpt>
      <trkpt lat="30.2874637953937053680419921875" lon="120.22113603539764881134033203125">
        <ele>13.80000019073486328125</ele>
        <time>2026-07-02T12:15:49.000Z</time>
        <extensions>
          <ns3:TrackPointExtension>
            <ns3:hr>151</ns3:hr>
            <ns3:cad>89</ns3:cad>
          </ns3:TrackPointExtension>
        </extensions>
      </trkpt>
      <trkpt lat="30.28745080344378948211669921875" lon="120.22110619582235813140869140625">
        <ele>13.80000019073486328125</ele>
        <time>2026-07-02T12:15:50.000Z</time>
        <extensions>
          <ns3:TrackPointExtension>
            <ns3:hr>151</ns3:hr>
            <ns3:cad>89</ns3:cad>
          </ns3:TrackPointExtension>
        </extensions>
      </trkpt>
      <trkpt lat="30.28744049370288848876953125" lon="120.2210831455886363983154296875">
        <ele>13.80000019073486328125</ele>
        <time>2026-07-02T12:15:51.000Z</time>
        <extensions>
          <ns3:TrackPointExtension>
            <ns3:hr>151</ns3:hr>
            <ns3:cad>89</ns3:cad>
          </ns3:TrackPointExtension>
        </extensions>
      </trkpt>
      <trkpt lat="30.28743018396198749542236328125" lon="120.22105447947978973388671875">
        <ele>13.80000019073486328125</ele>
        <time>2026-07-02T12:15:52.000Z</time>
        <extensions>
          <ns3:TrackPointExtension>
            <ns3:hr>152</ns3:hr>
            <ns3:cad>89</ns3:cad>
          </ns3:TrackPointExtension>
        </extensions>
      </trkpt>
      <trkpt lat="30.28742884285748004913330078125" lon="120.22102857939898967742919921875">
        <ele>13.80000019073486328125</ele>
        <time>2026-07-02T12:15:53.000Z</time>
        <extensions>
          <ns3:TrackPointExtension>
            <ns3:hr>152</ns3:hr>
            <ns3:cad>89</ns3:cad>
          </ns3:TrackPointExtension>
        </extensions>
      </trkpt>
      <trkpt lat="30.2874393202364444732666015625" lon="120.2209909446537494659423828125">
        <ele>13.80000019073486328125</ele>
        <time>2026-07-02T12:15:54.000Z</time>
        <extensions>
          <ns3:TrackPointExtension>
            <ns3:hr>152</ns3:hr>
            <ns3:cad>89</ns3:cad>
          </ns3:TrackPointExtension>
        </extensions>
      </trkpt>
      <trkpt lat="30.287448875606060028076171875" lon="120.22096018306910991668701171875">
        <ele>13.80000019073486328125</ele>
        <time>2026-07-02T12:15:55.000Z</time>
        <extensions>
          <ns3:TrackPointExtension>
            <ns3:hr>152</ns3:hr>
            <ns3:cad>90</ns3:cad>
          </ns3:TrackPointExtension>
        </extensions>
      </trkpt>
      <trkpt lat="30.28746689669787883758544921875" lon="120.220924057066440582275390625">
        <ele>13.80000019073486328125</ele>
        <time>2026-07-02T12:15:56.000Z</time>
        <extensions>
          <ns3:TrackPointExtension>
            <ns3:hr>151</ns3:hr>
            <ns3:cad>90</ns3:cad>
          </ns3:TrackPointExtension>
        </extensions>
      </trkpt>
      <trkpt lat="30.287481732666492462158203125" lon="120.22089916281402111053466796875">
        <ele>13.6000003814697265625</ele>
        <time>2026-07-02T12:15:57.000Z</time>
        <extensions>
          <ns3:TrackPointExtension>
            <ns3:hr>152</ns3:hr>
            <ns3:cad>90</ns3:cad>
          </ns3:TrackPointExtension>
        </extensions>
      </trkpt>
      <trkpt lat="30.28750863857567310333251953125" lon="120.22087016142904758453369140625">
        <ele>13.6000003814697265625</ele>
        <time>2026-07-02T12:15:58.000Z</time>
        <extensions>
          <ns3:TrackPointExtension>
            <ns3:hr>152</ns3:hr>
            <ns3:cad>90</ns3:cad>
          </ns3:TrackPointExtension>
        </extensions>
      </trkpt>
      <trkpt lat="30.2875241450965404510498046875" lon="120.220855660736560821533203125">
        <ele>13.6000003814697265625</ele>
        <time>2026-07-02T12:15:59.000Z</time>
        <extensions>
          <ns3:TrackPointExtension>
            <ns3:hr>151</ns3:hr>
            <ns3:cad>90</ns3:cad>
          </ns3:TrackPointExtension>
        </extensions>
      </trkpt>
      <trkpt lat="30.28754920698702335357666015625" lon="120.22083847783505916595458984375">
        <ele>13.3999996185302734375</ele>
        <time>2026-07-02T12:16:00.000Z</time>
        <extensions>
          <ns3:TrackPointExtension>
            <ns3:hr>152</ns3:hr>
            <ns3:cad>90</ns3:cad>
          </ns3:TrackPointExtension>
        </extensions>
      </trkpt>
      <trkpt lat="30.28756462968885898590087890625" lon="120.2208244800567626953125">
        <ele>13.3999996185302734375</ele>
        <time>2026-07-02T12:16:01.000Z</time>
        <extensions>
          <ns3:TrackPointExtension>
            <ns3:hr>152</ns3:hr>
            <ns3:cad>90</ns3:cad>
          </ns3:TrackPointExtension>
        </extensions>
      </trkpt>
      <trkpt lat="30.28758793137967586517333984375" lon="120.22080947645008563995361328125">
        <ele>13.6000003814697265625</ele>
        <time>2026-07-02T12:16:02.000Z</time>
        <extensions>
          <ns3:TrackPointExtension>
            <ns3:hr>152</ns3:hr>
            <ns3:cad>89</ns3:cad>
          </ns3:TrackPointExtension>
        </extensions>
      </trkpt>
      <trkpt lat="30.287605114281177520751953125" lon="120.22080210037529468536376953125">
        <ele>13.6000003814697265625</ele>
        <time>2026-07-02T12:16:03.000Z</time>
        <extensions>
          <ns3:TrackPointExtension>
            <ns3:hr>151</ns3:hr>
            <ns3:cad>89</ns3:cad>
          </ns3:TrackPointExtension>
        </extensions>
      </trkpt>
      <trkpt lat="30.28762950561940670013427734375" lon="120.22079003043472766876220703125">
        <ele>13.6000003814697265625</ele>
        <time>2026-07-02T12:16:04.000Z</time>
        <extensions>
          <ns3:TrackPointExtension>
            <ns3:hr>152</ns3:hr>
            <ns3:cad>90</ns3:cad>
          </ns3:TrackPointExtension>
        </extensions>
      </trkpt>
      <trkpt lat="30.28764836490154266357421875" lon="120.220779888331890106201171875">
        <ele>13.6000003814697265625</ele>
        <time>2026-07-02T12:16:05.000Z</time>
        <extensions>
          <ns3:TrackPointExtension>
            <ns3:hr>153</ns3:hr>
            <ns3:cad>89</ns3:cad>
          </ns3:TrackPointExtension>
        </extensions>
      </trkpt>
      <trkpt lat="30.28767627663910388946533203125" lon="120.2207641303539276123046875">
        <ele>13.6000003814697265625</ele>
        <time>2026-07-02T12:16:06.000Z</time>
        <extensions>
          <ns3:TrackPointExtension>
            <ns3:hr>153</ns3:hr>
            <ns3:cad>89</ns3:cad>
          </ns3:TrackPointExtension>
        </extensions>
      </trkpt>
      <trkpt lat="30.28769605793058872222900390625" lon="120.22075566463172435760498046875">
        <ele>13.6000003814697265625</ele>
        <time>2026-07-02T12:16:07.000Z</time>
        <extensions>
          <ns3:TrackPointExtension>
            <ns3:hr>154</ns3:hr>
            <ns3:cad>89</ns3:cad>
          </ns3:TrackPointExtension>
        </extensions>
      </trkpt>
      <trkpt lat="30.28772288002073764801025390625" lon="120.22073990665376186370849609375">
        <ele>13.3999996185302734375</ele>
        <time>2026-07-02T12:16:08.000Z</time>
        <extensions>
          <ns3:TrackPointExtension>
            <ns3:hr>154</ns3:hr>
            <ns3:cad>89</ns3:cad>
          </ns3:TrackPointExtension>
        </extensions>
      </trkpt>
      <trkpt lat="30.28773763217031955718994140625" lon="120.22073169238865375518798828125">
        <ele>13.6000003814697265625</ele>
        <time>2026-07-02T12:16:09.000Z</time>
        <extensions>
          <ns3:TrackPointExtension>
            <ns3:hr>154</ns3:hr>
            <ns3:cad>89</ns3:cad>
          </ns3:TrackPointExtension>
        </extensions>
      </trkpt>
      <trkpt lat="30.28776395134627819061279296875" lon="120.22071694023907184600830078125">
        <ele>13.6000003814697265625</ele>
        <time>2026-07-02T12:16:10.000Z</time>
        <extensions>
          <ns3:TrackPointExtension>
            <ns3:hr>154</ns3:hr>
            <ns3:cad>88</ns3:cad>
          </ns3:TrackPointExtension>
        </extensions>
      </trkpt>
      <trkpt lat="30.28778490610420703887939453125" lon="120.220706798136234283447265625">
        <ele>13.6000003814697265625</ele>
        <time>2026-07-02T12:16:11.000Z</time>
        <extensions>
          <ns3:TrackPointExtension>
            <ns3:hr>155</ns3:hr>
            <ns3:cad>88</ns3:cad>
          </ns3:TrackPointExtension>
        </extensions>
      </trkpt>
      <trkpt lat="30.28780736960470676422119140625" lon="120.22069296799600124359130859375">
        <ele>13.6000003814697265625</ele>
        <time>2026-07-02T12:16:12.000Z</time>
        <extensions>
          <ns3:TrackPointExtension>
            <ns3:hr>155</ns3:hr>
            <ns3:cad>88</ns3:cad>
          </ns3:TrackPointExtension>
        </extensions>
      </trkpt>
      <trkpt lat="30.287826396524906158447265625" lon="120.22068106569349765777587890625">
        <ele>13.6000003814697265625</ele>
        <time>2026-07-02T12:16:13.000Z</time>
        <extensions>
          <ns3:TrackPointExtension>
            <ns3:hr>155</ns3:hr>
            <ns3:cad>88</ns3:cad>
          </ns3:TrackPointExtension>
        </extensions>
      </trkpt>
      <trkpt lat="30.287848524749279022216796875" lon="120.2206648886203765869140625">
        <ele>13.6000003814697265625</ele>
        <time>2026-07-02T12:16:14.000Z</time>
        <extensions>
          <ns3:TrackPointExtension>
            <ns3:hr>156</ns3:hr>
            <ns3:cad>88</ns3:cad>
          </ns3:TrackPointExtension>
        </extensions>
      </trkpt>
      <trkpt lat="30.287871994078159332275390625" lon="120.2206541597843170166015625">
        <ele>13.6000003814697265625</ele>
        <time>2026-07-02T12:16:15.000Z</time>
        <extensions>
          <ns3:TrackPointExtension>
            <ns3:hr>156</ns3:hr>
            <ns3:cad>88</ns3:cad>
          </ns3:TrackPointExtension>
        </extensions>
      </trkpt>
      <trkpt lat="30.287893116474151611328125" lon="120.22064007818698883056640625">
        <ele>13.6000003814697265625</ele>
        <time>2026-07-02T12:16:16.000Z</time>
        <extensions>
          <ns3:TrackPointExtension>
            <ns3:hr>156</ns3:hr>
            <ns3:cad>88</ns3:cad>
          </ns3:TrackPointExtension>
        </extensions>
      </trkpt>
      <trkpt lat="30.287915579974651336669921875" lon="120.22062666714191436767578125">
        <ele>13.6000003814697265625</ele>
        <time>2026-07-02T12:16:17.000Z</time>
        <extensions>
          <ns3:TrackPointExtension>
            <ns3:hr>156</ns3:hr>
            <ns3:cad>89</ns3:cad>
          </ns3:TrackPointExtension>
        </extensions>
      </trkpt>
      <trkpt lat="30.28793645091354846954345703125" lon="120.22060747258365154266357421875">
        <ele>13.6000003814697265625</ele>
        <time>2026-07-02T12:16:18.000Z</time>
        <extensions>
          <ns3:TrackPointExtension>
            <ns3:hr>156</ns3:hr>
            <ns3:cad>89</ns3:cad>
          </ns3:TrackPointExtension>
        </extensions>
      </trkpt>
      <trkpt lat="30.287961848080158233642578125" lon="120.220593474805355072021484375">
        <ele>13.6000003814697265625</ele>
        <time>2026-07-02T12:16:19.000Z</time>
        <extensions>
          <ns3:TrackPointExtension>
            <ns3:hr>156</ns3:hr>
            <ns3:cad>89</ns3:cad>
          </ns3:TrackPointExtension>
        </extensions>
      </trkpt>
      <trkpt lat="30.2879814617335796356201171875" lon="120.220578052103519439697265625">
        <ele>13.80000019073486328125</ele>
        <time>2026-07-02T12:16:20.000Z</time>
        <extensions>
          <ns3:TrackPointExtension>
            <ns3:hr>156</ns3:hr>
            <ns3:cad>89</ns3:cad>
          </ns3:TrackPointExtension>
        </extensions>
      </trkpt>
      <trkpt lat="30.2880099602043628692626953125" lon="120.22056363523006439208984375">
        <ele>13.80000019073486328125</ele>
        <time>2026-07-02T12:16:21.000Z</time>
        <extensions>
          <ns3:TrackPointExtension>
            <ns3:hr>156</ns3:hr>
            <ns3:cad>89</ns3:cad>
          </ns3:TrackPointExtension>
        </extensions>
      </trkpt>
      <trkpt lat="30.28802848421037197113037109375" lon="120.22055114619433879852294921875">
        <ele>13.80000019073486328125</ele>
        <time>2026-07-02T12:16:22.000Z</time>
        <extensions>
          <ns3:TrackPointExtension>
            <ns3:hr>156</ns3:hr>
            <ns3:cad>90</ns3:cad>
          </ns3:TrackPointExtension>
        </extensions>
      </trkpt>
      <trkpt lat="30.28805379755795001983642578125" lon="120.22053622640669345855712890625">
        <ele>13.80000019073486328125</ele>
        <time>2026-07-02T12:16:23.000Z</time>
        <extensions>
          <ns3:TrackPointExtension>
            <ns3:hr>157</ns3:hr>
            <ns3:cad>89</ns3:cad>
          </ns3:TrackPointExtension>
        </extensions>
      </trkpt>
      <trkpt lat="30.2880709804594516754150390625" lon="120.22052231244742870330810546875">
        <ele>13.80000019073486328125</ele>
        <time>2026-07-02T12:16:24.000Z</time>
        <extensions>
          <ns3:TrackPointExtension>
            <ns3:hr>157</ns3:hr>
            <ns3:cad>89</ns3:cad>
          </ns3:TrackPointExtension>
        </extensions>
      </trkpt>
      <trkpt lat="30.28809553943574428558349609375" lon="120.220510661602020263671875">
        <ele>13.80000019073486328125</ele>
        <time>2026-07-02T12:16:25.000Z</time>
        <extensions>
          <ns3:TrackPointExtension>
            <ns3:hr>157</ns3:hr>
            <ns3:cad>89</ns3:cad>
          </ns3:TrackPointExtension>
        </extensions>
      </trkpt>
      <trkpt lat="30.288114733994007110595703125" lon="120.22050236351788043975830078125">
        <ele>13.80000019073486328125</ele>
        <time>2026-07-02T12:16:26.000Z</time>
        <extensions>
          <ns3:TrackPointExtension>
            <ns3:hr>157</ns3:hr>
            <ns3:cad>89</ns3:cad>
          </ns3:TrackPointExtension>
        </extensions>
      </trkpt>
      <trkpt lat="30.28813795186579227447509765625" lon="120.220490209758281707763671875">
        <ele>13.80000019073486328125</ele>
        <time>2026-07-02T12:16:27.000Z</time>
        <extensions>
          <ns3:TrackPointExtension>
            <ns3:hr>157</ns3:hr>
            <ns3:cad>89</ns3:cad>
          </ns3:TrackPointExtension>
        </extensions>
      </trkpt>
      <trkpt lat="30.28815773315727710723876953125" lon="120.22047855891287326812744140625">
        <ele>13.80000019073486328125</ele>
        <time>2026-07-02T12:16:28.000Z</time>
        <extensions>
          <ns3:TrackPointExtension>
            <ns3:hr>156</ns3:hr>
            <ns3:cad>89</ns3:cad>
          </ns3:TrackPointExtension>
        </extensions>
      </trkpt>
      <trkpt lat="30.28818505816161632537841796875" lon="120.22046581842005252838134765625">
        <ele>13.80000019073486328125</ele>
        <time>2026-07-02T12:16:29.000Z</time>
        <extensions>
          <ns3:TrackPointExtension>
            <ns3:hr>157</ns3:hr>
            <ns3:cad>90</ns3:cad>
          </ns3:TrackPointExtension>
        </extensions>
      </trkpt>
      <trkpt lat="30.28820416890084743499755859375" lon="120.22045374847948551177978515625">
        <ele>13.80000019073486328125</ele>
        <time>2026-07-02T12:16:30.000Z</time>
        <extensions>
          <ns3:TrackPointExtension>
            <ns3:hr>157</ns3:hr>
            <ns3:cad>91</ns3:cad>
          </ns3:TrackPointExtension>
        </extensions>
      </trkpt>
      <trkpt lat="30.2882319130003452301025390625" lon="120.22044050507247447967529296875">
        <ele>13.80000019073486328125</ele>
        <time>2026-07-02T12:16:31.000Z</time>
        <extensions>
          <ns3:TrackPointExtension>
            <ns3:hr>156</ns3:hr>
            <ns3:cad>90</ns3:cad>
          </ns3:TrackPointExtension>
        </extensions>
      </trkpt>
      <trkpt lat="30.28825161047279834747314453125" lon="120.22042759694159030914306640625">
        <ele>13.80000019073486328125</ele>
        <time>2026-07-02T12:16:32.000Z</time>
        <extensions>
          <ns3:TrackPointExtension>
            <ns3:hr>156</ns3:hr>
            <ns3:cad>89</ns3:cad>
          </ns3:TrackPointExtension>
        </extensions>
      </trkpt>
      <trkpt lat="30.28827390633523464202880859375" lon="120.2204132638871669769287109375">
        <ele>13.80000019073486328125</ele>
        <time>2026-07-02T12:16:33.000Z</time>
        <extensions>
          <ns3:TrackPointExtension>
            <ns3:hr>156</ns3:hr>
            <ns3:cad>89</ns3:cad>
          </ns3:TrackPointExtension>
        </extensions>
      </trkpt>
      <trkpt lat="30.28829284943640232086181640625" lon="120.2204011939465999603271484375">
        <ele>13.80000019073486328125</ele>
        <time>2026-07-02T12:16:34.000Z</time>
        <extensions>
          <ns3:TrackPointExtension>
            <ns3:hr>156</ns3:hr>
            <ns3:cad>89</ns3:cad>
          </ns3:TrackPointExtension>
        </extensions>
      </trkpt>
      <trkpt lat="30.28831682167947292327880859375" lon="120.2203884534537792205810546875">
        <ele>13.80000019073486328125</ele>
        <time>2026-07-02T12:16:35.000Z</time>
        <extensions>
          <ns3:TrackPointExtension>
            <ns3:hr>157</ns3:hr>
            <ns3:cad>89</ns3:cad>
          </ns3:TrackPointExtension>
        </extensions>
      </trkpt>
      <trkpt lat="30.2883338369429111480712890625" lon="120.2203760482370853424072265625">
        <ele>13.80000019073486328125</ele>
        <time>2026-07-02T12:16:36.000Z</time>
        <extensions>
          <ns3:TrackPointExtension>
            <ns3:hr>156</ns3:hr>
            <ns3:cad>89</ns3:cad>
          </ns3:TrackPointExtension>
        </extensions>
      </trkpt>
      <trkpt lat="30.288354121148586273193359375" lon="120.220363140106201171875">
        <ele>14</ele>
        <time>2026-07-02T12:16:37.000Z</time>
        <extensions>
          <ns3:TrackPointExtension>
            <ns3:hr>156</ns3:hr>
            <ns3:cad>89</ns3:cad>
          </ns3:TrackPointExtension>
        </extensions>
      </trkpt>
      <trkpt lat="30.28837122023105621337890625" lon="120.22034914232790470123291015625">
        <ele>14</ele>
        <time>2026-07-02T12:16:38.000Z</time>
        <extensions>
          <ns3:TrackPointExtension>
            <ns3:hr>157</ns3:hr>
            <ns3:cad>89</ns3:cad>
          </ns3:TrackPointExtension>
        </extensions>
      </trkpt>
      <trkpt lat="30.2883951924741268157958984375" lon="120.22033522836863994598388671875">
        <ele>14</ele>
        <time>2026-07-02T12:16:39.000Z</time>
        <extensions>
          <ns3:TrackPointExtension>
            <ns3:hr>157</ns3:hr>
            <ns3:cad>89</ns3:cad>
          </ns3:TrackPointExtension>
        </extensions>
      </trkpt>
      <trkpt lat="30.28841371648013591766357421875" lon="120.2203180454671382904052734375">
        <ele>14</ele>
        <time>2026-07-02T12:16:40.000Z</time>
        <extensions>
          <ns3:TrackPointExtension>
            <ns3:hr>157</ns3:hr>
            <ns3:cad>89</ns3:cad>
          </ns3:TrackPointExtension>
        </extensions>
      </trkpt>
      <trkpt lat="30.28843869455158710479736328125" lon="120.2203059755265712738037109375">
        <ele>13.80000019073486328125</ele>
        <time>2026-07-02T12:16:41.000Z</time>
        <extensions>
          <ns3:TrackPointExtension>
            <ns3:hr>157</ns3:hr>
            <ns3:cad>89</ns3:cad>
          </ns3:TrackPointExtension>
        </extensions>
      </trkpt>
      <trkpt lat="30.28845436871051788330078125" lon="120.22028879262506961822509765625">
        <ele>13.80000019073486328125</ele>
        <time>2026-07-02T12:16:42.000Z</time>
        <extensions>
          <ns3:TrackPointExtension>
            <ns3:hr>157</ns3:hr>
            <ns3:cad>89</ns3:cad>
          </ns3:TrackPointExtension>
        </extensions>
      </trkpt>
      <trkpt lat="30.28847808949649333953857421875" lon="120.22027529776096343994140625">
        <ele>13.80000019073486328125</ele>
        <time>2026-07-02T12:16:43.000Z</time>
        <extensions>
          <ns3:TrackPointExtension>
            <ns3:hr>157</ns3:hr>
            <ns3:cad>88</ns3:cad>
          </ns3:TrackPointExtension>
        </extensions>
      </trkpt>
      <trkpt lat="30.288494937121868133544921875" lon="120.22025945596396923065185546875">
        <ele>13.6000003814697265625</ele>
        <time>2026-07-02T12:16:44.000Z</time>
        <extensions>
          <ns3:TrackPointExtension>
            <ns3:hr>157</ns3:hr>
            <ns3:cad>88</ns3:cad>
          </ns3:TrackPointExtension>
        </extensions>
      </trkpt>
      <trkpt lat="30.28852150775492191314697265625" lon="120.22024621255695819854736328125">
        <ele>13.6000003814697265625</ele>
        <time>2026-07-02T12:16:45.000Z</time>
        <extensions>
          <ns3:TrackPointExtension>
            <ns3:hr>158</ns3:hr>
            <ns3:cad>88</ns3:cad>
          </ns3:TrackPointExtension>
        </extensions>
      </trkpt>
      <trkpt lat="30.2885407023131847381591796875" lon="120.22023481316864490509033203125">
        <ele>13.6000003814697265625</ele>
        <time>2026-07-02T12:16:46.000Z</time>
        <extensions>
          <ns3:TrackPointExtension>
            <ns3:hr>157</ns3:hr>
            <ns3:cad>88</ns3:cad>
          </ns3:TrackPointExtension>
        </extensions>
      </trkpt>
      <trkpt lat="30.28856702148914337158203125" lon="120.2202167920768260955810546875">
        <ele>13.6000003814697265625</ele>
        <time>2026-07-02T12:16:47.000Z</time>
        <extensions>
          <ns3:TrackPointExtension>
            <ns3:hr>157</ns3:hr>
            <ns3:cad>88</ns3:cad>
          </ns3:TrackPointExtension>
        </extensions>
      </trkpt>
      <trkpt lat="30.28858336620032787322998046875" lon="120.22020229138433933258056640625">
        <ele>13.6000003814697265625</ele>
        <time>2026-07-02T12:16:48.000Z</time>
        <extensions>
          <ns3:TrackPointExtension>
            <ns3:hr>157</ns3:hr>
            <ns3:cad>89</ns3:cad>
          </ns3:TrackPointExtension>
        </extensions>
      </trkpt>
      <trkpt lat="30.28860591351985931396484375" lon="120.22018720395863056182861328125">
        <ele>13.80000019073486328125</ele>
        <time>2026-07-02T12:16:49.000Z</time>
        <extensions>
          <ns3:TrackPointExtension>
            <ns3:hr>157</ns3:hr>
            <ns3:cad>89</ns3:cad>
          </ns3:TrackPointExtension>
        </extensions>
      </trkpt>
      <trkpt lat="30.2886194922029972076416015625" lon="120.2201738767325878143310546875">
        <ele>13.6000003814697265625</ele>
        <time>2026-07-02T12:16:50.000Z</time>
        <extensions>
          <ns3:TrackPointExtension>
            <ns3:hr>156</ns3:hr>
            <ns3:cad>89</ns3:cad>
          </ns3:TrackPointExtension>
        </extensions>
      </trkpt>
      <trkpt lat="30.2886439673602581024169921875" lon="120.2201597951352596282958984375">
        <ele>13.6000003814697265625</ele>
        <time>2026-07-02T12:16:51.000Z</time>
        <extensions>
          <ns3:TrackPointExtension>
            <ns3:hr>156</ns3:hr>
            <ns3:cad>89</ns3:cad>
          </ns3:TrackPointExtension>
        </extensions>
      </trkpt>
      <trkpt lat="30.2886588871479034423828125" lon="120.220148563385009765625">
        <ele>13.6000003814697265625</ele>
        <time>2026-07-02T12:16:52.000Z</time>
        <extensions>
          <ns3:TrackPointExtension>
            <ns3:hr>156</ns3:hr>
            <ns3:cad>89</ns3:cad>
          </ns3:TrackPointExtension>
        </extensions>
      </trkpt>
      <trkpt lat="30.28868378140032291412353515625" lon="120.22013020701706409454345703125">
        <ele>13.6000003814697265625</ele>
        <time>2026-07-02T12:16:53.000Z</time>
        <extensions>
          <ns3:TrackPointExtension>
            <ns3:hr>155</ns3:hr>
            <ns3:cad>89</ns3:cad>
          </ns3:TrackPointExtension>
        </extensions>
      </trkpt>
      <trkpt lat="30.28869786299765110015869140625" lon="120.22011746652424335479736328125">
        <ele>13.6000003814697265625</ele>
        <time>2026-07-02T12:16:54.000Z</time>
        <extensions>
          <ns3:TrackPointExtension>
            <ns3:hr>155</ns3:hr>
            <ns3:cad>89</ns3:cad>
          </ns3:TrackPointExtension>
        </extensions>
      </trkpt>
      <trkpt lat="30.28872166760265827178955078125" lon="120.220099948346614837646484375">
        <ele>13.6000003814697265625</ele>
        <time>2026-07-02T12:16:55.000Z</time>
        <extensions>
          <ns3:TrackPointExtension>
            <ns3:hr>155</ns3:hr>
            <ns3:cad>89</ns3:cad>
          </ns3:TrackPointExtension>
        </extensions>
      </trkpt>
      <trkpt lat="30.288735665380954742431640625" lon="120.2200853638350963592529296875">
        <ele>13.6000003814697265625</ele>
        <time>2026-07-02T12:16:56.000Z</time>
        <extensions>
          <ns3:TrackPointExtension>
            <ns3:hr>155</ns3:hr>
            <ns3:cad>90</ns3:cad>
          </ns3:TrackPointExtension>
        </extensions>
      </trkpt>
      <trkpt lat="30.2887603081762790679931640625" lon="120.220067091286182403564453125">
        <ele>13.6000003814697265625</ele>
        <time>2026-07-02T12:16:57.000Z</time>
        <extensions>
          <ns3:TrackPointExtension>
            <ns3:hr>154</ns3:hr>
            <ns3:cad>90</ns3:cad>
          </ns3:TrackPointExtension>
        </extensions>
      </trkpt>
      <trkpt lat="30.28877497650682926177978515625" lon="120.22005208767950534820556640625">
        <ele>13.6000003814697265625</ele>
        <time>2026-07-02T12:16:58.000Z</time>
        <extensions>
          <ns3:TrackPointExtension>
            <ns3:hr>154</ns3:hr>
            <ns3:cad>90</ns3:cad>
          </ns3:TrackPointExtension>
        </extensions>
      </trkpt>
      <trkpt lat="30.28880129568278789520263671875" lon="120.22003515623509883880615234375">
        <ele>13.6000003814697265625</ele>
        <time>2026-07-02T12:16:59.000Z</time>
        <extensions>
          <ns3:TrackPointExtension>
            <ns3:hr>153</ns3:hr>
            <ns3:cad>90</ns3:cad>
          </ns3:TrackPointExtension>
        </extensions>
      </trkpt>
      <trkpt lat="30.288815461099147796630859375" lon="120.22001990117132663726806640625">
        <ele>13.6000003814697265625</ele>
        <time>2026-07-02T12:17:00.000Z</time>
        <extensions>
          <ns3:TrackPointExtension>
            <ns3:hr>153</ns3:hr>
            <ns3:cad>90</ns3:cad>
          </ns3:TrackPointExtension>
        </extensions>
      </trkpt>
      <trkpt lat="30.28883985243737697601318359375" lon="120.22000037133693695068359375">
        <ele>13.6000003814697265625</ele>
        <time>2026-07-02T12:17:01.000Z</time>
        <extensions>
          <ns3:TrackPointExtension>
            <ns3:hr>153</ns3:hr>
            <ns3:cad>90</ns3:cad>
          </ns3:TrackPointExtension>
        </extensions>
      </trkpt>
      <trkpt lat="30.2888541854918003082275390625" lon="120.21998117677867412567138671875">
        <ele>13.6000003814697265625</ele>
        <time>2026-07-02T12:17:02.000Z</time>
        <extensions>
          <ns3:TrackPointExtension>
            <ns3:hr>154</ns3:hr>
            <ns3:cad>90</ns3:cad>
          </ns3:TrackPointExtension>
        </extensions>
      </trkpt>
      <trkpt lat="30.28887958265841007232666015625" lon="120.2199633233249187469482421875">
        <ele>13.6000003814697265625</ele>
        <time>2026-07-02T12:17:03.000Z</time>
        <extensions>
          <ns3:TrackPointExtension>
            <ns3:hr>154</ns3:hr>
            <ns3:cad>89</ns3:cad>
          </ns3:TrackPointExtension>
        </extensions>
      </trkpt>
      <trkpt lat="30.28889383189380168914794921875" lon="120.2199435420334339141845703125">
        <ele>13.6000003814697265625</ele>
        <time>2026-07-02T12:17:04.000Z</time>
        <extensions>
          <ns3:TrackPointExtension>
            <ns3:hr>154</ns3:hr>
            <ns3:cad>90</ns3:cad>
          </ns3:TrackPointExtension>
        </extensions>
      </trkpt>
      <trkpt lat="30.28892048634588718414306640625" lon="120.2199230901896953582763671875">
        <ele>13.80000019073486328125</ele>
        <time>2026-07-02T12:17:05.000Z</time>
        <extensions>
          <ns3:TrackPointExtension>
            <ns3:hr>153</ns3:hr>
            <ns3:cad>90</ns3:cad>
          </ns3:TrackPointExtension>
        </extensions>
      </trkpt>
      <trkpt lat="30.28893741779029369354248046875" lon="120.2199059911072254180908203125">
        <ele>13.80000019073486328125</ele>
        <time>2026-07-02T12:17:06.000Z</time>
        <extensions>
          <ns3:TrackPointExtension>
            <ns3:hr>153</ns3:hr>
            <ns3:cad>90</ns3:cad>
          </ns3:TrackPointExtension>
        </extensions>
      </trkpt>
      <trkpt lat="30.28896155767142772674560546875" lon="120.21988729946315288543701171875">
        <ele>13.80000019073486328125</ele>
        <time>2026-07-02T12:17:07.000Z</time>
        <extensions>
          <ns3:TrackPointExtension>
            <ns3:hr>153</ns3:hr>
            <ns3:cad>90</ns3:cad>
          </ns3:TrackPointExtension>
        </extensions>
      </trkpt>
      <trkpt lat="30.28897798620164394378662109375" lon="120.21986818872392177581787109375">
        <ele>13.80000019073486328125</ele>
        <time>2026-07-02T12:17:08.000Z</time>
        <extensions>
          <ns3:TrackPointExtension>
            <ns3:hr>153</ns3:hr>
            <ns3:cad>90</ns3:cad>
          </ns3:TrackPointExtension>
        </extensions>
      </trkpt>
      <trkpt lat="30.28900112025439739227294921875" lon="120.21985729224979877471923828125">
        <ele>14</ele>
        <time>2026-07-02T12:17:09.000Z</time>
        <extensions>
          <ns3:TrackPointExtension>
            <ns3:hr>153</ns3:hr>
            <ns3:cad>90</ns3:cad>
          </ns3:TrackPointExtension>
        </extensions>
      </trkpt>
      <trkpt lat="30.28901897370815277099609375" lon="120.219842456281185150146484375">
        <ele>14</ele>
        <time>2026-07-02T12:17:10.000Z</time>
        <extensions>
          <ns3:TrackPointExtension>
            <ns3:hr>153</ns3:hr>
            <ns3:cad>89</ns3:cad>
          </ns3:TrackPointExtension>
        </extensions>
      </trkpt>
      <trkpt lat="30.28904579579830169677734375" lon="120.21982359699904918670654296875">
        <ele>14</ele>
        <time>2026-07-02T12:17:11.000Z</time>
        <extensions>
          <ns3:TrackPointExtension>
            <ns3:hr>153</ns3:hr>
            <ns3:cad>89</ns3:cad>
          </ns3:TrackPointExtension>
        </extensions>
      </trkpt>
      <trkpt lat="30.28906188905239105224609375" lon="120.21981127560138702392578125">
        <ele>14</ele>
        <time>2026-07-02T12:17:12.000Z</time>
        <extensions>
          <ns3:TrackPointExtension>
            <ns3:hr>153</ns3:hr>
            <ns3:cad>89</ns3:cad>
          </ns3:TrackPointExtension>
        </extensions>
      </trkpt>
      <trkpt lat="30.28908544220030307769775390625" lon="120.2197873033583164215087890625">
        <ele>13.80000019073486328125</ele>
        <time>2026-07-02T12:17:13.000Z</time>
        <extensions>
          <ns3:TrackPointExtension>
            <ns3:hr>153</ns3:hr>
            <ns3:cad>88</ns3:cad>
          </ns3:TrackPointExtension>
        </extensions>
      </trkpt>
      <trkpt lat="30.289101116359233856201171875" lon="120.21977414377033710479736328125">
        <ele>13.80000019073486328125</ele>
        <time>2026-07-02T12:17:14.000Z</time>
        <extensions>
          <ns3:TrackPointExtension>
            <ns3:hr>154</ns3:hr>
            <ns3:cad>88</ns3:cad>
          </ns3:TrackPointExtension>
        </extensions>
      </trkpt>
      <trkpt lat="30.28912031091749668121337890625" lon="120.219753272831439971923828125">
        <ele>13.80000019073486328125</ele>
        <time>2026-07-02T12:17:15.000Z</time>
        <extensions>
          <ns3:TrackPointExtension>
            <ns3:hr>154</ns3:hr>
            <ns3:cad>88</ns3:cad>
          </ns3:TrackPointExtension>
        </extensions>
      </trkpt>
      <trkpt lat="30.28913690708577632904052734375" lon="120.219738520681858062744140625">
        <ele>13.80000019073486328125</ele>
        <time>2026-07-02T12:17:16.000Z</time>
        <extensions>
          <ns3:TrackPointExtension>
            <ns3:hr>155</ns3:hr>
            <ns3:cad>89</ns3:cad>
          </ns3:TrackPointExtension>
        </extensions>
      </trkpt>
      <trkpt lat="30.28915685601532459259033203125" lon="120.21971999667584896087646484375">
        <ele>14</ele>
        <time>2026-07-02T12:17:17.000Z</time>
        <extensions>
          <ns3:TrackPointExtension>
            <ns3:hr>155</ns3:hr>
            <ns3:cad>89</ns3:cad>
          </ns3:TrackPointExtension>
        </extensions>
      </trkpt>
      <trkpt lat="30.28917764313519001007080078125" lon="120.21970742382109165191650390625">
        <ele>14</ele>
        <time>2026-07-02T12:17:18.000Z</time>
        <extensions>
          <ns3:TrackPointExtension>
            <ns3:hr>155</ns3:hr>
            <ns3:cad>89</ns3:cad>
          </ns3:TrackPointExtension>
        </extensions>
      </trkpt>
      <trkpt lat="30.28919725678861141204833984375" lon="120.2196927554905414581298828125">
        <ele>14</ele>
        <time>2026-07-02T12:17:19.000Z</time>
        <extensions>
          <ns3:TrackPointExtension>
            <ns3:hr>155</ns3:hr>
            <ns3:cad>88</ns3:cad>
          </ns3:TrackPointExtension>
        </extensions>
      </trkpt>
      <trkpt lat="30.28921502642333507537841796875" lon="120.21967758424580097198486328125">
        <ele>14</ele>
        <time>2026-07-02T12:17:20.000Z</time>
        <extensions>
          <ns3:TrackPointExtension>
            <ns3:hr>156</ns3:hr>
            <ns3:cad>88</ns3:cad>
          </ns3:TrackPointExtension>
        </extensions>
      </trkpt>
      <trkpt lat="30.28923145495355129241943359375" lon="120.21965797059237957000732421875">
        <ele>14</ele>
        <time>2026-07-02T12:17:21.000Z</time>
        <extensions>
          <ns3:TrackPointExtension>
            <ns3:hr>156</ns3:hr>
            <ns3:cad>88</ns3:cad>
          </ns3:TrackPointExtension>
        </extensions>
      </trkpt>
      <trkpt lat="30.289254672825336456298828125" lon="120.2196391113102436065673828125">
        <ele>14</ele>
        <time>2026-07-02T12:17:22.000Z</time>
        <extensions>
          <ns3:TrackPointExtension>
            <ns3:hr>156</ns3:hr>
            <ns3:cad>88</ns3:cad>
          </ns3:TrackPointExtension>
        </extensions>
      </trkpt>
      <trkpt lat="30.289267413318157196044921875" lon="120.21962226368486881256103515625">
        <ele>14</ele>
        <time>2026-07-02T12:17:23.000Z</time>
        <extensions>
          <ns3:TrackPointExtension>
            <ns3:hr>156</ns3:hr>
            <ns3:cad>89</ns3:cad>
          </ns3:TrackPointExtension>
        </extensions>
      </trkpt>
      <trkpt lat="30.289287529885768890380859375" lon="120.21960281766951084136962890625">
        <ele>14</ele>
        <time>2026-07-02T12:17:24.000Z</time>
        <extensions>
          <ns3:TrackPointExtension>
            <ns3:hr>156</ns3:hr>
            <ns3:cad>89</ns3:cad>
          </ns3:TrackPointExtension>
        </extensions>
      </trkpt>
      <trkpt lat="30.2893001027405261993408203125" lon="120.219578929245471954345703125">
        <ele>14</ele>
        <time>2026-07-02T12:17:25.000Z</time>
        <extensions>
          <ns3:TrackPointExtension>
            <ns3:hr>156</ns3:hr>
            <ns3:cad>88</ns3:cad>
          </ns3:TrackPointExtension>
        </extensions>
      </trkpt>
      <trkpt lat="30.2893265895545482635498046875" lon="120.21955872885882854461669921875">
        <ele>14</ele>
        <time>2026-07-02T12:17:26.000Z</time>
        <extensions>
          <ns3:TrackPointExtension>
            <ns3:hr>156</ns3:hr>
            <ns3:cad>88</ns3:cad>
          </ns3:TrackPointExtension>
        </extensions>
      </trkpt>
      <trkpt lat="30.28934243135154247283935546875" lon="120.2195437252521514892578125">
        <ele>14</ele>
        <time>2026-07-02T12:17:27.000Z</time>
        <extensions>
          <ns3:TrackPointExtension>
            <ns3:hr>156</ns3:hr>
            <ns3:cad>88</ns3:cad>
          </ns3:TrackPointExtension>
        </extensions>
      </trkpt>
      <trkpt lat="30.28936103917658329010009765625" lon="120.21952570416033267974853515625">
        <ele>14</ele>
        <time>2026-07-02T12:17:28.000Z</time>
        <extensions>
          <ns3:TrackPointExtension>
            <ns3:hr>156</ns3:hr>
            <ns3:cad>88</ns3:cad>
          </ns3:TrackPointExtension>
        </extensions>
      </trkpt>
      <trkpt lat="30.2893750369548797607421875" lon="120.21950541995465755462646484375">
        <ele>14</ele>
        <time>2026-07-02T12:17:29.000Z</time>
        <extensions>
          <ns3:TrackPointExtension>
            <ns3:hr>156</ns3:hr>
            <ns3:cad>88</ns3:cad>
          </ns3:TrackPointExtension>
        </extensions>
      </trkpt>
      <trkpt lat="30.28939942829310894012451171875" lon="120.219485051929950714111328125">
        <ele>14</ele>
        <time>2026-07-02T12:17:30.000Z</time>
        <extensions>
          <ns3:TrackPointExtension>
            <ns3:hr>156</ns3:hr>
            <ns3:cad>89</ns3:cad>
          </ns3:TrackPointExtension>
        </extensions>
      </trkpt>
      <trkpt lat="30.2894140966236591339111328125" lon="120.21946468390524387359619140625">
        <ele>14</ele>
        <time>2026-07-02T12:17:31.000Z</time>
        <extensions>
          <ns3:TrackPointExtension>
            <ns3:hr>156</ns3:hr>
            <ns3:cad>89</ns3:cad>
          </ns3:TrackPointExtension>
        </extensions>
      </trkpt>
      <trkpt lat="30.289442427456378936767578125" lon="120.2194423042237758636474609375">
        <ele>13.80000019073486328125</ele>
        <time>2026-07-02T12:17:32.000Z</time>
        <extensions>
          <ns3:TrackPointExtension>
            <ns3:hr>156</ns3:hr>
            <ns3:cad>89</ns3:cad>
          </ns3:TrackPointExtension>
        </extensions>
      </trkpt>
      <trkpt lat="30.28945885598659515380859375" lon="120.2194292284548282623291015625">
        <ele>13.80000019073486328125</ele>
        <time>2026-07-02T12:17:33.000Z</time>
        <extensions>
          <ns3:TrackPointExtension>
            <ns3:hr>156</ns3:hr>
            <ns3:cad>89</ns3:cad>
          </ns3:TrackPointExtension>
        </extensions>
      </trkpt>
      <trkpt lat="30.289486348628997802734375" lon="120.219408608973026275634765625">
        <ele>14</ele>
        <time>2026-07-02T12:17:34.000Z</time>
        <extensions>
          <ns3:TrackPointExtension>
            <ns3:hr>156</ns3:hr>
            <ns3:cad>89</ns3:cad>
          </ns3:TrackPointExtension>
        </extensions>
      </trkpt>
      <trkpt lat="30.28950043022632598876953125" lon="120.2193908393383026123046875">
        <ele>14</ele>
        <time>2026-07-02T12:17:35.000Z</time>
        <extensions>
          <ns3:TrackPointExtension>
            <ns3:hr>156</ns3:hr>
            <ns3:cad>89</ns3:cad>
          </ns3:TrackPointExtension>
        </extensions>
      </trkpt>
      <trkpt lat="30.2895230613648891448974609375" lon="120.21937617100775241851806640625">
        <ele>14.19999980926513671875</ele>
        <time>2026-07-02T12:17:36.000Z</time>
        <extensions>
          <ns3:TrackPointExtension>
            <ns3:hr>156</ns3:hr>
            <ns3:cad>89</ns3:cad>
          </ns3:TrackPointExtension>
        </extensions>
      </trkpt>
      <trkpt lat="30.28953957371413707733154296875" lon="120.21936158649623394012451171875">
        <ele>14</ele>
        <time>2026-07-02T12:17:37.000Z</time>
        <extensions>
          <ns3:TrackPointExtension>
            <ns3:hr>156</ns3:hr>
            <ns3:cad>89</ns3:cad>
          </ns3:TrackPointExtension>
        </extensions>
      </trkpt>
      <trkpt lat="30.289567820727825164794921875" lon="120.21933811716735363006591796875">
        <ele>14</ele>
        <time>2026-07-02T12:17:38.000Z</time>
        <extensions>
          <ns3:TrackPointExtension>
            <ns3:hr>156</ns3:hr>
            <ns3:cad>89</ns3:cad>
          </ns3:TrackPointExtension>
        </extensions>
      </trkpt>
      <trkpt lat="30.28958366252481937408447265625" lon="120.2193199284374713897705078125">
        <ele>14</ele>
        <time>2026-07-02T12:17:39.000Z</time>
        <extensions>
          <ns3:TrackPointExtension>
            <ns3:hr>156</ns3:hr>
            <ns3:cad>89</ns3:cad>
          </ns3:TrackPointExtension>
        </extensions>
      </trkpt>
      <trkpt lat="30.28960998170077800750732421875" lon="120.21930023096501827239990234375">
        <ele>14</ele>
        <time>2026-07-02T12:17:40.000Z</time>
        <extensions>
          <ns3:TrackPointExtension>
            <ns3:hr>156</ns3:hr>
            <ns3:cad>89</ns3:cad>
          </ns3:TrackPointExtension>
        </extensions>
      </trkpt>
      <trkpt lat="30.289621464908123016357421875" lon="120.21928028203547000885009765625">
        <ele>13.80000019073486328125</ele>
        <time>2026-07-02T12:17:41.000Z</time>
        <extensions>
          <ns3:TrackPointExtension>
            <ns3:hr>156</ns3:hr>
            <ns3:cad>90</ns3:cad>
          </ns3:TrackPointExtension>
        </extensions>
      </trkpt>
      <trkpt lat="30.2896427549421787261962890625" lon="120.21925597451627254486083984375">
        <ele>13.80000019073486328125</ele>
        <time>2026-07-02T12:17:42.000Z</time>
        <extensions>
          <ns3:TrackPointExtension>
            <ns3:hr>156</ns3:hr>
            <ns3:cad>90</ns3:cad>
          </ns3:TrackPointExtension>
        </extensions>
      </trkpt>
      <trkpt lat="30.289655663073062896728515625" lon="120.21923518739640712738037109375">
        <ele>13.80000019073486328125</ele>
        <time>2026-07-02T12:17:43.000Z</time>
        <extensions>
          <ns3:TrackPointExtension>
            <ns3:hr>157</ns3:hr>
            <ns3:cad>90</ns3:cad>
          </ns3:TrackPointExtension>
        </extensions>
      </trkpt>
      <trkpt lat="30.28967904858291149139404296875" lon="120.2192072756588459014892578125">
        <ele>14</ele>
        <time>2026-07-02T12:17:44.000Z</time>
        <extensions>
          <ns3:TrackPointExtension>
            <ns3:hr>157</ns3:hr>
            <ns3:cad>90</ns3:cad>
          </ns3:TrackPointExtension>
        </extensions>
      </trkpt>
      <trkpt lat="30.28969028033316135406494140625" lon="120.21919160149991512298583984375">
        <ele>14</ele>
        <time>2026-07-02T12:17:45.000Z</time>
        <extensions>
          <ns3:TrackPointExtension>
            <ns3:hr>157</ns3:hr>
            <ns3:cad>90</ns3:cad>
          </ns3:TrackPointExtension>
        </extensions>
      </trkpt>
      <trkpt lat="30.28972037136554718017578125" lon="120.2191747538745403289794921875">
        <ele>14</ele>
        <time>2026-07-02T12:17:46.000Z</time>
        <extensions>
          <ns3:TrackPointExtension>
            <ns3:hr>157</ns3:hr>
            <ns3:cad>90</ns3:cad>
          </ns3:TrackPointExtension>
        </extensions>
      </trkpt>
      <trkpt lat="30.2897440083324909210205078125" lon="120.21916042082011699676513671875">
        <ele>13.80000019073486328125</ele>
        <time>2026-07-02T12:17:47.000Z</time>
        <extensions>
          <ns3:TrackPointExtension>
            <ns3:hr>158</ns3:hr>
            <ns3:cad>90</ns3:cad>
          </ns3:TrackPointExtension>
        </extensions>
      </trkpt>
      <trkpt lat="30.2897768653929233551025390625" lon="120.21915069781243801116943359375">
        <ele>13.80000019073486328125</ele>
        <time>2026-07-02T12:17:48.000Z</time>
        <extensions>
          <ns3:TrackPointExtension>
            <ns3:hr>158</ns3:hr>
            <ns3:cad>90</ns3:cad>
          </ns3:TrackPointExtension>
        </extensions>
      </trkpt>
      <trkpt lat="30.28980209492146968841552734375" lon="120.21914080716669559478759765625">
        <ele>13.80000019073486328125</ele>
        <time>2026-07-02T12:17:49.000Z</time>
        <extensions>
          <ns3:TrackPointExtension>
            <ns3:hr>158</ns3:hr>
            <ns3:cad>91</ns3:cad>
          </ns3:TrackPointExtension>
        </extensions>
      </trkpt>
      <trkpt lat="30.28983436524868011474609375" lon="120.219142399728298187255859375">
        <ele>13.6000003814697265625</ele>
        <time>2026-07-02T12:17:50.000Z</time>
        <extensions>
          <ns3:TrackPointExtension>
            <ns3:hr>159</ns3:hr>
            <ns3:cad>92</ns3:cad>
          </ns3:TrackPointExtension>
        </extensions>
      </trkpt>
      <trkpt lat="30.289864204823970794677734375" lon="120.219137705862522125244140625">
        <ele>13.6000003814697265625</ele>
        <time>2026-07-02T12:17:51.000Z</time>
        <extensions>
          <ns3:TrackPointExtension>
            <ns3:hr>159</ns3:hr>
            <ns3:cad>92</ns3:cad>
          </ns3:TrackPointExtension>
        </extensions>
      </trkpt>
      <trkpt lat="30.289895050227642059326171875" lon="120.2191452495753765106201171875">
        <ele>13.6000003814697265625</ele>
        <time>2026-07-02T12:17:52.000Z</time>
        <extensions>
          <ns3:TrackPointExtension>
            <ns3:hr>158</ns3:hr>
            <ns3:cad>93</ns3:cad>
          </ns3:TrackPointExtension>
        </extensions>
      </trkpt>
      <trkpt lat="30.28992547653615474700927734375" lon="120.2191574871540069580078125">
        <ele>13.6000003814697265625</ele>
        <time>2026-07-02T12:17:53.000Z</time>
        <extensions>
          <ns3:TrackPointExtension>
            <ns3:hr>158</ns3:hr>
            <ns3:cad>93</ns3:cad>
          </ns3:TrackPointExtension>
        </extensions>
      </trkpt>
      <trkpt lat="30.28995078988373279571533203125" lon="120.21917827427387237548828125">
        <ele>13.6000003814697265625</ele>
        <time>2026-07-02T12:17:54.000Z</time>
        <extensions>
          <ns3:TrackPointExtension>
            <ns3:hr>159</ns3:hr>
            <ns3:cad>93</ns3:cad>
          </ns3:TrackPointExtension>
        </extensions>
      </trkpt>
      <trkpt lat="30.28996889479458332061767578125" lon="120.2191962115466594696044921875">
        <ele>13.6000003814697265625</ele>
        <time>2026-07-02T12:17:55.000Z</time>
        <extensions>
          <ns3:TrackPointExtension>
            <ns3:hr>159</ns3:hr>
            <ns3:cad>92</ns3:cad>
          </ns3:TrackPointExtension>
        </extensions>
      </trkpt>
      <trkpt lat="30.289982222020626068115234375" lon="120.21921808831393718719482421875">
        <ele>13.80000019073486328125</ele>
        <time>2026-07-02T12:17:56.000Z</time>
        <extensions>
          <ns3:TrackPointExtension>
            <ns3:hr>159</ns3:hr>
            <ns3:cad>91</ns3:cad>
          </ns3:TrackPointExtension>
        </extensions>
      </trkpt>
      <trkpt lat="30.28999420814216136932373046875" lon="120.219244658946990966796875">
        <ele>13.80000019073486328125</ele>
        <time>2026-07-02T12:17:57.000Z</time>
        <extensions>
          <ns3:TrackPointExtension>
            <ns3:hr>159</ns3:hr>
            <ns3:cad>91</ns3:cad>
          </ns3:TrackPointExtension>
        </extensions>
      </trkpt>
      <trkpt lat="30.29000334441661834716796875" lon="120.219265781342983245849609375">
        <ele>13.80000019073486328125</ele>
        <time>2026-07-02T12:17:58.000Z</time>
        <extensions>
          <ns3:TrackPointExtension>
            <ns3:hr>159</ns3:hr>
            <ns3:cad>91</ns3:cad>
          </ns3:TrackPointExtension>
        </extensions>
      </trkpt>
      <trkpt lat="30.29001197777688503265380859375" lon="120.21929620765149593353271484375">
        <ele>13.80000019073486328125</ele>
        <time>2026-07-02T12:17:59.000Z</time>
        <extensions>
          <ns3:TrackPointExtension>
            <ns3:hr>159</ns3:hr>
            <ns3:cad>91</ns3:cad>
          </ns3:TrackPointExtension>
        </extensions>
      </trkpt>
      <trkpt lat="30.29002052731812000274658203125" lon="120.21932043135166168212890625">
        <ele>13.6000003814697265625</ele>
        <time>2026-07-02T12:18:00.000Z</time>
        <extensions>
          <ns3:TrackPointExtension>
            <ns3:hr>160</ns3:hr>
            <ns3:cad>91</ns3:cad>
          </ns3:TrackPointExtension>
        </extensions>
      </trkpt>
      <trkpt lat="30.29003343544900417327880859375" lon="120.21935127675533294677734375">
        <ele>13.6000003814697265625</ele>
        <time>2026-07-02T12:18:01.000Z</time>
        <extensions>
          <ns3:TrackPointExtension>
            <ns3:hr>160</ns3:hr>
            <ns3:cad>91</ns3:cad>
          </ns3:TrackPointExtension>
        </extensions>
      </trkpt>
      <trkpt lat="30.29004466719925403594970703125" lon="120.219382457435131072998046875">
        <ele>13.80000019073486328125</ele>
        <time>2026-07-02T12:18:02.000Z</time>
        <extensions>
          <ns3:TrackPointExtension>
            <ns3:hr>160</ns3:hr>
            <ns3:cad>91</ns3:cad>
          </ns3:TrackPointExtension>
        </extensions>
      </trkpt>
      <trkpt lat="30.29005455784499645233154296875" lon="120.2194111235439777374267578125">
        <ele>13.80000019073486328125</ele>
        <time>2026-07-02T12:18:03.000Z</time>
        <extensions>
          <ns3:TrackPointExtension>
            <ns3:hr>161</ns3:hr>
            <ns3:cad>90</ns3:cad>
          </ns3:TrackPointExtension>
        </extensions>
      </trkpt>
      <trkpt lat="30.2900658734142780303955078125" lon="120.21943434141576290130615234375">
        <ele>14</ele>
        <time>2026-07-02T12:18:04.000Z</time>
        <extensions>
          <ns3:TrackPointExtension>
            <ns3:hr>161</ns3:hr>
            <ns3:cad>90</ns3:cad>
          </ns3:TrackPointExtension>
        </extensions>
      </trkpt>
      <trkpt lat="30.29007065109908580780029296875" lon="120.219464935362339019775390625">
        <ele>14</ele>
        <time>2026-07-02T12:18:05.000Z</time>
        <extensions>
          <ns3:TrackPointExtension>
            <ns3:hr>161</ns3:hr>
            <ns3:cad>90</ns3:cad>
          </ns3:TrackPointExtension>
        </extensions>
      </trkpt>
      <trkpt lat="30.2900809608399868011474609375" lon="120.21948714740574359893798828125">
        <ele>14</ele>
        <time>2026-07-02T12:18:06.000Z</time>
        <extensions>
          <ns3:TrackPointExtension>
            <ns3:hr>160</ns3:hr>
            <ns3:cad>90</ns3:cad>
          </ns3:TrackPointExtension>
        </extensions>
      </trkpt>
      <trkpt lat="30.29008992947638034820556640625" lon="120.219515226781368255615234375">
        <ele>14</ele>
        <time>2026-07-02T12:18:07.000Z</time>
        <extensions>
          <ns3:TrackPointExtension>
            <ns3:hr>161</ns3:hr>
            <ns3:cad>90</ns3:cad>
          </ns3:TrackPointExtension>
        </extensions>
      </trkpt>
      <trkpt lat="30.2900980599224567413330078125" lon="120.2195375226438045501708984375">
        <ele>14</ele>
        <time>2026-07-02T12:18:08.000Z</time>
        <extensions>
          <ns3:TrackPointExtension>
            <ns3:hr>161</ns3:hr>
            <ns3:cad>90</ns3:cad>
          </ns3:TrackPointExtension>
        </extensions>
      </trkpt>
      <trkpt lat="30.2901087887585163116455078125" lon="120.21955939941108226776123046875">
        <ele>14</ele>
        <time>2026-07-02T12:18:09.000Z</time>
        <extensions>
          <ns3:TrackPointExtension>
            <ns3:hr>160</ns3:hr>
            <ns3:cad>90</ns3:cad>
          </ns3:TrackPointExtension>
        </extensions>
      </trkpt>
      <trkpt lat="30.29011457227170467376708984375" lon="120.21958420984447002410888671875">
        <ele>14</ele>
        <time>2026-07-02T12:18:10.000Z</time>
        <extensions>
          <ns3:TrackPointExtension>
            <ns3:hr>161</ns3:hr>
            <ns3:cad>90</ns3:cad>
          </ns3:TrackPointExtension>
        </extensions>
      </trkpt>
      <trkpt lat="30.290121026337146759033203125" lon="120.21962109021842479705810546875">
        <ele>14</ele>
        <time>2026-07-02T12:18:11.000Z</time>
        <extensions>
          <ns3:TrackPointExtension>
            <ns3:hr>161</ns3:hr>
            <ns3:cad>89</ns3:cad>
          </ns3:TrackPointExtension>
        </extensions>
      </trkpt>
      <trkpt lat="30.29013133607804775238037109375" lon="120.21964539773762226104736328125">
        <ele>14</ele>
        <time>2026-07-02T12:18:12.000Z</time>
        <extensions>
          <ns3:TrackPointExtension>
            <ns3:hr>161</ns3:hr>
            <ns3:cad>89</ns3:cad>
          </ns3:TrackPointExtension>
        </extensions>
      </trkpt>
      <trkpt lat="30.29014038853347301483154296875" lon="120.2196719683706760406494140625">
        <ele>14</ele>
        <time>2026-07-02T12:18:13.000Z</time>
        <extensions>
          <ns3:TrackPointExtension>
            <ns3:hr>161</ns3:hr>
            <ns3:cad>89</ns3:cad>
          </ns3:TrackPointExtension>
        </extensions>
      </trkpt>
      <trkpt lat="30.29014818370342254638671875" lon="120.219700634479522705078125">
        <ele>13.80000019073486328125</ele>
        <time>2026-07-02T12:18:14.000Z</time>
        <extensions>
          <ns3:TrackPointExtension>
            <ns3:hr>161</ns3:hr>
            <ns3:cad>89</ns3:cad>
          </ns3:TrackPointExtension>
        </extensions>
      </trkpt>
      <trkpt lat="30.29015757143497467041015625" lon="120.21973039023578166961669921875">
        <ele>13.80000019073486328125</ele>
        <time>2026-07-02T12:18:15.000Z</time>
        <extensions>
          <ns3:TrackPointExtension>
            <ns3:hr>161</ns3:hr>
            <ns3:cad>89</ns3:cad>
          </ns3:TrackPointExtension>
        </extensions>
      </trkpt>
      <trkpt lat="30.290166623890399932861328125" lon="120.21975754760205745697021484375">
        <ele>13.80000019073486328125</ele>
        <time>2026-07-02T12:18:16.000Z</time>
        <extensions>
          <ns3:TrackPointExtension>
            <ns3:hr>161</ns3:hr>
            <ns3:cad>90</ns3:cad>
          </ns3:TrackPointExtension>
        </extensions>
      </trkpt>
      <trkpt lat="30.29017726890742778778076171875" lon="120.2197909913957118988037109375">
        <ele>13.80000019073486328125</ele>
        <time>2026-07-02T12:18:17.000Z</time>
        <extensions>
          <ns3:TrackPointExtension>
            <ns3:hr>160</ns3:hr>
            <ns3:cad>90</ns3:cad>
          </ns3:TrackPointExtension>
        </extensions>
      </trkpt>
      <trkpt lat="30.29018950648605823516845703125" lon="120.2198201604187488555908203125">
        <ele>13.80000019073486328125</ele>
        <time>2026-07-02T12:18:18.000Z</time>
        <extensions>
          <ns3:TrackPointExtension>
            <ns3:hr>161</ns3:hr>
            <ns3:cad>90</ns3:cad>
          </ns3:TrackPointExtension>
        </extensions>
      </trkpt>
      <trkpt lat="30.2902063541114330291748046875" lon="120.21984723396599292755126953125">
        <ele>14</ele>
        <time>2026-07-02T12:18:19.000Z</time>
        <extensions>
          <ns3:TrackPointExtension>
            <ns3:hr>161</ns3:hr>
            <ns3:cad>90</ns3:cad>
          </ns3:TrackPointExtension>
        </extensions>
      </trkpt>
      <trkpt lat="30.29021934606134891510009765625" lon="120.219869948923587799072265625">
        <ele>14</ele>
        <time>2026-07-02T12:18:20.000Z</time>
        <extensions>
          <ns3:TrackPointExtension>
            <ns3:hr>160</ns3:hr>
            <ns3:cad>90</ns3:cad>
          </ns3:TrackPointExtension>
        </extensions>
      </trkpt>
      <trkpt lat="30.290232338011264801025390625" lon="120.2198992855846881866455078125">
        <ele>14</ele>
        <time>2026-07-02T12:18:21.000Z</time>
        <extensions>
          <ns3:TrackPointExtension>
            <ns3:hr>161</ns3:hr>
            <ns3:cad>90</ns3:cad>
          </ns3:TrackPointExtension>
        </extensions>
      </trkpt>
      <trkpt lat="30.29024566523730754852294921875" lon="120.2199217490851879119873046875">
        <ele>13.80000019073486328125</ele>
        <time>2026-07-02T12:18:22.000Z</time>
        <extensions>
          <ns3:TrackPointExtension>
            <ns3:hr>161</ns3:hr>
            <ns3:cad>90</ns3:cad>
          </ns3:TrackPointExtension>
        </extensions>
      </trkpt>
      <trkpt lat="30.29025949537754058837890625" lon="120.21995569579303264617919921875">
        <ele>13.80000019073486328125</ele>
        <time>2026-07-02T12:18:23.000Z</time>
        <extensions>
          <ns3:TrackPointExtension>
            <ns3:hr>160</ns3:hr>
            <ns3:cad>90</ns3:cad>
          </ns3:TrackPointExtension>
        </extensions>
      </trkpt>
      <trkpt lat="30.2902730740606784820556640625" lon="120.21997581236064434051513671875">
        <ele>13.80000019073486328125</ele>
        <time>2026-07-02T12:18:24.000Z</time>
        <extensions>
          <ns3:TrackPointExtension>
            <ns3:hr>161</ns3:hr>
            <ns3:cad>90</ns3:cad>
          </ns3:TrackPointExtension>
        </extensions>
      </trkpt>
      <trkpt lat="30.290288664400577545166015625" lon="120.220005400478839874267578125">
        <ele>13.80000019073486328125</ele>
        <time>2026-07-02T12:18:25.000Z</time>
        <extensions>
          <ns3:TrackPointExtension>
            <ns3:hr>161</ns3:hr>
            <ns3:cad>92</ns3:cad>
          </ns3:TrackPointExtension>
        </extensions>
      </trkpt>
      <trkpt lat="30.29030316509306430816650390625" lon="120.2200256846845149993896484375">
        <ele>13.80000019073486328125</ele>
        <time>2026-07-02T12:18:26.000Z</time>
        <extensions>
          <ns3:TrackPointExtension>
            <ns3:hr>161</ns3:hr>
            <ns3:cad>92</ns3:cad>
          </ns3:TrackPointExtension>
        </extensions>
      </trkpt>
      <trkpt lat="30.290317833423614501953125" lon="120.22005535662174224853515625">
        <ele>14</ele>
        <time>2026-07-02T12:18:27.000Z</time>
        <extensions>
          <ns3:TrackPointExtension>
            <ns3:hr>161</ns3:hr>
            <ns3:cad>92</ns3:cad>
          </ns3:TrackPointExtension>
        </extensions>
      </trkpt>
      <trkpt lat="30.290337614715099334716796875" lon="120.22007857449352741241455078125">
        <ele>14</ele>
        <time>2026-07-02T12:18:28.000Z</time>
        <extensions>
          <ns3:TrackPointExtension>
            <ns3:hr>160</ns3:hr>
            <ns3:cad>90</ns3:cad>
          </ns3:TrackPointExtension>
        </extensions>
      </trkpt>
      <trkpt lat="30.290357060730457305908203125" lon="120.22011034190654754638671875">
        <ele>14</ele>
        <time>2026-07-02T12:18:29.000Z</time>
        <extensions>
          <ns3:TrackPointExtension>
            <ns3:hr>161</ns3:hr>
            <ns3:cad>89</ns3:cad>
          </ns3:TrackPointExtension>
        </extensions>
      </trkpt>
      <trkpt lat="30.29037256725132465362548828125" lon="120.22012752480804920196533203125">
        <ele>14</ele>
        <time>2026-07-02T12:18:30.000Z</time>
        <extensions>
          <ns3:TrackPointExtension>
            <ns3:hr>160</ns3:hr>
            <ns3:cad>89</ns3:cad>
          </ns3:TrackPointExtension>
        </extensions>
      </trkpt>
      <trkpt lat="30.2903897501528263092041015625" lon="120.22016289643943309783935546875">
        <ele>14</ele>
        <time>2026-07-02T12:18:31.000Z</time>
        <extensions>
          <ns3:TrackPointExtension>
            <ns3:hr>160</ns3:hr>
            <ns3:cad>89</ns3:cad>
          </ns3:TrackPointExtension>
        </extensions>
      </trkpt>
      <trkpt lat="30.29041347093880176544189453125" lon="120.2201782353222370147705078125">
        <ele>14</ele>
        <time>2026-07-02T12:18:32.000Z</time>
        <extensions>
          <ns3:TrackPointExtension>
            <ns3:hr>160</ns3:hr>
            <ns3:cad>89</ns3:cad>
          </ns3:TrackPointExtension>
        </extensions>
      </trkpt>
      <trkpt lat="30.29043341986835002899169921875" lon="120.2202087454497814178466796875">
        <ele>14</ele>
        <time>2026-07-02T12:18:33.000Z</time>
        <extensions>
          <ns3:TrackPointExtension>
            <ns3:hr>160</ns3:hr>
            <ns3:cad>89</ns3:cad>
          </ns3:TrackPointExtension>
        </extensions>
      </trkpt>
      <trkpt lat="30.29044666327536106109619140625" lon="120.220229364931583404541015625">
        <ele>14</ele>
        <time>2026-07-02T12:18:34.000Z</time>
        <extensions>
          <ns3:TrackPointExtension>
            <ns3:hr>161</ns3:hr>
            <ns3:cad>89</ns3:cad>
          </ns3:TrackPointExtension>
        </extensions>
      </trkpt>
      <trkpt lat="30.29046426527202129364013671875" lon="120.2202607132494449615478515625">
        <ele>14</ele>
        <time>2026-07-02T12:18:35.000Z</time>
        <extensions>
          <ns3:TrackPointExtension>
            <ns3:hr>161</ns3:hr>
            <ns3:cad>89</ns3:cad>
          </ns3:TrackPointExtension>
        </extensions>
      </trkpt>
      <trkpt lat="30.2904801070690155029296875" lon="120.22028141655027866363525390625">
        <ele>14</ele>
        <time>2026-07-02T12:18:36.000Z</time>
        <extensions>
          <ns3:TrackPointExtension>
            <ns3:hr>161</ns3:hr>
            <ns3:cad>89</ns3:cad>
          </ns3:TrackPointExtension>
        </extensions>
      </trkpt>
      <trkpt lat="30.29049762524664402008056640625" lon="120.22031226195394992828369140625">
        <ele>13.80000019073486328125</ele>
        <time>2026-07-02T12:18:37.000Z</time>
        <extensions>
          <ns3:TrackPointExtension>
            <ns3:hr>161</ns3:hr>
            <ns3:cad>89</ns3:cad>
          </ns3:TrackPointExtension>
        </extensions>
      </trkpt>
      <trkpt lat="30.29051170684397220611572265625" lon="120.22033070214092731475830078125">
        <ele>13.80000019073486328125</ele>
        <time>2026-07-02T12:18:38.000Z</time>
        <extensions>
          <ns3:TrackPointExtension>
            <ns3:hr>161</ns3:hr>
            <ns3:cad>89</ns3:cad>
          </ns3:TrackPointExtension>
        </extensions>
      </trkpt>
      <trkpt lat="30.29052780009806156158447265625" lon="120.2203599549829959869384765625">
        <ele>13.80000019073486328125</ele>
        <time>2026-07-02T12:18:39.000Z</time>
        <extensions>
          <ns3:TrackPointExtension>
            <ns3:hr>161</ns3:hr>
            <ns3:cad>89</ns3:cad>
          </ns3:TrackPointExtension>
        </extensions>
      </trkpt>
      <trkpt lat="30.2905417978763580322265625" lon="120.22037881426513195037841796875">
        <ele>13.80000019073486328125</ele>
        <time>2026-07-02T12:18:40.000Z</time>
        <extensions>
          <ns3:TrackPointExtension>
            <ns3:hr>161</ns3:hr>
            <ns3:cad>89</ns3:cad>
          </ns3:TrackPointExtension>
        </extensions>
      </trkpt>
      <trkpt lat="30.29056048952043056488037109375" lon="120.2204095758497714996337890625">
        <ele>13.80000019073486328125</ele>
        <time>2026-07-02T12:18:41.000Z</time>
        <extensions>
          <ns3:TrackPointExtension>
            <ns3:hr>162</ns3:hr>
            <ns3:cad>89</ns3:cad>
          </ns3:TrackPointExtension>
        </extensions>
      </trkpt>
      <trkpt lat="30.29057800769805908203125" lon="120.22042742930352687835693359375">
        <ele>13.80000019073486328125</ele>
        <time>2026-07-02T12:18:42.000Z</time>
        <extensions>
          <ns3:TrackPointExtension>
            <ns3:hr>161</ns3:hr>
            <ns3:cad>91</ns3:cad>
          </ns3:TrackPointExtension>
        </extensions>
      </trkpt>
      <trkpt lat="30.29059636406600475311279296875" lon="120.2204598672688007354736328125">
        <ele>13.80000019073486328125</ele>
        <time>2026-07-02T12:18:43.000Z</time>
        <extensions>
          <ns3:TrackPointExtension>
            <ns3:hr>161</ns3:hr>
            <ns3:cad>91</ns3:cad>
          </ns3:TrackPointExtension>
        </extensions>
      </trkpt>
      <trkpt lat="30.2906115353107452392578125" lon="120.22047922946512699127197265625">
        <ele>13.80000019073486328125</ele>
        <time>2026-07-02T12:18:44.000Z</time>
        <extensions>
          <ns3:TrackPointExtension>
            <ns3:hr>162</ns3:hr>
            <ns3:cad>91</ns3:cad>
          </ns3:TrackPointExtension>
        </extensions>
      </trkpt>
      <trkpt lat="30.2906276285648345947265625" lon="120.2205071412026882171630859375">
        <ele>13.80000019073486328125</ele>
        <time>2026-07-02T12:18:45.000Z</time>
        <extensions>
          <ns3:TrackPointExtension>
            <ns3:hr>162</ns3:hr>
            <ns3:cad>91</ns3:cad>
          </ns3:TrackPointExtension>
        </extensions>
      </trkpt>
      <trkpt lat="30.29063994996249675750732421875" lon="120.22052784450352191925048828125">
        <ele>13.80000019073486328125</ele>
        <time>2026-07-02T12:18:46.000Z</time>
        <extensions>
          <ns3:TrackPointExtension>
            <ns3:hr>163</ns3:hr>
            <ns3:cad>91</ns3:cad>
          </ns3:TrackPointExtension>
        </extensions>
      </trkpt>
      <trkpt lat="30.29065621085464954376220703125" lon="120.220557264983654022216796875">
        <ele>13.80000019073486328125</ele>
        <time>2026-07-02T12:18:47.000Z</time>
        <extensions>
          <ns3:TrackPointExtension>
            <ns3:hr>163</ns3:hr>
            <ns3:cad>91</ns3:cad>
          </ns3:TrackPointExtension>
        </extensions>
      </trkpt>
      <trkpt lat="30.29067431576550006866455078125" lon="120.22057545371353626251220703125">
        <ele>13.80000019073486328125</ele>
        <time>2026-07-02T12:18:48.000Z</time>
        <extensions>
          <ns3:TrackPointExtension>
            <ns3:hr>163</ns3:hr>
            <ns3:cad>90</ns3:cad>
          </ns3:TrackPointExtension>
        </extensions>
      </trkpt>
      <trkpt lat="30.29069175012409687042236328125" lon="120.220600850880146026611328125">
        <ele>13.80000019073486328125</ele>
        <time>2026-07-02T12:18:49.000Z</time>
        <extensions>
          <ns3:TrackPointExtension>
            <ns3:hr>163</ns3:hr>
            <ns3:cad>89</ns3:cad>
          </ns3:TrackPointExtension>
        </extensions>
      </trkpt>
      <trkpt lat="30.2907085977494716644287109375" lon="120.22062264382839202880859375">
        <ele>13.80000019073486328125</ele>
        <time>2026-07-02T12:18:50.000Z</time>
        <extensions>
          <ns3:TrackPointExtension>
            <ns3:hr>163</ns3:hr>
            <ns3:cad>89</ns3:cad>
          </ns3:TrackPointExtension>
        </extensions>
      </trkpt>
      <trkpt lat="30.29072494246065616607666015625" lon="120.2206513099372386932373046875">
        <ele>13.80000019073486328125</ele>
        <time>2026-07-02T12:18:51.000Z</time>
        <extensions>
          <ns3:TrackPointExtension>
            <ns3:hr>163</ns3:hr>
            <ns3:cad>90</ns3:cad>
          </ns3:TrackPointExtension>
        </extensions>
      </trkpt>
      <trkpt lat="30.290741622447967529296875" lon="120.22066849283874034881591796875">
        <ele>13.6000003814697265625</ele>
        <time>2026-07-02T12:18:52.000Z</time>
        <extensions>
          <ns3:TrackPointExtension>
            <ns3:hr>163</ns3:hr>
            <ns3:cad>90</ns3:cad>
          </ns3:TrackPointExtension>
        </extensions>
      </trkpt>
      <trkpt lat="30.29075729660689830780029296875" lon="120.2206997573375701904296875">
        <ele>13.6000003814697265625</ele>
        <time>2026-07-02T12:18:53.000Z</time>
        <extensions>
          <ns3:TrackPointExtension>
            <ns3:hr>163</ns3:hr>
            <ns3:cad>90</ns3:cad>
          </ns3:TrackPointExtension>
        </extensions>
      </trkpt>
      <trkpt lat="30.2907709591090679168701171875" lon="120.22071895189583301544189453125">
        <ele>13.6000003814697265625</ele>
        <time>2026-07-02T12:18:54.000Z</time>
        <extensions>
          <ns3:TrackPointExtension>
            <ns3:hr>163</ns3:hr>
            <ns3:cad>90</ns3:cad>
          </ns3:TrackPointExtension>
        </extensions>
      </trkpt>
      <trkpt lat="30.29078110121190547943115234375" lon="120.22075231187045574188232421875">
        <ele>13.6000003814697265625</ele>
        <time>2026-07-02T12:18:55.000Z</time>
        <extensions>
          <ns3:TrackPointExtension>
            <ns3:hr>163</ns3:hr>
            <ns3:cad>90</ns3:cad>
          </ns3:TrackPointExtension>
        </extensions>
      </trkpt>
      <trkpt lat="30.29079191386699676513671875" lon="120.22077645175158977508544921875">
        <ele>13.6000003814697265625</ele>
        <time>2026-07-02T12:18:56.000Z</time>
        <extensions>
          <ns3:TrackPointExtension>
            <ns3:hr>163</ns3:hr>
            <ns3:cad>90</ns3:cad>
          </ns3:TrackPointExtension>
        </extensions>
      </trkpt>
      <trkpt lat="30.29080666601657867431640625" lon="120.22080528549849987030029296875">
        <ele>13.6000003814697265625</ele>
        <time>2026-07-02T12:18:57.000Z</time>
        <extensions>
          <ns3:TrackPointExtension>
            <ns3:hr>163</ns3:hr>
            <ns3:cad>89</ns3:cad>
          </ns3:TrackPointExtension>
        </extensions>
      </trkpt>
      <trkpt lat="30.29082133434712886810302734375" lon="120.2208244800567626953125">
        <ele>13.6000003814697265625</ele>
        <time>2026-07-02T12:18:58.000Z</time>
        <extensions>
          <ns3:TrackPointExtension>
            <ns3:hr>163</ns3:hr>
            <ns3:cad>88</ns3:cad>
          </ns3:TrackPointExtension>
        </extensions>
      </trkpt>
      <trkpt lat="30.29084279201924800872802734375" lon="120.22084794938564300537109375">
        <ele>13.6000003814697265625</ele>
        <time>2026-07-02T12:18:59.000Z</time>
        <extensions>
          <ns3:TrackPointExtension>
            <ns3:hr>163</ns3:hr>
            <ns3:cad>88</ns3:cad>
          </ns3:TrackPointExtension>
        </extensions>
      </trkpt>
      <trkpt lat="30.29086031019687652587890625" lon="120.22086529992520809173583984375">
        <ele>13.6000003814697265625</ele>
        <time>2026-07-02T12:19:00.000Z</time>
        <extensions>
          <ns3:TrackPointExtension>
            <ns3:hr>163</ns3:hr>
            <ns3:cad>88</ns3:cad>
          </ns3:TrackPointExtension>
        </extensions>
      </trkpt>
      <trkpt lat="30.2908770740032196044921875" lon="120.22088776342570781707763671875">
        <ele>13.6000003814697265625</ele>
        <time>2026-07-02T12:19:01.000Z</time>
        <extensions>
          <ns3:TrackPointExtension>
            <ns3:hr>163</ns3:hr>
            <ns3:cad>89</ns3:cad>
          </ns3:TrackPointExtension>
        </extensions>
      </trkpt>
      <trkpt lat="30.29089023359119892120361328125" lon="120.22090989165008068084716796875">
        <ele>13.6000003814697265625</ele>
        <time>2026-07-02T12:19:02.000Z</time>
        <extensions>
          <ns3:TrackPointExtension>
            <ns3:hr>163</ns3:hr>
            <ns3:cad>89</ns3:cad>
          </ns3:TrackPointExtension>
        </extensions>
      </trkpt>
      <trkpt lat="30.29090833850204944610595703125" lon="120.2209339477121829986572265625">
        <ele>13.6000003814697265625</ele>
        <time>2026-07-02T12:19:03.000Z</time>
        <extensions>
          <ns3:TrackPointExtension>
            <ns3:hr>163</ns3:hr>
            <ns3:cad>89</ns3:cad>
          </ns3:TrackPointExtension>
        </extensions>
      </trkpt>
      <trkpt lat="30.290925018489360809326171875" lon="120.220953561365604400634765625">
        <ele>13.6000003814697265625</ele>
        <time>2026-07-02T12:19:04.000Z</time>
        <extensions>
          <ns3:TrackPointExtension>
            <ns3:hr>163</ns3:hr>
            <ns3:cad>89</ns3:cad>
          </ns3:TrackPointExtension>
        </extensions>
      </trkpt>
      <trkpt lat="30.290944464504718780517578125" lon="120.2209788747131824493408203125">
        <ele>13.3999996185302734375</ele>
        <time>2026-07-02T12:19:05.000Z</time>
        <extensions>
          <ns3:TrackPointExtension>
            <ns3:hr>162</ns3:hr>
            <ns3:cad>89</ns3:cad>
          </ns3:TrackPointExtension>
        </extensions>
      </trkpt>
      <trkpt lat="30.2909637428820133209228515625" lon="120.22099304012954235076904296875">
        <ele>13.3999996185302734375</ele>
        <time>2026-07-02T12:19:06.000Z</time>
        <extensions>
          <ns3:TrackPointExtension>
            <ns3:hr>162</ns3:hr>
            <ns3:cad>89</ns3:cad>
          </ns3:TrackPointExtension>
        </extensions>
      </trkpt>
      <trkpt lat="30.2909841947257518768310546875" lon="120.22101424634456634521484375">
        <ele>13.3999996185302734375</ele>
        <time>2026-07-02T12:19:07.000Z</time>
        <extensions>
          <ns3:TrackPointExtension>
            <ns3:hr>162</ns3:hr>
            <ns3:cad>89</ns3:cad>
          </ns3:TrackPointExtension>
        </extensions>
      </trkpt>
      <trkpt lat="30.29100422747433185577392578125" lon="120.22103059105575084686279296875">
        <ele>13.3999996185302734375</ele>
        <time>2026-07-02T12:19:08.000Z</time>
        <extensions>
          <ns3:TrackPointExtension>
            <ns3:hr>162</ns3:hr>
            <ns3:cad>89</ns3:cad>
          </ns3:TrackPointExtension>
        </extensions>
      </trkpt>
      <trkpt lat="30.29102534987032413482666015625" lon="120.221052803099155426025390625">
        <ele>13.3999996185302734375</ele>
        <time>2026-07-02T12:19:09.000Z</time>
        <extensions>
          <ns3:TrackPointExtension>
            <ns3:hr>163</ns3:hr>
            <ns3:cad>90</ns3:cad>
          </ns3:TrackPointExtension>
        </extensions>
      </trkpt>
      <trkpt lat="30.291041024029254913330078125" lon="120.22106914781033992767333984375">
        <ele>13.3999996185302734375</ele>
        <time>2026-07-02T12:19:10.000Z</time>
        <extensions>
          <ns3:TrackPointExtension>
            <ns3:hr>162</ns3:hr>
            <ns3:cad>90</ns3:cad>
          </ns3:TrackPointExtension>
        </extensions>
      </trkpt>
      <trkpt lat="30.2910613082349300384521484375" lon="120.22108758799731731414794921875">
        <ele>13.3999996185302734375</ele>
        <time>2026-07-02T12:19:11.000Z</time>
        <extensions>
          <ns3:TrackPointExtension>
            <ns3:hr>162</ns3:hr>
            <ns3:cad>89</ns3:cad>
          </ns3:TrackPointExtension>
        </extensions>
      </trkpt>
      <trkpt lat="30.29108025133609771728515625" lon="120.2211032621562480926513671875">
        <ele>13.3999996185302734375</ele>
        <time>2026-07-02T12:19:12.000Z</time>
        <extensions>
          <ns3:TrackPointExtension>
            <ns3:hr>163</ns3:hr>
            <ns3:cad>89</ns3:cad>
          </ns3:TrackPointExtension>
        </extensions>
      </trkpt>
      <trkpt lat="30.29109760187566280364990234375" lon="120.22112798877060413360595703125">
        <ele>13.3999996185302734375</ele>
        <time>2026-07-02T12:19:13.000Z</time>
        <extensions>
          <ns3:TrackPointExtension>
            <ns3:hr>163</ns3:hr>
            <ns3:cad>89</ns3:cad>
          </ns3:TrackPointExtension>
        </extensions>
      </trkpt>
      <trkpt lat="30.29111604206264019012451171875" lon="120.221148692071437835693359375">
        <ele>13.3999996185302734375</ele>
        <time>2026-07-02T12:19:14.000Z</time>
        <extensions>
          <ns3:TrackPointExtension>
            <ns3:hr>163</ns3:hr>
            <ns3:cad>89</ns3:cad>
          </ns3:TrackPointExtension>
        </extensions>
      </trkpt>
      <trkpt lat="30.291137583553791046142578125" lon="120.22116621024906635284423828125">
        <ele>13.3999996185302734375</ele>
        <time>2026-07-02T12:19:15.000Z</time>
        <extensions>
          <ns3:TrackPointExtension>
            <ns3:hr>163</ns3:hr>
            <ns3:cad>89</ns3:cad>
          </ns3:TrackPointExtension>
        </extensions>
      </trkpt>
      <trkpt lat="30.29115929268300533294677734375" lon="120.22118381224572658538818359375">
        <ele>13.3999996185302734375</ele>
        <time>2026-07-02T12:19:16.000Z</time>
        <extensions>
          <ns3:TrackPointExtension>
            <ns3:hr>163</ns3:hr>
            <ns3:cad>88</ns3:cad>
          </ns3:TrackPointExtension>
        </extensions>
      </trkpt>
      <trkpt lat="30.29118343256413936614990234375" lon="120.22120242007076740264892578125">
        <ele>13.19999980926513671875</ele>
        <time>2026-07-02T12:19:17.000Z</time>
        <extensions>
          <ns3:TrackPointExtension>
            <ns3:hr>163</ns3:hr>
            <ns3:cad>88</ns3:cad>
          </ns3:TrackPointExtension>
        </extensions>
      </trkpt>
      <trkpt lat="30.291203297674655914306640625" lon="120.221221446990966796875">
        <ele>13.19999980926513671875</ele>
        <time>2026-07-02T12:19:18.000Z</time>
        <extensions>
          <ns3:TrackPointExtension>
            <ns3:hr>163</ns3:hr>
            <ns3:cad>89</ns3:cad>
          </ns3:TrackPointExtension>
        </extensions>
      </trkpt>
      <trkpt lat="30.2912284433841705322265625" lon="120.2212496101856231689453125">
        <ele>13.19999980926513671875</ele>
        <time>2026-07-02T12:19:19.000Z</time>
        <extensions>
          <ns3:TrackPointExtension>
            <ns3:hr>162</ns3:hr>
            <ns3:cad>89</ns3:cad>
          </ns3:TrackPointExtension>
        </extensions>
      </trkpt>
      <trkpt lat="30.2912410162389278411865234375" lon="120.22128003649413585662841796875">
        <ele>13.19999980926513671875</ele>
        <time>2026-07-02T12:19:20.000Z</time>
        <extensions>
          <ns3:TrackPointExtension>
            <ns3:hr>162</ns3:hr>
            <ns3:cad>89</ns3:cad>
          </ns3:TrackPointExtension>
        </extensions>
      </trkpt>
      <trkpt lat="30.29125099070370197296142578125" lon="120.22131524048745632171630859375">
        <ele>13.3999996185302734375</ele>
        <time>2026-07-02T12:19:21.000Z</time>
        <extensions>
          <ns3:TrackPointExtension>
            <ns3:hr>162</ns3:hr>
            <ns3:cad>89</ns3:cad>
          </ns3:TrackPointExtension>
        </extensions>
      </trkpt>
      <trkpt lat="30.2912579476833343505859375" lon="120.22134792990982532501220703125">
        <ele>13.3999996185302734375</ele>
        <time>2026-07-02T12:19:22.000Z</time>
        <extensions>
          <ns3:TrackPointExtension>
            <ns3:hr>162</ns3:hr>
            <ns3:cad>89</ns3:cad>
          </ns3:TrackPointExtension>
        </extensions>
      </trkpt>
      <trkpt lat="30.29125736095011234283447265625" lon="120.22138732485473155975341796875">
        <ele>13.3999996185302734375</ele>
        <time>2026-07-02T12:19:23.000Z</time>
        <extensions>
          <ns3:TrackPointExtension>
            <ns3:hr>162</ns3:hr>
            <ns3:cad>89</ns3:cad>
          </ns3:TrackPointExtension>
        </extensions>
      </trkpt>
      <trkpt lat="30.29125132597982883453369140625" lon="120.22142001427710056304931640625">
        <ele>13.3999996185302734375</ele>
        <time>2026-07-02T12:19:24.000Z</time>
        <extensions>
          <ns3:TrackPointExtension>
            <ns3:hr>162</ns3:hr>
            <ns3:cad>90</ns3:cad>
          </ns3:TrackPointExtension>
        </extensions>
      </trkpt>
      <trkpt lat="30.29123271815478801727294921875" lon="120.22144733928143978118896484375">
        <ele>13.3999996185302734375</ele>
        <time>2026-07-02T12:19:25.000Z</time>
        <extensions>
          <ns3:TrackPointExtension>
            <ns3:hr>162</ns3:hr>
            <ns3:cad>90</ns3:cad>
          </ns3:TrackPointExtension>
        </extensions>
      </trkpt>
      <trkpt lat="30.2912222407758235931396484375" lon="120.2214720658957958221435546875">
        <ele>13.3999996185302734375</ele>
        <time>2026-07-02T12:19:26.000Z</time>
        <extensions>
          <ns3:TrackPointExtension>
            <ns3:hr>162</ns3:hr>
            <ns3:cad>90</ns3:cad>
          </ns3:TrackPointExtension>
        </extensions>
      </trkpt>
      <trkpt lat="30.29120824299752712249755859375" lon="120.2215002290904521942138671875">
        <ele>13.3999996185302734375</ele>
        <time>2026-07-02T12:19:27.000Z</time>
        <extensions>
          <ns3:TrackPointExtension>
            <ns3:hr>163</ns3:hr>
            <ns3:cad>90</ns3:cad>
          </ns3:TrackPointExtension>
        </extensions>
      </trkpt>
      <trkpt lat="30.291193909943103790283203125" lon="120.2215263806283473968505859375">
        <ele>13.3999996185302734375</ele>
        <time>2026-07-02T12:19:28.000Z</time>
        <extensions>
          <ns3:TrackPointExtension>
            <ns3:hr>163</ns3:hr>
            <ns3:cad>91</ns3:cad>
          </ns3:TrackPointExtension>
        </extensions>
      </trkpt>
      <trkpt lat="30.29117085970938205718994140625" lon="120.221553035080432891845703125">
        <ele>13.3999996185302734375</ele>
        <time>2026-07-02T12:19:29.000Z</time>
        <extensions>
          <ns3:TrackPointExtension>
            <ns3:hr>163</ns3:hr>
            <ns3:cad>91</ns3:cad>
          </ns3:TrackPointExtension>
        </extensions>
      </trkpt>
      <trkpt lat="30.29115694575011730194091796875" lon="120.221577845513820648193359375">
        <ele>13.3999996185302734375</ele>
        <time>2026-07-02T12:19:30.000Z</time>
        <extensions>
          <ns3:TrackPointExtension>
            <ns3:hr>163</ns3:hr>
            <ns3:cad>90</ns3:cad>
          </ns3:TrackPointExtension>
        </extensions>
      </trkpt>
      <trkpt lat="30.29113800264894962310791015625" lon="120.221604667603969573974609375">
        <ele>13.3999996185302734375</ele>
        <time>2026-07-02T12:19:31.000Z</time>
        <extensions>
          <ns3:TrackPointExtension>
            <ns3:hr>163</ns3:hr>
            <ns3:cad>90</ns3:cad>
          </ns3:TrackPointExtension>
        </extensions>
      </trkpt>
      <trkpt lat="30.2911276929080486297607421875" lon="120.22162922658026218414306640625">
        <ele>13.3999996185302734375</ele>
        <time>2026-07-02T12:19:32.000Z</time>
        <extensions>
          <ns3:TrackPointExtension>
            <ns3:hr>164</ns3:hr>
            <ns3:cad>90</ns3:cad>
          </ns3:TrackPointExtension>
        </extensions>
      </trkpt>
      <trkpt lat="30.29111101292073726654052734375" lon="120.22165789268910884857177734375">
        <ele>13.3999996185302734375</ele>
        <time>2026-07-02T12:19:33.000Z</time>
        <extensions>
          <ns3:TrackPointExtension>
            <ns3:hr>163</ns3:hr>
            <ns3:cad>90</ns3:cad>
          </ns3:TrackPointExtension>
        </extensions>
      </trkpt>
      <trkpt lat="30.2911022119224071502685546875" lon="120.22168136201798915863037109375">
        <ele>13.3999996185302734375</ele>
        <time>2026-07-02T12:19:34.000Z</time>
        <extensions>
          <ns3:TrackPointExtension>
            <ns3:hr>163</ns3:hr>
            <ns3:cad>90</ns3:cad>
          </ns3:TrackPointExtension>
        </extensions>
      </trkpt>
      <trkpt lat="30.2910857833921909332275390625" lon="120.22171002812683582305908203125">
        <ele>13.3999996185302734375</ele>
        <time>2026-07-02T12:19:35.000Z</time>
        <extensions>
          <ns3:TrackPointExtension>
            <ns3:hr>163</ns3:hr>
            <ns3:cad>91</ns3:cad>
          </ns3:TrackPointExtension>
        </extensions>
      </trkpt>
      <trkpt lat="30.29107756912708282470703125" lon="120.221732072532176971435546875">
        <ele>13.3999996185302734375</ele>
        <time>2026-07-02T12:19:36.000Z</time>
        <extensions>
          <ns3:TrackPointExtension>
            <ns3:hr>163</ns3:hr>
            <ns3:cad>91</ns3:cad>
          </ns3:TrackPointExtension>
        </extensions>
      </trkpt>
      <trkpt lat="30.291061811149120330810546875" lon="120.22176099009811878204345703125">
        <ele>13.3999996185302734375</ele>
        <time>2026-07-02T12:19:37.000Z</time>
        <extensions>
          <ns3:TrackPointExtension>
            <ns3:hr>163</ns3:hr>
            <ns3:cad>91</ns3:cad>
          </ns3:TrackPointExtension>
        </extensions>
      </trkpt>
      <trkpt lat="30.291052423417568206787109375" lon="120.2217825315892696380615234375">
        <ele>13.3999996185302734375</ele>
        <time>2026-07-02T12:19:38.000Z</time>
        <extensions>
          <ns3:TrackPointExtension>
            <ns3:hr>163</ns3:hr>
            <ns3:cad>90</ns3:cad>
          </ns3:TrackPointExtension>
        </extensions>
      </trkpt>
      <trkpt lat="30.2910354919731616973876953125" lon="120.22180910222232341766357421875">
        <ele>13.6000003814697265625</ele>
        <time>2026-07-02T12:19:39.000Z</time>
        <extensions>
          <ns3:TrackPointExtension>
            <ns3:hr>163</ns3:hr>
            <ns3:cad>90</ns3:cad>
          </ns3:TrackPointExtension>
        </extensions>
      </trkpt>
      <trkpt lat="30.2910281158983707427978515625" lon="120.22183257155120372772216796875">
        <ele>13.6000003814697265625</ele>
        <time>2026-07-02T12:19:40.000Z</time>
        <extensions>
          <ns3:TrackPointExtension>
            <ns3:hr>164</ns3:hr>
            <ns3:cad>90</ns3:cad>
          </ns3:TrackPointExtension>
        </extensions>
      </trkpt>
      <trkpt lat="30.29101185500621795654296875" lon="120.22186006419360637664794921875">
        <ele>13.6000003814697265625</ele>
        <time>2026-07-02T12:19:41.000Z</time>
        <extensions>
          <ns3:TrackPointExtension>
            <ns3:hr>163</ns3:hr>
            <ns3:cad>90</ns3:cad>
          </ns3:TrackPointExtension>
        </extensions>
      </trkpt>
      <trkpt lat="30.29100590385496616363525390625" lon="120.22188571281731128692626953125">
        <ele>13.6000003814697265625</ele>
        <time>2026-07-02T12:19:42.000Z</time>
        <extensions>
          <ns3:TrackPointExtension>
            <ns3:hr>163</ns3:hr>
            <ns3:cad>90</ns3:cad>
          </ns3:TrackPointExtension>
        </extensions>
      </trkpt>
      <trkpt lat="30.29099115170538425445556640625" lon="120.221917144954204559326171875">
        <ele>13.6000003814697265625</ele>
        <time>2026-07-02T12:19:43.000Z</time>
        <extensions>
          <ns3:TrackPointExtension>
            <ns3:hr>164</ns3:hr>
            <ns3:cad>91</ns3:cad>
          </ns3:TrackPointExtension>
        </extensions>
      </trkpt>
      <trkpt lat="30.2909798361361026763916015625" lon="120.22194120101630687713623046875">
        <ele>13.6000003814697265625</ele>
        <time>2026-07-02T12:19:44.000Z</time>
        <extensions>
          <ns3:TrackPointExtension>
            <ns3:hr>164</ns3:hr>
            <ns3:cad>91</ns3:cad>
          </ns3:TrackPointExtension>
        </extensions>
      </trkpt>
      <trkpt lat="30.290962569415569305419921875" lon="120.22196785546839237213134765625">
        <ele>13.6000003814697265625</ele>
        <time>2026-07-02T12:19:45.000Z</time>
        <extensions>
          <ns3:TrackPointExtension>
            <ns3:hr>164</ns3:hr>
            <ns3:cad>92</ns3:cad>
          </ns3:TrackPointExtension>
        </extensions>
      </trkpt>
      <trkpt lat="30.290949158370494842529296875" lon="120.2219925820827484130859375">
        <ele>13.6000003814697265625</ele>
        <time>2026-07-02T12:19:46.000Z</time>
        <extensions>
          <ns3:TrackPointExtension>
            <ns3:hr>165</ns3:hr>
            <ns3:cad>92</ns3:cad>
          </ns3:TrackPointExtension>
        </extensions>
      </trkpt>
      <trkpt lat="30.2909308858215808868408203125" lon="120.22202149964869022369384765625">
        <ele>13.6000003814697265625</ele>
        <time>2026-07-02T12:19:47.000Z</time>
        <extensions>
          <ns3:TrackPointExtension>
            <ns3:hr>165</ns3:hr>
            <ns3:cad>92</ns3:cad>
          </ns3:TrackPointExtension>
        </extensions>
      </trkpt>
      <trkpt lat="30.29091588221490383148193359375" lon="120.22204957902431488037109375">
        <ele>13.6000003814697265625</ele>
        <time>2026-07-02T12:19:48.000Z</time>
        <extensions>
          <ns3:TrackPointExtension>
            <ns3:hr>165</ns3:hr>
            <ns3:cad>92</ns3:cad>
          </ns3:TrackPointExtension>
        </extensions>
      </trkpt>
      <trkpt lat="30.2909023873507976531982421875" lon="120.22207849659025669097900390625">
        <ele>13.6000003814697265625</ele>
        <time>2026-07-02T12:19:49.000Z</time>
        <extensions>
          <ns3:TrackPointExtension>
            <ns3:hr>165</ns3:hr>
            <ns3:cad>92</ns3:cad>
          </ns3:TrackPointExtension>
        </extensions>
      </trkpt>
      <trkpt lat="30.29089157469570636749267578125" lon="120.2221043966710567474365234375">
        <ele>13.6000003814697265625</ele>
        <time>2026-07-02T12:19:50.000Z</time>
        <extensions>
          <ns3:TrackPointExtension>
            <ns3:hr>165</ns3:hr>
            <ns3:cad>92</ns3:cad>
          </ns3:TrackPointExtension>
        </extensions>
      </trkpt>
      <trkpt lat="30.29087648726999759674072265625" lon="120.22212845273315906524658203125">
        <ele>13.6000003814697265625</ele>
        <time>2026-07-02T12:19:51.000Z</time>
        <extensions>
          <ns3:TrackPointExtension>
            <ns3:hr>164</ns3:hr>
            <ns3:cad>91</ns3:cad>
          </ns3:TrackPointExtension>
        </extensions>
      </trkpt>
      <trkpt lat="30.29086307622492313385009765625" lon="120.2221556939184665679931640625">
        <ele>13.6000003814697265625</ele>
        <time>2026-07-02T12:19:52.000Z</time>
        <extensions>
          <ns3:TrackPointExtension>
            <ns3:hr>164</ns3:hr>
            <ns3:cad>91</ns3:cad>
          </ns3:TrackPointExtension>
        </extensions>
      </trkpt>
      <trkpt lat="30.29085150919854640960693359375" lon="120.22218494676053524017333984375">
        <ele>13.6000003814697265625</ele>
        <time>2026-07-02T12:19:53.000Z</time>
        <extensions>
          <ns3:TrackPointExtension>
            <ns3:hr>163</ns3:hr>
            <ns3:cad>91</ns3:cad>
          </ns3:TrackPointExtension>
        </extensions>
      </trkpt>
      <trkpt lat="30.29083725996315479278564453125" lon="120.2222130261361598968505859375">
        <ele>13.6000003814697265625</ele>
        <time>2026-07-02T12:19:54.000Z</time>
        <extensions>
          <ns3:TrackPointExtension>
            <ns3:hr>163</ns3:hr>
            <ns3:cad>91</ns3:cad>
          </ns3:TrackPointExtension>
        </extensions>
      </trkpt>
      <trkpt lat="30.29082351364195346832275390625" lon="120.22223741747438907623291015625">
        <ele>13.6000003814697265625</ele>
        <time>2026-07-02T12:19:55.000Z</time>
        <extensions>
          <ns3:TrackPointExtension>
            <ns3:hr>163</ns3:hr>
            <ns3:cad>91</ns3:cad>
          </ns3:TrackPointExtension>
        </extensions>
      </trkpt>
      <trkpt lat="30.2908054925501346588134765625" lon="120.22226817905902862548828125">
        <ele>13.80000019073486328125</ele>
        <time>2026-07-02T12:19:56.000Z</time>
        <extensions>
          <ns3:TrackPointExtension>
            <ns3:hr>163</ns3:hr>
            <ns3:cad>92</ns3:cad>
          </ns3:TrackPointExtension>
        </extensions>
      </trkpt>
      <trkpt lat="30.2907897345721721649169921875" lon="120.222293995320796966552734375">
        <ele>13.80000019073486328125</ele>
        <time>2026-07-02T12:19:57.000Z</time>
        <extensions>
          <ns3:TrackPointExtension>
            <ns3:hr>163</ns3:hr>
            <ns3:cad>92</ns3:cad>
          </ns3:TrackPointExtension>
        </extensions>
      </trkpt>
      <trkpt lat="30.290773808956146240234375" lon="120.2223216556012630462646484375">
        <ele>13.80000019073486328125</ele>
        <time>2026-07-02T12:19:58.000Z</time>
        <extensions>
          <ns3:TrackPointExtension>
            <ns3:hr>163</ns3:hr>
            <ns3:cad>92</ns3:cad>
          </ns3:TrackPointExtension>
        </extensions>
      </trkpt>
      <trkpt lat="30.29075863771140575408935546875" lon="120.22234621457755565643310546875">
        <ele>13.80000019073486328125</ele>
        <time>2026-07-02T12:19:59.000Z</time>
        <extensions>
          <ns3:TrackPointExtension>
            <ns3:hr>163</ns3:hr>
            <ns3:cad>92</ns3:cad>
          </ns3:TrackPointExtension>
        </extensions>
      </trkpt>
      <trkpt lat="30.2907441370189189910888671875" lon="120.22237806580960750579833984375">
        <ele>13.80000019073486328125</ele>
        <time>2026-07-02T12:20:00.000Z</time>
        <extensions>
          <ns3:TrackPointExtension>
            <ns3:hr>163</ns3:hr>
            <ns3:cad>92</ns3:cad>
          </ns3:TrackPointExtension>
        </extensions>
      </trkpt>
      <trkpt lat="30.2907334081828594207763671875" lon="120.2224014513194561004638671875">
        <ele>13.80000019073486328125</ele>
        <time>2026-07-02T12:20:01.000Z</time>
        <extensions>
          <ns3:TrackPointExtension>
            <ns3:hr>163</ns3:hr>
            <ns3:cad>91</ns3:cad>
          </ns3:TrackPointExtension>
        </extensions>
      </trkpt>
      <trkpt lat="30.29071387834846973419189453125" lon="120.222431458532810211181640625">
        <ele>14</ele>
        <time>2026-07-02T12:20:02.000Z</time>
        <extensions>
          <ns3:TrackPointExtension>
            <ns3:hr>163</ns3:hr>
            <ns3:cad>92</ns3:cad>
          </ns3:TrackPointExtension>
        </extensions>
      </trkpt>
      <trkpt lat="30.29069879092276096343994140625" lon="120.2224581129848957061767578125">
        <ele>13.80000019073486328125</ele>
        <time>2026-07-02T12:20:03.000Z</time>
        <extensions>
          <ns3:TrackPointExtension>
            <ns3:hr>163</ns3:hr>
            <ns3:cad>92</ns3:cad>
          </ns3:TrackPointExtension>
        </extensions>
      </trkpt>
      <trkpt lat="30.29068655334413051605224609375" lon="120.22248485125601291656494140625">
        <ele>14</ele>
        <time>2026-07-02T12:20:04.000Z</time>
        <extensions>
          <ns3:TrackPointExtension>
            <ns3:hr>163</ns3:hr>
            <ns3:cad>90</ns3:cad>
          </ns3:TrackPointExtension>
        </extensions>
      </trkpt>
      <trkpt lat="30.29067657887935638427734375" lon="120.2225080691277980804443359375">
        <ele>14</ele>
        <time>2026-07-02T12:20:05.000Z</time>
        <extensions>
          <ns3:TrackPointExtension>
            <ns3:hr>163</ns3:hr>
            <ns3:cad>90</ns3:cad>
          </ns3:TrackPointExtension>
        </extensions>
      </trkpt>
      <trkpt lat="30.29065788723528385162353515625" lon="120.2225372381508350372314453125">
        <ele>14</ele>
        <time>2026-07-02T12:20:06.000Z</time>
        <extensions>
          <ns3:TrackPointExtension>
            <ns3:hr>164</ns3:hr>
            <ns3:cad>90</ns3:cad>
          </ns3:TrackPointExtension>
        </extensions>
      </trkpt>
      <trkpt lat="30.29064665548503398895263671875" lon="120.2225597016513347625732421875">
        <ele>13.80000019073486328125</ele>
        <time>2026-07-02T12:20:07.000Z</time>
        <extensions>
          <ns3:TrackPointExtension>
            <ns3:hr>164</ns3:hr>
            <ns3:cad>90</ns3:cad>
          </ns3:TrackPointExtension>
        </extensions>
      </trkpt>
      <trkpt lat="30.29062922112643718719482421875" lon="120.22258962504565715789794921875">
        <ele>14</ele>
        <time>2026-07-02T12:20:08.000Z</time>
        <extensions>
          <ns3:TrackPointExtension>
            <ns3:hr>164</ns3:hr>
            <ns3:cad>90</ns3:cad>
          </ns3:TrackPointExtension>
        </extensions>
      </trkpt>
      <trkpt lat="30.29062100686132907867431640625" lon="120.2226094901561737060546875">
        <ele>14</ele>
        <time>2026-07-02T12:20:09.000Z</time>
        <extensions>
          <ns3:TrackPointExtension>
            <ns3:hr>164</ns3:hr>
            <ns3:cad>90</ns3:cad>
          </ns3:TrackPointExtension>
        </extensions>
      </trkpt>
      <trkpt lat="30.29059988446533679962158203125" lon="120.22263706661760807037353515625">
        <ele>13.80000019073486328125</ele>
        <time>2026-07-02T12:20:10.000Z</time>
        <extensions>
          <ns3:TrackPointExtension>
            <ns3:hr>164</ns3:hr>
            <ns3:cad>90</ns3:cad>
          </ns3:TrackPointExtension>
        </extensions>
      </trkpt>
      <trkpt lat="30.29058949090540409088134765625" lon="120.2226579375565052032470703125">
        <ele>14</ele>
        <time>2026-07-02T12:20:11.000Z</time>
        <extensions>
          <ns3:TrackPointExtension>
            <ns3:hr>164</ns3:hr>
            <ns3:cad>90</ns3:cad>
          </ns3:TrackPointExtension>
        </extensions>
      </trkpt>
      <trkpt lat="30.290571637451648712158203125" lon="120.22268350236117839813232421875">
        <ele>14</ele>
        <time>2026-07-02T12:20:12.000Z</time>
        <extensions>
          <ns3:TrackPointExtension>
            <ns3:hr>164</ns3:hr>
            <ns3:cad>90</ns3:cad>
          </ns3:TrackPointExtension>
        </extensions>
      </trkpt>
      <trkpt lat="30.2905600704252719879150390625" lon="120.222704373300075531005859375">
        <ele>14</ele>
        <time>2026-07-02T12:20:13.000Z</time>
        <extensions>
          <ns3:TrackPointExtension>
            <ns3:hr>164</ns3:hr>
            <ns3:cad>90</ns3:cad>
          </ns3:TrackPointExtension>
        </extensions>
      </trkpt>
      <trkpt lat="30.2905389480292797088623046875" lon="120.22273144684731960296630859375">
        <ele>14</ele>
        <time>2026-07-02T12:20:14.000Z</time>
        <extensions>
          <ns3:TrackPointExtension>
            <ns3:hr>163</ns3:hr>
            <ns3:cad>90</ns3:cad>
          </ns3:TrackPointExtension>
        </extensions>
      </trkpt>
      <trkpt lat="30.29052771627902984619140625" lon="120.222755335271358489990234375">
        <ele>14</ele>
        <time>2026-07-02T12:20:15.000Z</time>
        <extensions>
          <ns3:TrackPointExtension>
            <ns3:hr>164</ns3:hr>
            <ns3:cad>90</ns3:cad>
          </ns3:TrackPointExtension>
        </extensions>
      </trkpt>
      <trkpt lat="30.2905131317675113677978515625" lon="120.222780816256999969482421875">
        <ele>14</ele>
        <time>2026-07-02T12:20:16.000Z</time>
        <extensions>
          <ns3:TrackPointExtension>
            <ns3:hr>164</ns3:hr>
            <ns3:cad>90</ns3:cad>
          </ns3:TrackPointExtension>
        </extensions>
      </trkpt>
      <trkpt lat="30.29050483368337154388427734375" lon="120.2228037826716899871826171875">
        <ele>14.19999980926513671875</ele>
        <time>2026-07-02T12:20:17.000Z</time>
        <extensions>
          <ns3:TrackPointExtension>
            <ns3:hr>164</ns3:hr>
            <ns3:cad>90</ns3:cad>
          </ns3:TrackPointExtension>
        </extensions>
      </trkpt>
      <trkpt lat="30.290489494800567626953125" lon="120.22283253259956836700439453125">
        <ele>14.19999980926513671875</ele>
        <time>2026-07-02T12:20:18.000Z</time>
        <extensions>
          <ns3:TrackPointExtension>
            <ns3:hr>164</ns3:hr>
            <ns3:cad>90</ns3:cad>
          </ns3:TrackPointExtension>
        </extensions>
      </trkpt>
      <trkpt lat="30.29048203490674495697021484375" lon="120.222855247557163238525390625">
        <ele>14.19999980926513671875</ele>
        <time>2026-07-02T12:20:19.000Z</time>
        <extensions>
          <ns3:TrackPointExtension>
            <ns3:hr>164</ns3:hr>
            <ns3:cad>90</ns3:cad>
          </ns3:TrackPointExtension>
        </extensions>
      </trkpt>
      <trkpt lat="30.2904648520052433013916015625" lon="120.22288617677986621856689453125">
        <ele>14.19999980926513671875</ele>
        <time>2026-07-02T12:20:20.000Z</time>
        <extensions>
          <ns3:TrackPointExtension>
            <ns3:hr>164</ns3:hr>
            <ns3:cad>90</ns3:cad>
          </ns3:TrackPointExtension>
        </extensions>
      </trkpt>
      <trkpt lat="30.290453620254993438720703125" lon="120.2229117415845394134521484375">
        <ele>14.19999980926513671875</ele>
        <time>2026-07-02T12:20:21.000Z</time>
        <extensions>
          <ns3:TrackPointExtension>
            <ns3:hr>164</ns3:hr>
            <ns3:cad>90</ns3:cad>
          </ns3:TrackPointExtension>
        </extensions>
      </trkpt>
      <trkpt lat="30.29043811373412609100341796875" lon="120.2229392342269420623779296875">
        <ele>14.19999980926513671875</ele>
        <time>2026-07-02T12:20:22.000Z</time>
        <extensions>
          <ns3:TrackPointExtension>
            <ns3:hr>164</ns3:hr>
            <ns3:cad>90</ns3:cad>
          </ns3:TrackPointExtension>
        </extensions>
      </trkpt>
      <trkpt lat="30.29042981564998626708984375" lon="120.2229623682796955108642578125">
        <ele>14.19999980926513671875</ele>
        <time>2026-07-02T12:20:23.000Z</time>
        <extensions>
          <ns3:TrackPointExtension>
            <ns3:hr>165</ns3:hr>
            <ns3:cad>90</ns3:cad>
          </ns3:TrackPointExtension>
        </extensions>
      </trkpt>
      <trkpt lat="30.29041665606200695037841796875" lon="120.22298575378954410552978515625">
        <ele>14.3999996185302734375</ele>
        <time>2026-07-02T12:20:24.000Z</time>
        <extensions>
          <ns3:TrackPointExtension>
            <ns3:hr>165</ns3:hr>
            <ns3:cad>89</ns3:cad>
          </ns3:TrackPointExtension>
        </extensions>
      </trkpt>
      <trkpt lat="30.29041104018688201904296875" lon="120.2230042777955532073974609375">
        <ele>14.3999996185302734375</ele>
        <time>2026-07-02T12:20:25.000Z</time>
        <extensions>
          <ns3:TrackPointExtension>
            <ns3:hr>165</ns3:hr>
            <ns3:cad>89</ns3:cad>
          </ns3:TrackPointExtension>
        </extensions>
      </trkpt>
      <trkpt lat="30.29039268381893634796142578125" lon="120.22303051315248012542724609375">
        <ele>14.3999996185302734375</ele>
        <time>2026-07-02T12:20:26.000Z</time>
        <extensions>
          <ns3:TrackPointExtension>
            <ns3:hr>165</ns3:hr>
            <ns3:cad>89</ns3:cad>
          </ns3:TrackPointExtension>
        </extensions>
      </trkpt>
      <trkpt lat="30.29038161970674991607666015625" lon="120.2230485342442989349365234375">
        <ele>14.3999996185302734375</ele>
        <time>2026-07-02T12:20:27.000Z</time>
        <extensions>
          <ns3:TrackPointExtension>
            <ns3:hr>166</ns3:hr>
            <ns3:cad>88</ns3:cad>
          </ns3:TrackPointExtension>
        </extensions>
      </trkpt>
      <trkpt lat="30.29036317951977252960205078125" lon="120.223077870905399322509765625">
        <ele>14.19999980926513671875</ele>
        <time>2026-07-02T12:20:28.000Z</time>
        <extensions>
          <ns3:TrackPointExtension>
            <ns3:hr>166</ns3:hr>
            <ns3:cad>89</ns3:cad>
          </ns3:TrackPointExtension>
        </extensions>
      </trkpt>
      <trkpt lat="30.290355049073696136474609375" lon="120.223104692995548248291015625">
        <ele>14.19999980926513671875</ele>
        <time>2026-07-02T12:20:29.000Z</time>
        <extensions>
          <ns3:TrackPointExtension>
            <ns3:hr>165</ns3:hr>
            <ns3:cad>89</ns3:cad>
          </ns3:TrackPointExtension>
        </extensions>
      </trkpt>
      <trkpt lat="30.29034239239990711212158203125" lon="120.22313562221825122833251953125">
        <ele>14.3999996185302734375</ele>
        <time>2026-07-02T12:20:30.000Z</time>
        <extensions>
          <ns3:TrackPointExtension>
            <ns3:hr>165</ns3:hr>
            <ns3:cad>90</ns3:cad>
          </ns3:TrackPointExtension>
        </extensions>
      </trkpt>
      <trkpt lat="30.29033736325800418853759765625" lon="120.22315791808068752288818359375">
        <ele>14.3999996185302734375</ele>
        <time>2026-07-02T12:20:31.000Z</time>
        <extensions>
          <ns3:TrackPointExtension>
            <ns3:hr>165</ns3:hr>
            <ns3:cad>89</ns3:cad>
          </ns3:TrackPointExtension>
        </extensions>
      </trkpt>
      <trkpt lat="30.29032629914581775665283203125" lon="120.2231915295124053955078125">
        <ele>14.3999996185302734375</ele>
        <time>2026-07-02T12:20:32.000Z</time>
        <extensions>
          <ns3:TrackPointExtension>
            <ns3:hr>165</ns3:hr>
            <ns3:cad>89</ns3:cad>
          </ns3:TrackPointExtension>
        </extensions>
      </trkpt>
      <trkpt lat="30.290323533117771148681640625" lon="120.22321323864161968231201171875">
        <ele>14.3999996185302734375</ele>
        <time>2026-07-02T12:20:33.000Z</time>
        <extensions>
          <ns3:TrackPointExtension>
            <ns3:hr>165</ns3:hr>
            <ns3:cad>89</ns3:cad>
          </ns3:TrackPointExtension>
        </extensions>
      </trkpt>
      <trkpt lat="30.2903203479945659637451171875" lon="120.22324576042592525482177734375">
        <ele>14.3999996185302734375</ele>
        <time>2026-07-02T12:20:34.000Z</time>
        <extensions>
          <ns3:TrackPointExtension>
            <ns3:hr>165</ns3:hr>
            <ns3:cad>89</ns3:cad>
          </ns3:TrackPointExtension>
        </extensions>
      </trkpt>
      <trkpt lat="30.29032294638454914093017578125" lon="120.2232688106596469879150390625">
        <ele>14.19999980926513671875</ele>
        <time>2026-07-02T12:20:35.000Z</time>
        <extensions>
          <ns3:TrackPointExtension>
            <ns3:hr>165</ns3:hr>
            <ns3:cad>89</ns3:cad>
          </ns3:TrackPointExtension>
        </extensions>
      </trkpt>
      <trkpt lat="30.29032495804131031036376953125" lon="120.223305188119411468505859375">
        <ele>14.19999980926513671875</ele>
        <time>2026-07-02T12:20:36.000Z</time>
        <extensions>
          <ns3:TrackPointExtension>
            <ns3:hr>165</ns3:hr>
            <ns3:cad>89</ns3:cad>
          </ns3:TrackPointExtension>
        </extensions>
      </trkpt>
      <trkpt lat="30.29033166356384754180908203125" lon="120.22332631051540374755859375">
        <ele>14.19999980926513671875</ele>
        <time>2026-07-02T12:20:37.000Z</time>
        <extensions>
          <ns3:TrackPointExtension>
            <ns3:hr>165</ns3:hr>
            <ns3:cad>90</ns3:cad>
          </ns3:TrackPointExtension>
        </extensions>
      </trkpt>
      <trkpt lat="30.2903424762189388275146484375" lon="120.2233626879751682281494140625">
        <ele>14.19999980926513671875</ele>
        <time>2026-07-02T12:20:38.000Z</time>
        <extensions>
          <ns3:TrackPointExtension>
            <ns3:hr>165</ns3:hr>
            <ns3:cad>90</ns3:cad>
          </ns3:TrackPointExtension>
        </extensions>
      </trkpt>
      <trkpt lat="30.29034909792244434356689453125" lon="120.22338724695146083831787109375">
        <ele>14.19999980926513671875</ele>
        <time>2026-07-02T12:20:39.000Z</time>
        <extensions>
          <ns3:TrackPointExtension>
            <ns3:hr>165</ns3:hr>
            <ns3:cad>90</ns3:cad>
          </ns3:TrackPointExtension>
        </extensions>
      </trkpt>
      <trkpt lat="30.290365777909755706787109375" lon="120.22342261858284473419189453125">
        <ele>14.19999980926513671875</ele>
        <time>2026-07-02T12:20:40.000Z</time>
        <extensions>
          <ns3:TrackPointExtension>
            <ns3:hr>165</ns3:hr>
            <ns3:cad>90</ns3:cad>
          </ns3:TrackPointExtension>
        </extensions>
      </trkpt>
      <trkpt lat="30.2903783507645130157470703125" lon="120.22344558499753475189208984375">
        <ele>14.19999980926513671875</ele>
        <time>2026-07-02T12:20:41.000Z</time>
        <extensions>
          <ns3:TrackPointExtension>
            <ns3:hr>165</ns3:hr>
            <ns3:cad>90</ns3:cad>
          </ns3:TrackPointExtension>
        </extensions>
      </trkpt>
      <trkpt lat="30.290400646626949310302734375" lon="120.22347961552441120147705078125">
        <ele>14.19999980926513671875</ele>
        <time>2026-07-02T12:20:42.000Z</time>
        <extensions>
          <ns3:TrackPointExtension>
            <ns3:hr>165</ns3:hr>
            <ns3:cad>90</ns3:cad>
          </ns3:TrackPointExtension>
        </extensions>
      </trkpt>
      <trkpt lat="30.2904182486236095428466796875" lon="120.223496295511722564697265625">
        <ele>14.19999980926513671875</ele>
        <time>2026-07-02T12:20:43.000Z</time>
        <extensions>
          <ns3:TrackPointExtension>
            <ns3:hr>165</ns3:hr>
            <ns3:cad>90</ns3:cad>
          </ns3:TrackPointExtension>
        </extensions>
      </trkpt>
      <trkpt lat="30.29044582508504390716552734375" lon="120.22352420724928379058837890625">
        <ele>14.19999980926513671875</ele>
        <time>2026-07-02T12:20:44.000Z</time>
        <extensions>
          <ns3:TrackPointExtension>
            <ns3:hr>165</ns3:hr>
            <ns3:cad>90</ns3:cad>
          </ns3:TrackPointExtension>
        </extensions>
      </trkpt>
      <trkpt lat="30.29046560637652873992919921875" lon="120.22353460080921649932861328125">
        <ele>14.3999996185302734375</ele>
        <time>2026-07-02T12:20:45.000Z</time>
        <extensions>
          <ns3:TrackPointExtension>
            <ns3:hr>165</ns3:hr>
            <ns3:cad>90</ns3:cad>
          </ns3:TrackPointExtension>
        </extensions>
      </trkpt>
      <trkpt lat="30.29049427248537540435791015625" lon="120.22355253808200359344482421875">
        <ele>14.3999996185302734375</ele>
        <time>2026-07-02T12:20:46.000Z</time>
        <extensions>
          <ns3:TrackPointExtension>
            <ns3:hr>165</ns3:hr>
            <ns3:cad>90</ns3:cad>
          </ns3:TrackPointExtension>
        </extensions>
      </trkpt>
      <trkpt lat="30.29051455669105052947998046875" lon="120.22356125526130199432373046875">
        <ele>14.3999996185302734375</ele>
        <time>2026-07-02T12:20:47.000Z</time>
        <extensions>
          <ns3:TrackPointExtension>
            <ns3:hr>165</ns3:hr>
            <ns3:cad>90</ns3:cad>
          </ns3:TrackPointExtension>
        </extensions>
      </trkpt>
      <trkpt lat="30.2905389480292797088623046875" lon="120.2235759235918521881103515625">
        <ele>14.3999996185302734375</ele>
        <time>2026-07-02T12:20:48.000Z</time>
        <extensions>
          <ns3:TrackPointExtension>
            <ns3:hr>165</ns3:hr>
            <ns3:cad>90</ns3:cad>
          </ns3:TrackPointExtension>
        </extensions>
      </trkpt>
      <trkpt lat="30.2905567176640033721923828125" lon="120.22358187474310398101806640625">
        <ele>14.3999996185302734375</ele>
        <time>2026-07-02T12:20:49.000Z</time>
        <extensions>
          <ns3:TrackPointExtension>
            <ns3:hr>165</ns3:hr>
            <ns3:cad>89</ns3:cad>
          </ns3:TrackPointExtension>
        </extensions>
      </trkpt>
      <trkpt lat="30.29058161191642284393310546875" lon="120.22359813563525676727294921875">
        <ele>14.3999996185302734375</ele>
        <time>2026-07-02T12:20:50.000Z</time>
        <extensions>
          <ns3:TrackPointExtension>
            <ns3:hr>164</ns3:hr>
            <ns3:cad>89</ns3:cad>
          </ns3:TrackPointExtension>
        </extensions>
      </trkpt>
      <trkpt lat="30.29060005210340023040771484375" lon="120.223610959947109222412109375">
        <ele>14.3999996185302734375</ele>
        <time>2026-07-02T12:20:51.000Z</time>
        <extensions>
          <ns3:TrackPointExtension>
            <ns3:hr>164</ns3:hr>
            <ns3:cad>89</ns3:cad>
          </ns3:TrackPointExtension>
        </extensions>
      </trkpt>
      <trkpt lat="30.290623605251312255859375" lon="120.22362797521054744720458984375">
        <ele>14.3999996185302734375</ele>
        <time>2026-07-02T12:20:52.000Z</time>
        <extensions>
          <ns3:TrackPointExtension>
            <ns3:hr>164</ns3:hr>
            <ns3:cad>89</ns3:cad>
          </ns3:TrackPointExtension>
        </extensions>
      </trkpt>
      <trkpt lat="30.29064229689538478851318359375" lon="120.22363903932273387908935546875">
        <ele>14.3999996185302734375</ele>
        <time>2026-07-02T12:20:53.000Z</time>
        <extensions>
          <ns3:TrackPointExtension>
            <ns3:hr>163</ns3:hr>
            <ns3:cad>89</ns3:cad>
          </ns3:TrackPointExtension>
        </extensions>
      </trkpt>
      <trkpt lat="30.29066828079521656036376953125" lon="120.2236503548920154571533203125">
        <ele>14.19999980926513671875</ele>
        <time>2026-07-02T12:20:54.000Z</time>
        <extensions>
          <ns3:TrackPointExtension>
            <ns3:hr>163</ns3:hr>
            <ns3:cad>89</ns3:cad>
          </ns3:TrackPointExtension>
        </extensions>
      </trkpt>
      <trkpt lat="30.2906888164579868316650390625" lon="120.22366083227097988128662109375">
        <ele>14.19999980926513671875</ele>
        <time>2026-07-02T12:20:55.000Z</time>
        <extensions>
          <ns3:TrackPointExtension>
            <ns3:hr>163</ns3:hr>
            <ns3:cad>89</ns3:cad>
          </ns3:TrackPointExtension>
        </extensions>
      </trkpt>
      <trkpt lat="30.29071622528135776519775390625" lon="120.223676003515720367431640625">
        <ele>14.19999980926513671875</ele>
        <time>2026-07-02T12:20:56.000Z</time>
        <extensions>
          <ns3:TrackPointExtension>
            <ns3:hr>162</ns3:hr>
            <ns3:cad>89</ns3:cad>
          </ns3:TrackPointExtension>
        </extensions>
      </trkpt>
      <trkpt lat="30.2907354198396205902099609375" lon="120.2236882410943508148193359375">
        <ele>14.19999980926513671875</ele>
        <time>2026-07-02T12:20:57.000Z</time>
        <extensions>
          <ns3:TrackPointExtension>
            <ns3:hr>162</ns3:hr>
            <ns3:cad>89</ns3:cad>
          </ns3:TrackPointExtension>
        </extensions>
      </trkpt>
      <trkpt lat="30.290760733187198638916015625" lon="120.2237053401768207550048828125">
        <ele>14.19999980926513671875</ele>
        <time>2026-07-02T12:20:58.000Z</time>
        <extensions>
          <ns3:TrackPointExtension>
            <ns3:hr>161</ns3:hr>
            <ns3:cad>89</ns3:cad>
          </ns3:TrackPointExtension>
        </extensions>
      </trkpt>
      <trkpt lat="30.29077942483127117156982421875" lon="120.2237184159457683563232421875">
        <ele>14.19999980926513671875</ele>
        <time>2026-07-02T12:20:59.000Z</time>
        <extensions>
          <ns3:TrackPointExtension>
            <ns3:hr>161</ns3:hr>
            <ns3:cad>89</ns3:cad>
          </ns3:TrackPointExtension>
        </extensions>
      </trkpt>
      <trkpt lat="30.29080306179821491241455078125" lon="120.22373358719050884246826171875">
        <ele>14.19999980926513671875</ele>
        <time>2026-07-02T12:21:00.000Z</time>
        <extensions>
          <ns3:TrackPointExtension>
            <ns3:hr>161</ns3:hr>
            <ns3:cad>89</ns3:cad>
          </ns3:TrackPointExtension>
        </extensions>
      </trkpt>
      <trkpt lat="30.2908225916326045989990234375" lon="120.2237452380359172821044921875">
        <ele>14.19999980926513671875</ele>
        <time>2026-07-02T12:21:01.000Z</time>
        <extensions>
          <ns3:TrackPointExtension>
            <ns3:hr>160</ns3:hr>
            <ns3:cad>89</ns3:cad>
          </ns3:TrackPointExtension>
        </extensions>
      </trkpt>
      <trkpt lat="30.290846563875675201416015625" lon="120.22376040928065776824951171875">
        <ele>14.19999980926513671875</ele>
        <time>2026-07-02T12:21:02.000Z</time>
        <extensions>
          <ns3:TrackPointExtension>
            <ns3:hr>160</ns3:hr>
            <ns3:cad>89</ns3:cad>
          </ns3:TrackPointExtension>
        </extensions>
      </trkpt>
      <trkpt lat="30.29086424969136714935302734375" lon="120.22377298213541507720947265625">
        <ele>14.19999980926513671875</ele>
        <time>2026-07-02T12:21:03.000Z</time>
        <extensions>
          <ns3:TrackPointExtension>
            <ns3:hr>159</ns3:hr>
            <ns3:cad>89</ns3:cad>
          </ns3:TrackPointExtension>
        </extensions>
      </trkpt>
      <trkpt lat="30.290888138115406036376953125" lon="120.2237837947905063629150390625">
        <ele>14.19999980926513671875</ele>
        <time>2026-07-02T12:21:04.000Z</time>
        <extensions>
          <ns3:TrackPointExtension>
            <ns3:hr>159</ns3:hr>
            <ns3:cad>89</ns3:cad>
          </ns3:TrackPointExtension>
        </extensions>
      </trkpt>
      <trkpt lat="30.2909094281494617462158203125" lon="120.22379569709300994873046875">
        <ele>14.19999980926513671875</ele>
        <time>2026-07-02T12:21:05.000Z</time>
        <extensions>
          <ns3:TrackPointExtension>
            <ns3:hr>159</ns3:hr>
            <ns3:cad>90</ns3:cad>
          </ns3:TrackPointExtension>
        </extensions>
      </trkpt>
      <trkpt lat="30.290932394564151763916015625" lon="120.22380768321454524993896484375">
        <ele>14.19999980926513671875</ele>
        <time>2026-07-02T12:21:06.000Z</time>
        <extensions>
          <ns3:TrackPointExtension>
            <ns3:hr>159</ns3:hr>
            <ns3:cad>90</ns3:cad>
          </ns3:TrackPointExtension>
        </extensions>
      </trkpt>
      <trkpt lat="30.29095544479787349700927734375" lon="120.22382142953574657440185546875">
        <ele>14.19999980926513671875</ele>
        <time>2026-07-02T12:21:07.000Z</time>
        <extensions>
          <ns3:TrackPointExtension>
            <ns3:hr>159</ns3:hr>
            <ns3:cad>90</ns3:cad>
          </ns3:TrackPointExtension>
        </extensions>
      </trkpt>
      <trkpt lat="30.29097874648869037628173828125" lon="120.22383081726729869842529296875">
        <ele>14.19999980926513671875</ele>
        <time>2026-07-02T12:21:08.000Z</time>
        <extensions>
          <ns3:TrackPointExtension>
            <ns3:hr>159</ns3:hr>
            <ns3:cad>89</ns3:cad>
          </ns3:TrackPointExtension>
        </extensions>
      </trkpt>
      <trkpt lat="30.29100238345563411712646484375" lon="120.22384397685527801513671875">
        <ele>14.19999980926513671875</ele>
        <time>2026-07-02T12:21:09.000Z</time>
        <extensions>
          <ns3:TrackPointExtension>
            <ns3:hr>159</ns3:hr>
            <ns3:cad>89</ns3:cad>
          </ns3:TrackPointExtension>
        </extensions>
      </trkpt>
      <trkpt lat="30.29102392494678497314453125" lon="120.22385344840586185455322265625">
        <ele>14.19999980926513671875</ele>
        <time>2026-07-02T12:21:10.000Z</time>
        <extensions>
          <ns3:TrackPointExtension>
            <ns3:hr>159</ns3:hr>
            <ns3:cad>89</ns3:cad>
          </ns3:TrackPointExtension>
        </extensions>
      </trkpt>
      <trkpt lat="30.29104915447533130645751953125" lon="120.22386937402188777923583984375">
        <ele>14.19999980926513671875</ele>
        <time>2026-07-02T12:21:11.000Z</time>
        <extensions>
          <ns3:TrackPointExtension>
            <ns3:hr>159</ns3:hr>
            <ns3:cad>89</ns3:cad>
          </ns3:TrackPointExtension>
        </extensions>
      </trkpt>
      <trkpt lat="30.29106759466230869293212890625" lon="120.2238729782402515411376953125">
        <ele>14.19999980926513671875</ele>
        <time>2026-07-02T12:21:12.000Z</time>
        <extensions>
          <ns3:TrackPointExtension>
            <ns3:hr>158</ns3:hr>
            <ns3:cad>89</ns3:cad>
          </ns3:TrackPointExtension>
        </extensions>
      </trkpt>
      <trkpt lat="30.2910916507244110107421875" lon="120.22389099933207035064697265625">
        <ele>14</ele>
        <time>2026-07-02T12:21:13.000Z</time>
        <extensions>
          <ns3:TrackPointExtension>
            <ns3:hr>159</ns3:hr>
            <ns3:cad>88</ns3:cad>
          </ns3:TrackPointExtension>
        </extensions>
      </trkpt>
      <trkpt lat="30.29110967181622982025146484375" lon="120.22390424273908138275146484375">
        <ele>14.19999980926513671875</ele>
        <time>2026-07-02T12:21:14.000Z</time>
        <extensions>
          <ns3:TrackPointExtension>
            <ns3:hr>159</ns3:hr>
            <ns3:cad>88</ns3:cad>
          </ns3:TrackPointExtension>
        </extensions>
      </trkpt>
      <trkpt lat="30.2911270223557949066162109375" lon="120.2239209227263927459716796875">
        <ele>14.19999980926513671875</ele>
        <time>2026-07-02T12:21:15.000Z</time>
        <extensions>
          <ns3:TrackPointExtension>
            <ns3:hr>160</ns3:hr>
            <ns3:cad>88</ns3:cad>
          </ns3:TrackPointExtension>
        </extensions>
      </trkpt>
      <trkpt lat="30.291140936315059661865234375" lon="120.22392989136278629302978515625">
        <ele>14.3999996185302734375</ele>
        <time>2026-07-02T12:21:16.000Z</time>
        <extensions>
          <ns3:TrackPointExtension>
            <ns3:hr>160</ns3:hr>
            <ns3:cad>87</ns3:cad>
          </ns3:TrackPointExtension>
        </extensions>
      </trkpt>
      <trkpt lat="30.2911592088639736175537109375" lon="120.2239430509507656097412109375">
        <ele>14.3999996185302734375</ele>
        <time>2026-07-02T12:21:17.000Z</time>
        <extensions>
          <ns3:TrackPointExtension>
            <ns3:hr>161</ns3:hr>
            <ns3:cad>86</ns3:cad>
          </ns3:TrackPointExtension>
        </extensions>
      </trkpt>
      <trkpt lat="30.29117873869836330413818359375" lon="120.22395486943423748016357421875">
        <ele>14.3999996185302734375</ele>
        <time>2026-07-02T12:21:18.000Z</time>
        <extensions>
          <ns3:TrackPointExtension>
            <ns3:hr>160</ns3:hr>
            <ns3:cad>86</ns3:cad>
          </ns3:TrackPointExtension>
        </extensions>
      </trkpt>
      <trkpt lat="30.2911930717527866363525390625" lon="120.22396425716578960418701171875">
        <ele>14.3999996185302734375</ele>
        <time>2026-07-02T12:21:19.000Z</time>
        <extensions>
          <ns3:TrackPointExtension>
            <ns3:hr>160</ns3:hr>
            <ns3:cad>86</ns3:cad>
          </ns3:TrackPointExtension>
        </extensions>
      </trkpt>
      <trkpt lat="30.29120991937816143035888671875" lon="120.2239812724292278289794921875">
        <ele>14.3999996185302734375</ele>
        <time>2026-07-02T12:21:20.000Z</time>
        <extensions>
          <ns3:TrackPointExtension>
            <ns3:hr>160</ns3:hr>
            <ns3:cad>86</ns3:cad>
          </ns3:TrackPointExtension>
        </extensions>
      </trkpt>
      <trkpt lat="30.29122366569936275482177734375" lon="120.2239923365414142608642578125">
        <ele>14.3999996185302734375</ele>
        <time>2026-07-02T12:21:21.000Z</time>
        <extensions>
          <ns3:TrackPointExtension>
            <ns3:hr>160</ns3:hr>
            <ns3:cad>86</ns3:cad>
          </ns3:TrackPointExtension>
        </extensions>
      </trkpt>
      <trkpt lat="30.29123908840119838714599609375" lon="120.2239970304071903228759765625">
        <ele>14.3999996185302734375</ele>
        <time>2026-07-02T12:21:22.000Z</time>
        <extensions>
          <ns3:TrackPointExtension>
            <ns3:hr>161</ns3:hr>
            <ns3:cad>86</ns3:cad>
          </ns3:TrackPointExtension>
        </extensions>
      </trkpt>
    </trkseg>
  </trk>
</gpx>
