<?xml version="1.0" encoding="UTF-8"?>
<gpx xmlns="http://www.topografix.com/GPX/1/1" xmlns:gpxtpx="http://www.garmin.com/xmlschemas/TrackPointExtension/v1" xmlns:xsi="http://www.w3.org/2001/XMLSchema-instance" xsi:schemaLocation="http://www.topografix.com/GPX/1/1 http://www.topografix.com/GPX/1/1/gpx.xsd" version="1.1" creator="gpx.py -- https://github.com/tkrajina/gpxpy">
  <trk>
    <name>gpx from keep</name>
    <type>Run</type>
    <trkseg>
      <trkpt lat="24.51141887342808" lon="117.69764031500232">
        <ele>8.399999618530273</ele>
        <time>2026-08-04T10:49:14Z</time>
        <extensions>
          <gpxtpx:TrackPointExtension>
            <gpxtpx:hr>117</gpxtpx:hr>
          </gpxtpx:TrackPointExtension>
        </extensions>
      </trkpt>
      <trkpt lat="24.511338931377384" lon="117.69759638539726">
        <ele>8.399999618530273</ele>
        <time>2026-08-04T10:49:18Z</time>
        <extensions>
          <gpxtpx:TrackPointExtension>
            <gpxtpx:hr>119</gpxtpx:hr>
          </gpxtpx:TrackPointExtension>
        </extensions>
      </trkpt>
      <trkpt lat="24.511242937383045" lon="117.6975844098653">
        <ele>8.399999618530273</ele>
        <time>2026-08-04T10:49:22Z</time>
        <extensions>
          <gpxtpx:TrackPointExtension>
            <gpxtpx:hr>124</gpxtpx:hr>
          </gpxtpx:TrackPointExtension>
        </extensions>
      </trkpt>
      <trkpt lat="24.511127965802935" lon="117.69755645924143">
        <ele>8.399999618530273</ele>
        <time>2026-08-04T10:49:26Z</time>
        <extensions>
          <gpxtpx:TrackPointExtension>
            <gpxtpx:hr>126</gpxtpx:hr>
          </gpxtpx:TrackPointExtension>
        </extensions>
      </trkpt>
      <trkpt lat="24.511017980857872" lon="117.69753749502479">
        <ele>8.399999618530273</ele>
        <time>2026-08-04T10:49:30Z</time>
        <extensions>
          <gpxtpx:TrackPointExtension>
            <gpxtpx:hr>127</gpxtpx:hr>
          </gpxtpx:TrackPointExtension>
        </extensions>
      </trkpt>
      <trkpt lat="24.510928992454733" lon="117.69752252343426">
        <ele>8.600000381469727</ele>
        <time>2026-08-04T10:49:34Z</time>
        <extensions>
          <gpxtpx:TrackPointExtension>
            <gpxtpx:hr>127</gpxtpx:hr>
          </gpxtpx:TrackPointExtension>
        </extensions>
      </trkpt>
      <trkpt lat="24.5108470143353" lon="117.69750156019605">
        <ele>8.399999618530273</ele>
        <time>2026-08-04T10:49:38Z</time>
        <extensions>
          <gpxtpx:TrackPointExtension>
            <gpxtpx:hr>127</gpxtpx:hr>
          </gpxtpx:TrackPointExtension>
        </extensions>
      </trkpt>
      <trkpt lat="24.510785045113536" lon="117.69747660144861">
        <ele>8.399999618530273</ele>
        <time>2026-08-04T10:49:42Z</time>
        <extensions>
          <gpxtpx:TrackPointExtension>
            <gpxtpx:hr>127</gpxtpx:hr>
          </gpxtpx:TrackPointExtension>
        </extensions>
      </trkpt>
      <trkpt lat="24.510707070656547" lon="117.69745364090137">
        <ele>8.399999618530273</ele>
        <time>2026-08-04T10:49:46Z</time>
        <extensions>
          <gpxtpx:TrackPointExtension>
            <gpxtpx:hr>127</gpxtpx:hr>
          </gpxtpx:TrackPointExtension>
        </extensions>
      </trkpt>
      <trkpt lat="24.510619088632023" lon="117.69743467517401">
        <ele>8.399999618530273</ele>
        <time>2026-08-04T10:49:50Z</time>
        <extensions>
          <gpxtpx:TrackPointExtension>
            <gpxtpx:hr>128</gpxtpx:hr>
          </gpxtpx:TrackPointExtension>
        </extensions>
      </trkpt>
      <trkpt lat="24.510528118703288" lon="117.69740772147803">
        <ele>8.600000381469727</ele>
        <time>2026-08-04T10:49:54Z</time>
        <extensions>
          <gpxtpx:TrackPointExtension>
            <gpxtpx:hr>129</gpxtpx:hr>
          </gpxtpx:TrackPointExtension>
        </extensions>
      </trkpt>
      <trkpt lat="24.510430149414052" lon="117.69737976977386">
        <ele>8.399999618530273</ele>
        <time>2026-08-04T10:49:58Z</time>
        <extensions>
          <gpxtpx:TrackPointExtension>
            <gpxtpx:hr>131</gpxtpx:hr>
          </gpxtpx:TrackPointExtension>
        </extensions>
      </trkpt>
      <trkpt lat="24.510349162077105" lon="117.6973647976758">
        <ele>8.399999618530273</ele>
        <time>2026-08-04T10:50:02Z</time>
        <extensions>
          <gpxtpx:TrackPointExtension>
            <gpxtpx:hr>133</gpxtpx:hr>
          </gpxtpx:TrackPointExtension>
        </extensions>
      </trkpt>
      <trkpt lat="24.51026419765544" lon="117.69733484803635">
        <ele>8.399999618530273</ele>
        <time>2026-08-04T10:50:06Z</time>
        <extensions>
          <gpxtpx:TrackPointExtension>
            <gpxtpx:hr>134</gpxtpx:hr>
          </gpxtpx:TrackPointExtension>
        </extensions>
      </trkpt>
      <trkpt lat="24.510185265332737" lon="117.69728492757723">
        <ele>8.600000381469727</ele>
        <time>2026-08-04T10:50:10Z</time>
        <extensions>
          <gpxtpx:TrackPointExtension>
            <gpxtpx:hr>135</gpxtpx:hr>
          </gpxtpx:TrackPointExtension>
        </extensions>
      </trkpt>
      <trkpt lat="24.510095301848942" lon="117.69725397983305">
        <ele>8.600000381469727</ele>
        <time>2026-08-04T10:50:14Z</time>
        <extensions>
          <gpxtpx:TrackPointExtension>
            <gpxtpx:hr>136</gpxtpx:hr>
          </gpxtpx:TrackPointExtension>
        </extensions>
      </trkpt>
      <trkpt lat="24.51001132978375" lon="117.6972290228022">
        <ele>8.600000381469727</ele>
        <time>2026-08-04T10:50:18Z</time>
        <extensions>
          <gpxtpx:TrackPointExtension>
            <gpxtpx:hr>137</gpxtpx:hr>
          </gpxtpx:TrackPointExtension>
        </extensions>
      </trkpt>
      <trkpt lat="24.509923372855898" lon="117.69719408088649">
        <ele>8.399999618530273</ele>
        <time>2026-08-04T10:50:22Z</time>
        <extensions>
          <gpxtpx:TrackPointExtension>
            <gpxtpx:hr>136</gpxtpx:hr>
          </gpxtpx:TrackPointExtension>
        </extensions>
      </trkpt>
      <trkpt lat="24.50983140287519" lon="117.69716712742533">
        <ele>8.399999618530273</ele>
        <time>2026-08-04T10:50:26Z</time>
        <extensions>
          <gpxtpx:TrackPointExtension>
            <gpxtpx:hr>136</gpxtpx:hr>
          </gpxtpx:TrackPointExtension>
        </extensions>
      </trkpt>
      <trkpt lat="24.50974443357059" lon="117.69714017362791">
        <ele>8.399999618530273</ele>
        <time>2026-08-04T10:50:30Z</time>
        <extensions>
          <gpxtpx:TrackPointExtension>
            <gpxtpx:hr>136</gpxtpx:hr>
          </gpxtpx:TrackPointExtension>
        </extensions>
      </trkpt>
      <trkpt lat="24.50967045660374" lon="117.697119210025">
        <ele>8.399999618530273</ele>
        <time>2026-08-04T10:50:34Z</time>
        <extensions>
          <gpxtpx:TrackPointExtension>
            <gpxtpx:hr>136</gpxtpx:hr>
          </gpxtpx:TrackPointExtension>
        </extensions>
      </trkpt>
      <trkpt lat="24.509581479202588" lon="117.69709724898085">
        <ele>8.399999618530273</ele>
        <time>2026-08-04T10:50:38Z</time>
        <extensions>
          <gpxtpx:TrackPointExtension>
            <gpxtpx:hr>136</gpxtpx:hr>
          </gpxtpx:TrackPointExtension>
        </extensions>
      </trkpt>
      <trkpt lat="24.509494503641317" lon="117.69707428929172">
        <ele>8.199999809265137</ele>
        <time>2026-08-04T10:50:42Z</time>
        <extensions>
          <gpxtpx:TrackPointExtension>
            <gpxtpx:hr>136</gpxtpx:hr>
          </gpxtpx:TrackPointExtension>
        </extensions>
      </trkpt>
      <trkpt lat="24.509419535971052" lon="117.69704733470631">
        <ele>8.199999809265137</ele>
        <time>2026-08-04T10:50:46Z</time>
        <extensions>
          <gpxtpx:TrackPointExtension>
            <gpxtpx:hr>135</gpxtpx:hr>
          </gpxtpx:TrackPointExtension>
        </extensions>
      </trkpt>
      <trkpt lat="24.509361558027898" lon="117.69702836704595">
        <ele>8.399999618530273</ele>
        <time>2026-08-04T10:50:50Z</time>
        <extensions>
          <gpxtpx:TrackPointExtension>
            <gpxtpx:hr>136</gpxtpx:hr>
          </gpxtpx:TrackPointExtension>
        </extensions>
      </trkpt>
      <trkpt lat="24.50934157890213" lon="117.69701339075499">
        <ele>8.199999809265137</ele>
        <time>2026-08-04T10:50:54Z</time>
        <extensions>
          <gpxtpx:TrackPointExtension>
            <gpxtpx:hr>136</gpxtpx:hr>
          </gpxtpx:TrackPointExtension>
        </extensions>
      </trkpt>
      <trkpt lat="24.50932356863659" lon="117.69701838460037">
        <ele>8.0</ele>
        <time>2026-08-04T10:50:58Z</time>
        <extensions>
          <gpxtpx:TrackPointExtension>
            <gpxtpx:hr>135</gpxtpx:hr>
          </gpxtpx:TrackPointExtension>
        </extensions>
      </trkpt>
      <trkpt lat="24.509242589185533" lon="117.69699842007122">
        <ele>7.800000190734863</ele>
        <time>2026-08-04T10:51:49Z</time>
        <extensions>
          <gpxtpx:TrackPointExtension>
            <gpxtpx:hr>108</gpxtpx:hr>
          </gpxtpx:TrackPointExtension>
        </extensions>
      </trkpt>
      <trkpt lat="24.509156631065643" lon="117.6969644767288">
        <ele>8.0</ele>
        <time>2026-08-04T10:51:53Z</time>
        <extensions>
          <gpxtpx:TrackPointExtension>
            <gpxtpx:hr>106</gpxtpx:hr>
          </gpxtpx:TrackPointExtension>
        </extensions>
      </trkpt>
      <trkpt lat="24.509051648401048" lon="117.69694451392833">
        <ele>8.0</ele>
        <time>2026-08-04T10:51:57Z</time>
        <extensions>
          <gpxtpx:TrackPointExtension>
            <gpxtpx:hr>109</gpxtpx:hr>
          </gpxtpx:TrackPointExtension>
        </extensions>
      </trkpt>
      <trkpt lat="24.50898771371002" lon="117.69689758842866">
        <ele>8.0</ele>
        <time>2026-08-04T10:52:01Z</time>
        <extensions>
          <gpxtpx:TrackPointExtension>
            <gpxtpx:hr>114</gpxtpx:hr>
          </gpxtpx:TrackPointExtension>
        </extensions>
      </trkpt>
      <trkpt lat="24.508891741709107" lon="117.69687163396178">
        <ele>8.0</ele>
        <time>2026-08-04T10:52:05Z</time>
        <extensions>
          <gpxtpx:TrackPointExtension>
            <gpxtpx:hr>114</gpxtpx:hr>
          </gpxtpx:TrackPointExtension>
        </extensions>
      </trkpt>
      <trkpt lat="24.50880372357528" lon="117.69687563424226">
        <ele>8.0</ele>
        <time>2026-08-04T10:52:09Z</time>
        <extensions>
          <gpxtpx:TrackPointExtension>
            <gpxtpx:hr>115</gpxtpx:hr>
          </gpxtpx:TrackPointExtension>
        </extensions>
      </trkpt>
      <trkpt lat="24.50872976082879" lon="117.69684568419127">
        <ele>8.0</ele>
        <time>2026-08-04T10:52:13Z</time>
        <extensions>
          <gpxtpx:TrackPointExtension>
            <gpxtpx:hr>115</gpxtpx:hr>
          </gpxtpx:TrackPointExtension>
        </extensions>
      </trkpt>
      <trkpt lat="24.5086527898185" lon="117.69682072691974">
        <ele>8.0</ele>
        <time>2026-08-04T10:52:17Z</time>
        <extensions>
          <gpxtpx:TrackPointExtension>
            <gpxtpx:hr>117</gpxtpx:hr>
          </gpxtpx:TrackPointExtension>
        </extensions>
      </trkpt>
      <trkpt lat="24.50856879739586" lon="117.69680875077012">
        <ele>8.0</ele>
        <time>2026-08-04T10:52:21Z</time>
        <extensions>
          <gpxtpx:TrackPointExtension>
            <gpxtpx:hr>121</gpxtpx:hr>
          </gpxtpx:TrackPointExtension>
        </extensions>
      </trkpt>
      <trkpt lat="24.50849184057411" lon="117.69677480695049">
        <ele>8.199999809265137</ele>
        <time>2026-08-04T10:52:25Z</time>
        <extensions>
          <gpxtpx:TrackPointExtension>
            <gpxtpx:hr>123</gpxtpx:hr>
          </gpxtpx:TrackPointExtension>
        </extensions>
      </trkpt>
      <trkpt lat="24.508408859317587" lon="117.69675584119187">
        <ele>8.0</ele>
        <time>2026-08-04T10:52:29Z</time>
        <extensions>
          <gpxtpx:TrackPointExtension>
            <gpxtpx:hr>125</gpxtpx:hr>
          </gpxtpx:TrackPointExtension>
        </extensions>
      </trkpt>
      <trkpt lat="24.50833078733488" lon="117.69679478852623">
        <ele>8.0</ele>
        <time>2026-08-04T10:52:33Z</time>
        <extensions>
          <gpxtpx:TrackPointExtension>
            <gpxtpx:hr>128</gpxtpx:hr>
          </gpxtpx:TrackPointExtension>
        </extensions>
      </trkpt>
      <trkpt lat="24.50822978944443" lon="117.69678481060559">
        <ele>8.0</ele>
        <time>2026-08-04T10:52:37Z</time>
        <extensions>
          <gpxtpx:TrackPointExtension>
            <gpxtpx:hr>129</gpxtpx:hr>
          </gpxtpx:TrackPointExtension>
        </extensions>
      </trkpt>
      <trkpt lat="24.50813583977396" lon="117.69674487696868">
        <ele>8.0</ele>
        <time>2026-08-04T10:52:41Z</time>
        <extensions>
          <gpxtpx:TrackPointExtension>
            <gpxtpx:hr>132</gpxtpx:hr>
          </gpxtpx:TrackPointExtension>
        </extensions>
      </trkpt>
      <trkpt lat="24.50805184890551" lon="117.69673190233482">
        <ele>8.199999809265137</ele>
        <time>2026-08-04T10:52:45Z</time>
        <extensions>
          <gpxtpx:TrackPointExtension>
            <gpxtpx:hr>132</gpxtpx:hr>
          </gpxtpx:TrackPointExtension>
        </extensions>
      </trkpt>
      <trkpt lat="24.507974862135498" lon="117.69671693019609">
        <ele>8.399999618530273</ele>
        <time>2026-08-04T10:52:49Z</time>
        <extensions>
          <gpxtpx:TrackPointExtension>
            <gpxtpx:hr>132</gpxtpx:hr>
          </gpxtpx:TrackPointExtension>
        </extensions>
      </trkpt>
      <trkpt lat="24.50789488757722" lon="117.69669397022862">
        <ele>8.199999809265137</ele>
        <time>2026-08-04T10:52:53Z</time>
        <extensions>
          <gpxtpx:TrackPointExtension>
            <gpxtpx:hr>132</gpxtpx:hr>
          </gpxtpx:TrackPointExtension>
        </extensions>
      </trkpt>
      <trkpt lat="24.50781591789368" lon="117.69666801468784">
        <ele>8.199999809265137</ele>
        <time>2026-08-04T10:52:57Z</time>
        <extensions>
          <gpxtpx:TrackPointExtension>
            <gpxtpx:hr>133</gpxtpx:hr>
          </gpxtpx:TrackPointExtension>
        </extensions>
      </trkpt>
      <trkpt lat="24.507736946640097" lon="117.69664305766833">
        <ele>8.199999809265137</ele>
        <time>2026-08-04T10:53:01Z</time>
        <extensions>
          <gpxtpx:TrackPointExtension>
            <gpxtpx:hr>129</gpxtpx:hr>
          </gpxtpx:TrackPointExtension>
        </extensions>
      </trkpt>
      <trkpt lat="24.50766598437529" lon="117.69661310757795">
        <ele>8.199999809265137</ele>
        <time>2026-08-04T10:53:05Z</time>
        <extensions>
          <gpxtpx:TrackPointExtension>
            <gpxtpx:hr>132</gpxtpx:hr>
          </gpxtpx:TrackPointExtension>
        </extensions>
      </trkpt>
      <trkpt lat="24.507572997022148" lon="117.69659713811427">
        <ele>8.399999618530273</ele>
        <time>2026-08-04T10:53:09Z</time>
        <extensions>
          <gpxtpx:TrackPointExtension>
            <gpxtpx:hr>133</gpxtpx:hr>
          </gpxtpx:TrackPointExtension>
        </extensions>
      </trkpt>
      <trkpt lat="24.507479026910485" lon="117.69657018519659">
        <ele>8.399999618530273</ele>
        <time>2026-08-04T10:53:13Z</time>
        <extensions>
          <gpxtpx:TrackPointExtension>
            <gpxtpx:hr>134</gpxtpx:hr>
          </gpxtpx:TrackPointExtension>
        </extensions>
      </trkpt>
      <trkpt lat="24.507400017753785" lon="117.69656919229467">
        <ele>8.199999809265137</ele>
        <time>2026-08-04T10:53:17Z</time>
        <extensions>
          <gpxtpx:TrackPointExtension>
            <gpxtpx:hr>132</gpxtpx:hr>
          </gpxtpx:TrackPointExtension>
        </extensions>
      </trkpt>
      <trkpt lat="24.507313028047015" lon="117.69655521942752">
        <ele>8.399999618530273</ele>
        <time>2026-08-04T10:53:21Z</time>
        <extensions>
          <gpxtpx:TrackPointExtension>
            <gpxtpx:hr>132</gpxtpx:hr>
          </gpxtpx:TrackPointExtension>
        </extensions>
      </trkpt>
      <trkpt lat="24.507248069788695" lon="117.69652327197382">
        <ele>8.399999618530273</ele>
        <time>2026-08-04T10:53:25Z</time>
        <extensions>
          <gpxtpx:TrackPointExtension>
            <gpxtpx:hr>133</gpxtpx:hr>
          </gpxtpx:TrackPointExtension>
        </extensions>
      </trkpt>
      <trkpt lat="24.50719207797841" lon="117.69651329092976">
        <ele>8.399999618530273</ele>
        <time>2026-08-04T10:53:29Z</time>
        <extensions>
          <gpxtpx:TrackPointExtension>
            <gpxtpx:hr>134</gpxtpx:hr>
          </gpxtpx:TrackPointExtension>
        </extensions>
      </trkpt>
      <trkpt lat="24.507124127243255" lon="117.6964763512197">
        <ele>8.399999618530273</ele>
        <time>2026-08-04T10:53:33Z</time>
        <extensions>
          <gpxtpx:TrackPointExtension>
            <gpxtpx:hr>134</gpxtpx:hr>
          </gpxtpx:TrackPointExtension>
        </extensions>
      </trkpt>
      <trkpt lat="24.507045182948904" lon="117.69643441982625">
        <ele>8.399999618530273</ele>
        <time>2026-08-04T10:53:37Z</time>
        <extensions>
          <gpxtpx:TrackPointExtension>
            <gpxtpx:hr>135</gpxtpx:hr>
          </gpxtpx:TrackPointExtension>
        </extensions>
      </trkpt>
      <trkpt lat="24.506972218914804" lon="117.69640546853093">
        <ele>8.399999618530273</ele>
        <time>2026-08-04T10:53:41Z</time>
        <extensions>
          <gpxtpx:TrackPointExtension>
            <gpxtpx:hr>134</gpxtpx:hr>
          </gpxtpx:TrackPointExtension>
        </extensions>
      </trkpt>
      <trkpt lat="24.506900255029993" lon="117.6963765171854">
        <ele>8.399999618530273</ele>
        <time>2026-08-04T10:53:45Z</time>
        <extensions>
          <gpxtpx:TrackPointExtension>
            <gpxtpx:hr>135</gpxtpx:hr>
          </gpxtpx:TrackPointExtension>
        </extensions>
      </trkpt>
      <trkpt lat="24.506841216880726" lon="117.69639549283278">
        <ele>8.399999618530273</ele>
        <time>2026-08-04T10:53:49Z</time>
        <extensions>
          <gpxtpx:TrackPointExtension>
            <gpxtpx:hr>137</gpxtpx:hr>
          </gpxtpx:TrackPointExtension>
        </extensions>
      </trkpt>
      <trkpt lat="24.506748220022917" lon="117.69638551444314">
        <ele>8.399999618530273</ele>
        <time>2026-08-04T10:53:53Z</time>
        <extensions>
          <gpxtpx:TrackPointExtension>
            <gpxtpx:hr>138</gpxtpx:hr>
          </gpxtpx:TrackPointExtension>
        </extensions>
      </trkpt>
      <trkpt lat="24.5066292291114" lon="117.6963695469122">
        <ele>8.399999618530273</ele>
        <time>2026-08-04T10:53:57Z</time>
        <extensions>
          <gpxtpx:TrackPointExtension>
            <gpxtpx:hr>138</gpxtpx:hr>
          </gpxtpx:TrackPointExtension>
        </extensions>
      </trkpt>
      <trkpt lat="24.506512235295673" lon="117.69635557624045">
        <ele>8.399999618530273</ele>
        <time>2026-08-04T10:54:01Z</time>
        <extensions>
          <gpxtpx:TrackPointExtension>
            <gpxtpx:hr>138</gpxtpx:hr>
          </gpxtpx:TrackPointExtension>
        </extensions>
      </trkpt>
      <trkpt lat="24.506433262524908" lon="117.69633161791032">
        <ele>8.600000381469727</ele>
        <time>2026-08-04T10:54:05Z</time>
        <extensions>
          <gpxtpx:TrackPointExtension>
            <gpxtpx:hr>138</gpxtpx:hr>
          </gpxtpx:TrackPointExtension>
        </extensions>
      </trkpt>
      <trkpt lat="24.506351316310912" lon="117.69629068537485">
        <ele>8.800000190734863</ele>
        <time>2026-08-04T10:54:09Z</time>
        <extensions>
          <gpxtpx:TrackPointExtension>
            <gpxtpx:hr>138</gpxtpx:hr>
          </gpxtpx:TrackPointExtension>
        </extensions>
      </trkpt>
      <trkpt lat="24.506271376748654" lon="117.69624575875989">
        <ele>8.800000190734863</ele>
        <time>2026-08-04T10:54:13Z</time>
        <extensions>
          <gpxtpx:TrackPointExtension>
            <gpxtpx:hr>139</gpxtpx:hr>
          </gpxtpx:TrackPointExtension>
        </extensions>
      </trkpt>
      <trkpt lat="24.506207379086046" lon="117.69623877383448">
        <ele>8.800000190734863</ele>
        <time>2026-08-04T10:54:17Z</time>
        <extensions>
          <gpxtpx:TrackPointExtension>
            <gpxtpx:hr>138</gpxtpx:hr>
          </gpxtpx:TrackPointExtension>
        </extensions>
      </trkpt>
      <trkpt lat="24.506130403450715" lon="117.6962168124193">
        <ele>8.800000190734863</ele>
        <time>2026-08-04T10:54:21Z</time>
        <extensions>
          <gpxtpx:TrackPointExtension>
            <gpxtpx:hr>138</gpxtpx:hr>
          </gpxtpx:TrackPointExtension>
        </extensions>
      </trkpt>
      <trkpt lat="24.5060454394281" lon="117.69618686363627">
        <ele>8.600000381469727</ele>
        <time>2026-08-04T10:54:25Z</time>
        <extensions>
          <gpxtpx:TrackPointExtension>
            <gpxtpx:hr>138</gpxtpx:hr>
          </gpxtpx:TrackPointExtension>
        </extensions>
      </trkpt>
      <trkpt lat="24.505944482754355" lon="117.69615092505475">
        <ele>8.600000381469727</ele>
        <time>2026-08-04T10:54:29Z</time>
        <extensions>
          <gpxtpx:TrackPointExtension>
            <gpxtpx:hr>139</gpxtpx:hr>
          </gpxtpx:TrackPointExtension>
        </extensions>
      </trkpt>
      <trkpt lat="24.505836471091786" lon="117.69614893572579">
        <ele>8.399999618530273</ele>
        <time>2026-08-04T10:54:33Z</time>
        <extensions>
          <gpxtpx:TrackPointExtension>
            <gpxtpx:hr>141</gpxtpx:hr>
          </gpxtpx:TrackPointExtension>
        </extensions>
      </trkpt>
      <trkpt lat="24.50569843781024" lon="117.69615793193992">
        <ele>8.399999618530273</ele>
        <time>2026-08-04T10:54:37Z</time>
        <extensions>
          <gpxtpx:TrackPointExtension>
            <gpxtpx:hr>142</gpxtpx:hr>
          </gpxtpx:TrackPointExtension>
        </extensions>
      </trkpt>
      <trkpt lat="24.505588470347195" lon="117.69612798497208">
        <ele>8.600000381469727</ele>
        <time>2026-08-04T10:54:41Z</time>
        <extensions>
          <gpxtpx:TrackPointExtension>
            <gpxtpx:hr>143</gpxtpx:hr>
          </gpxtpx:TrackPointExtension>
        </extensions>
      </trkpt>
      <trkpt lat="24.505483478139173" lon="117.69611401353208">
        <ele>8.600000381469727</ele>
        <time>2026-08-04T10:54:45Z</time>
        <extensions>
          <gpxtpx:TrackPointExtension>
            <gpxtpx:hr>144</gpxtpx:hr>
          </gpxtpx:TrackPointExtension>
        </extensions>
      </trkpt>
      <trkpt lat="24.50538351046978" lon="117.69608506437825">
        <ele>8.199999809265137</ele>
        <time>2026-08-04T10:54:49Z</time>
        <extensions>
          <gpxtpx:TrackPointExtension>
            <gpxtpx:hr>144</gpxtpx:hr>
          </gpxtpx:TrackPointExtension>
        </extensions>
      </trkpt>
      <trkpt lat="24.50529154391255" lon="117.69605611467782">
        <ele>8.199999809265137</ele>
        <time>2026-08-04T10:54:53Z</time>
        <extensions>
          <gpxtpx:TrackPointExtension>
            <gpxtpx:hr>145</gpxtpx:hr>
          </gpxtpx:TrackPointExtension>
        </extensions>
      </trkpt>
      <trkpt lat="24.505203579509047" lon="117.696026166225">
        <ele>8.199999809265137</ele>
        <time>2026-08-04T10:54:57Z</time>
        <extensions>
          <gpxtpx:TrackPointExtension>
            <gpxtpx:hr>145</gpxtpx:hr>
          </gpxtpx:TrackPointExtension>
        </extensions>
      </trkpt>
      <trkpt lat="24.50511662321764" lon="117.69599122528055">
        <ele>8.199999809265137</ele>
        <time>2026-08-04T10:55:01Z</time>
        <extensions>
          <gpxtpx:TrackPointExtension>
            <gpxtpx:hr>145</gpxtpx:hr>
          </gpxtpx:TrackPointExtension>
        </extensions>
      </trkpt>
      <trkpt lat="24.50502567276504" lon="117.69595229069915">
        <ele>8.0</ele>
        <time>2026-08-04T10:55:05Z</time>
        <extensions>
          <gpxtpx:TrackPointExtension>
            <gpxtpx:hr>146</gpxtpx:hr>
          </gpxtpx:TrackPointExtension>
        </extensions>
      </trkpt>
      <trkpt lat="24.5049317107628" lon="117.6959203457739">
        <ele>8.199999809265137</ele>
        <time>2026-08-04T10:55:09Z</time>
        <extensions>
          <gpxtpx:TrackPointExtension>
            <gpxtpx:hr>146</gpxtpx:hr>
          </gpxtpx:TrackPointExtension>
        </extensions>
      </trkpt>
      <trkpt lat="24.504845761044546" lon="117.69588141090532">
        <ele>8.0</ele>
        <time>2026-08-04T10:55:13Z</time>
        <extensions>
          <gpxtpx:TrackPointExtension>
            <gpxtpx:hr>146</gpxtpx:hr>
          </gpxtpx:TrackPointExtension>
        </extensions>
      </trkpt>
      <trkpt lat="24.504764810448105" lon="117.69584347420407">
        <ele>8.199999809265137</ele>
        <time>2026-08-04T10:55:17Z</time>
        <extensions>
          <gpxtpx:TrackPointExtension>
            <gpxtpx:hr>145</gpxtpx:hr>
          </gpxtpx:TrackPointExtension>
        </extensions>
      </trkpt>
      <trkpt lat="24.5046798289925" lon="117.69582450902067">
        <ele>8.199999809265137</ele>
        <time>2026-08-04T10:55:21Z</time>
        <extensions>
          <gpxtpx:TrackPointExtension>
            <gpxtpx:hr>145</gpxtpx:hr>
          </gpxtpx:TrackPointExtension>
        </extensions>
      </trkpt>
      <trkpt lat="24.504596884538884" lon="117.69578257857985">
        <ele>8.199999809265137</ele>
        <time>2026-08-04T10:55:25Z</time>
        <extensions>
          <gpxtpx:TrackPointExtension>
            <gpxtpx:hr>146</gpxtpx:hr>
          </gpxtpx:TrackPointExtension>
        </extensions>
      </trkpt>
      <trkpt lat="24.50451795984609" lon="117.69572866611145">
        <ele>8.0</ele>
        <time>2026-08-04T10:55:29Z</time>
        <extensions>
          <gpxtpx:TrackPointExtension>
            <gpxtpx:hr>147</gpxtpx:hr>
          </gpxtpx:TrackPointExtension>
        </extensions>
      </trkpt>
      <trkpt lat="24.504430974941478" lon="117.69571169808583">
        <ele>7.800000190734863</ele>
        <time>2026-08-04T10:55:33Z</time>
        <extensions>
          <gpxtpx:TrackPointExtension>
            <gpxtpx:hr>149</gpxtpx:hr>
          </gpxtpx:TrackPointExtension>
        </extensions>
      </trkpt>
      <trkpt lat="24.504331951601873" lon="117.6957176959931">
        <ele>8.0</ele>
        <time>2026-08-04T10:55:37Z</time>
        <extensions>
          <gpxtpx:TrackPointExtension>
            <gpxtpx:hr>150</gpxtpx:hr>
          </gpxtpx:TrackPointExtension>
        </extensions>
      </trkpt>
      <trkpt lat="24.504255918666093" lon="117.69573168012755">
        <ele>8.0</ele>
        <time>2026-08-04T10:57:38Z</time>
        <extensions>
          <gpxtpx:TrackPointExtension>
            <gpxtpx:hr>100</gpxtpx:hr>
          </gpxtpx:TrackPointExtension>
        </extensions>
      </trkpt>
      <trkpt lat="24.504164955561116" lon="117.69570073364198">
        <ele>8.0</ele>
        <time>2026-08-04T10:57:43Z</time>
        <extensions>
          <gpxtpx:TrackPointExtension>
            <gpxtpx:hr>99</gpxtpx:hr>
          </gpxtpx:TrackPointExtension>
        </extensions>
      </trkpt>
      <trkpt lat="24.504056025152813" lon="117.69564782188665">
        <ele>8.199999809265137</ele>
        <time>2026-08-04T10:57:47Z</time>
        <extensions>
          <gpxtpx:TrackPointExtension>
            <gpxtpx:hr>103</gpxtpx:hr>
          </gpxtpx:TrackPointExtension>
        </extensions>
      </trkpt>
      <trkpt lat="24.503951098550854" lon="117.6955929129578">
        <ele>8.199999809265137</ele>
        <time>2026-08-04T10:57:51Z</time>
        <extensions>
          <gpxtpx:TrackPointExtension>
            <gpxtpx:hr>110</gpxtpx:hr>
          </gpxtpx:TrackPointExtension>
        </extensions>
      </trkpt>
      <trkpt lat="24.50384914038232" lon="117.69555797344354">
        <ele>8.0</ele>
        <time>2026-08-04T10:57:55Z</time>
        <extensions>
          <gpxtpx:TrackPointExtension>
            <gpxtpx:hr>115</gpxtpx:hr>
          </gpxtpx:TrackPointExtension>
        </extensions>
      </trkpt>
      <trkpt lat="24.503749091206007" lon="117.69557994705185">
        <ele>8.0</ele>
        <time>2026-08-04T10:57:59Z</time>
        <extensions>
          <gpxtpx:TrackPointExtension>
            <gpxtpx:hr>117</gpxtpx:hr>
          </gpxtpx:TrackPointExtension>
        </extensions>
      </trkpt>
      <trkpt lat="24.503654025121207" lon="117.69561290358823">
        <ele>8.199999809265137</ele>
        <time>2026-08-04T10:58:03Z</time>
        <extensions>
          <gpxtpx:TrackPointExtension>
            <gpxtpx:hr>119</gpxtpx:hr>
          </gpxtpx:TrackPointExtension>
        </extensions>
      </trkpt>
      <trkpt lat="24.503556014637798" lon="117.69561091357527">
        <ele>8.199999809265137</ele>
        <time>2026-08-04T10:58:07Z</time>
        <extensions>
          <gpxtpx:TrackPointExtension>
            <gpxtpx:hr>122</gpxtpx:hr>
          </gpxtpx:TrackPointExtension>
        </extensions>
      </trkpt>
      <trkpt lat="24.503457978538364" lon="117.69562489923261">
        <ele>8.199999809265137</ele>
        <time>2026-08-04T10:58:11Z</time>
        <extensions>
          <gpxtpx:TrackPointExtension>
            <gpxtpx:hr>129</gpxtpx:hr>
          </gpxtpx:TrackPointExtension>
        </extensions>
      </trkpt>
      <trkpt lat="24.50336299086164" lon="117.69560893029531">
        <ele>8.399999618530273</ele>
        <time>2026-08-04T10:58:15Z</time>
        <extensions>
          <gpxtpx:TrackPointExtension>
            <gpxtpx:hr>132</gpxtpx:hr>
          </gpxtpx:TrackPointExtension>
        </extensions>
      </trkpt>
      <trkpt lat="24.503264989954864" lon="117.69560094940799">
        <ele>8.199999809265137</ele>
        <time>2026-08-04T10:58:19Z</time>
        <extensions>
          <gpxtpx:TrackPointExtension>
            <gpxtpx:hr>135</gpxtpx:hr>
          </gpxtpx:TrackPointExtension>
        </extensions>
      </trkpt>
      <trkpt lat="24.503161977133793" lon="117.69559995822883">
        <ele>8.199999809265137</ele>
        <time>2026-08-04T10:58:23Z</time>
        <extensions>
          <gpxtpx:TrackPointExtension>
            <gpxtpx:hr>136</gpxtpx:hr>
          </gpxtpx:TrackPointExtension>
        </extensions>
      </trkpt>
      <trkpt lat="24.503064987556684" lon="117.69558498792135">
        <ele>8.399999618530273</ele>
        <time>2026-08-04T10:58:27Z</time>
        <extensions>
          <gpxtpx:TrackPointExtension>
            <gpxtpx:hr>137</gpxtpx:hr>
          </gpxtpx:TrackPointExtension>
        </extensions>
      </trkpt>
      <trkpt lat="24.50297899471377" lon="117.69557301227454">
        <ele>8.399999618530273</ele>
        <time>2026-08-04T10:58:31Z</time>
        <extensions>
          <gpxtpx:TrackPointExtension>
            <gpxtpx:hr>139</gpxtpx:hr>
          </gpxtpx:TrackPointExtension>
        </extensions>
      </trkpt>
      <trkpt lat="24.502880992174944" lon="117.69556602987215">
        <ele>8.600000381469727</ele>
        <time>2026-08-04T10:58:35Z</time>
        <extensions>
          <gpxtpx:TrackPointExtension>
            <gpxtpx:hr>140</gpxtpx:hr>
          </gpxtpx:TrackPointExtension>
        </extensions>
      </trkpt>
      <trkpt lat="24.502785977236687" lon="117.69556703508304">
        <ele>8.600000381469727</ele>
        <time>2026-08-04T10:58:39Z</time>
        <extensions>
          <gpxtpx:TrackPointExtension>
            <gpxtpx:hr>141</gpxtpx:hr>
          </gpxtpx:TrackPointExtension>
        </extensions>
      </trkpt>
      <trkpt lat="24.502692997807657" lon="117.69554607363726">
        <ele>8.600000381469727</ele>
        <time>2026-08-04T10:58:43Z</time>
        <extensions>
          <gpxtpx:TrackPointExtension>
            <gpxtpx:hr>141</gpxtpx:hr>
          </gpxtpx:TrackPointExtension>
        </extensions>
      </trkpt>
      <trkpt lat="24.502596984312905" lon="117.69554608044078">
        <ele>8.600000381469727</ele>
        <time>2026-08-04T10:58:47Z</time>
        <extensions>
          <gpxtpx:TrackPointExtension>
            <gpxtpx:hr>142</gpxtpx:hr>
          </gpxtpx:TrackPointExtension>
        </extensions>
      </trkpt>
      <trkpt lat="24.502507966988517" lon="117.69554908218134">
        <ele>8.800000190734863</ele>
        <time>2026-08-04T10:58:51Z</time>
        <extensions>
          <gpxtpx:TrackPointExtension>
            <gpxtpx:hr>143</gpxtpx:hr>
          </gpxtpx:TrackPointExtension>
        </extensions>
      </trkpt>
      <trkpt lat="24.502417983157876" lon="117.69553111596376">
        <ele>8.800000190734863</ele>
        <time>2026-08-04T10:58:55Z</time>
        <extensions>
          <gpxtpx:TrackPointExtension>
            <gpxtpx:hr>144</gpxtpx:hr>
          </gpxtpx:TrackPointExtension>
        </extensions>
      </trkpt>
      <trkpt lat="24.502311974637628" lon="117.69552712956674">
        <ele>8.600000381469727</ele>
        <time>2026-08-04T10:58:59Z</time>
        <extensions>
          <gpxtpx:TrackPointExtension>
            <gpxtpx:hr>145</gpxtpx:hr>
          </gpxtpx:TrackPointExtension>
        </extensions>
      </trkpt>
      <trkpt lat="24.502214967375732" lon="117.69552314253227">
        <ele>8.800000190734863</ele>
        <time>2026-08-04T10:59:03Z</time>
        <extensions>
          <gpxtpx:TrackPointExtension>
            <gpxtpx:hr>146</gpxtpx:hr>
          </gpxtpx:TrackPointExtension>
        </extensions>
      </trkpt>
      <trkpt lat="24.50212592278034" lon="117.69554311838718">
        <ele>8.800000190734863</ele>
        <time>2026-08-04T10:59:07Z</time>
        <extensions>
          <gpxtpx:TrackPointExtension>
            <gpxtpx:hr>147</gpxtpx:hr>
          </gpxtpx:TrackPointExtension>
        </extensions>
      </trkpt>
      <trkpt lat="24.502032957724712" lon="117.69551317066006">
        <ele>8.800000190734863</ele>
        <time>2026-08-04T10:59:11Z</time>
        <extensions>
          <gpxtpx:TrackPointExtension>
            <gpxtpx:hr>148</gpxtpx:hr>
          </gpxtpx:TrackPointExtension>
        </extensions>
      </trkpt>
      <trkpt lat="24.501939957413605" lon="117.69550518943632">
        <ele>9.0</ele>
        <time>2026-08-04T10:59:15Z</time>
        <extensions>
          <gpxtpx:TrackPointExtension>
            <gpxtpx:hr>147</gpxtpx:hr>
          </gpxtpx:TrackPointExtension>
        </extensions>
      </trkpt>
      <trkpt lat="24.501853946864816" lon="117.69550419705422">
        <ele>9.0</ele>
        <time>2026-08-04T10:59:19Z</time>
        <extensions>
          <gpxtpx:TrackPointExtension>
            <gpxtpx:hr>147</gpxtpx:hr>
          </gpxtpx:TrackPointExtension>
        </extensions>
      </trkpt>
      <trkpt lat="24.501768930039226" lon="117.69550719850811">
        <ele>9.0</ele>
        <time>2026-08-04T10:59:23Z</time>
        <extensions>
          <gpxtpx:TrackPointExtension>
            <gpxtpx:hr>146</gpxtpx:hr>
          </gpxtpx:TrackPointExtension>
        </extensions>
      </trkpt>
      <trkpt lat="24.501681927348578" lon="117.6955012138134">
        <ele>9.0</ele>
        <time>2026-08-04T10:59:27Z</time>
        <extensions>
          <gpxtpx:TrackPointExtension>
            <gpxtpx:hr>146</gpxtpx:hr>
          </gpxtpx:TrackPointExtension>
        </extensions>
      </trkpt>
      <trkpt lat="24.501575891508214" lon="117.69551420152334">
        <ele>9.0</ele>
        <time>2026-08-04T10:59:31Z</time>
        <extensions>
          <gpxtpx:TrackPointExtension>
            <gpxtpx:hr>146</gpxtpx:hr>
          </gpxtpx:TrackPointExtension>
        </extensions>
      </trkpt>
      <trkpt lat="24.50148286551442" lon="117.69552219593017">
        <ele>9.0</ele>
        <time>2026-08-04T10:59:35Z</time>
        <extensions>
          <gpxtpx:TrackPointExtension>
            <gpxtpx:hr>146</gpxtpx:hr>
          </gpxtpx:TrackPointExtension>
        </extensions>
      </trkpt>
      <trkpt lat="24.50138790333635" lon="117.69549025140675">
        <ele>9.0</ele>
        <time>2026-08-04T10:59:39Z</time>
        <extensions>
          <gpxtpx:TrackPointExtension>
            <gpxtpx:hr>145</gpxtpx:hr>
          </gpxtpx:TrackPointExtension>
        </extensions>
      </trkpt>
      <trkpt lat="24.501313021012038" lon="117.69541037868997">
        <ele>9.0</ele>
        <time>2026-08-04T10:59:43Z</time>
        <extensions>
          <gpxtpx:TrackPointExtension>
            <gpxtpx:hr>145</gpxtpx:hr>
          </gpxtpx:TrackPointExtension>
        </extensions>
      </trkpt>
      <trkpt lat="24.50127317912859" lon="117.69530853725664">
        <ele>9.0</ele>
        <time>2026-08-04T10:59:47Z</time>
        <extensions>
          <gpxtpx:TrackPointExtension>
            <gpxtpx:hr>145</gpxtpx:hr>
          </gpxtpx:TrackPointExtension>
        </extensions>
      </trkpt>
      <trkpt lat="24.501219304905298" lon="117.69522566799003">
        <ele>9.0</ele>
        <time>2026-08-04T10:59:51Z</time>
        <extensions>
          <gpxtpx:TrackPointExtension>
            <gpxtpx:hr>146</gpxtpx:hr>
          </gpxtpx:TrackPointExtension>
        </extensions>
      </trkpt>
      <trkpt lat="24.501138322361463" lon="117.69520770127346">
        <ele>9.0</ele>
        <time>2026-08-04T10:59:55Z</time>
        <extensions>
          <gpxtpx:TrackPointExtension>
            <gpxtpx:hr>146</gpxtpx:hr>
          </gpxtpx:TrackPointExtension>
        </extensions>
      </trkpt>
      <trkpt lat="24.501055310569214" lon="117.69520770715496">
        <ele>9.199999809265137</ele>
        <time>2026-08-04T10:59:59Z</time>
        <extensions>
          <gpxtpx:TrackPointExtension>
            <gpxtpx:hr>147</gpxtpx:hr>
          </gpxtpx:TrackPointExtension>
        </extensions>
      </trkpt>
      <trkpt lat="24.500979251506322" lon="117.69523766663873">
        <ele>9.399999618530273</ele>
        <time>2026-08-04T11:00:03Z</time>
        <extensions>
          <gpxtpx:TrackPointExtension>
            <gpxtpx:hr>148</gpxtpx:hr>
          </gpxtpx:TrackPointExtension>
        </extensions>
      </trkpt>
      <trkpt lat="24.50090014220055" lon="117.69529857896967">
        <ele>9.399999618530273</ele>
        <time>2026-08-04T11:00:07Z</time>
        <extensions>
          <gpxtpx:TrackPointExtension>
            <gpxtpx:hr>148</gpxtpx:hr>
          </gpxtpx:TrackPointExtension>
        </extensions>
      </trkpt>
      <trkpt lat="24.500824023758454" lon="117.69536548201684">
        <ele>9.199999809265137</ele>
        <time>2026-08-04T11:00:11Z</time>
        <extensions>
          <gpxtpx:TrackPointExtension>
            <gpxtpx:hr>148</gpxtpx:hr>
          </gpxtpx:TrackPointExtension>
        </extensions>
      </trkpt>
      <trkpt lat="24.500749969876892" lon="117.69539244605026">
        <ele>9.399999618530273</ele>
        <time>2026-08-04T11:00:15Z</time>
        <extensions>
          <gpxtpx:TrackPointExtension>
            <gpxtpx:hr>149</gpxtpx:hr>
          </gpxtpx:TrackPointExtension>
        </extensions>
      </trkpt>
      <trkpt lat="24.5006939859794" lon="117.69537747291109">
        <ele>9.399999618530273</ele>
        <time>2026-08-04T11:00:19Z</time>
        <extensions>
          <gpxtpx:TrackPointExtension>
            <gpxtpx:hr>149</gpxtpx:hr>
          </gpxtpx:TrackPointExtension>
        </extensions>
      </trkpt>
      <trkpt lat="24.500657969612487" lon="117.6953844647783">
        <ele>9.399999618530273</ele>
        <time>2026-08-04T11:00:23Z</time>
        <extensions>
          <gpxtpx:TrackPointExtension>
            <gpxtpx:hr>148</gpxtpx:hr>
          </gpxtpx:TrackPointExtension>
        </extensions>
      </trkpt>
      <trkpt lat="24.500656974285928" lon="117.6953814694278">
        <ele>9.600000381469727</ele>
        <time>2026-08-04T11:00:27Z</time>
        <extensions>
          <gpxtpx:TrackPointExtension>
            <gpxtpx:hr>148</gpxtpx:hr>
          </gpxtpx:TrackPointExtension>
        </extensions>
      </trkpt>
      <trkpt lat="24.500662960693653" lon="117.69539045526736">
        <ele>9.199999809265137</ele>
        <time>2026-08-04T11:00:31Z</time>
        <extensions>
          <gpxtpx:TrackPointExtension>
            <gpxtpx:hr>147</gpxtpx:hr>
          </gpxtpx:TrackPointExtension>
        </extensions>
      </trkpt>
      <trkpt lat="24.5006589729656" lon="117.69538246775986">
        <ele>9.399999618530273</ele>
        <time>2026-08-04T11:00:35Z</time>
        <extensions>
          <gpxtpx:TrackPointExtension>
            <gpxtpx:hr>143</gpxtpx:hr>
          </gpxtpx:TrackPointExtension>
        </extensions>
      </trkpt>
      <trkpt lat="24.500649968472445" lon="117.69538446534521">
        <ele>9.399999618530273</ele>
        <time>2026-08-04T11:00:39Z</time>
        <extensions>
          <gpxtpx:TrackPointExtension>
            <gpxtpx:hr>142</gpxtpx:hr>
          </gpxtpx:TrackPointExtension>
        </extensions>
      </trkpt>
      <trkpt lat="24.500653980279967" lon="117.6953774757456">
        <ele>9.399999618530273</ele>
        <time>2026-08-04T11:00:43Z</time>
        <extensions>
          <gpxtpx:TrackPointExtension>
            <gpxtpx:hr>138</gpxtpx:hr>
          </gpxtpx:TrackPointExtension>
        </extensions>
      </trkpt>
      <trkpt lat="24.500677982094395" lon="117.69537847251856">
        <ele>9.399999618530273</ele>
        <time>2026-08-04T11:00:47Z</time>
        <extensions>
          <gpxtpx:TrackPointExtension>
            <gpxtpx:hr>135</gpxtpx:hr>
          </gpxtpx:TrackPointExtension>
        </extensions>
      </trkpt>
      <trkpt lat="24.500649968472445" lon="117.69538446534521">
        <ele>9.199999809265137</ele>
        <time>2026-08-04T11:00:51Z</time>
        <extensions>
          <gpxtpx:TrackPointExtension>
            <gpxtpx:hr>133</gpxtpx:hr>
          </gpxtpx:TrackPointExtension>
        </extensions>
      </trkpt>
      <trkpt lat="24.500664975425916" lon="117.6953814688609">
        <ele>9.600000381469727</ele>
        <time>2026-08-04T11:00:55Z</time>
        <extensions>
          <gpxtpx:TrackPointExtension>
            <gpxtpx:hr>130</gpxtpx:hr>
          </gpxtpx:TrackPointExtension>
        </extensions>
      </trkpt>
      <trkpt lat="24.500491961997756" lon="117.69537449180443">
        <ele>9.600000381469727</ele>
        <time>2026-08-04T11:02:03Z</time>
        <extensions>
          <gpxtpx:TrackPointExtension>
            <gpxtpx:hr>111</gpxtpx:hr>
          </gpxtpx:TrackPointExtension>
        </extensions>
      </trkpt>
      <trkpt lat="24.500384964388953" lon="117.69536351617866">
        <ele>9.600000381469727</ele>
        <time>2026-08-04T11:02:07Z</time>
        <extensions>
          <gpxtpx:TrackPointExtension>
            <gpxtpx:hr>114</gpxtpx:hr>
          </gpxtpx:TrackPointExtension>
        </extensions>
      </trkpt>
      <trkpt lat="24.500276984295354" lon="117.69534155742438">
        <ele>9.800000190734863</ele>
        <time>2026-08-04T11:02:11Z</time>
        <extensions>
          <gpxtpx:TrackPointExtension>
            <gpxtpx:hr>116</gpxtpx:hr>
          </gpxtpx:TrackPointExtension>
        </extensions>
      </trkpt>
      <trkpt lat="24.50017292125551" lon="117.69537151898865">
        <ele>9.600000381469727</ele>
        <time>2026-08-04T11:02:15Z</time>
        <extensions>
          <gpxtpx:TrackPointExtension>
            <gpxtpx:hr>121</gpxtpx:hr>
          </gpxtpx:TrackPointExtension>
        </extensions>
      </trkpt>
      <trkpt lat="24.500085876706308" lon="117.6953914946287">
        <ele>9.800000190734863</ele>
        <time>2026-08-04T11:02:19Z</time>
        <extensions>
          <gpxtpx:TrackPointExtension>
            <gpxtpx:hr>122</gpxtpx:hr>
          </gpxtpx:TrackPointExtension>
        </extensions>
      </trkpt>
      <trkpt lat="24.499992848952402" lon="117.69540048748574">
        <ele>9.800000190734863</ele>
        <time>2026-08-04T11:02:23Z</time>
        <extensions>
          <gpxtpx:TrackPointExtension>
            <gpxtpx:hr>124</gpxtpx:hr>
          </gpxtpx:TrackPointExtension>
        </extensions>
      </trkpt>
      <trkpt lat="24.499897844979085" lon="117.69539450337267">
        <ele>9.800000190734863</ele>
        <time>2026-08-04T11:02:27Z</time>
        <extensions>
          <gpxtpx:TrackPointExtension>
            <gpxtpx:hr>126</gpxtpx:hr>
          </gpxtpx:TrackPointExtension>
        </extensions>
      </trkpt>
      <trkpt lat="24.499803841141077" lon="117.69538851918958">
        <ele>10.0</ele>
        <time>2026-08-04T11:02:31Z</time>
        <extensions>
          <gpxtpx:TrackPointExtension>
            <gpxtpx:hr>129</gpxtpx:hr>
          </gpxtpx:TrackPointExtension>
        </extensions>
      </trkpt>
      <trkpt lat="24.499706851313718" lon="117.69537354895677">
        <ele>10.199999809265137</ele>
        <time>2026-08-04T11:02:35Z</time>
        <extensions>
          <gpxtpx:TrackPointExtension>
            <gpxtpx:hr>130</gpxtpx:hr>
          </gpxtpx:TrackPointExtension>
        </extensions>
      </trkpt>
      <trkpt lat="24.499611848923013" lon="117.69536656637405">
        <ele>10.399999618530273</ele>
        <time>2026-08-04T11:02:39Z</time>
        <extensions>
          <gpxtpx:TrackPointExtension>
            <gpxtpx:hr>131</gpxtpx:hr>
          </gpxtpx:TrackPointExtension>
        </extensions>
      </trkpt>
      <trkpt lat="24.49952484125036" lon="117.69536357711871">
        <ele>10.600000381469727</ele>
        <time>2026-08-04T11:02:43Z</time>
        <extensions>
          <gpxtpx:TrackPointExtension>
            <gpxtpx:hr>133</gpxtpx:hr>
          </gpxtpx:TrackPointExtension>
        </extensions>
      </trkpt>
      <trkpt lat="24.49944284071225" lon="117.69535659361644">
        <ele>10.800000190734863</ele>
        <time>2026-08-04T11:02:47Z</time>
        <extensions>
          <gpxtpx:TrackPointExtension>
            <gpxtpx:hr>135</gpxtpx:hr>
          </gpxtpx:TrackPointExtension>
        </extensions>
      </trkpt>
      <trkpt lat="24.499367809058892" lon="117.69536957908406">
        <ele>11.0</ele>
        <time>2026-08-04T11:02:51Z</time>
        <extensions>
          <gpxtpx:TrackPointExtension>
            <gpxtpx:hr>137</gpxtpx:hr>
          </gpxtpx:TrackPointExtension>
        </extensions>
      </trkpt>
      <trkpt lat="24.499274787657782" lon="117.69537457804164">
        <ele>11.199999809265137</ele>
        <time>2026-08-04T11:02:55Z</time>
        <extensions>
          <gpxtpx:TrackPointExtension>
            <gpxtpx:hr>138</gpxtpx:hr>
          </gpxtpx:TrackPointExtension>
        </extensions>
      </trkpt>
      <trkpt lat="24.499180793399425" lon="117.69536260302088">
        <ele>11.399999618530273</ele>
        <time>2026-08-04T11:02:59Z</time>
        <extensions>
          <gpxtpx:TrackPointExtension>
            <gpxtpx:hr>140</gpxtpx:hr>
          </gpxtpx:TrackPointExtension>
        </extensions>
      </trkpt>
      <trkpt lat="24.499092759856396" lon="117.69537558941153">
        <ele>11.800000190734863</ele>
        <time>2026-08-04T11:03:03Z</time>
        <extensions>
          <gpxtpx:TrackPointExtension>
            <gpxtpx:hr>141</gpxtpx:hr>
          </gpxtpx:TrackPointExtension>
        </extensions>
      </trkpt>
      <trkpt lat="24.498998754341642" lon="117.69537060370438">
        <ele>11.800000190734863</ele>
        <time>2026-08-04T11:03:07Z</time>
        <extensions>
          <gpxtpx:TrackPointExtension>
            <gpxtpx:hr>142</gpxtpx:hr>
          </gpxtpx:TrackPointExtension>
        </extensions>
      </trkpt>
      <trkpt lat="24.498910799470003" lon="117.69533466490908">
        <ele>11.800000190734863</ele>
        <time>2026-08-04T11:03:11Z</time>
        <extensions>
          <gpxtpx:TrackPointExtension>
            <gpxtpx:hr>142</gpxtpx:hr>
          </gpxtpx:TrackPointExtension>
        </extensions>
      </trkpt>
      <trkpt lat="24.498830882740027" lon="117.6952757607331">
        <ele>11.800000190734863</ele>
        <time>2026-08-04T11:03:15Z</time>
        <extensions>
          <gpxtpx:TrackPointExtension>
            <gpxtpx:hr>143</gpxtpx:hr>
          </gpxtpx:TrackPointExtension>
        </extensions>
      </trkpt>
      <trkpt lat="24.49875799122022" lon="117.69520187909937">
        <ele>12.199999809265137</ele>
        <time>2026-08-04T11:03:19Z</time>
        <extensions>
          <gpxtpx:TrackPointExtension>
            <gpxtpx:hr>143</gpxtpx:hr>
          </gpxtpx:TrackPointExtension>
        </extensions>
      </trkpt>
      <trkpt lat="24.498675032346778" lon="117.69516893550073">
        <ele>12.399999618530273</ele>
        <time>2026-08-04T11:03:23Z</time>
        <extensions>
          <gpxtpx:TrackPointExtension>
            <gpxtpx:hr>143</gpxtpx:hr>
          </gpxtpx:TrackPointExtension>
        </extensions>
      </trkpt>
      <trkpt lat="24.49860099429353" lon="117.6951859147151">
        <ele>12.600000381469727</ele>
        <time>2026-08-04T11:03:27Z</time>
        <extensions>
          <gpxtpx:TrackPointExtension>
            <gpxtpx:hr>143</gpxtpx:hr>
          </gpxtpx:TrackPointExtension>
        </extensions>
      </trkpt>
      <trkpt lat="24.498528888968007" lon="117.69524482953463">
        <ele>12.399999618530273</ele>
        <time>2026-08-04T11:03:31Z</time>
        <extensions>
          <gpxtpx:TrackPointExtension>
            <gpxtpx:hr>143</gpxtpx:hr>
          </gpxtpx:TrackPointExtension>
        </extensions>
      </trkpt>
      <trkpt lat="24.498440808716524" lon="117.695286771552">
        <ele>12.600000381469727</ele>
        <time>2026-08-04T11:03:35Z</time>
        <extensions>
          <gpxtpx:TrackPointExtension>
            <gpxtpx:hr>143</gpxtpx:hr>
          </gpxtpx:TrackPointExtension>
        </extensions>
      </trkpt>
      <trkpt lat="24.49834777918723" lon="117.69529676285782">
        <ele>12.800000190734863</ele>
        <time>2026-08-04T11:03:39Z</time>
        <extensions>
          <gpxtpx:TrackPointExtension>
            <gpxtpx:hr>142</gpxtpx:hr>
          </gpxtpx:TrackPointExtension>
        </extensions>
      </trkpt>
      <trkpt lat="24.49837981114245" lon="117.69527978657425">
        <ele>13.0</ele>
        <time>2026-08-04T11:03:43Z</time>
        <extensions>
          <gpxtpx:TrackPointExtension>
            <gpxtpx:hr>144</gpxtpx:hr>
          </gpxtpx:TrackPointExtension>
        </extensions>
      </trkpt>
      <trkpt lat="24.498374898860554" lon="117.69522487104102">
        <ele>13.199999809265137</ele>
        <time>2026-08-04T11:03:47Z</time>
        <extensions>
          <gpxtpx:TrackPointExtension>
            <gpxtpx:hr>144</gpxtpx:hr>
          </gpxtpx:TrackPointExtension>
        </extensions>
      </trkpt>
      <trkpt lat="24.498288913760256" lon="117.6952079031475">
        <ele>13.399999618530273</ele>
        <time>2026-08-04T11:03:51Z</time>
        <extensions>
          <gpxtpx:TrackPointExtension>
            <gpxtpx:hr>146</gpxtpx:hr>
          </gpxtpx:TrackPointExtension>
        </extensions>
      </trkpt>
      <trkpt lat="24.498209957034064" lon="117.6951739607916">
        <ele>13.600000381469727</ele>
        <time>2026-08-04T11:03:55Z</time>
        <extensions>
          <gpxtpx:TrackPointExtension>
            <gpxtpx:hr>148</gpxtpx:hr>
          </gpxtpx:TrackPointExtension>
        </extensions>
      </trkpt>
      <trkpt lat="24.498221961991906" lon="117.6951719630038">
        <ele>13.800000190734863</ele>
        <time>2026-08-04T11:03:59Z</time>
        <extensions>
          <gpxtpx:TrackPointExtension>
            <gpxtpx:hr>148</gpxtpx:hr>
          </gpxtpx:TrackPointExtension>
        </extensions>
      </trkpt>
      <trkpt lat="24.498159909553955" lon="117.69519892606205">
        <ele>14.0</ele>
        <time>2026-08-04T11:04:03Z</time>
        <extensions>
          <gpxtpx:TrackPointExtension>
            <gpxtpx:hr>149</gpxtpx:hr>
          </gpxtpx:TrackPointExtension>
        </extensions>
      </trkpt>
      <trkpt lat="24.49807290981525" lon="117.69519094447179">
        <ele>14.399999618530273</ele>
        <time>2026-08-04T11:04:07Z</time>
        <extensions>
          <gpxtpx:TrackPointExtension>
            <gpxtpx:hr>149</gpxtpx:hr>
          </gpxtpx:TrackPointExtension>
        </extensions>
      </trkpt>
      <trkpt lat="24.497994871146105" lon="117.69520792397851">
        <ele>14.600000381469727</ele>
        <time>2026-08-04T11:04:11Z</time>
        <extensions>
          <gpxtpx:TrackPointExtension>
            <gpxtpx:hr>149</gpxtpx:hr>
          </gpxtpx:TrackPointExtension>
        </extensions>
      </trkpt>
      <trkpt lat="24.497924844899025" lon="117.6952179136357">
        <ele>14.800000190734863</ele>
        <time>2026-08-04T11:04:15Z</time>
        <extensions>
          <gpxtpx:TrackPointExtension>
            <gpxtpx:hr>146</gpxtpx:hr>
          </gpxtpx:TrackPointExtension>
        </extensions>
      </trkpt>
      <trkpt lat="24.49785084702537" lon="117.69520993112069">
        <ele>15.0</ele>
        <time>2026-08-04T11:04:19Z</time>
        <extensions>
          <gpxtpx:TrackPointExtension>
            <gpxtpx:hr>145</gpxtpx:hr>
          </gpxtpx:TrackPointExtension>
        </extensions>
      </trkpt>
      <trkpt lat="24.497780880305072" lon="117.69518297740785">
        <ele>15.199999809265137</ele>
        <time>2026-08-04T11:04:23Z</time>
        <extensions>
          <gpxtpx:TrackPointExtension>
            <gpxtpx:hr>146</gpxtpx:hr>
          </gpxtpx:TrackPointExtension>
        </extensions>
      </trkpt>
      <trkpt lat="24.497719955160402" lon="117.69513106137236">
        <ele>15.0</ele>
        <time>2026-08-04T11:04:27Z</time>
        <extensions>
          <gpxtpx:TrackPointExtension>
            <gpxtpx:hr>147</gpxtpx:hr>
          </gpxtpx:TrackPointExtension>
        </extensions>
      </trkpt>
      <trkpt lat="24.497695027244408" lon="117.69508413518356">
        <ele>15.0</ele>
        <time>2026-08-04T11:04:31Z</time>
        <extensions>
          <gpxtpx:TrackPointExtension>
            <gpxtpx:hr>147</gpxtpx:hr>
          </gpxtpx:TrackPointExtension>
        </extensions>
      </trkpt>
      <trkpt lat="24.497663091905704" lon="117.69504120340562">
        <ele>15.199999809265137</ele>
        <time>2026-08-04T11:04:35Z</time>
        <extensions>
          <gpxtpx:TrackPointExtension>
            <gpxtpx:hr>143</gpxtpx:hr>
          </gpxtpx:TrackPointExtension>
        </extensions>
      </trkpt>
      <trkpt lat="24.497624179787405" lon="117.69498329520054">
        <ele>15.399999618530273</ele>
        <time>2026-08-04T11:04:39Z</time>
        <extensions>
          <gpxtpx:TrackPointExtension>
            <gpxtpx:hr>141</gpxtpx:hr>
          </gpxtpx:TrackPointExtension>
        </extensions>
      </trkpt>
      <trkpt lat="24.497575296966225" lon="117.69490641699257">
        <ele>15.600000381469727</ele>
        <time>2026-08-04T11:04:43Z</time>
        <extensions>
          <gpxtpx:TrackPointExtension>
            <gpxtpx:hr>140</gpxtpx:hr>
          </gpxtpx:TrackPointExtension>
        </extensions>
      </trkpt>
      <trkpt lat="24.49755542010129" lon="117.6948285384094">
        <ele>15.800000190734863</ele>
        <time>2026-08-04T11:04:47Z</time>
        <extensions>
          <gpxtpx:TrackPointExtension>
            <gpxtpx:hr>138</gpxtpx:hr>
          </gpxtpx:TrackPointExtension>
        </extensions>
      </trkpt>
      <trkpt lat="24.497561563328432" lon="117.69474067354098">
        <ele>16.0</ele>
        <time>2026-08-04T11:04:51Z</time>
        <extensions>
          <gpxtpx:TrackPointExtension>
            <gpxtpx:hr>138</gpxtpx:hr>
          </gpxtpx:TrackPointExtension>
        </extensions>
      </trkpt>
      <trkpt lat="24.497574748246873" lon="117.69462784695408">
        <ele>16.0</ele>
        <time>2026-08-04T11:04:55Z</time>
        <extensions>
          <gpxtpx:TrackPointExtension>
            <gpxtpx:hr>138</gpxtpx:hr>
          </gpxtpx:TrackPointExtension>
        </extensions>
      </trkpt>
      <trkpt lat="24.497592922790282" lon="117.6945220094856">
        <ele>16.0</ele>
        <time>2026-08-04T11:04:59Z</time>
        <extensions>
          <gpxtpx:TrackPointExtension>
            <gpxtpx:hr>138</gpxtpx:hr>
          </gpxtpx:TrackPointExtension>
        </extensions>
      </trkpt>
      <trkpt lat="24.497600100836085" lon="117.69441317770621">
        <ele>16.0</ele>
        <time>2026-08-04T11:05:03Z</time>
        <extensions>
          <gpxtpx:TrackPointExtension>
            <gpxtpx:hr>138</gpxtpx:hr>
          </gpxtpx:TrackPointExtension>
        </extensions>
      </trkpt>
      <trkpt lat="24.497609264766545" lon="117.69431333209779">
        <ele>16.200000762939453</ele>
        <time>2026-08-04T11:05:07Z</time>
        <extensions>
          <gpxtpx:TrackPointExtension>
            <gpxtpx:hr>138</gpxtpx:hr>
          </gpxtpx:TrackPointExtension>
        </extensions>
      </trkpt>
      <trkpt lat="24.49762843198166" lon="117.69421248756693">
        <ele>16.0</ele>
        <time>2026-08-04T11:05:11Z</time>
        <extensions>
          <gpxtpx:TrackPointExtension>
            <gpxtpx:hr>138</gpxtpx:hr>
          </gpxtpx:TrackPointExtension>
        </extensions>
      </trkpt>
      <trkpt lat="24.49764160342206" lon="117.69410864836573">
        <ele>16.200000762939453</ele>
        <time>2026-08-04T11:05:15Z</time>
        <extensions>
          <gpxtpx:TrackPointExtension>
            <gpxtpx:hr>139</gpxtpx:hr>
          </gpxtpx:TrackPointExtension>
        </extensions>
      </trkpt>
      <trkpt lat="24.49765877565991" lon="117.6940048091307">
        <ele>16.0</ele>
        <time>2026-08-04T11:05:19Z</time>
        <extensions>
          <gpxtpx:TrackPointExtension>
            <gpxtpx:hr>138</gpxtpx:hr>
          </gpxtpx:TrackPointExtension>
        </extensions>
      </trkpt>
      <trkpt lat="24.49767493815486" lon="117.69390696084983">
        <ele>16.0</ele>
        <time>2026-08-04T11:05:23Z</time>
        <extensions>
          <gpxtpx:TrackPointExtension>
            <gpxtpx:hr>138</gpxtpx:hr>
          </gpxtpx:TrackPointExtension>
        </extensions>
      </trkpt>
      <trkpt lat="24.497683109500958" lon="117.69380312273475">
        <ele>16.200000762939453</ele>
        <time>2026-08-04T11:05:27Z</time>
        <extensions>
          <gpxtpx:TrackPointExtension>
            <gpxtpx:hr>139</gpxtpx:hr>
          </gpxtpx:TrackPointExtension>
        </extensions>
      </trkpt>
      <trkpt lat="24.497698275520793" lon="117.69370327810884">
        <ele>16.0</ele>
        <time>2026-08-04T11:05:31Z</time>
        <extensions>
          <gpxtpx:TrackPointExtension>
            <gpxtpx:hr>140</gpxtpx:hr>
          </gpxtpx:TrackPointExtension>
        </extensions>
      </trkpt>
      <trkpt lat="24.497703445207808" lon="117.69360043912252">
        <ele>16.0</ele>
        <time>2026-08-04T11:05:35Z</time>
        <extensions>
          <gpxtpx:TrackPointExtension>
            <gpxtpx:hr>141</gpxtpx:hr>
          </gpxtpx:TrackPointExtension>
        </extensions>
      </trkpt>
      <trkpt lat="24.497701637095243" lon="117.69348362285773">
        <ele>16.0</ele>
        <time>2026-08-04T11:05:39Z</time>
        <extensions>
          <gpxtpx:TrackPointExtension>
            <gpxtpx:hr>142</gpxtpx:hr>
          </gpxtpx:TrackPointExtension>
        </extensions>
      </trkpt>
      <trkpt lat="24.497707799143306" lon="117.69338577645031">
        <ele>15.800000190734863</ele>
        <time>2026-08-04T11:05:43Z</time>
        <extensions>
          <gpxtpx:TrackPointExtension>
            <gpxtpx:hr>144</gpxtpx:hr>
          </gpxtpx:TrackPointExtension>
        </extensions>
      </trkpt>
      <trkpt lat="24.49770797368704" lon="117.69327994328457">
        <ele>15.800000190734863</ele>
        <time>2026-08-04T11:05:47Z</time>
        <extensions>
          <gpxtpx:TrackPointExtension>
            <gpxtpx:hr>145</gpxtpx:hr>
          </gpxtpx:TrackPointExtension>
        </extensions>
      </trkpt>
      <trkpt lat="24.49770014068723" lon="117.69317810462825">
        <ele>15.800000190734863</ele>
        <time>2026-08-04T11:05:51Z</time>
        <extensions>
          <gpxtpx:TrackPointExtension>
            <gpxtpx:hr>144</gpxtpx:hr>
          </gpxtpx:TrackPointExtension>
        </extensions>
      </trkpt>
      <trkpt lat="24.497690324115062" lon="117.69306628214446">
        <ele>15.600000381469727</ele>
        <time>2026-08-04T11:05:55Z</time>
        <extensions>
          <gpxtpx:TrackPointExtension>
            <gpxtpx:hr>144</gpxtpx:hr>
          </gpxtpx:TrackPointExtension>
        </extensions>
      </trkpt>
      <trkpt lat="24.497680511092597" lon="117.69295246310547">
        <ele>15.600000381469727</ele>
        <time>2026-08-04T11:05:59Z</time>
        <extensions>
          <gpxtpx:TrackPointExtension>
            <gpxtpx:hr>144</gpxtpx:hr>
          </gpxtpx:TrackPointExtension>
        </extensions>
      </trkpt>
      <trkpt lat="24.497675687453793" lon="117.6928456329072">
        <ele>15.600000381469727</ele>
        <time>2026-08-04T11:06:03Z</time>
        <extensions>
          <gpxtpx:TrackPointExtension>
            <gpxtpx:hr>144</gpxtpx:hr>
          </gpxtpx:TrackPointExtension>
        </extensions>
      </trkpt>
      <trkpt lat="24.49766385638388" lon="117.69274279710984">
        <ele>15.600000381469727</ele>
        <time>2026-08-04T11:06:07Z</time>
        <extensions>
          <gpxtpx:TrackPointExtension>
            <gpxtpx:hr>145</gpxtpx:hr>
          </gpxtpx:TrackPointExtension>
        </extensions>
      </trkpt>
      <trkpt lat="24.497650041825995" lon="117.69262997758315">
        <ele>15.399999618530273</ele>
        <time>2026-08-04T11:06:11Z</time>
        <extensions>
          <gpxtpx:TrackPointExtension>
            <gpxtpx:hr>147</gpxtpx:hr>
          </gpxtpx:TrackPointExtension>
        </extensions>
      </trkpt>
      <trkpt lat="24.497647219136677" lon="117.69252314800646">
        <ele>15.199999809265137</ele>
        <time>2026-08-04T11:06:15Z</time>
        <extensions>
          <gpxtpx:TrackPointExtension>
            <gpxtpx:hr>148</gpxtpx:hr>
          </gpxtpx:TrackPointExtension>
        </extensions>
      </trkpt>
      <trkpt lat="24.497642391380495" lon="117.69241931403974">
        <ele>15.0</ele>
        <time>2026-08-04T11:06:19Z</time>
        <extensions>
          <gpxtpx:TrackPointExtension>
            <gpxtpx:hr>148</gpxtpx:hr>
          </gpxtpx:TrackPointExtension>
        </extensions>
      </trkpt>
      <trkpt lat="24.49763554854295" lon="117.69232446608362">
        <ele>15.0</ele>
        <time>2026-08-04T11:06:23Z</time>
        <extensions>
          <gpxtpx:TrackPointExtension>
            <gpxtpx:hr>148</gpxtpx:hr>
          </gpxtpx:TrackPointExtension>
        </extensions>
      </trkpt>
      <trkpt lat="24.49762071138234" lon="117.69222562528415">
        <ele>14.600000381469727</ele>
        <time>2026-08-04T11:06:27Z</time>
        <extensions>
          <gpxtpx:TrackPointExtension>
            <gpxtpx:hr>149</gpxtpx:hr>
          </gpxtpx:TrackPointExtension>
        </extensions>
      </trkpt>
      <trkpt lat="24.49759388100775" lon="117.69212179355034">
        <ele>14.399999618530273</ele>
        <time>2026-08-04T11:06:31Z</time>
        <extensions>
          <gpxtpx:TrackPointExtension>
            <gpxtpx:hr>149</gpxtpx:hr>
          </gpxtpx:TrackPointExtension>
        </extensions>
      </trkpt>
      <trkpt lat="24.497560051487262" lon="117.69201696414913">
        <ele>14.399999618530273</ele>
        <time>2026-08-04T11:06:35Z</time>
        <extensions>
          <gpxtpx:TrackPointExtension>
            <gpxtpx:hr>149</gpxtpx:hr>
          </gpxtpx:TrackPointExtension>
        </extensions>
      </trkpt>
      <trkpt lat="24.497517210818906" lon="117.69191812599189">
        <ele>14.199999809265137</ele>
        <time>2026-08-04T11:06:39Z</time>
        <extensions>
          <gpxtpx:TrackPointExtension>
            <gpxtpx:hr>147</gpxtpx:hr>
          </gpxtpx:TrackPointExtension>
        </extensions>
      </trkpt>
      <trkpt lat="24.497480403039187" lon="117.69180031816111">
        <ele>14.0</ele>
        <time>2026-08-04T11:06:43Z</time>
        <extensions>
          <gpxtpx:TrackPointExtension>
            <gpxtpx:hr>148</gpxtpx:hr>
          </gpxtpx:TrackPointExtension>
        </extensions>
      </trkpt>
      <trkpt lat="24.497496596520556" lon="117.69168650043524">
        <ele>13.600000381469727</ele>
        <time>2026-08-04T11:06:47Z</time>
        <extensions>
          <gpxtpx:TrackPointExtension>
            <gpxtpx:hr>147</gpxtpx:hr>
          </gpxtpx:TrackPointExtension>
        </extensions>
      </trkpt>
      <trkpt lat="24.497490781997946" lon="117.6915756797068">
        <ele>13.199999809265137</ele>
        <time>2026-08-04T11:06:51Z</time>
        <extensions>
          <gpxtpx:TrackPointExtension>
            <gpxtpx:hr>147</gpxtpx:hr>
          </gpxtpx:TrackPointExtension>
        </extensions>
      </trkpt>
      <trkpt lat="24.49741992460107" lon="117.69148483155108">
        <ele>12.800000190734863</ele>
        <time>2026-08-04T11:06:55Z</time>
        <extensions>
          <gpxtpx:TrackPointExtension>
            <gpxtpx:hr>150</gpxtpx:hr>
          </gpxtpx:TrackPointExtension>
        </extensions>
      </trkpt>
      <trkpt lat="24.497354086594758" lon="117.69138300099667">
        <ele>13.0</ele>
        <time>2026-08-04T11:06:59Z</time>
        <extensions>
          <gpxtpx:TrackPointExtension>
            <gpxtpx:hr>153</gpxtpx:hr>
          </gpxtpx:TrackPointExtension>
        </extensions>
      </trkpt>
      <trkpt lat="24.497291220564346" lon="117.69129814293527">
        <ele>12.800000190734863</ele>
        <time>2026-08-04T11:07:03Z</time>
        <extensions>
          <gpxtpx:TrackPointExtension>
            <gpxtpx:hr>155</gpxtpx:hr>
          </gpxtpx:TrackPointExtension>
        </extensions>
      </trkpt>
      <trkpt lat="24.497212342208865" lon="117.6912192764384">
        <ele>12.800000190734863</ele>
        <time>2026-08-04T11:07:07Z</time>
        <extensions>
          <gpxtpx:TrackPointExtension>
            <gpxtpx:hr>157</gpxtpx:hr>
          </gpxtpx:TrackPointExtension>
        </extensions>
      </trkpt>
      <trkpt lat="24.49717651918684" lon="117.69111145406313">
        <ele>12.800000190734863</ele>
        <time>2026-08-04T11:07:11Z</time>
        <extensions>
          <gpxtpx:TrackPointExtension>
            <gpxtpx:hr>156</gpxtpx:hr>
          </gpxtpx:TrackPointExtension>
        </extensions>
      </trkpt>
      <trkpt lat="24.49714571062511" lon="117.69099564457386">
        <ele>12.399999618530273</ele>
        <time>2026-08-04T11:07:15Z</time>
        <extensions>
          <gpxtpx:TrackPointExtension>
            <gpxtpx:hr>156</gpxtpx:hr>
          </gpxtpx:TrackPointExtension>
        </extensions>
      </trkpt>
      <trkpt lat="24.497088825749938" lon="117.69092276726195">
        <ele>12.199999809265137</ele>
        <time>2026-08-04T11:07:19Z</time>
        <extensions>
          <gpxtpx:TrackPointExtension>
            <gpxtpx:hr>157</gpxtpx:hr>
          </gpxtpx:TrackPointExtension>
        </extensions>
      </trkpt>
      <trkpt lat="24.49706302847" lon="117.69080096764577">
        <ele>11.800000190734863</ele>
        <time>2026-08-04T11:07:23Z</time>
        <extensions>
          <gpxtpx:TrackPointExtension>
            <gpxtpx:hr>156</gpxtpx:hr>
          </gpxtpx:TrackPointExtension>
        </extensions>
      </trkpt>
      <trkpt lat="24.497019213561764" lon="117.69068815493154">
        <ele>11.600000381469727</ele>
        <time>2026-08-04T11:07:27Z</time>
        <extensions>
          <gpxtpx:TrackPointExtension>
            <gpxtpx:hr>156</gpxtpx:hr>
          </gpxtpx:TrackPointExtension>
        </extensions>
      </trkpt>
      <trkpt lat="24.496955341633768" lon="117.69060729164013">
        <ele>11.600000381469727</ele>
        <time>2026-08-04T11:07:31Z</time>
        <extensions>
          <gpxtpx:TrackPointExtension>
            <gpxtpx:hr>157</gpxtpx:hr>
          </gpxtpx:TrackPointExtension>
        </extensions>
      </trkpt>
      <trkpt lat="24.49691548181898" lon="117.69052143495617">
        <ele>11.600000381469727</ele>
        <time>2026-08-04T11:07:35Z</time>
        <extensions>
          <gpxtpx:TrackPointExtension>
            <gpxtpx:hr>156</gpxtpx:hr>
          </gpxtpx:TrackPointExtension>
        </extensions>
      </trkpt>
      <trkpt lat="24.496880629664805" lon="117.69043158461437">
        <ele>11.600000381469727</ele>
        <time>2026-08-04T11:07:39Z</time>
        <extensions>
          <gpxtpx:TrackPointExtension>
            <gpxtpx:hr>156</gpxtpx:hr>
          </gpxtpx:TrackPointExtension>
        </extensions>
      </trkpt>
      <trkpt lat="24.496832775750356" lon="117.69034173535789">
        <ele>11.399999618530273</ele>
        <time>2026-08-04T11:07:43Z</time>
        <extensions>
          <gpxtpx:TrackPointExtension>
            <gpxtpx:hr>155</gpxtpx:hr>
          </gpxtpx:TrackPointExtension>
        </extensions>
      </trkpt>
      <trkpt lat="24.496778917690335" lon="117.6902538834108">
        <ele>11.199999809265137</ele>
        <time>2026-08-04T11:07:47Z</time>
        <extensions>
          <gpxtpx:TrackPointExtension>
            <gpxtpx:hr>154</gpxtpx:hr>
          </gpxtpx:TrackPointExtension>
        </extensions>
      </trkpt>
      <trkpt lat="24.4967200641455" lon="117.69016303689945">
        <ele>11.199999809265137</ele>
        <time>2026-08-04T11:07:51Z</time>
        <extensions>
          <gpxtpx:TrackPointExtension>
            <gpxtpx:hr>152</gpxtpx:hr>
          </gpxtpx:TrackPointExtension>
        </extensions>
      </trkpt>
      <trkpt lat="24.496645187920066" lon="117.69008417196649">
        <ele>11.199999809265137</ele>
        <time>2026-08-04T11:07:55Z</time>
        <extensions>
          <gpxtpx:TrackPointExtension>
            <gpxtpx:hr>150</gpxtpx:hr>
          </gpxtpx:TrackPointExtension>
        </extensions>
      </trkpt>
      <trkpt lat="24.49657629047621" lon="117.6900182853524">
        <ele>11.0</ele>
        <time>2026-08-04T11:07:59Z</time>
        <extensions>
          <gpxtpx:TrackPointExtension>
            <gpxtpx:hr>148</gpxtpx:hr>
          </gpxtpx:TrackPointExtension>
        </extensions>
      </trkpt>
      <trkpt lat="24.496520396716463" lon="117.68995139955149">
        <ele>11.0</ele>
        <time>2026-08-04T11:08:03Z</time>
        <extensions>
          <gpxtpx:TrackPointExtension>
            <gpxtpx:hr>147</gpxtpx:hr>
          </gpxtpx:TrackPointExtension>
        </extensions>
      </trkpt>
      <trkpt lat="24.496453521937735" lon="117.6898725343882">
        <ele>10.800000190734863</ele>
        <time>2026-08-04T11:08:07Z</time>
        <extensions>
          <gpxtpx:TrackPointExtension>
            <gpxtpx:hr>148</gpxtpx:hr>
          </gpxtpx:TrackPointExtension>
        </extensions>
      </trkpt>
      <trkpt lat="24.496397669412904" lon="117.6897816883619">
        <ele>10.800000190734863</ele>
        <time>2026-08-04T11:08:11Z</time>
        <extensions>
          <gpxtpx:TrackPointExtension>
            <gpxtpx:hr>149</gpxtpx:hr>
          </gpxtpx:TrackPointExtension>
        </extensions>
      </trkpt>
      <trkpt lat="24.496347819619718" lon="117.68968984372685">
        <ele>10.800000190734863</ele>
        <time>2026-08-04T11:08:15Z</time>
        <extensions>
          <gpxtpx:TrackPointExtension>
            <gpxtpx:hr>150</gpxtpx:hr>
          </gpxtpx:TrackPointExtension>
        </extensions>
      </trkpt>
      <trkpt lat="24.49628795135385" lon="117.68960798343811">
        <ele>10.800000190734863</ele>
        <time>2026-08-04T11:08:19Z</time>
        <extensions>
          <gpxtpx:TrackPointExtension>
            <gpxtpx:hr>150</gpxtpx:hr>
          </gpxtpx:TrackPointExtension>
        </extensions>
      </trkpt>
      <trkpt lat="24.496223056726798" lon="117.68954109882166">
        <ele>10.600000381469727</ele>
        <time>2026-08-04T11:08:23Z</time>
        <extensions>
          <gpxtpx:TrackPointExtension>
            <gpxtpx:hr>150</gpxtpx:hr>
          </gpxtpx:TrackPointExtension>
        </extensions>
      </trkpt>
      <trkpt lat="24.49616920156167" lon="117.68945224994012">
        <ele>10.399999618530273</ele>
        <time>2026-08-04T11:08:27Z</time>
        <extensions>
          <gpxtpx:TrackPointExtension>
            <gpxtpx:hr>150</gpxtpx:hr>
          </gpxtpx:TrackPointExtension>
        </extensions>
      </trkpt>
      <trkpt lat="24.496122350992973" lon="117.68936140403412">
        <ele>10.600000381469727</ele>
        <time>2026-08-04T11:08:31Z</time>
        <extensions>
          <gpxtpx:TrackPointExtension>
            <gpxtpx:hr>149</gpxtpx:hr>
          </gpxtpx:TrackPointExtension>
        </extensions>
      </trkpt>
      <trkpt lat="24.496092456618385" lon="117.68929751228886">
        <ele>10.600000381469727</ele>
        <time>2026-08-04T11:08:35Z</time>
        <extensions>
          <gpxtpx:TrackPointExtension>
            <gpxtpx:hr>149</gpxtpx:hr>
          </gpxtpx:TrackPointExtension>
        </extensions>
      </trkpt>
      <trkpt lat="24.49604156955022" lon="117.68922763207112">
        <ele>10.600000381469727</ele>
        <time>2026-08-04T11:08:39Z</time>
        <extensions>
          <gpxtpx:TrackPointExtension>
            <gpxtpx:hr>150</gpxtpx:hr>
          </gpxtpx:TrackPointExtension>
        </extensions>
      </trkpt>
      <trkpt lat="24.495983710810737" lon="117.6891407806952">
        <ele>10.800000190734863</ele>
        <time>2026-08-04T11:08:43Z</time>
        <extensions>
          <gpxtpx:TrackPointExtension>
            <gpxtpx:hr>149</gpxtpx:hr>
          </gpxtpx:TrackPointExtension>
        </extensions>
      </trkpt>
      <trkpt lat="24.49593685381197" lon="117.68905392868774">
        <ele>11.0</ele>
        <time>2026-08-04T11:08:47Z</time>
        <extensions>
          <gpxtpx:TrackPointExtension>
            <gpxtpx:hr>149</gpxtpx:hr>
          </gpxtpx:TrackPointExtension>
        </extensions>
      </trkpt>
      <trkpt lat="24.49588398742715" lon="117.68897206892474">
        <ele>11.0</ele>
        <time>2026-08-04T11:08:51Z</time>
        <extensions>
          <gpxtpx:TrackPointExtension>
            <gpxtpx:hr>148</gpxtpx:hr>
          </gpxtpx:TrackPointExtension>
        </extensions>
      </trkpt>
      <trkpt lat="24.495832116118116" lon="117.68889320422016">
        <ele>11.0</ele>
        <time>2026-08-04T11:08:55Z</time>
        <extensions>
          <gpxtpx:TrackPointExtension>
            <gpxtpx:hr>147</gpxtpx:hr>
          </gpxtpx:TrackPointExtension>
        </extensions>
      </trkpt>
      <trkpt lat="24.495778248070277" lon="117.68881234311368">
        <ele>11.0</ele>
        <time>2026-08-04T11:08:59Z</time>
        <extensions>
          <gpxtpx:TrackPointExtension>
            <gpxtpx:hr>147</gpxtpx:hr>
          </gpxtpx:TrackPointExtension>
        </extensions>
      </trkpt>
      <trkpt lat="24.495727392673757" lon="117.68872449361031">
        <ele>11.199999809265137</ele>
        <time>2026-08-04T11:09:03Z</time>
        <extensions>
          <gpxtpx:TrackPointExtension>
            <gpxtpx:hr>147</gpxtpx:hr>
          </gpxtpx:TrackPointExtension>
        </extensions>
      </trkpt>
      <trkpt lat="24.495669541561924" lon="117.6886336497653">
        <ele>11.199999809265137</ele>
        <time>2026-08-04T11:09:07Z</time>
        <extensions>
          <gpxtpx:TrackPointExtension>
            <gpxtpx:hr>147</gpxtpx:hr>
          </gpxtpx:TrackPointExtension>
        </extensions>
      </trkpt>
      <trkpt lat="24.49562167473391" lon="117.6885527886363">
        <ele>11.199999809265137</ele>
        <time>2026-08-04T11:09:11Z</time>
        <extensions>
          <gpxtpx:TrackPointExtension>
            <gpxtpx:hr>148</gpxtpx:hr>
          </gpxtpx:TrackPointExtension>
        </extensions>
      </trkpt>
      <trkpt lat="24.495555798422156" lon="117.68847592220617">
        <ele>11.199999809265137</ele>
        <time>2026-08-04T11:09:15Z</time>
        <extensions>
          <gpxtpx:TrackPointExtension>
            <gpxtpx:hr>148</gpxtpx:hr>
          </gpxtpx:TrackPointExtension>
        </extensions>
      </trkpt>
      <trkpt lat="24.49550493482272" lon="117.68839306488435">
        <ele>11.399999618530273</ele>
        <time>2026-08-04T11:09:19Z</time>
        <extensions>
          <gpxtpx:TrackPointExtension>
            <gpxtpx:hr>148</gpxtpx:hr>
          </gpxtpx:TrackPointExtension>
        </extensions>
      </trkpt>
      <trkpt lat="24.495452077980705" lon="117.6883062145455">
        <ele>11.399999618530273</ele>
        <time>2026-08-04T11:09:23Z</time>
        <extensions>
          <gpxtpx:TrackPointExtension>
            <gpxtpx:hr>147</gpxtpx:hr>
          </gpxtpx:TrackPointExtension>
        </extensions>
      </trkpt>
      <trkpt lat="24.495392215011616" lon="117.68822235980535">
        <ele>11.399999618530273</ele>
        <time>2026-08-04T11:09:27Z</time>
        <extensions>
          <gpxtpx:TrackPointExtension>
            <gpxtpx:hr>148</gpxtpx:hr>
          </gpxtpx:TrackPointExtension>
        </extensions>
      </trkpt>
      <trkpt lat="24.495336354481317" lon="117.68813750659531">
        <ele>11.399999618530273</ele>
        <time>2026-08-04T11:09:31Z</time>
        <extensions>
          <gpxtpx:TrackPointExtension>
            <gpxtpx:hr>149</gpxtpx:hr>
          </gpxtpx:TrackPointExtension>
        </extensions>
      </trkpt>
      <trkpt lat="24.495274486216136" lon="117.68805664721378">
        <ele>11.399999618530273</ele>
        <time>2026-08-04T11:09:35Z</time>
        <extensions>
          <gpxtpx:TrackPointExtension>
            <gpxtpx:hr>149</gpxtpx:hr>
          </gpxtpx:TrackPointExtension>
        </extensions>
      </trkpt>
      <trkpt lat="24.495220633165047" lon="117.68796780086186">
        <ele>11.199999809265137</ele>
        <time>2026-08-04T11:09:39Z</time>
        <extensions>
          <gpxtpx:TrackPointExtension>
            <gpxtpx:hr>150</gpxtpx:hr>
          </gpxtpx:TrackPointExtension>
        </extensions>
      </trkpt>
      <trkpt lat="24.495172768923624" lon="117.68788594243108">
        <ele>11.399999618530273</ele>
        <time>2026-08-04T11:09:43Z</time>
        <extensions>
          <gpxtpx:TrackPointExtension>
            <gpxtpx:hr>151</gpxtpx:hr>
          </gpxtpx:TrackPointExtension>
        </extensions>
      </trkpt>
      <trkpt lat="24.495127901741423" lon="117.68780608053758">
        <ele>11.600000381469727</ele>
        <time>2026-08-04T11:09:47Z</time>
        <extensions>
          <gpxtpx:TrackPointExtension>
            <gpxtpx:hr>153</gpxtpx:hr>
          </gpxtpx:TrackPointExtension>
        </extensions>
      </trkpt>
      <trkpt lat="24.495077049478194" lon="117.68771723438569">
        <ele>11.399999618530273</ele>
        <time>2026-08-04T11:09:51Z</time>
        <extensions>
          <gpxtpx:TrackPointExtension>
            <gpxtpx:hr>152</gpxtpx:hr>
          </gpxtpx:TrackPointExtension>
        </extensions>
      </trkpt>
      <trkpt lat="24.495095123716336" lon="117.68767630237302">
        <ele>11.399999618530273</ele>
        <time>2026-08-04T11:09:55Z</time>
        <extensions>
          <gpxtpx:TrackPointExtension>
            <gpxtpx:hr>151</gpxtpx:hr>
          </gpxtpx:TrackPointExtension>
        </extensions>
      </trkpt>
      <trkpt lat="24.495188133976875" lon="117.6876782924147">
        <ele>11.399999618530273</ele>
        <time>2026-08-04T11:09:59Z</time>
        <extensions>
          <gpxtpx:TrackPointExtension>
            <gpxtpx:hr>149</gpxtpx:hr>
          </gpxtpx:TrackPointExtension>
        </extensions>
      </trkpt>
      <trkpt lat="24.49529413916577" lon="117.68768427477858">
        <ele>11.199999809265137</ele>
        <time>2026-08-04T11:10:03Z</time>
        <extensions>
          <gpxtpx:TrackPointExtension>
            <gpxtpx:hr>149</gpxtpx:hr>
          </gpxtpx:TrackPointExtension>
        </extensions>
      </trkpt>
      <trkpt lat="24.495385215468954" lon="117.6876483291755">
        <ele>11.0</ele>
        <time>2026-08-04T11:10:07Z</time>
        <extensions>
          <gpxtpx:TrackPointExtension>
            <gpxtpx:hr>149</gpxtpx:hr>
          </gpxtpx:TrackPointExtension>
        </extensions>
      </trkpt>
      <trkpt lat="24.495322323215888" lon="117.6875814469151">
        <ele>10.800000190734863</ele>
        <time>2026-08-04T11:10:11Z</time>
        <extensions>
          <gpxtpx:TrackPointExtension>
            <gpxtpx:hr>149</gpxtpx:hr>
          </gpxtpx:TrackPointExtension>
        </extensions>
      </trkpt>
      <trkpt lat="24.49525242824575" lon="117.68751556353905">
        <ele>10.800000190734863</ele>
        <time>2026-08-04T11:10:15Z</time>
        <extensions>
          <gpxtpx:TrackPointExtension>
            <gpxtpx:hr>150</gpxtpx:hr>
          </gpxtpx:TrackPointExtension>
        </extensions>
      </trkpt>
      <trkpt lat="24.495186581174025" lon="117.68742272569828">
        <ele>10.800000190734863</ele>
        <time>2026-08-04T11:10:19Z</time>
        <extensions>
          <gpxtpx:TrackPointExtension>
            <gpxtpx:hr>150</gpxtpx:hr>
          </gpxtpx:TrackPointExtension>
        </extensions>
      </trkpt>
      <trkpt lat="24.495134738053363" lon="117.6873288887197">
        <ele>10.600000381469727</ele>
        <time>2026-08-04T11:10:23Z</time>
        <extensions>
          <gpxtpx:TrackPointExtension>
            <gpxtpx:hr>150</gpxtpx:hr>
          </gpxtpx:TrackPointExtension>
        </extensions>
      </trkpt>
      <trkpt lat="24.49508690266914" lon="117.68723105840834">
        <ele>10.600000381469727</ele>
        <time>2026-08-04T11:10:27Z</time>
        <extensions>
          <gpxtpx:TrackPointExtension>
            <gpxtpx:hr>149</gpxtpx:hr>
          </gpxtpx:TrackPointExtension>
        </extensions>
      </trkpt>
      <trkpt lat="24.495046078992225" lon="117.68712723797167">
        <ele>10.600000381469727</ele>
        <time>2026-08-04T11:10:31Z</time>
        <extensions>
          <gpxtpx:TrackPointExtension>
            <gpxtpx:hr>150</gpxtpx:hr>
          </gpxtpx:TrackPointExtension>
        </extensions>
      </trkpt>
      <trkpt lat="24.49500923850988" lon="117.68703340043162">
        <ele>10.399999618530273</ele>
        <time>2026-08-04T11:10:35Z</time>
        <extensions>
          <gpxtpx:TrackPointExtension>
            <gpxtpx:hr>152</gpxtpx:hr>
          </gpxtpx:TrackPointExtension>
        </extensions>
      </trkpt>
      <trkpt lat="24.494961394774112" lon="117.68694056212397">
        <ele>10.399999618530273</ele>
        <time>2026-08-04T11:10:39Z</time>
        <extensions>
          <gpxtpx:TrackPointExtension>
            <gpxtpx:hr>151</gpxtpx:hr>
          </gpxtpx:TrackPointExtension>
        </extensions>
      </trkpt>
      <trkpt lat="24.494889522990576" lon="117.68686170180463">
        <ele>10.399999618530273</ele>
        <time>2026-08-04T11:10:43Z</time>
        <extensions>
          <gpxtpx:TrackPointExtension>
            <gpxtpx:hr>153</gpxtpx:hr>
          </gpxtpx:TrackPointExtension>
        </extensions>
      </trkpt>
      <trkpt lat="24.494814629735373" lon="117.68679482134007">
        <ele>10.399999618530273</ele>
        <time>2026-08-04T11:10:47Z</time>
        <extensions>
          <gpxtpx:TrackPointExtension>
            <gpxtpx:hr>154</gpxtpx:hr>
          </gpxtpx:TrackPointExtension>
        </extensions>
      </trkpt>
      <trkpt lat="24.49473374093404" lon="117.68672494649908">
        <ele>10.399999618530273</ele>
        <time>2026-08-04T11:10:51Z</time>
        <extensions>
          <gpxtpx:TrackPointExtension>
            <gpxtpx:hr>155</gpxtpx:hr>
          </gpxtpx:TrackPointExtension>
        </extensions>
      </trkpt>
      <trkpt lat="24.494660867479954" lon="117.6866470848427">
        <ele>10.199999809265137</ele>
        <time>2026-08-04T11:10:55Z</time>
        <extensions>
          <gpxtpx:TrackPointExtension>
            <gpxtpx:hr>154</gpxtpx:hr>
          </gpxtpx:TrackPointExtension>
        </extensions>
      </trkpt>
      <trkpt lat="24.494597995595292" lon="117.68656922258548">
        <ele>10.199999809265137</ele>
        <time>2026-08-04T11:10:59Z</time>
        <extensions>
          <gpxtpx:TrackPointExtension>
            <gpxtpx:hr>153</gpxtpx:hr>
          </gpxtpx:TrackPointExtension>
        </extensions>
      </trkpt>
      <trkpt lat="24.494541142329254" lon="117.68648137711932">
        <ele>10.199999809265137</ele>
        <time>2026-08-04T11:11:03Z</time>
        <extensions>
          <gpxtpx:TrackPointExtension>
            <gpxtpx:hr>153</gpxtpx:hr>
          </gpxtpx:TrackPointExtension>
        </extensions>
      </trkpt>
      <trkpt lat="24.49449128491741" lon="117.68639652615508">
        <ele>10.199999809265137</ele>
        <time>2026-08-04T11:11:07Z</time>
        <extensions>
          <gpxtpx:TrackPointExtension>
            <gpxtpx:hr>153</gpxtpx:hr>
          </gpxtpx:TrackPointExtension>
        </extensions>
      </trkpt>
      <trkpt lat="24.49443846073403" lon="117.68629270809653">
        <ele>10.199999809265137</ele>
        <time>2026-08-04T11:11:11Z</time>
        <extensions>
          <gpxtpx:TrackPointExtension>
            <gpxtpx:hr>153</gpxtpx:hr>
          </gpxtpx:TrackPointExtension>
        </extensions>
      </trkpt>
      <trkpt lat="24.494380630657457" lon="117.68619188542975">
        <ele>10.199999809265137</ele>
        <time>2026-08-04T11:11:15Z</time>
        <extensions>
          <gpxtpx:TrackPointExtension>
            <gpxtpx:hr>153</gpxtpx:hr>
          </gpxtpx:TrackPointExtension>
        </extensions>
      </trkpt>
      <trkpt lat="24.494331791444676" lon="117.6860970519952">
        <ele>10.399999618530273</ele>
        <time>2026-08-04T11:11:19Z</time>
        <extensions>
          <gpxtpx:TrackPointExtension>
            <gpxtpx:hr>152</gpxtpx:hr>
          </gpxtpx:TrackPointExtension>
        </extensions>
      </trkpt>
      <trkpt lat="24.494285943950423" lon="117.68600720990646">
        <ele>10.399999618530273</ele>
        <time>2026-08-04T11:11:23Z</time>
        <extensions>
          <gpxtpx:TrackPointExtension>
            <gpxtpx:hr>154</gpxtpx:hr>
          </gpxtpx:TrackPointExtension>
        </extensions>
      </trkpt>
      <trkpt lat="24.494237092579734" lon="117.6859193647262">
        <ele>10.199999809265137</ele>
        <time>2026-08-04T11:11:27Z</time>
        <extensions>
          <gpxtpx:TrackPointExtension>
            <gpxtpx:hr>154</gpxtpx:hr>
          </gpxtpx:TrackPointExtension>
        </extensions>
      </trkpt>
      <trkpt lat="24.49420025197207" lon="117.68582652743966">
        <ele>10.399999618530273</ele>
        <time>2026-08-04T11:11:31Z</time>
        <extensions>
          <gpxtpx:TrackPointExtension>
            <gpxtpx:hr>154</gpxtpx:hr>
          </gpxtpx:TrackPointExtension>
        </extensions>
      </trkpt>
      <trkpt lat="24.494168422881515" lon="117.68572770028871">
        <ele>10.399999618530273</ele>
        <time>2026-08-04T11:11:35Z</time>
        <extensions>
          <gpxtpx:TrackPointExtension>
            <gpxtpx:hr>155</gpxtpx:hr>
          </gpxtpx:TrackPointExtension>
        </extensions>
      </trkpt>
      <trkpt lat="24.494133581047087" lon="117.68563586143583">
        <ele>10.399999618530273</ele>
        <time>2026-08-04T11:11:39Z</time>
        <extensions>
          <gpxtpx:TrackPointExtension>
            <gpxtpx:hr>155</gpxtpx:hr>
          </gpxtpx:TrackPointExtension>
        </extensions>
      </trkpt>
      <trkpt lat="24.49409474229121" lon="117.68554202646135">
        <ele>10.199999809265137</ele>
        <time>2026-08-04T11:11:43Z</time>
        <extensions>
          <gpxtpx:TrackPointExtension>
            <gpxtpx:hr>153</gpxtpx:hr>
          </gpxtpx:TrackPointExtension>
        </extensions>
      </trkpt>
      <trkpt lat="24.49407391345558" lon="117.68544419727579">
        <ele>10.199999809265137</ele>
        <time>2026-08-04T11:11:47Z</time>
        <extensions>
          <gpxtpx:TrackPointExtension>
            <gpxtpx:hr>151</gpxtpx:hr>
          </gpxtpx:TrackPointExtension>
        </extensions>
      </trkpt>
      <trkpt lat="24.494051127193238" lon="117.68532240992248">
        <ele>10.199999809265137</ele>
        <time>2026-08-04T11:11:51Z</time>
        <extensions>
          <gpxtpx:TrackPointExtension>
            <gpxtpx:hr>150</gpxtpx:hr>
          </gpxtpx:TrackPointExtension>
        </extensions>
      </trkpt>
      <trkpt lat="24.494018321822946" lon="117.68521060619547">
        <ele>10.399999618530273</ele>
        <time>2026-08-04T11:11:55Z</time>
        <extensions>
          <gpxtpx:TrackPointExtension>
            <gpxtpx:hr>150</gpxtpx:hr>
          </gpxtpx:TrackPointExtension>
        </extensions>
      </trkpt>
      <trkpt lat="24.494002508454614" lon="117.68510479106631">
        <ele>10.600000381469727</ele>
        <time>2026-08-04T11:11:59Z</time>
        <extensions>
          <gpxtpx:TrackPointExtension>
            <gpxtpx:hr>150</gpxtpx:hr>
          </gpxtpx:TrackPointExtension>
        </extensions>
      </trkpt>
      <trkpt lat="24.49399569301108" lon="117.68500097201222">
        <ele>10.800000190734863</ele>
        <time>2026-08-04T11:12:03Z</time>
        <extensions>
          <gpxtpx:TrackPointExtension>
            <gpxtpx:hr>151</gpxtpx:hr>
          </gpxtpx:TrackPointExtension>
        </extensions>
      </trkpt>
      <trkpt lat="24.493994878609623" lon="117.68489715270954">
        <ele>11.199999809265137</ele>
        <time>2026-08-04T11:12:07Z</time>
        <extensions>
          <gpxtpx:TrackPointExtension>
            <gpxtpx:hr>152</gpxtpx:hr>
          </gpxtpx:TrackPointExtension>
        </extensions>
      </trkpt>
      <trkpt lat="24.493990054818852" lon="117.68479832516799">
        <ele>11.399999618530273</ele>
        <time>2026-08-04T11:12:11Z</time>
        <extensions>
          <gpxtpx:TrackPointExtension>
            <gpxtpx:hr>153</gpxtpx:hr>
          </gpxtpx:TrackPointExtension>
        </extensions>
      </trkpt>
      <trkpt lat="24.493991241002174" lon="117.68469450606412">
        <ele>11.199999809265137</ele>
        <time>2026-08-04T11:12:15Z</time>
        <extensions>
          <gpxtpx:TrackPointExtension>
            <gpxtpx:hr>152</gpxtpx:hr>
          </gpxtpx:TrackPointExtension>
        </extensions>
      </trkpt>
      <trkpt lat="24.49399038226513" lon="117.68461564371567">
        <ele>11.199999809265137</ele>
        <time>2026-08-04T11:12:19Z</time>
        <extensions>
          <gpxtpx:TrackPointExtension>
            <gpxtpx:hr>153</gpxtpx:hr>
          </gpxtpx:TrackPointExtension>
        </extensions>
      </trkpt>
      <trkpt lat="24.493975534067292" lon="117.68452979466069">
        <ele>11.0</ele>
        <time>2026-08-04T11:12:23Z</time>
        <extensions>
          <gpxtpx:TrackPointExtension>
            <gpxtpx:hr>154</gpxtpx:hr>
          </gpxtpx:TrackPointExtension>
        </extensions>
      </trkpt>
      <trkpt lat="24.493981669376886" lon="117.68445492504564">
        <ele>10.800000190734863</ele>
        <time>2026-08-04T11:12:27Z</time>
        <extensions>
          <gpxtpx:TrackPointExtension>
            <gpxtpx:hr>154</gpxtpx:hr>
          </gpxtpx:TrackPointExtension>
        </extensions>
      </trkpt>
      <trkpt lat="24.493984804314234" lon="117.68438005573158">
        <ele>10.800000190734863</ele>
        <time>2026-08-04T11:12:31Z</time>
        <extensions>
          <gpxtpx:TrackPointExtension>
            <gpxtpx:hr>155</gpxtpx:hr>
          </gpxtpx:TrackPointExtension>
        </extensions>
      </trkpt>
      <trkpt lat="24.49396496820529" lon="117.68428721958192">
        <ele>11.0</ele>
        <time>2026-08-04T11:12:35Z</time>
        <extensions>
          <gpxtpx:TrackPointExtension>
            <gpxtpx:hr>155</gpxtpx:hr>
          </gpxtpx:TrackPointExtension>
        </extensions>
      </trkpt>
      <trkpt lat="24.493935136107925" lon="117.68419138952116">
        <ele>11.199999809265137</ele>
        <time>2026-08-04T11:12:39Z</time>
        <extensions>
          <gpxtpx:TrackPointExtension>
            <gpxtpx:hr>155</gpxtpx:hr>
          </gpxtpx:TrackPointExtension>
        </extensions>
      </trkpt>
      <trkpt lat="24.49389332211409" lon="117.68408457970712">
        <ele>11.399999618530273</ele>
        <time>2026-08-04T11:12:43Z</time>
        <extensions>
          <gpxtpx:TrackPointExtension>
            <gpxtpx:hr>154</gpxtpx:hr>
          </gpxtpx:TrackPointExtension>
        </extensions>
      </trkpt>
      <trkpt lat="24.493857483978086" lon="117.68399174511745">
        <ele>11.399999618530273</ele>
        <time>2026-08-04T11:12:47Z</time>
        <extensions>
          <gpxtpx:TrackPointExtension>
            <gpxtpx:hr>153</gpxtpx:hr>
          </gpxtpx:TrackPointExtension>
        </extensions>
      </trkpt>
      <trkpt lat="24.493828639797197" lon="117.68390290315301">
        <ele>11.399999618530273</ele>
        <time>2026-08-04T11:12:51Z</time>
        <extensions>
          <gpxtpx:TrackPointExtension>
            <gpxtpx:hr>152</gpxtpx:hr>
          </gpxtpx:TrackPointExtension>
        </extensions>
      </trkpt>
      <trkpt lat="24.493784806087685" lon="117.68380707465371">
        <ele>11.199999809265137</ele>
        <time>2026-08-04T11:12:55Z</time>
        <extensions>
          <gpxtpx:TrackPointExtension>
            <gpxtpx:hr>151</gpxtpx:hr>
          </gpxtpx:TrackPointExtension>
        </extensions>
      </trkpt>
      <trkpt lat="24.49375197593861" lon="117.683710247274">
        <ele>10.399999618530273</ele>
        <time>2026-08-04T11:12:59Z</time>
        <extensions>
          <gpxtpx:TrackPointExtension>
            <gpxtpx:hr>151</gpxtpx:hr>
          </gpxtpx:TrackPointExtension>
        </extensions>
      </trkpt>
      <trkpt lat="24.493742172790103" lon="117.68360044126389">
        <ele>9.600000381469727</ele>
        <time>2026-08-04T11:13:03Z</time>
        <extensions>
          <gpxtpx:TrackPointExtension>
            <gpxtpx:hr>151</gpxtpx:hr>
          </gpxtpx:TrackPointExtension>
        </extensions>
      </trkpt>
      <trkpt lat="24.493742356846106" lon="117.68349862065361">
        <ele>9.600000381469727</ele>
        <time>2026-08-04T11:13:07Z</time>
        <extensions>
          <gpxtpx:TrackPointExtension>
            <gpxtpx:hr>152</gpxtpx:hr>
          </gpxtpx:TrackPointExtension>
        </extensions>
      </trkpt>
      <trkpt lat="24.493741535464864" lon="117.68339979498758">
        <ele>9.800000190734863</ele>
        <time>2026-08-04T11:13:11Z</time>
        <extensions>
          <gpxtpx:TrackPointExtension>
            <gpxtpx:hr>151</gpxtpx:hr>
          </gpxtpx:TrackPointExtension>
        </extensions>
      </trkpt>
      <trkpt lat="24.493742725350753" lon="117.68329497990192">
        <ele>9.800000190734863</ele>
        <time>2026-08-04T11:13:15Z</time>
        <extensions>
          <gpxtpx:TrackPointExtension>
            <gpxtpx:hr>151</gpxtpx:hr>
          </gpxtpx:TrackPointExtension>
        </extensions>
      </trkpt>
      <trkpt lat="24.493735908753102" lon="117.68319316025352">
        <ele>9.800000190734863</ele>
        <time>2026-08-04T11:13:19Z</time>
        <extensions>
          <gpxtpx:TrackPointExtension>
            <gpxtpx:hr>150</gpxtpx:hr>
          </gpxtpx:TrackPointExtension>
        </extensions>
      </trkpt>
      <trkpt lat="24.49373109077255" lon="117.68309233885225">
        <ele>10.0</ele>
        <time>2026-08-04T11:13:23Z</time>
        <extensions>
          <gpxtpx:TrackPointExtension>
            <gpxtpx:hr>150</gpxtpx:hr>
          </gpxtpx:TrackPointExtension>
        </extensions>
      </trkpt>
      <trkpt lat="24.493728265970447" lon="117.68299551039182">
        <ele>9.800000190734863</ele>
        <time>2026-08-04T11:13:27Z</time>
        <extensions>
          <gpxtpx:TrackPointExtension>
            <gpxtpx:hr>150</gpxtpx:hr>
          </gpxtpx:TrackPointExtension>
        </extensions>
      </trkpt>
      <trkpt lat="24.493722460774556" lon="117.68288770173439">
        <ele>9.800000190734863</ele>
        <time>2026-08-04T11:13:31Z</time>
        <extensions>
          <gpxtpx:TrackPointExtension>
            <gpxtpx:hr>150</gpxtpx:hr>
          </gpxtpx:TrackPointExtension>
        </extensions>
      </trkpt>
      <trkpt lat="24.49372067445813" lon="117.68276991066607">
        <ele>9.800000190734863</ele>
        <time>2026-08-04T11:13:35Z</time>
        <extensions>
          <gpxtpx:TrackPointExtension>
            <gpxtpx:hr>150</gpxtpx:hr>
          </gpxtpx:TrackPointExtension>
        </extensions>
      </trkpt>
      <trkpt lat="24.493700872914253" lon="117.68265910866772">
        <ele>10.0</ele>
        <time>2026-08-04T11:13:39Z</time>
        <extensions>
          <gpxtpx:TrackPointExtension>
            <gpxtpx:hr>150</gpxtpx:hr>
          </gpxtpx:TrackPointExtension>
        </extensions>
      </trkpt>
      <trkpt lat="24.493680080452467" lon="117.6825433157846">
        <ele>9.800000190734863</ele>
        <time>2026-08-04T11:13:43Z</time>
        <extensions>
          <gpxtpx:TrackPointExtension>
            <gpxtpx:hr>150</gpxtpx:hr>
          </gpxtpx:TrackPointExtension>
        </extensions>
      </trkpt>
      <trkpt lat="24.493675274176102" lon="117.68243650598701">
        <ele>10.0</ele>
        <time>2026-08-04T11:13:47Z</time>
        <extensions>
          <gpxtpx:TrackPointExtension>
            <gpxtpx:hr>151</gpxtpx:hr>
          </gpxtpx:TrackPointExtension>
        </extensions>
      </trkpt>
      <trkpt lat="24.493684455570875" lon="117.68233768115067">
        <ele>10.199999809265137</ele>
        <time>2026-08-04T11:13:51Z</time>
        <extensions>
          <gpxtpx:TrackPointExtension>
            <gpxtpx:hr>152</gpxtpx:hr>
          </gpxtpx:TrackPointExtension>
        </extensions>
      </trkpt>
      <trkpt lat="24.49369964889938" lon="117.68223286669615">
        <ele>10.399999618530273</ele>
        <time>2026-08-04T11:13:55Z</time>
        <extensions>
          <gpxtpx:TrackPointExtension>
            <gpxtpx:hr>153</gpxtpx:hr>
          </gpxtpx:TrackPointExtension>
        </extensions>
      </trkpt>
      <trkpt lat="24.49371784644771" lon="117.68212605574331">
        <ele>10.399999618530273</ele>
        <time>2026-08-04T11:13:59Z</time>
        <extensions>
          <gpxtpx:TrackPointExtension>
            <gpxtpx:hr>155</gpxtpx:hr>
          </gpxtpx:TrackPointExtension>
        </extensions>
      </trkpt>
      <trkpt lat="24.493721038243596" lon="117.68202124244827">
        <ele>10.600000381469727</ele>
        <time>2026-08-04T11:14:03Z</time>
        <extensions>
          <gpxtpx:TrackPointExtension>
            <gpxtpx:hr>155</gpxtpx:hr>
          </gpxtpx:TrackPointExtension>
        </extensions>
      </trkpt>
      <trkpt lat="24.493722220747223" lon="117.68192142053589">
        <ele>10.600000381469727</ele>
        <time>2026-08-04T11:14:07Z</time>
        <extensions>
          <gpxtpx:TrackPointExtension>
            <gpxtpx:hr>155</gpxtpx:hr>
          </gpxtpx:TrackPointExtension>
        </extensions>
      </trkpt>
      <trkpt lat="24.49372242146919" lon="117.68181161666918">
        <ele>10.800000190734863</ele>
        <time>2026-08-04T11:14:11Z</time>
        <extensions>
          <gpxtpx:TrackPointExtension>
            <gpxtpx:hr>153</gpxtpx:hr>
          </gpxtpx:TrackPointExtension>
        </extensions>
      </trkpt>
      <trkpt lat="24.493721618526198" lon="117.68170380946833">
        <ele>10.800000190734863</ele>
        <time>2026-08-04T11:14:15Z</time>
        <extensions>
          <gpxtpx:TrackPointExtension>
            <gpxtpx:hr>152</gpxtpx:hr>
          </gpxtpx:TrackPointExtension>
        </extensions>
      </trkpt>
      <trkpt lat="24.493719802771178" lon="117.68160298999014">
        <ele>11.0</ele>
        <time>2026-08-04T11:14:19Z</time>
        <extensions>
          <gpxtpx:TrackPointExtension>
            <gpxtpx:hr>152</gpxtpx:hr>
          </gpxtpx:TrackPointExtension>
        </extensions>
      </trkpt>
      <trkpt lat="24.493710991572197" lon="117.68149917650854">
        <ele>11.0</ele>
        <time>2026-08-04T11:14:23Z</time>
        <extensions>
          <gpxtpx:TrackPointExtension>
            <gpxtpx:hr>150</gpxtpx:hr>
          </gpxtpx:TrackPointExtension>
        </extensions>
      </trkpt>
      <trkpt lat="24.49369917089559" lon="117.68140035443732">
        <ele>10.800000190734863</ele>
        <time>2026-08-04T11:14:27Z</time>
        <extensions>
          <gpxtpx:TrackPointExtension>
            <gpxtpx:hr>150</gpxtpx:hr>
          </gpxtpx:TrackPointExtension>
        </extensions>
      </trkpt>
      <trkpt lat="24.49371336336441" lon="117.68129653961387">
        <ele>10.399999618530273</ele>
        <time>2026-08-04T11:14:31Z</time>
        <extensions>
          <gpxtpx:TrackPointExtension>
            <gpxtpx:hr>150</gpxtpx:hr>
          </gpxtpx:TrackPointExtension>
        </extensions>
      </trkpt>
      <trkpt lat="24.493754554484912" lon="117.68119571765045">
        <ele>10.0</ele>
        <time>2026-08-04T11:14:35Z</time>
        <extensions>
          <gpxtpx:TrackPointExtension>
            <gpxtpx:hr>150</gpxtpx:hr>
          </gpxtpx:TrackPointExtension>
        </extensions>
      </trkpt>
      <trkpt lat="24.49381171327062" lon="117.68111386061908">
        <ele>10.0</ele>
        <time>2026-08-04T11:14:39Z</time>
        <extensions>
          <gpxtpx:TrackPointExtension>
            <gpxtpx:hr>150</gpxtpx:hr>
          </gpxtpx:TrackPointExtension>
        </extensions>
      </trkpt>
      <trkpt lat="24.493876876987194" lon="117.68103000669952">
        <ele>10.199999809265137</ele>
        <time>2026-08-04T11:14:43Z</time>
        <extensions>
          <gpxtpx:TrackPointExtension>
            <gpxtpx:hr>150</gpxtpx:hr>
          </gpxtpx:TrackPointExtension>
        </extensions>
      </trkpt>
      <trkpt lat="24.493953035075663" lon="117.68095014491395">
        <ele>10.199999809265137</ele>
        <time>2026-08-04T11:14:47Z</time>
        <extensions>
          <gpxtpx:TrackPointExtension>
            <gpxtpx:hr>150</gpxtpx:hr>
          </gpxtpx:TrackPointExtension>
        </extensions>
      </trkpt>
      <trkpt lat="24.494046137020728" lon="117.68090222453438">
        <ele>10.399999618530273</ele>
        <time>2026-08-04T11:14:51Z</time>
        <extensions>
          <gpxtpx:TrackPointExtension>
            <gpxtpx:hr>150</gpxtpx:hr>
          </gpxtpx:TrackPointExtension>
        </extensions>
      </trkpt>
      <trkpt lat="24.494141211741994" lon="117.68086927709659">
        <ele>10.399999618530273</ele>
        <time>2026-08-04T11:14:55Z</time>
        <extensions>
          <gpxtpx:TrackPointExtension>
            <gpxtpx:hr>149</gpxtpx:hr>
          </gpxtpx:TrackPointExtension>
        </extensions>
      </trkpt>
      <trkpt lat="24.49423927038775" lon="117.68084531329045">
        <ele>10.399999618530273</ele>
        <time>2026-08-04T11:14:59Z</time>
        <extensions>
          <gpxtpx:TrackPointExtension>
            <gpxtpx:hr>149</gpxtpx:hr>
          </gpxtpx:TrackPointExtension>
        </extensions>
      </trkpt>
      <trkpt lat="24.494338244721252" lon="117.68086726677346">
        <ele>10.399999618530273</ele>
        <time>2026-08-04T11:15:03Z</time>
        <extensions>
          <gpxtpx:TrackPointExtension>
            <gpxtpx:hr>150</gpxtpx:hr>
          </gpxtpx:TrackPointExtension>
        </extensions>
      </trkpt>
      <trkpt lat="24.494428184674828" lon="117.68090718857054">
        <ele>10.399999618530273</ele>
        <time>2026-08-04T11:15:07Z</time>
        <extensions>
          <gpxtpx:TrackPointExtension>
            <gpxtpx:hr>149</gpxtpx:hr>
          </gpxtpx:TrackPointExtension>
        </extensions>
      </trkpt>
      <trkpt lat="24.49452518623589" lon="117.68091416914763">
        <ele>10.399999618530273</ele>
        <time>2026-08-04T11:15:11Z</time>
        <extensions>
          <gpxtpx:TrackPointExtension>
            <gpxtpx:hr>150</gpxtpx:hr>
          </gpxtpx:TrackPointExtension>
        </extensions>
      </trkpt>
      <trkpt lat="24.4946152032669" lon="117.68091216638157">
        <ele>10.399999618530273</ele>
        <time>2026-08-04T11:15:15Z</time>
        <extensions>
          <gpxtpx:TrackPointExtension>
            <gpxtpx:hr>150</gpxtpx:hr>
          </gpxtpx:TrackPointExtension>
        </extensions>
      </trkpt>
      <trkpt lat="24.494700228725293" lon="117.68090517294813">
        <ele>10.399999618530273</ele>
        <time>2026-08-04T11:15:19Z</time>
        <extensions>
          <gpxtpx:TrackPointExtension>
            <gpxtpx:hr>150</gpxtpx:hr>
          </gpxtpx:TrackPointExtension>
        </extensions>
      </trkpt>
      <trkpt lat="24.494787272828827" lon="117.68088819733467">
        <ele>10.199999809265137</ele>
        <time>2026-08-04T11:15:23Z</time>
        <extensions>
          <gpxtpx:TrackPointExtension>
            <gpxtpx:hr>150</gpxtpx:hr>
          </gpxtpx:TrackPointExtension>
        </extensions>
      </trkpt>
      <trkpt lat="24.49488030863838" lon="117.68087621231955">
        <ele>10.199999809265137</ele>
        <time>2026-08-04T11:15:27Z</time>
        <extensions>
          <gpxtpx:TrackPointExtension>
            <gpxtpx:hr>149</gpxtpx:hr>
          </gpxtpx:TrackPointExtension>
        </extensions>
      </trkpt>
      <trkpt lat="24.494977323004157" lon="117.68087620546738">
        <ele>10.0</ele>
        <time>2026-08-04T11:15:31Z</time>
        <extensions>
          <gpxtpx:TrackPointExtension>
            <gpxtpx:hr>150</gpxtpx:hr>
          </gpxtpx:TrackPointExtension>
        </extensions>
      </trkpt>
      <trkpt lat="24.49508435903366" lon="117.68086521766871">
        <ele>10.0</ele>
        <time>2026-08-04T11:15:35Z</time>
        <extensions>
          <gpxtpx:TrackPointExtension>
            <gpxtpx:hr>150</gpxtpx:hr>
          </gpxtpx:TrackPointExtension>
        </extensions>
      </trkpt>
      <trkpt lat="24.495181391738903" lon="117.68085522878147">
        <ele>9.800000190734863</ele>
        <time>2026-08-04T11:15:39Z</time>
        <extensions>
          <gpxtpx:TrackPointExtension>
            <gpxtpx:hr>150</gpxtpx:hr>
          </gpxtpx:TrackPointExtension>
        </extensions>
      </trkpt>
      <trkpt lat="24.495280415551584" lon="117.68085023077094">
        <ele>9.800000190734863</ele>
        <time>2026-08-04T11:15:43Z</time>
        <extensions>
          <gpxtpx:TrackPointExtension>
            <gpxtpx:hr>150</gpxtpx:hr>
          </gpxtpx:TrackPointExtension>
        </extensions>
      </trkpt>
      <trkpt lat="24.495376446256213" lon="117.68084124015954">
        <ele>9.800000190734863</ele>
        <time>2026-08-04T11:15:47Z</time>
        <extensions>
          <gpxtpx:TrackPointExtension>
            <gpxtpx:hr>150</gpxtpx:hr>
          </gpxtpx:TrackPointExtension>
        </extensions>
      </trkpt>
      <trkpt lat="24.49547447357559" lon="117.68083424581417">
        <ele>9.600000381469727</ele>
        <time>2026-08-04T11:15:51Z</time>
        <extensions>
          <gpxtpx:TrackPointExtension>
            <gpxtpx:hr>150</gpxtpx:hr>
          </gpxtpx:TrackPointExtension>
        </extensions>
      </trkpt>
      <trkpt lat="24.495567518511496" lon="117.68081726979258">
        <ele>9.600000381469727</ele>
        <time>2026-08-04T11:15:55Z</time>
        <extensions>
          <gpxtpx:TrackPointExtension>
            <gpxtpx:hr>149</gpxtpx:hr>
          </gpxtpx:TrackPointExtension>
        </extensions>
      </trkpt>
      <trkpt lat="24.495666545961864" lon="117.68081027537878">
        <ele>9.600000381469727</ele>
        <time>2026-08-04T11:15:59Z</time>
        <extensions>
          <gpxtpx:TrackPointExtension>
            <gpxtpx:hr>148</gpxtpx:hr>
          </gpxtpx:TrackPointExtension>
        </extensions>
      </trkpt>
      <trkpt lat="24.495766555186304" lon="117.6808132629232">
        <ele>9.399999618530273</ele>
        <time>2026-08-04T11:16:03Z</time>
        <extensions>
          <gpxtpx:TrackPointExtension>
            <gpxtpx:hr>148</gpxtpx:hr>
          </gpxtpx:TrackPointExtension>
        </extensions>
      </trkpt>
      <trkpt lat="24.49585157137498" lon="117.68081126051284">
        <ele>9.399999618530273</ele>
        <time>2026-08-04T11:16:07Z</time>
        <extensions>
          <gpxtpx:TrackPointExtension>
            <gpxtpx:hr>147</gpxtpx:hr>
          </gpxtpx:TrackPointExtension>
        </extensions>
      </trkpt>
      <trkpt lat="24.495951595272686" lon="117.68080626243446">
        <ele>9.399999618530273</ele>
        <time>2026-08-04T11:16:11Z</time>
        <extensions>
          <gpxtpx:TrackPointExtension>
            <gpxtpx:hr>146</gpxtpx:hr>
          </gpxtpx:TrackPointExtension>
        </extensions>
      </trkpt>
      <trkpt lat="24.49604462364138" lon="117.68079827024276">
        <ele>9.399999618530273</ele>
        <time>2026-08-04T11:16:15Z</time>
        <extensions>
          <gpxtpx:TrackPointExtension>
            <gpxtpx:hr>146</gpxtpx:hr>
          </gpxtpx:TrackPointExtension>
        </extensions>
      </trkpt>
      <trkpt lat="24.49613864663949" lon="117.68079327258906">
        <ele>9.399999618530273</ele>
        <time>2026-08-04T11:16:19Z</time>
        <extensions>
          <gpxtpx:TrackPointExtension>
            <gpxtpx:hr>146</gpxtpx:hr>
          </gpxtpx:TrackPointExtension>
        </extensions>
      </trkpt>
      <trkpt lat="24.49623264942695" lon="117.6807992551646">
        <ele>9.399999618530273</ele>
        <time>2026-08-04T11:16:23Z</time>
        <extensions>
          <gpxtpx:TrackPointExtension>
            <gpxtpx:hr>147</gpxtpx:hr>
          </gpxtpx:TrackPointExtension>
        </extensions>
      </trkpt>
      <trkpt lat="24.496324664768153" lon="117.68079825046273">
        <ele>9.399999618530273</ele>
        <time>2026-08-04T11:16:27Z</time>
        <extensions>
          <gpxtpx:TrackPointExtension>
            <gpxtpx:hr>147</gpxtpx:hr>
          </gpxtpx:TrackPointExtension>
        </extensions>
      </trkpt>
      <trkpt lat="24.4964176802478" lon="117.68079724569021">
        <ele>9.399999618530273</ele>
        <time>2026-08-04T11:16:31Z</time>
        <extensions>
          <gpxtpx:TrackPointExtension>
            <gpxtpx:hr>148</gpxtpx:hr>
          </gpxtpx:TrackPointExtension>
        </extensions>
      </trkpt>
      <trkpt lat="24.49651469263223" lon="117.68079823704045">
        <ele>9.199999809265137</ele>
        <time>2026-08-04T11:16:35Z</time>
        <extensions>
          <gpxtpx:TrackPointExtension>
            <gpxtpx:hr>149</gpxtpx:hr>
          </gpxtpx:TrackPointExtension>
        </extensions>
      </trkpt>
      <trkpt lat="24.496606709784785" lon="117.68079623413588">
        <ele>9.0</ele>
        <time>2026-08-04T11:16:39Z</time>
        <extensions>
          <gpxtpx:TrackPointExtension>
            <gpxtpx:hr>151</gpxtpx:hr>
          </gpxtpx:TrackPointExtension>
        </extensions>
      </trkpt>
      <trkpt lat="24.496698719582962" lon="117.68079822404195">
        <ele>9.0</ele>
        <time>2026-08-04T11:16:43Z</time>
        <extensions>
          <gpxtpx:TrackPointExtension>
            <gpxtpx:hr>152</gpxtpx:hr>
          </gpxtpx:TrackPointExtension>
        </extensions>
      </trkpt>
      <trkpt lat="24.496789709025727" lon="117.68081119424923">
        <ele>9.0</ele>
        <time>2026-08-04T11:16:47Z</time>
        <extensions>
          <gpxtpx:TrackPointExtension>
            <gpxtpx:hr>152</gpxtpx:hr>
          </gpxtpx:TrackPointExtension>
        </extensions>
      </trkpt>
      <trkpt lat="24.496879683626354" lon="117.68083215015382">
        <ele>8.800000190734863</ele>
        <time>2026-08-04T11:16:51Z</time>
        <extensions>
          <gpxtpx:TrackPointExtension>
            <gpxtpx:hr>153</gpxtpx:hr>
          </gpxtpx:TrackPointExtension>
        </extensions>
      </trkpt>
      <trkpt lat="24.496973691856986" lon="117.68083513812256">
        <ele>8.800000190734863</ele>
        <time>2026-08-04T11:16:55Z</time>
        <extensions>
          <gpxtpx:TrackPointExtension>
            <gpxtpx:hr>152</gpxtpx:hr>
          </gpxtpx:TrackPointExtension>
        </extensions>
      </trkpt>
      <trkpt lat="24.497076705065528" lon="117.68083612904921">
        <ele>8.800000190734863</ele>
        <time>2026-08-04T11:16:59Z</time>
        <extensions>
          <gpxtpx:TrackPointExtension>
            <gpxtpx:hr>152</gpxtpx:hr>
          </gpxtpx:TrackPointExtension>
        </extensions>
      </trkpt>
      <trkpt lat="24.49716163852975" lon="117.68087904579231">
        <ele>8.600000381469727</ele>
        <time>2026-08-04T11:17:03Z</time>
        <extensions>
          <gpxtpx:TrackPointExtension>
            <gpxtpx:hr>152</gpxtpx:hr>
          </gpxtpx:TrackPointExtension>
        </extensions>
      </trkpt>
      <trkpt lat="24.497245566355254" lon="117.68092495724278">
        <ele>8.800000190734863</ele>
        <time>2026-08-04T11:17:07Z</time>
        <extensions>
          <gpxtpx:TrackPointExtension>
            <gpxtpx:hr>151</gpxtpx:hr>
          </gpxtpx:TrackPointExtension>
        </extensions>
      </trkpt>
      <trkpt lat="24.497342514438824" lon="117.68096088575366">
        <ele>8.600000381469727</ele>
        <time>2026-08-04T11:17:11Z</time>
        <extensions>
          <gpxtpx:TrackPointExtension>
            <gpxtpx:hr>152</gpxtpx:hr>
          </gpxtpx:TrackPointExtension>
        </extensions>
      </trkpt>
      <trkpt lat="24.49743349650876" lon="117.68097784880779">
        <ele>8.600000381469727</ele>
        <time>2026-08-04T11:17:15Z</time>
        <extensions>
          <gpxtpx:TrackPointExtension>
            <gpxtpx:hr>152</gpxtpx:hr>
          </gpxtpx:TrackPointExtension>
        </extensions>
      </trkpt>
      <trkpt lat="24.49752546220995" lon="117.6810037956425">
        <ele>8.600000381469727</ele>
        <time>2026-08-04T11:17:19Z</time>
        <extensions>
          <gpxtpx:TrackPointExtension>
            <gpxtpx:hr>152</gpxtpx:hr>
          </gpxtpx:TrackPointExtension>
        </extensions>
      </trkpt>
      <trkpt lat="24.4976224396421" lon="117.68102375289884">
        <ele>8.600000381469727</ele>
        <time>2026-08-04T11:17:23Z</time>
        <extensions>
          <gpxtpx:TrackPointExtension>
            <gpxtpx:hr>152</gpxtpx:hr>
          </gpxtpx:TrackPointExtension>
        </extensions>
      </trkpt>
      <trkpt lat="24.497715398149435" lon="117.68105369250218">
        <ele>8.600000381469727</ele>
        <time>2026-08-04T11:17:27Z</time>
        <extensions>
          <gpxtpx:TrackPointExtension>
            <gpxtpx:hr>152</gpxtpx:hr>
          </gpxtpx:TrackPointExtension>
        </extensions>
      </trkpt>
      <trkpt lat="24.49780638203703" lon="117.68106965737041">
        <ele>8.600000381469727</ele>
        <time>2026-08-04T11:17:31Z</time>
        <extensions>
          <gpxtpx:TrackPointExtension>
            <gpxtpx:hr>151</gpxtpx:hr>
          </gpxtpx:TrackPointExtension>
        </extensions>
      </trkpt>
      <trkpt lat="24.497896365774125" lon="117.68108562231261">
        <ele>8.600000381469727</ele>
        <time>2026-08-04T11:17:35Z</time>
        <extensions>
          <gpxtpx:TrackPointExtension>
            <gpxtpx:hr>151</gpxtpx:hr>
          </gpxtpx:TrackPointExtension>
        </extensions>
      </trkpt>
      <trkpt lat="24.497988386463916" lon="117.68108162298712">
        <ele>8.600000381469727</ele>
        <time>2026-08-04T11:17:39Z</time>
        <extensions>
          <gpxtpx:TrackPointExtension>
            <gpxtpx:hr>150</gpxtpx:hr>
          </gpxtpx:TrackPointExtension>
        </extensions>
      </trkpt>
      <trkpt lat="24.49808240743574" lon="117.68107762352054">
        <ele>8.600000381469727</ele>
        <time>2026-08-04T11:17:43Z</time>
        <extensions>
          <gpxtpx:TrackPointExtension>
            <gpxtpx:hr>150</gpxtpx:hr>
          </gpxtpx:TrackPointExtension>
        </extensions>
      </trkpt>
      <trkpt lat="24.498188433805595" lon="117.68107162679385">
        <ele>8.800000190734863</ele>
        <time>2026-08-04T11:17:47Z</time>
        <extensions>
          <gpxtpx:TrackPointExtension>
            <gpxtpx:hr>150</gpxtpx:hr>
          </gpxtpx:TrackPointExtension>
        </extensions>
      </trkpt>
      <trkpt lat="24.498293449018334" lon="117.68107161937534">
        <ele>8.800000190734863</ele>
        <time>2026-08-04T11:17:51Z</time>
        <extensions>
          <gpxtpx:TrackPointExtension>
            <gpxtpx:hr>150</gpxtpx:hr>
          </gpxtpx:TrackPointExtension>
        </extensions>
      </trkpt>
      <trkpt lat="24.498389484921653" lon="117.68105963411904">
        <ele>8.800000190734863</ele>
        <time>2026-08-04T11:17:55Z</time>
        <extensions>
          <gpxtpx:TrackPointExtension>
            <gpxtpx:hr>150</gpxtpx:hr>
          </gpxtpx:TrackPointExtension>
        </extensions>
      </trkpt>
      <trkpt lat="24.498482503879394" lon="117.68105663293022">
        <ele>8.800000190734863</ele>
        <time>2026-08-04T11:17:59Z</time>
        <extensions>
          <gpxtpx:TrackPointExtension>
            <gpxtpx:hr>151</gpxtpx:hr>
          </gpxtpx:TrackPointExtension>
        </extensions>
      </trkpt>
      <trkpt lat="24.498572548069248" lon="117.68103965707107">
        <ele>9.0</ele>
        <time>2026-08-04T11:18:03Z</time>
        <extensions>
          <gpxtpx:TrackPointExtension>
            <gpxtpx:hr>152</gpxtpx:hr>
          </gpxtpx:TrackPointExtension>
        </extensions>
      </trkpt>
      <trkpt lat="24.498659600991676" lon="117.6810176904">
        <ele>9.199999809265137</ele>
        <time>2026-08-04T11:18:07Z</time>
        <extensions>
          <gpxtpx:TrackPointExtension>
            <gpxtpx:hr>153</gpxtpx:hr>
          </gpxtpx:TrackPointExtension>
        </extensions>
      </trkpt>
      <trkpt lat="24.498753664094895" lon="117.6809907322148">
        <ele>9.199999809265137</ele>
        <time>2026-08-04T11:18:11Z</time>
        <extensions>
          <gpxtpx:TrackPointExtension>
            <gpxtpx:hr>154</gpxtpx:hr>
          </gpxtpx:TrackPointExtension>
        </extensions>
      </trkpt>
      <trkpt lat="24.498853755585696" lon="117.68094880054474">
        <ele>9.399999618530273</ele>
        <time>2026-08-04T11:18:15Z</time>
        <extensions>
          <gpxtpx:TrackPointExtension>
            <gpxtpx:hr>156</gpxtpx:hr>
          </gpxtpx:TrackPointExtension>
        </extensions>
      </trkpt>
      <trkpt lat="24.498930638275006" lon="117.68101866945852">
        <ele>9.399999618530273</ele>
        <time>2026-08-04T11:18:19Z</time>
        <extensions>
          <gpxtpx:TrackPointExtension>
            <gpxtpx:hr>156</gpxtpx:hr>
          </gpxtpx:TrackPointExtension>
        </extensions>
      </trkpt>
      <trkpt lat="24.49894243831257" lon="117.68112847129635">
        <ele>9.199999809265137</ele>
        <time>2026-08-04T11:18:23Z</time>
        <extensions>
          <gpxtpx:TrackPointExtension>
            <gpxtpx:hr>157</gpxtpx:hr>
          </gpxtpx:TrackPointExtension>
        </extensions>
      </trkpt>
      <trkpt lat="24.4989522400248" lon="117.68123727522612">
        <ele>9.0</ele>
        <time>2026-08-04T11:18:27Z</time>
        <extensions>
          <gpxtpx:TrackPointExtension>
            <gpxtpx:hr>158</gpxtpx:hr>
          </gpxtpx:TrackPointExtension>
        </extensions>
      </trkpt>
      <trkpt lat="24.49896504413005" lon="117.68134508089132">
        <ele>8.800000190734863</ele>
        <time>2026-08-04T11:18:31Z</time>
        <extensions>
          <gpxtpx:TrackPointExtension>
            <gpxtpx:hr>157</gpxtpx:hr>
          </gpxtpx:TrackPointExtension>
        </extensions>
      </trkpt>
      <trkpt lat="24.498970863819597" lon="117.68144390330559">
        <ele>8.600000381469727</ele>
        <time>2026-08-04T11:18:35Z</time>
        <extensions>
          <gpxtpx:TrackPointExtension>
            <gpxtpx:hr>156</gpxtpx:hr>
          </gpxtpx:TrackPointExtension>
        </extensions>
      </trkpt>
      <trkpt lat="24.498982671684264" lon="117.68154971291492">
        <ele>8.800000190734863</ele>
        <time>2026-08-04T11:18:39Z</time>
        <extensions>
          <gpxtpx:TrackPointExtension>
            <gpxtpx:hr>153</gpxtpx:hr>
          </gpxtpx:TrackPointExtension>
        </extensions>
      </trkpt>
      <trkpt lat="24.498992479386008" lon="117.68165552281708">
        <ele>8.600000381469727</ele>
        <time>2026-08-04T11:18:43Z</time>
        <extensions>
          <gpxtpx:TrackPointExtension>
            <gpxtpx:hr>152</gpxtpx:hr>
          </gpxtpx:TrackPointExtension>
        </extensions>
      </trkpt>
      <trkpt lat="24.49898228433103" lon="117.68176133428501">
        <ele>8.399999618530273</ele>
        <time>2026-08-04T11:18:47Z</time>
        <extensions>
          <gpxtpx:TrackPointExtension>
            <gpxtpx:hr>151</gpxtpx:hr>
          </gpxtpx:TrackPointExtension>
        </extensions>
      </trkpt>
      <trkpt lat="24.498989084555152" lon="117.68187113757286">
        <ele>8.199999809265137</ele>
        <time>2026-08-04T11:18:51Z</time>
        <extensions>
          <gpxtpx:TrackPointExtension>
            <gpxtpx:hr>151</gpxtpx:hr>
          </gpxtpx:TrackPointExtension>
        </extensions>
      </trkpt>
      <trkpt lat="24.4989849015665" lon="117.68197095962029">
        <ele>8.199999809265137</ele>
        <time>2026-08-04T11:18:55Z</time>
        <extensions>
          <gpxtpx:TrackPointExtension>
            <gpxtpx:hr>151</gpxtpx:hr>
          </gpxtpx:TrackPointExtension>
        </extensions>
      </trkpt>
      <trkpt lat="24.498982706224506" lon="117.68207776920306">
        <ele>8.0</ele>
        <time>2026-08-04T11:18:59Z</time>
        <extensions>
          <gpxtpx:TrackPointExtension>
            <gpxtpx:hr>151</gpxtpx:hr>
          </gpxtpx:TrackPointExtension>
        </extensions>
      </trkpt>
      <trkpt lat="24.49897152428634" lon="117.6821765938111">
        <ele>7.800000190734863</ele>
        <time>2026-08-04T11:19:03Z</time>
        <extensions>
          <gpxtpx:TrackPointExtension>
            <gpxtpx:hr>150</gpxtpx:hr>
          </gpxtpx:TrackPointExtension>
        </extensions>
      </trkpt>
      <trkpt lat="24.498960333362195" lon="117.68228040966949">
        <ele>7.800000190734863</ele>
        <time>2026-08-04T11:19:07Z</time>
        <extensions>
          <gpxtpx:TrackPointExtension>
            <gpxtpx:hr>150</gpxtpx:hr>
          </gpxtpx:TrackPointExtension>
        </extensions>
      </trkpt>
      <trkpt lat="24.498951148309224" lon="117.68238123086645">
        <ele>7.800000190734863</ele>
        <time>2026-08-04T11:19:11Z</time>
        <extensions>
          <gpxtpx:TrackPointExtension>
            <gpxtpx:hr>150</gpxtpx:hr>
          </gpxtpx:TrackPointExtension>
        </extensions>
      </trkpt>
      <trkpt lat="24.49893594615354" lon="117.6824910366622">
        <ele>7.800000190734863</ele>
        <time>2026-08-04T11:19:15Z</time>
        <extensions>
          <gpxtpx:TrackPointExtension>
            <gpxtpx:hr>150</gpxtpx:hr>
          </gpxtpx:TrackPointExtension>
        </extensions>
      </trkpt>
      <trkpt lat="24.498927750599254" lon="117.68259784745402">
        <ele>8.0</ele>
        <time>2026-08-04T11:19:19Z</time>
        <extensions>
          <gpxtpx:TrackPointExtension>
            <gpxtpx:hr>150</gpxtpx:hr>
          </gpxtpx:TrackPointExtension>
        </extensions>
      </trkpt>
      <trkpt lat="24.498895571684823" lon="117.6826936795912">
        <ele>8.0</ele>
        <time>2026-08-04T11:19:23Z</time>
        <extensions>
          <gpxtpx:TrackPointExtension>
            <gpxtpx:hr>150</gpxtpx:hr>
          </gpxtpx:TrackPointExtension>
        </extensions>
      </trkpt>
      <trkpt lat="24.498864383955144" lon="117.68279450294048">
        <ele>7.800000190734863</ele>
        <time>2026-08-04T11:19:27Z</time>
        <extensions>
          <gpxtpx:TrackPointExtension>
            <gpxtpx:hr>150</gpxtpx:hr>
          </gpxtpx:TrackPointExtension>
        </extensions>
      </trkpt>
      <trkpt lat="24.498848194887135" lon="117.68289732184044">
        <ele>7.800000190734863</ele>
        <time>2026-08-04T11:19:31Z</time>
        <extensions>
          <gpxtpx:TrackPointExtension>
            <gpxtpx:hr>150</gpxtpx:hr>
          </gpxtpx:TrackPointExtension>
        </extensions>
      </trkpt>
      <trkpt lat="24.49883000203672" lon="117.68300213750244">
        <ele>7.800000190734863</ele>
        <time>2026-08-04T11:19:35Z</time>
        <extensions>
          <gpxtpx:TrackPointExtension>
            <gpxtpx:hr>151</gpxtpx:hr>
          </gpxtpx:TrackPointExtension>
        </extensions>
      </trkpt>
      <trkpt lat="24.498837814883057" lon="117.68310595325369">
        <ele>7.800000190734863</ele>
        <time>2026-08-04T11:19:39Z</time>
        <extensions>
          <gpxtpx:TrackPointExtension>
            <gpxtpx:hr>152</gpxtpx:hr>
          </gpxtpx:TrackPointExtension>
        </extensions>
      </trkpt>
      <trkpt lat="24.498840618097596" lon="117.68321476069849">
        <ele>7.800000190734863</ele>
        <time>2026-08-04T11:19:43Z</time>
        <extensions>
          <gpxtpx:TrackPointExtension>
            <gpxtpx:hr>152</gpxtpx:hr>
          </gpxtpx:TrackPointExtension>
        </extensions>
      </trkpt>
      <trkpt lat="24.498845439821757" lon="117.68331358580069">
        <ele>7.800000190734863</ele>
        <time>2026-08-04T11:19:47Z</time>
        <extensions>
          <gpxtpx:TrackPointExtension>
            <gpxtpx:hr>154</gpxtpx:hr>
          </gpxtpx:TrackPointExtension>
        </extensions>
      </trkpt>
      <trkpt lat="24.498859264772847" lon="117.68341141217357">
        <ele>7.800000190734863</ele>
        <time>2026-08-04T11:19:51Z</time>
        <extensions>
          <gpxtpx:TrackPointExtension>
            <gpxtpx:hr>155</gpxtpx:hr>
          </gpxtpx:TrackPointExtension>
        </extensions>
      </trkpt>
      <trkpt lat="24.498882118218635" lon="117.68349426444681">
        <ele>8.0</ele>
        <time>2026-08-04T11:19:55Z</time>
        <extensions>
          <gpxtpx:TrackPointExtension>
            <gpxtpx:hr>156</gpxtpx:hr>
          </gpxtpx:TrackPointExtension>
        </extensions>
      </trkpt>
      <trkpt lat="24.498900821475495" lon="117.68365997121323">
        <ele>7.599999904632568</ele>
        <time>2026-08-04T11:20:12Z</time>
        <extensions>
          <gpxtpx:TrackPointExtension>
            <gpxtpx:hr>157</gpxtpx:hr>
          </gpxtpx:TrackPointExtension>
        </extensions>
      </trkpt>
      <trkpt lat="24.498928679507124" lon="117.68374082695694">
        <ele>7.599999904632568</ele>
        <time>2026-08-04T11:20:16Z</time>
        <extensions>
          <gpxtpx:TrackPointExtension>
            <gpxtpx:hr>155</gpxtpx:hr>
          </gpxtpx:TrackPointExtension>
        </extensions>
      </trkpt>
      <trkpt lat="24.498979512123466" lon="117.68383765310207">
        <ele>7.400000095367432</ele>
        <time>2026-08-04T11:20:20Z</time>
        <extensions>
          <gpxtpx:TrackPointExtension>
            <gpxtpx:hr>150</gpxtpx:hr>
          </gpxtpx:TrackPointExtension>
        </extensions>
      </trkpt>
      <trkpt lat="24.499023345648958" lon="117.68393348163903">
        <ele>7.199999809265137</ele>
        <time>2026-08-04T11:20:24Z</time>
        <extensions>
          <gpxtpx:TrackPointExtension>
            <gpxtpx:hr>147</gpxtpx:hr>
          </gpxtpx:TrackPointExtension>
        </extensions>
      </trkpt>
      <trkpt lat="24.49906616655973" lon="117.68403629812863">
        <ele>7.400000095367432</ele>
        <time>2026-08-04T11:20:28Z</time>
        <extensions>
          <gpxtpx:TrackPointExtension>
            <gpxtpx:hr>144</gpxtpx:hr>
          </gpxtpx:TrackPointExtension>
        </extensions>
      </trkpt>
      <trkpt lat="24.49912100371032" lon="117.68413112793235">
        <ele>7.599999904632568</ele>
        <time>2026-08-04T11:20:32Z</time>
        <extensions>
          <gpxtpx:TrackPointExtension>
            <gpxtpx:hr>143</gpxtpx:hr>
          </gpxtpx:TrackPointExtension>
        </extensions>
      </trkpt>
      <trkpt lat="24.49917787897718" lon="117.68420499445452">
        <ele>7.800000190734863</ele>
        <time>2026-08-04T11:20:36Z</time>
        <extensions>
          <gpxtpx:TrackPointExtension>
            <gpxtpx:hr>143</gpxtpx:hr>
          </gpxtpx:TrackPointExtension>
        </extensions>
      </trkpt>
      <trkpt lat="24.499231737726152" lon="117.6842878455467">
        <ele>7.800000190734863</ele>
        <time>2026-08-04T11:20:40Z</time>
        <extensions>
          <gpxtpx:TrackPointExtension>
            <gpxtpx:hr>142</gpxtpx:hr>
          </gpxtpx:TrackPointExtension>
        </extensions>
      </trkpt>
      <trkpt lat="24.499293603095463" lon="117.68436770141953">
        <ele>7.599999904632568</ele>
        <time>2026-08-04T11:20:44Z</time>
        <extensions>
          <gpxtpx:TrackPointExtension>
            <gpxtpx:hr>143</gpxtpx:hr>
          </gpxtpx:TrackPointExtension>
        </extensions>
      </trkpt>
      <trkpt lat="24.49936049257226" lon="117.68443457972451">
        <ele>7.800000190734863</ele>
        <time>2026-08-04T11:20:48Z</time>
        <extensions>
          <gpxtpx:TrackPointExtension>
            <gpxtpx:hr>144</gpxtpx:hr>
          </gpxtpx:TrackPointExtension>
        </extensions>
      </trkpt>
      <trkpt lat="24.499441394869088" lon="117.68449546757493">
        <ele>7.400000095367432</ele>
        <time>2026-08-04T11:20:52Z</time>
        <extensions>
          <gpxtpx:TrackPointExtension>
            <gpxtpx:hr>144</gpxtpx:hr>
          </gpxtpx:TrackPointExtension>
        </extensions>
      </trkpt>
      <trkpt lat="24.499522306166046" lon="117.68455136420022">
        <ele>7.400000095367432</ele>
        <time>2026-08-04T11:20:56Z</time>
        <extensions>
          <gpxtpx:TrackPointExtension>
            <gpxtpx:hr>144</gpxtpx:hr>
          </gpxtpx:TrackPointExtension>
        </extensions>
      </trkpt>
      <trkpt lat="24.49959219622291" lon="117.68461824248786">
        <ele>7.400000095367432</ele>
        <time>2026-08-04T11:21:00Z</time>
        <extensions>
          <gpxtpx:TrackPointExtension>
            <gpxtpx:hr>144</gpxtpx:hr>
          </gpxtpx:TrackPointExtension>
        </extensions>
      </trkpt>
      <trkpt lat="24.499657069511738" lon="117.68469410553095">
        <ele>7.400000095367432</ele>
        <time>2026-08-04T11:21:04Z</time>
        <extensions>
          <gpxtpx:TrackPointExtension>
            <gpxtpx:hr>145</gpxtpx:hr>
          </gpxtpx:TrackPointExtension>
        </extensions>
      </trkpt>
      <trkpt lat="24.499728958186502" lon="117.68476198208994">
        <ele>7.599999904632568</ele>
        <time>2026-08-04T11:21:08Z</time>
        <extensions>
          <gpxtpx:TrackPointExtension>
            <gpxtpx:hr>145</gpxtpx:hr>
          </gpxtpx:TrackPointExtension>
        </extensions>
      </trkpt>
      <trkpt lat="24.499807856860695" lon="117.6848248669222">
        <ele>7.599999904632568</ele>
        <time>2026-08-04T11:21:12Z</time>
        <extensions>
          <gpxtpx:TrackPointExtension>
            <gpxtpx:hr>147</gpxtpx:hr>
          </gpxtpx:TrackPointExtension>
        </extensions>
      </trkpt>
      <trkpt lat="24.49987373227855" lon="117.68489973188422">
        <ele>7.599999904632568</ele>
        <time>2026-08-04T11:21:16Z</time>
        <extensions>
          <gpxtpx:TrackPointExtension>
            <gpxtpx:hr>149</gpxtpx:hr>
          </gpxtpx:TrackPointExtension>
        </extensions>
      </trkpt>
      <trkpt lat="24.499932583553477" lon="117.68498757485936">
        <ele>8.199999809265137</ele>
        <time>2026-08-04T11:21:20Z</time>
        <extensions>
          <gpxtpx:TrackPointExtension>
            <gpxtpx:hr>150</gpxtpx:hr>
          </gpxtpx:TrackPointExtension>
        </extensions>
      </trkpt>
      <trkpt lat="24.499978417011537" lon="117.68508440326661">
        <ele>8.800000190734863</ele>
        <time>2026-08-04T11:21:24Z</time>
        <extensions>
          <gpxtpx:TrackPointExtension>
            <gpxtpx:hr>150</gpxtpx:hr>
          </gpxtpx:TrackPointExtension>
        </extensions>
      </trkpt>
      <trkpt lat="24.5000172424637" lon="117.68518522538993">
        <ele>8.800000190734863</ele>
        <time>2026-08-04T11:21:28Z</time>
        <extensions>
          <gpxtpx:TrackPointExtension>
            <gpxtpx:hr>150</gpxtpx:hr>
          </gpxtpx:TrackPointExtension>
        </extensions>
      </trkpt>
      <trkpt lat="24.500060077534943" lon="117.6852810560544">
        <ele>8.800000190734863</ele>
        <time>2026-08-04T11:21:32Z</time>
        <extensions>
          <gpxtpx:TrackPointExtension>
            <gpxtpx:hr>151</gpxtpx:hr>
          </gpxtpx:TrackPointExtension>
        </extensions>
      </trkpt>
      <trkpt lat="24.500097924478258" lon="117.68536989933347">
        <ele>8.800000190734863</ele>
        <time>2026-08-04T11:21:36Z</time>
        <extensions>
          <gpxtpx:TrackPointExtension>
            <gpxtpx:hr>152</gpxtpx:hr>
          </gpxtpx:TrackPointExtension>
        </extensions>
      </trkpt>
      <trkpt lat="24.500143776232925" lon="117.6854567456346">
        <ele>8.800000190734863</ele>
        <time>2026-08-04T11:21:40Z</time>
        <extensions>
          <gpxtpx:TrackPointExtension>
            <gpxtpx:hr>153</gpxtpx:hr>
          </gpxtpx:TrackPointExtension>
        </extensions>
      </trkpt>
      <trkpt lat="24.500174620613613" lon="117.68554658794088">
        <ele>8.600000381469727</ele>
        <time>2026-08-04T11:21:44Z</time>
        <extensions>
          <gpxtpx:TrackPointExtension>
            <gpxtpx:hr>154</gpxtpx:hr>
          </gpxtpx:TrackPointExtension>
        </extensions>
      </trkpt>
      <trkpt lat="24.50019443333706" lon="117.68565340182826">
        <ele>8.0</ele>
        <time>2026-08-04T11:21:48Z</time>
        <extensions>
          <gpxtpx:TrackPointExtension>
            <gpxtpx:hr>155</gpxtpx:hr>
          </gpxtpx:TrackPointExtension>
        </extensions>
      </trkpt>
      <trkpt lat="24.500213253178224" lon="117.68575622287204">
        <ele>7.800000190734863</ele>
        <time>2026-08-04T11:21:52Z</time>
        <extensions>
          <gpxtpx:TrackPointExtension>
            <gpxtpx:hr>156</gpxtpx:hr>
          </gpxtpx:TrackPointExtension>
        </extensions>
      </trkpt>
      <trkpt lat="24.500227076001973" lon="117.68585704789156">
        <ele>7.400000095367432</ele>
        <time>2026-08-04T11:21:56Z</time>
        <extensions>
          <gpxtpx:TrackPointExtension>
            <gpxtpx:hr>156</gpxtpx:hr>
          </gpxtpx:TrackPointExtension>
        </extensions>
      </trkpt>
      <trkpt lat="24.500239889969425" lon="117.68596286455389">
        <ele>7.199999809265137</ele>
        <time>2026-08-04T11:22:00Z</time>
        <extensions>
          <gpxtpx:TrackPointExtension>
            <gpxtpx:hr>156</gpxtpx:hr>
          </gpxtpx:TrackPointExtension>
        </extensions>
      </trkpt>
      <trkpt lat="24.500236703581816" lon="117.68606768425703">
        <ele>6.800000190734863</ele>
        <time>2026-08-04T11:22:04Z</time>
        <extensions>
          <gpxtpx:TrackPointExtension>
            <gpxtpx:hr>156</gpxtpx:hr>
          </gpxtpx:TrackPointExtension>
        </extensions>
      </trkpt>
      <trkpt lat="24.500255541724076" lon="117.68616052319076">
        <ele>6.800000190734863</ele>
        <time>2026-08-04T11:22:08Z</time>
        <extensions>
          <gpxtpx:TrackPointExtension>
            <gpxtpx:hr>155</gpxtpx:hr>
          </gpxtpx:TrackPointExtension>
        </extensions>
      </trkpt>
      <trkpt lat="24.50025036065425" lon="117.68626234853564">
        <ele>6.599999904632568</ele>
        <time>2026-08-04T11:22:12Z</time>
        <extensions>
          <gpxtpx:TrackPointExtension>
            <gpxtpx:hr>156</gpxtpx:hr>
          </gpxtpx:TrackPointExtension>
        </extensions>
      </trkpt>
      <trkpt lat="24.500239173580933" lon="117.68636716934478">
        <ele>6.800000190734863</ele>
        <time>2026-08-04T11:22:16Z</time>
        <extensions>
          <gpxtpx:TrackPointExtension>
            <gpxtpx:hr>156</gpxtpx:hr>
          </gpxtpx:TrackPointExtension>
        </extensions>
      </trkpt>
      <trkpt lat="24.500231987241026" lon="117.68647199006179">
        <ele>6.599999904632568</ele>
        <time>2026-08-04T11:22:20Z</time>
        <extensions>
          <gpxtpx:TrackPointExtension>
            <gpxtpx:hr>156</gpxtpx:hr>
          </gpxtpx:TrackPointExtension>
        </extensions>
      </trkpt>
      <trkpt lat="24.500238792488155" lon="117.68658279972387">
        <ele>6.599999904632568</ele>
        <time>2026-08-04T11:22:24Z</time>
        <extensions>
          <gpxtpx:TrackPointExtension>
            <gpxtpx:hr>155</gpxtpx:hr>
          </gpxtpx:TrackPointExtension>
        </extensions>
      </trkpt>
      <trkpt lat="24.500265609581714" lon="117.68668861672347">
        <ele>6.599999904632568</ele>
        <time>2026-08-04T11:22:28Z</time>
        <extensions>
          <gpxtpx:TrackPointExtension>
            <gpxtpx:hr>150</gpxtpx:hr>
          </gpxtpx:TrackPointExtension>
        </extensions>
      </trkpt>
      <trkpt lat="24.50031244377631" lon="117.6867864461508">
        <ele>6.599999904632568</ele>
        <time>2026-08-04T11:22:32Z</time>
        <extensions>
          <gpxtpx:TrackPointExtension>
            <gpxtpx:hr>149</gpxtpx:hr>
          </gpxtpx:TrackPointExtension>
        </extensions>
      </trkpt>
      <trkpt lat="24.500385308200183" lon="117.68686929947019">
        <ele>6.599999904632568</ele>
        <time>2026-08-04T11:22:36Z</time>
        <extensions>
          <gpxtpx:TrackPointExtension>
            <gpxtpx:hr>149</gpxtpx:hr>
          </gpxtpx:TrackPointExtension>
        </extensions>
      </trkpt>
      <trkpt lat="24.500475212052713" lon="117.6869311874716">
        <ele>6.599999904632568</ele>
        <time>2026-08-04T11:22:40Z</time>
        <extensions>
          <gpxtpx:TrackPointExtension>
            <gpxtpx:hr>148</gpxtpx:hr>
          </gpxtpx:TrackPointExtension>
        </extensions>
      </trkpt>
      <trkpt lat="24.500573134662613" lon="117.6869830919968">
        <ele>6.599999904632568</ele>
        <time>2026-08-04T11:22:44Z</time>
        <extensions>
          <gpxtpx:TrackPointExtension>
            <gpxtpx:hr>149</gpxtpx:hr>
          </gpxtpx:TrackPointExtension>
        </extensions>
      </trkpt>
      <trkpt lat="24.500668055120574" lon="117.68703599508079">
        <ele>6.599999904632568</ele>
        <time>2026-08-04T11:22:48Z</time>
        <extensions>
          <gpxtpx:TrackPointExtension>
            <gpxtpx:hr>149</gpxtpx:hr>
          </gpxtpx:TrackPointExtension>
        </extensions>
      </trkpt>
      <trkpt lat="24.500748949048237" lon="117.68710287540164">
        <ele>6.599999904632568</ele>
        <time>2026-08-04T11:22:52Z</time>
        <extensions>
          <gpxtpx:TrackPointExtension>
            <gpxtpx:hr>149</gpxtpx:hr>
          </gpxtpx:TrackPointExtension>
        </extensions>
      </trkpt>
      <trkpt lat="24.50081179137246" lon="117.68719770951306">
        <ele>6.599999904632568</ele>
        <time>2026-08-04T11:22:56Z</time>
        <extensions>
          <gpxtpx:TrackPointExtension>
            <gpxtpx:hr>150</gpxtpx:hr>
          </gpxtpx:TrackPointExtension>
        </extensions>
      </trkpt>
      <trkpt lat="24.500837600534357" lon="117.68730851925886">
        <ele>6.800000190734863</ele>
        <time>2026-08-04T11:23:00Z</time>
        <extensions>
          <gpxtpx:TrackPointExtension>
            <gpxtpx:hr>151</gpxtpx:hr>
          </gpxtpx:TrackPointExtension>
        </extensions>
      </trkpt>
      <trkpt lat="24.500841410253454" lon="117.6874173341722">
        <ele>6.800000190734863</ele>
        <time>2026-08-04T11:23:04Z</time>
        <extensions>
          <gpxtpx:TrackPointExtension>
            <gpxtpx:hr>152</gpxtpx:hr>
          </gpxtpx:TrackPointExtension>
        </extensions>
      </trkpt>
      <trkpt lat="24.500822236114974" lon="117.6875151695465">
        <ele>6.800000190734863</ele>
        <time>2026-08-04T11:23:08Z</time>
        <extensions>
          <gpxtpx:TrackPointExtension>
            <gpxtpx:hr>152</gpxtpx:hr>
          </gpxtpx:TrackPointExtension>
        </extensions>
      </trkpt>
      <trkpt lat="24.500815058592277" lon="117.68761599917386">
        <ele>6.800000190734863</ele>
        <time>2026-08-04T11:23:12Z</time>
        <extensions>
          <gpxtpx:TrackPointExtension>
            <gpxtpx:hr>152</gpxtpx:hr>
          </gpxtpx:TrackPointExtension>
        </extensions>
      </trkpt>
      <trkpt lat="24.50080584429301" lon="117.68773779366435">
        <ele>6.800000190734863</ele>
        <time>2026-08-04T11:23:16Z</time>
        <extensions>
          <gpxtpx:TrackPointExtension>
            <gpxtpx:hr>153</gpxtpx:hr>
          </gpxtpx:TrackPointExtension>
        </extensions>
      </trkpt>
      <trkpt lat="24.50079464040109" lon="117.68785359868815">
        <ele>6.599999904632568</ele>
        <time>2026-08-04T11:23:20Z</time>
        <extensions>
          <gpxtpx:TrackPointExtension>
            <gpxtpx:hr>153</gpxtpx:hr>
          </gpxtpx:TrackPointExtension>
        </extensions>
      </trkpt>
      <trkpt lat="24.500781446884808" lon="117.68796341420803">
        <ele>6.599999904632568</ele>
        <time>2026-08-04T11:23:24Z</time>
        <extensions>
          <gpxtpx:TrackPointExtension>
            <gpxtpx:hr>152</gpxtpx:hr>
          </gpxtpx:TrackPointExtension>
        </extensions>
      </trkpt>
      <trkpt lat="24.500773243833073" lon="117.68807921950437">
        <ele>6.400000095367432</ele>
        <time>2026-08-04T11:23:28Z</time>
        <extensions>
          <gpxtpx:TrackPointExtension>
            <gpxtpx:hr>152</gpxtpx:hr>
          </gpxtpx:TrackPointExtension>
        </extensions>
      </trkpt>
      <trkpt lat="24.500762038829887" lon="117.6881960235835">
        <ele>6.400000095367432</ele>
        <time>2026-08-04T11:23:32Z</time>
        <extensions>
          <gpxtpx:TrackPointExtension>
            <gpxtpx:hr>151</gpxtpx:hr>
          </gpxtpx:TrackPointExtension>
        </extensions>
      </trkpt>
      <trkpt lat="24.500765846597513" lon="117.68830683692504">
        <ele>6.599999904632568</ele>
        <time>2026-08-04T11:23:36Z</time>
        <extensions>
          <gpxtpx:TrackPointExtension>
            <gpxtpx:hr>151</gpxtpx:hr>
          </gpxtpx:TrackPointExtension>
        </extensions>
      </trkpt>
      <trkpt lat="24.50076465385071" lon="117.68841765085199">
        <ele>6.800000190734863</ele>
        <time>2026-08-04T11:23:40Z</time>
        <extensions>
          <gpxtpx:TrackPointExtension>
            <gpxtpx:hr>152</gpxtpx:hr>
          </gpxtpx:TrackPointExtension>
        </extensions>
      </trkpt>
      <trkpt lat="24.500751501177824" lon="117.68850450603803">
        <ele>6.800000190734863</ele>
        <time>2026-08-04T11:23:44Z</time>
        <extensions>
          <gpxtpx:TrackPointExtension>
            <gpxtpx:hr>151</gpxtpx:hr>
          </gpxtpx:TrackPointExtension>
        </extensions>
      </trkpt>
      <trkpt lat="24.500743306057835" lon="117.68861631920386">
        <ele>6.800000190734863</ele>
        <time>2026-08-04T11:23:48Z</time>
        <extensions>
          <gpxtpx:TrackPointExtension>
            <gpxtpx:hr>151</gpxtpx:hr>
          </gpxtpx:TrackPointExtension>
        </extensions>
      </trkpt>
      <trkpt lat="24.500737114885084" lon="117.68872613580697">
        <ele>6.800000190734863</ele>
        <time>2026-08-04T11:23:52Z</time>
        <extensions>
          <gpxtpx:TrackPointExtension>
            <gpxtpx:hr>152</gpxtpx:hr>
          </gpxtpx:TrackPointExtension>
        </extensions>
      </trkpt>
      <trkpt lat="24.50071591313601" lon="117.68884094536347">
        <ele>6.800000190734863</ele>
        <time>2026-08-04T11:23:56Z</time>
        <extensions>
          <gpxtpx:TrackPointExtension>
            <gpxtpx:hr>153</gpxtpx:hr>
          </gpxtpx:TrackPointExtension>
        </extensions>
      </trkpt>
      <trkpt lat="24.500639758989884" lon="117.68892381237684">
        <ele>6.599999904632568</ele>
        <time>2026-08-04T11:24:00Z</time>
        <extensions>
          <gpxtpx:TrackPointExtension>
            <gpxtpx:hr>154</gpxtpx:hr>
          </gpxtpx:TrackPointExtension>
        </extensions>
      </trkpt>
      <trkpt lat="24.500546647373653" lon="117.68898072401373">
        <ele>6.800000190734863</ele>
        <time>2026-08-04T11:24:04Z</time>
        <extensions>
          <gpxtpx:TrackPointExtension>
            <gpxtpx:hr>155</gpxtpx:hr>
          </gpxtpx:TrackPointExtension>
        </extensions>
      </trkpt>
      <trkpt lat="24.5004615576352" lon="117.68902565511729">
        <ele>6.599999904632568</ele>
        <time>2026-08-04T11:24:08Z</time>
        <extensions>
          <gpxtpx:TrackPointExtension>
            <gpxtpx:hr>156</gpxtpx:hr>
          </gpxtpx:TrackPointExtension>
        </extensions>
      </trkpt>
      <trkpt lat="24.500360481151468" lon="117.68906160236398">
        <ele>6.400000095367432</ele>
        <time>2026-08-04T11:24:12Z</time>
        <extensions>
          <gpxtpx:TrackPointExtension>
            <gpxtpx:hr>156</gpxtpx:hr>
          </gpxtpx:TrackPointExtension>
        </extensions>
      </trkpt>
      <trkpt lat="24.500257428519127" lon="117.6890835730597">
        <ele>6.400000095367432</ele>
        <time>2026-08-04T11:24:16Z</time>
        <extensions>
          <gpxtpx:TrackPointExtension>
            <gpxtpx:hr>155</gpxtpx:hr>
          </gpxtpx:TrackPointExtension>
        </extensions>
      </trkpt>
      <trkpt lat="24.500158378179535" lon="117.68910454514447">
        <ele>6.199999809265137</ele>
        <time>2026-08-04T11:24:20Z</time>
        <extensions>
          <gpxtpx:TrackPointExtension>
            <gpxtpx:hr>155</gpxtpx:hr>
          </gpxtpx:TrackPointExtension>
        </extensions>
      </trkpt>
      <trkpt lat="24.500057355116535" lon="117.68910954397931">
        <ele>6.199999809265137</ele>
        <time>2026-08-04T11:24:24Z</time>
        <extensions>
          <gpxtpx:TrackPointExtension>
            <gpxtpx:hr>154</gpxtpx:hr>
          </gpxtpx:TrackPointExtension>
        </extensions>
      </trkpt>
      <trkpt lat="24.49996134654343" lon="117.68910655576178">
        <ele>6.400000095367432</ele>
        <time>2026-08-04T11:24:28Z</time>
        <extensions>
          <gpxtpx:TrackPointExtension>
            <gpxtpx:hr>153</gpxtpx:hr>
          </gpxtpx:TrackPointExtension>
        </extensions>
      </trkpt>
      <trkpt lat="24.499868359069097" lon="117.68909158728663">
        <ele>6.599999904632568</ele>
        <time>2026-08-04T11:24:32Z</time>
        <extensions>
          <gpxtpx:TrackPointExtension>
            <gpxtpx:hr>154</gpxtpx:hr>
          </gpxtpx:TrackPointExtension>
        </extensions>
      </trkpt>
      <trkpt lat="24.499782381211347" lon="117.68907162663704">
        <ele>6.599999904632568</ele>
        <time>2026-08-04T11:24:36Z</time>
        <extensions>
          <gpxtpx:TrackPointExtension>
            <gpxtpx:hr>153</gpxtpx:hr>
          </gpxtpx:TrackPointExtension>
        </extensions>
      </trkpt>
      <trkpt lat="24.49968042691816" lon="117.6890366920862">
        <ele>7.0</ele>
        <time>2026-08-04T11:24:40Z</time>
        <extensions>
          <gpxtpx:TrackPointExtension>
            <gpxtpx:hr>154</gpxtpx:hr>
          </gpxtpx:TrackPointExtension>
        </extensions>
      </trkpt>
      <trkpt lat="24.49957549462735" lon="117.68898877941446">
        <ele>7.199999809265137</ele>
        <time>2026-08-04T11:24:44Z</time>
        <extensions>
          <gpxtpx:TrackPointExtension>
            <gpxtpx:hr>155</gpxtpx:hr>
          </gpxtpx:TrackPointExtension>
        </extensions>
      </trkpt>
      <trkpt lat="24.499479515342625" lon="117.68896881951216">
        <ele>7.0</ele>
        <time>2026-08-04T11:24:48Z</time>
        <extensions>
          <gpxtpx:TrackPointExtension>
            <gpxtpx:hr>154</gpxtpx:hr>
          </gpxtpx:TrackPointExtension>
        </extensions>
      </trkpt>
      <trkpt lat="24.499370503128386" lon="117.68896683055706">
        <ele>7.0</ele>
        <time>2026-08-04T11:24:52Z</time>
        <extensions>
          <gpxtpx:TrackPointExtension>
            <gpxtpx:hr>155</gpxtpx:hr>
          </gpxtpx:TrackPointExtension>
        </extensions>
      </trkpt>
      <trkpt lat="24.49926749004056" lon="117.68896583951195">
        <ele>7.0</ele>
        <time>2026-08-04T11:24:56Z</time>
        <extensions>
          <gpxtpx:TrackPointExtension>
            <gpxtpx:hr>155</gpxtpx:hr>
          </gpxtpx:TrackPointExtension>
        </extensions>
      </trkpt>
      <trkpt lat="24.49917847550723" lon="117.68896684414517">
        <ele>7.0</ele>
        <time>2026-08-04T11:25:00Z</time>
        <extensions>
          <gpxtpx:TrackPointExtension>
            <gpxtpx:hr>155</gpxtpx:hr>
          </gpxtpx:TrackPointExtension>
        </extensions>
      </trkpt>
      <trkpt lat="24.49907740231196" lon="117.6890007946805">
        <ele>7.0</ele>
        <time>2026-08-04T11:25:04Z</time>
        <extensions>
          <gpxtpx:TrackPointExtension>
            <gpxtpx:hr>154</gpxtpx:hr>
          </gpxtpx:TrackPointExtension>
        </extensions>
      </trkpt>
      <trkpt lat="24.498993288476797" lon="117.68905970243894">
        <ele>7.0</ele>
        <time>2026-08-04T11:25:08Z</time>
        <extensions>
          <gpxtpx:TrackPointExtension>
            <gpxtpx:hr>155</gpxtpx:hr>
          </gpxtpx:TrackPointExtension>
        </extensions>
      </trkpt>
      <trkpt lat="24.49892915345905" lon="117.68913258557693">
        <ele>7.0</ele>
        <time>2026-08-04T11:25:12Z</time>
        <extensions>
          <gpxtpx:TrackPointExtension>
            <gpxtpx:hr>156</gpxtpx:hr>
          </gpxtpx:TrackPointExtension>
        </extensions>
      </trkpt>
      <trkpt lat="24.49888298669874" lon="117.68922543433315">
        <ele>7.199999809265137</ele>
        <time>2026-08-04T11:25:16Z</time>
        <extensions>
          <gpxtpx:TrackPointExtension>
            <gpxtpx:hr>157</gpxtpx:hr>
          </gpxtpx:TrackPointExtension>
        </extensions>
      </trkpt>
      <trkpt lat="24.498842808910524" lon="117.68932527122396">
        <ele>7.0</ele>
        <time>2026-08-04T11:25:20Z</time>
        <extensions>
          <gpxtpx:TrackPointExtension>
            <gpxtpx:hr>156</gpxtpx:hr>
          </gpxtpx:TrackPointExtension>
        </extensions>
      </trkpt>
      <trkpt lat="24.498778643283995" lon="117.68941612491813">
        <ele>7.199999809265137</ele>
        <time>2026-08-04T11:25:24Z</time>
        <extensions>
          <gpxtpx:TrackPointExtension>
            <gpxtpx:hr>156</gpxtpx:hr>
          </gpxtpx:TrackPointExtension>
        </extensions>
      </trkpt>
      <trkpt lat="24.498686540696884" lon="117.6894680453109">
        <ele>7.599999904632568</ele>
        <time>2026-08-04T11:25:28Z</time>
        <extensions>
          <gpxtpx:TrackPointExtension>
            <gpxtpx:hr>156</gpxtpx:hr>
          </gpxtpx:TrackPointExtension>
        </extensions>
      </trkpt>
      <trkpt lat="24.49858550035227" lon="117.68948302762735">
        <ele>8.0</ele>
        <time>2026-08-04T11:25:32Z</time>
        <extensions>
          <gpxtpx:TrackPointExtension>
            <gpxtpx:hr>156</gpxtpx:hr>
          </gpxtpx:TrackPointExtension>
        </extensions>
      </trkpt>
      <trkpt lat="24.498488462296486" lon="117.68949701132016">
        <ele>8.199999809265137</ele>
        <time>2026-08-04T11:25:36Z</time>
        <extensions>
          <gpxtpx:TrackPointExtension>
            <gpxtpx:hr>156</gpxtpx:hr>
          </gpxtpx:TrackPointExtension>
        </extensions>
      </trkpt>
      <trkpt lat="24.49839242437958" lon="117.68951099494608">
        <ele>8.399999618530273</ele>
        <time>2026-08-04T11:25:40Z</time>
        <extensions>
          <gpxtpx:TrackPointExtension>
            <gpxtpx:hr>155</gpxtpx:hr>
          </gpxtpx:TrackPointExtension>
        </extensions>
      </trkpt>
      <trkpt lat="24.498297390033834" lon="117.6895229818141">
        <ele>8.199999809265137</ele>
        <time>2026-08-04T11:25:44Z</time>
        <extensions>
          <gpxtpx:TrackPointExtension>
            <gpxtpx:hr>156</gpxtpx:hr>
          </gpxtpx:TrackPointExtension>
        </extensions>
      </trkpt>
      <trkpt lat="24.49819035394287" lon="117.6895349695343">
        <ele>8.199999809265137</ele>
        <time>2026-08-04T11:25:48Z</time>
        <extensions>
          <gpxtpx:TrackPointExtension>
            <gpxtpx:hr>155</gpxtpx:hr>
          </gpxtpx:TrackPointExtension>
        </extensions>
      </trkpt>
      <trkpt lat="24.498083333284367" lon="117.68953797214459">
        <ele>7.800000190734863</ele>
        <time>2026-08-04T11:25:52Z</time>
        <extensions>
          <gpxtpx:TrackPointExtension>
            <gpxtpx:hr>154</gpxtpx:hr>
          </gpxtpx:TrackPointExtension>
        </extensions>
      </trkpt>
      <trkpt lat="24.49798639300647" lon="117.68949505015993">
        <ele>7.400000095367432</ele>
        <time>2026-08-04T11:25:56Z</time>
        <extensions>
          <gpxtpx:TrackPointExtension>
            <gpxtpx:hr>156</gpxtpx:hr>
          </gpxtpx:TrackPointExtension>
        </extensions>
      </trkpt>
      <trkpt lat="24.497914523364365" lon="117.689413191038">
        <ele>7.199999809265137</ele>
        <time>2026-08-04T11:26:00Z</time>
        <extensions>
          <gpxtpx:TrackPointExtension>
            <gpxtpx:hr>156</gpxtpx:hr>
          </gpxtpx:TrackPointExtension>
        </extensions>
      </trkpt>
      <trkpt lat="24.49786868511642" lon="117.68931535674302">
        <ele>7.199999809265137</ele>
        <time>2026-08-04T11:26:04Z</time>
        <extensions>
          <gpxtpx:TrackPointExtension>
            <gpxtpx:hr>156</gpxtpx:hr>
          </gpxtpx:TrackPointExtension>
        </extensions>
      </trkpt>
      <trkpt lat="24.497819848312535" lon="117.68921652450857">
        <ele>7.199999809265137</ele>
        <time>2026-08-04T11:26:08Z</time>
        <extensions>
          <gpxtpx:TrackPointExtension>
            <gpxtpx:hr>156</gpxtpx:hr>
          </gpxtpx:TrackPointExtension>
        </extensions>
      </trkpt>
      <trkpt lat="24.497775001914434" lon="117.68912368220742">
        <ele>7.199999809265137</ele>
        <time>2026-08-04T11:26:12Z</time>
        <extensions>
          <gpxtpx:TrackPointExtension>
            <gpxtpx:hr>156</gpxtpx:hr>
          </gpxtpx:TrackPointExtension>
        </extensions>
      </trkpt>
      <trkpt lat="24.49772514631014" lon="117.6890358321074">
        <ele>7.199999809265137</ele>
        <time>2026-08-04T11:26:16Z</time>
        <extensions>
          <gpxtpx:TrackPointExtension>
            <gpxtpx:hr>155</gpxtpx:hr>
          </gpxtpx:TrackPointExtension>
        </extensions>
      </trkpt>
      <trkpt lat="24.497684305945757" lon="117.68893999484678">
        <ele>7.199999809265137</ele>
        <time>2026-08-04T11:26:20Z</time>
        <extensions>
          <gpxtpx:TrackPointExtension>
            <gpxtpx:hr>154</gpxtpx:hr>
          </gpxtpx:TrackPointExtension>
        </extensions>
      </trkpt>
      <trkpt lat="24.497640463567958" lon="117.68884515630823">
        <ele>7.199999809265137</ele>
        <time>2026-08-04T11:26:24Z</time>
        <extensions>
          <gpxtpx:TrackPointExtension>
            <gpxtpx:hr>154</gpxtpx:hr>
          </gpxtpx:TrackPointExtension>
        </extensions>
      </trkpt>
      <trkpt lat="24.49760665564283" lon="117.68873134896016">
        <ele>7.199999809265137</ele>
        <time>2026-08-04T11:26:28Z</time>
        <extensions>
          <gpxtpx:TrackPointExtension>
            <gpxtpx:hr>153</gpxtpx:hr>
          </gpxtpx:TrackPointExtension>
        </extensions>
      </trkpt>
      <trkpt lat="24.497582837267082" lon="117.68862452944863">
        <ele>7.199999809265137</ele>
        <time>2026-08-04T11:26:32Z</time>
        <extensions>
          <gpxtpx:TrackPointExtension>
            <gpxtpx:hr>153</gpxtpx:hr>
          </gpxtpx:TrackPointExtension>
        </extensions>
      </trkpt>
      <trkpt lat="24.497553006075513" lon="117.68852469886207">
        <ele>7.400000095367432</ele>
        <time>2026-08-04T11:26:36Z</time>
        <extensions>
          <gpxtpx:TrackPointExtension>
            <gpxtpx:hr>153</gpxtpx:hr>
          </gpxtpx:TrackPointExtension>
        </extensions>
      </trkpt>
      <trkpt lat="24.49750916433639" lon="117.68842986107715">
        <ele>7.199999809265137</ele>
        <time>2026-08-04T11:26:40Z</time>
        <extensions>
          <gpxtpx:TrackPointExtension>
            <gpxtpx:hr>153</gpxtpx:hr>
          </gpxtpx:TrackPointExtension>
        </extensions>
      </trkpt>
      <trkpt lat="24.497455319549072" lon="117.68833602249273">
        <ele>7.199999809265137</ele>
        <time>2026-08-04T11:26:44Z</time>
        <extensions>
          <gpxtpx:TrackPointExtension>
            <gpxtpx:hr>153</gpxtpx:hr>
          </gpxtpx:TrackPointExtension>
        </extensions>
      </trkpt>
      <trkpt lat="24.49741147809471" lon="117.68824118504604">
        <ele>7.199999809265137</ele>
        <time>2026-08-04T11:26:48Z</time>
        <extensions>
          <gpxtpx:TrackPointExtension>
            <gpxtpx:hr>153</gpxtpx:hr>
          </gpxtpx:TrackPointExtension>
        </extensions>
      </trkpt>
      <trkpt lat="24.49736063402415" lon="117.6881473465827">
        <ele>7.199999809265137</ele>
        <time>2026-08-04T11:26:52Z</time>
        <extensions>
          <gpxtpx:TrackPointExtension>
            <gpxtpx:hr>153</gpxtpx:hr>
          </gpxtpx:TrackPointExtension>
        </extensions>
      </trkpt>
      <trkpt lat="24.497292768473255" lon="117.68806449097826">
        <ele>7.199999809265137</ele>
        <time>2026-08-04T11:26:56Z</time>
        <extensions>
          <gpxtpx:TrackPointExtension>
            <gpxtpx:hr>154</gpxtpx:hr>
          </gpxtpx:TrackPointExtension>
        </extensions>
      </trkpt>
      <trkpt lat="24.497222895770584" lon="117.6879856289073">
        <ele>7.199999809265137</ele>
        <time>2026-08-04T11:27:00Z</time>
        <extensions>
          <gpxtpx:TrackPointExtension>
            <gpxtpx:hr>155</gpxtpx:hr>
          </gpxtpx:TrackPointExtension>
        </extensions>
      </trkpt>
      <trkpt lat="24.49715001401207" lon="117.68791175873721">
        <ele>7.0</ele>
        <time>2026-08-04T11:27:04Z</time>
        <extensions>
          <gpxtpx:TrackPointExtension>
            <gpxtpx:hr>154</gpxtpx:hr>
          </gpxtpx:TrackPointExtension>
        </extensions>
      </trkpt>
      <trkpt lat="24.497082141782503" lon="117.68783289674826">
        <ele>7.0</ele>
        <time>2026-08-04T11:27:08Z</time>
        <extensions>
          <gpxtpx:TrackPointExtension>
            <gpxtpx:hr>151</gpxtpx:hr>
          </gpxtpx:TrackPointExtension>
        </extensions>
      </trkpt>
      <trkpt lat="24.497005250884257" lon="117.68776401862927">
        <ele>7.0</ele>
        <time>2026-08-04T11:27:12Z</time>
        <extensions>
          <gpxtpx:TrackPointExtension>
            <gpxtpx:hr>151</gpxtpx:hr>
          </gpxtpx:TrackPointExtension>
        </extensions>
      </trkpt>
      <trkpt lat="24.496922348703617" lon="117.6877011308864">
        <ele>7.199999809265137</ele>
        <time>2026-08-04T11:27:16Z</time>
        <extensions>
          <gpxtpx:TrackPointExtension>
            <gpxtpx:hr>150</gpxtpx:hr>
          </gpxtpx:TrackPointExtension>
        </extensions>
      </trkpt>
      <trkpt lat="24.49683042255697" lon="117.6876512218794">
        <ele>7.199999809265137</ele>
        <time>2026-08-04T11:27:20Z</time>
        <extensions>
          <gpxtpx:TrackPointExtension>
            <gpxtpx:hr>150</gpxtpx:hr>
          </gpxtpx:TrackPointExtension>
        </extensions>
      </trkpt>
      <trkpt lat="24.496746481887197" lon="117.68761029713328">
        <ele>7.400000095367432</ele>
        <time>2026-08-04T11:27:24Z</time>
        <extensions>
          <gpxtpx:TrackPointExtension>
            <gpxtpx:hr>150</gpxtpx:hr>
          </gpxtpx:TrackPointExtension>
        </extensions>
      </trkpt>
      <trkpt lat="24.49665254851148" lon="117.68756438158358">
        <ele>7.400000095367432</ele>
        <time>2026-08-04T11:27:28Z</time>
        <extensions>
          <gpxtpx:TrackPointExtension>
            <gpxtpx:hr>152</gpxtpx:hr>
          </gpxtpx:TrackPointExtension>
        </extensions>
      </trkpt>
      <trkpt lat="24.4965636123955" lon="117.68752046233351">
        <ele>7.400000095367432</ele>
        <time>2026-08-04T11:27:32Z</time>
        <extensions>
          <gpxtpx:TrackPointExtension>
            <gpxtpx:hr>154</gpxtpx:hr>
          </gpxtpx:TrackPointExtension>
        </extensions>
      </trkpt>
      <trkpt lat="24.49646664014886" lon="117.68749650982154">
        <ele>7.599999904632568</ele>
        <time>2026-08-04T11:27:36Z</time>
        <extensions>
          <gpxtpx:TrackPointExtension>
            <gpxtpx:hr>151</gpxtpx:hr>
          </gpxtpx:TrackPointExtension>
        </extensions>
      </trkpt>
      <trkpt lat="24.496372652599604" lon="117.68748154186787">
        <ele>7.400000095367432</ele>
        <time>2026-08-04T11:27:40Z</time>
        <extensions>
          <gpxtpx:TrackPointExtension>
            <gpxtpx:hr>151</gpxtpx:hr>
          </gpxtpx:TrackPointExtension>
        </extensions>
      </trkpt>
      <trkpt lat="24.496277663149147" lon="117.68746757229547">
        <ele>7.599999904632568</ele>
        <time>2026-08-04T11:27:44Z</time>
        <extensions>
          <gpxtpx:TrackPointExtension>
            <gpxtpx:hr>151</gpxtpx:hr>
          </gpxtpx:TrackPointExtension>
        </extensions>
      </trkpt>
      <trkpt lat="24.496184673986683" lon="117.6874536025851">
        <ele>7.599999904632568</ele>
        <time>2026-08-04T11:27:48Z</time>
        <extensions>
          <gpxtpx:TrackPointExtension>
            <gpxtpx:hr>151</gpxtpx:hr>
          </gpxtpx:TrackPointExtension>
        </extensions>
      </trkpt>
      <trkpt lat="24.496084661044836" lon="117.68745261135298">
        <ele>7.599999904632568</ele>
        <time>2026-08-04T11:27:52Z</time>
        <extensions>
          <gpxtpx:TrackPointExtension>
            <gpxtpx:hr>151</gpxtpx:hr>
          </gpxtpx:TrackPointExtension>
        </extensions>
      </trkpt>
      <trkpt lat="24.495984679587746" lon="117.68743365061177">
        <ele>7.599999904632568</ele>
        <time>2026-08-04T11:27:56Z</time>
        <extensions>
          <gpxtpx:TrackPointExtension>
            <gpxtpx:hr>152</gpxtpx:hr>
          </gpxtpx:TrackPointExtension>
        </extensions>
      </trkpt>
      <trkpt lat="24.495885708774686" lon="117.68740869997326">
        <ele>7.599999904632568</ele>
        <time>2026-08-04T11:28:00Z</time>
        <extensions>
          <gpxtpx:TrackPointExtension>
            <gpxtpx:hr>152</gpxtpx:hr>
          </gpxtpx:TrackPointExtension>
        </extensions>
      </trkpt>
      <trkpt lat="24.495795748040166" lon="117.68737875718455">
        <ele>7.599999904632568</ele>
        <time>2026-08-04T11:28:04Z</time>
        <extensions>
          <gpxtpx:TrackPointExtension>
            <gpxtpx:hr>152</gpxtpx:hr>
          </gpxtpx:TrackPointExtension>
        </extensions>
      </trkpt>
      <trkpt lat="24.495714772877925" lon="117.68735779851538">
        <ele>7.599999904632568</ele>
        <time>2026-08-04T11:28:08Z</time>
        <extensions>
          <gpxtpx:TrackPointExtension>
            <gpxtpx:hr>152</gpxtpx:hr>
          </gpxtpx:TrackPointExtension>
        </extensions>
      </trkpt>
      <trkpt lat="24.495627844123014" lon="117.6873098860731">
        <ele>7.599999904632568</ele>
        <time>2026-08-04T11:28:12Z</time>
        <extensions>
          <gpxtpx:TrackPointExtension>
            <gpxtpx:hr>152</gpxtpx:hr>
          </gpxtpx:TrackPointExtension>
        </extensions>
      </trkpt>
      <trkpt lat="24.495526885293497" lon="117.68727794750963">
        <ele>7.400000095367432</ele>
        <time>2026-08-04T11:28:16Z</time>
        <extensions>
          <gpxtpx:TrackPointExtension>
            <gpxtpx:hr>152</gpxtpx:hr>
          </gpxtpx:TrackPointExtension>
        </extensions>
      </trkpt>
      <trkpt lat="24.495436936857107" lon="117.68724101667404">
        <ele>7.400000095367432</ele>
        <time>2026-08-04T11:28:20Z</time>
        <extensions>
          <gpxtpx:TrackPointExtension>
            <gpxtpx:hr>152</gpxtpx:hr>
          </gpxtpx:TrackPointExtension>
        </extensions>
      </trkpt>
      <trkpt lat="24.495348997496134" lon="117.68719909421289">
        <ele>7.400000095367432</ele>
        <time>2026-08-04T11:28:24Z</time>
        <extensions>
          <gpxtpx:TrackPointExtension>
            <gpxtpx:hr>152</gpxtpx:hr>
          </gpxtpx:TrackPointExtension>
        </extensions>
      </trkpt>
      <trkpt lat="24.49525407466172" lon="117.68714718927012">
        <ele>7.400000095367432</ele>
        <time>2026-08-04T11:28:28Z</time>
        <extensions>
          <gpxtpx:TrackPointExtension>
            <gpxtpx:hr>152</gpxtpx:hr>
          </gpxtpx:TrackPointExtension>
        </extensions>
      </trkpt>
      <trkpt lat="24.495163152451152" lon="117.68709528409269">
        <ele>7.199999809265137</ele>
        <time>2026-08-04T11:28:32Z</time>
        <extensions>
          <gpxtpx:TrackPointExtension>
            <gpxtpx:hr>151</gpxtpx:hr>
          </gpxtpx:TrackPointExtension>
        </extensions>
      </trkpt>
      <trkpt lat="24.495084251363703" lon="117.68703239682796">
        <ele>7.199999809265137</ele>
        <time>2026-08-04T11:28:36Z</time>
        <extensions>
          <gpxtpx:TrackPointExtension>
            <gpxtpx:hr>151</gpxtpx:hr>
          </gpxtpx:TrackPointExtension>
        </extensions>
      </trkpt>
      <trkpt lat="24.49500433788416" lon="117.68697649778794">
        <ele>7.199999809265137</ele>
        <time>2026-08-04T11:28:40Z</time>
        <extensions>
          <gpxtpx:TrackPointExtension>
            <gpxtpx:hr>150</gpxtpx:hr>
          </gpxtpx:TrackPointExtension>
        </extensions>
      </trkpt>
      <trkpt lat="24.494929428701568" lon="117.68691860185648">
        <ele>7.199999809265137</ele>
        <time>2026-08-04T11:28:44Z</time>
        <extensions>
          <gpxtpx:TrackPointExtension>
            <gpxtpx:hr>150</gpxtpx:hr>
          </gpxtpx:TrackPointExtension>
        </extensions>
      </trkpt>
      <trkpt lat="24.494852536854317" lon="117.6868507231705">
        <ele>7.199999809265137</ele>
        <time>2026-08-04T11:28:48Z</time>
        <extensions>
          <gpxtpx:TrackPointExtension>
            <gpxtpx:hr>150</gpxtpx:hr>
          </gpxtpx:TrackPointExtension>
        </extensions>
      </trkpt>
      <trkpt lat="24.494774657241038" lon="117.68677585657741">
        <ele>7.199999809265137</ele>
        <time>2026-08-04T11:28:52Z</time>
        <extensions>
          <gpxtpx:TrackPointExtension>
            <gpxtpx:hr>150</gpxtpx:hr>
          </gpxtpx:TrackPointExtension>
        </extensions>
      </trkpt>
      <trkpt lat="24.49470578256274" lon="117.68669899286111">
        <ele>7.0</ele>
        <time>2026-08-04T11:28:56Z</time>
        <extensions>
          <gpxtpx:TrackPointExtension>
            <gpxtpx:hr>150</gpxtpx:hr>
          </gpxtpx:TrackPointExtension>
        </extensions>
      </trkpt>
      <trkpt lat="24.494637915165256" lon="117.68661813601243">
        <ele>7.199999809265137</ele>
        <time>2026-08-04T11:29:00Z</time>
        <extensions>
          <gpxtpx:TrackPointExtension>
            <gpxtpx:hr>151</gpxtpx:hr>
          </gpxtpx:TrackPointExtension>
        </extensions>
      </trkpt>
      <trkpt lat="24.494577063007405" lon="117.68652929246423">
        <ele>7.0</ele>
        <time>2026-08-04T11:29:04Z</time>
        <extensions>
          <gpxtpx:TrackPointExtension>
            <gpxtpx:hr>151</gpxtpx:hr>
          </gpxtpx:TrackPointExtension>
        </extensions>
      </trkpt>
      <trkpt lat="24.494529214658176" lon="117.68643944984628">
        <ele>6.800000190734863</ele>
        <time>2026-08-04T11:29:08Z</time>
        <extensions>
          <gpxtpx:TrackPointExtension>
            <gpxtpx:hr>152</gpxtpx:hr>
          </gpxtpx:TrackPointExtension>
        </extensions>
      </trkpt>
      <trkpt lat="24.494477349936943" lon="117.6863585922326">
        <ele>6.800000190734863</ele>
        <time>2026-08-04T11:29:12Z</time>
        <extensions>
          <gpxtpx:TrackPointExtension>
            <gpxtpx:hr>152</gpxtpx:hr>
          </gpxtpx:TrackPointExtension>
        </extensions>
      </trkpt>
      <trkpt lat="24.494417507095793" lon="117.68626475758865">
        <ele>6.800000190734863</ele>
        <time>2026-08-04T11:29:16Z</time>
        <extensions>
          <gpxtpx:TrackPointExtension>
            <gpxtpx:hr>152</gpxtpx:hr>
          </gpxtpx:TrackPointExtension>
        </extensions>
      </trkpt>
      <trkpt lat="24.494358668066376" lon="117.68616892645882">
        <ele>7.0</ele>
        <time>2026-08-04T11:29:20Z</time>
        <extensions>
          <gpxtpx:TrackPointExtension>
            <gpxtpx:hr>153</gpxtpx:hr>
          </gpxtpx:TrackPointExtension>
        </extensions>
      </trkpt>
      <trkpt lat="24.494310816641967" lon="117.68608108096497">
        <ele>7.0</ele>
        <time>2026-08-04T11:29:24Z</time>
        <extensions>
          <gpxtpx:TrackPointExtension>
            <gpxtpx:hr>153</gpxtpx:hr>
          </gpxtpx:TrackPointExtension>
        </extensions>
      </trkpt>
      <trkpt lat="24.49426396724746" lon="117.685992237252">
        <ele>7.0</ele>
        <time>2026-08-04T11:29:28Z</time>
        <extensions>
          <gpxtpx:TrackPointExtension>
            <gpxtpx:hr>153</gpxtpx:hr>
          </gpxtpx:TrackPointExtension>
        </extensions>
      </trkpt>
      <trkpt lat="24.49421911826246" lon="117.68590339353223">
        <ele>7.0</ele>
        <time>2026-08-04T11:29:32Z</time>
        <extensions>
          <gpxtpx:TrackPointExtension>
            <gpxtpx:hr>154</gpxtpx:hr>
          </gpxtpx:TrackPointExtension>
        </extensions>
      </trkpt>
      <trkpt lat="24.494179284325046" lon="117.68580656337319">
        <ele>7.0</ele>
        <time>2026-08-04T11:29:36Z</time>
        <extensions>
          <gpxtpx:TrackPointExtension>
            <gpxtpx:hr>154</gpxtpx:hr>
          </gpxtpx:TrackPointExtension>
        </extensions>
      </trkpt>
      <trkpt lat="24.494142445640726" lon="117.685712727988">
        <ele>7.0</ele>
        <time>2026-08-04T11:29:40Z</time>
        <extensions>
          <gpxtpx:TrackPointExtension>
            <gpxtpx:hr>155</gpxtpx:hr>
          </gpxtpx:TrackPointExtension>
        </extensions>
      </trkpt>
      <trkpt lat="24.494117628411843" lon="117.68560791088687">
        <ele>6.800000190734863</ele>
        <time>2026-08-04T11:29:44Z</time>
        <extensions>
          <gpxtpx:TrackPointExtension>
            <gpxtpx:hr>155</gpxtpx:hr>
          </gpxtpx:TrackPointExtension>
        </extensions>
      </trkpt>
      <trkpt lat="24.49409283267928" lon="117.68549111470334">
        <ele>6.599999904632568</ele>
        <time>2026-08-04T11:29:48Z</time>
        <extensions>
          <gpxtpx:TrackPointExtension>
            <gpxtpx:hr>156</gpxtpx:hr>
          </gpxtpx:TrackPointExtension>
        </extensions>
      </trkpt>
      <trkpt lat="24.494070017855417" lon="117.68538529957875">
        <ele>6.599999904632568</ele>
        <time>2026-08-04T11:29:52Z</time>
        <extensions>
          <gpxtpx:TrackPointExtension>
            <gpxtpx:hr>155</gpxtpx:hr>
          </gpxtpx:TrackPointExtension>
        </extensions>
      </trkpt>
      <trkpt lat="24.494037203479984" lon="117.68527848707836">
        <ele>6.599999904632568</ele>
        <time>2026-08-04T11:29:56Z</time>
        <extensions>
          <gpxtpx:TrackPointExtension>
            <gpxtpx:hr>156</gpxtpx:hr>
          </gpxtpx:TrackPointExtension>
        </extensions>
      </trkpt>
      <trkpt lat="24.493999393866584" lon="117.68516868031934">
        <ele>6.800000190734863</ele>
        <time>2026-08-04T11:30:00Z</time>
        <extensions>
          <gpxtpx:TrackPointExtension>
            <gpxtpx:hr>155</gpxtpx:hr>
          </gpxtpx:TrackPointExtension>
        </extensions>
      </trkpt>
      <trkpt lat="24.493984584277342" lon="117.68506086866212">
        <ele>7.199999809265137</ele>
        <time>2026-08-04T11:30:04Z</time>
        <extensions>
          <gpxtpx:TrackPointExtension>
            <gpxtpx:hr>153</gpxtpx:hr>
          </gpxtpx:TrackPointExtension>
        </extensions>
      </trkpt>
      <trkpt lat="24.49398879196763" lon="117.68494506974584">
        <ele>7.199999809265137</ele>
        <time>2026-08-04T11:30:08Z</time>
        <extensions>
          <gpxtpx:TrackPointExtension>
            <gpxtpx:hr>153</gpxtpx:hr>
          </gpxtpx:TrackPointExtension>
        </extensions>
      </trkpt>
      <trkpt lat="24.493985979135083" lon="117.68484025241726">
        <ele>7.599999904632568</ele>
        <time>2026-08-04T11:30:12Z</time>
        <extensions>
          <gpxtpx:TrackPointExtension>
            <gpxtpx:hr>153</gpxtpx:hr>
          </gpxtpx:TrackPointExtension>
        </extensions>
      </trkpt>
      <trkpt lat="24.49397416690005" lon="117.68473443764282">
        <ele>7.599999904632568</ele>
        <time>2026-08-04T11:30:16Z</time>
        <extensions>
          <gpxtpx:TrackPointExtension>
            <gpxtpx:hr>154</gpxtpx:hr>
          </gpxtpx:TrackPointExtension>
        </extensions>
      </trkpt>
      <trkpt lat="24.493968370034224" lon="117.68462063656035">
        <ele>7.599999904632568</ele>
        <time>2026-08-04T11:30:20Z</time>
        <extensions>
          <gpxtpx:TrackPointExtension>
            <gpxtpx:hr>154</gpxtpx:hr>
          </gpxtpx:TrackPointExtension>
        </extensions>
      </trkpt>
      <trkpt lat="24.49395856916263" lon="117.68450883248003">
        <ele>7.599999904632568</ele>
        <time>2026-08-04T11:30:24Z</time>
        <extensions>
          <gpxtpx:TrackPointExtension>
            <gpxtpx:hr>155</gpxtpx:hr>
          </gpxtpx:TrackPointExtension>
        </extensions>
      </trkpt>
      <trkpt lat="24.494004735556757" lon="117.68441998449444">
        <ele>7.400000095367432</ele>
        <time>2026-08-04T11:30:28Z</time>
        <extensions>
          <gpxtpx:TrackPointExtension>
            <gpxtpx:hr>156</gpxtpx:hr>
          </gpxtpx:TrackPointExtension>
        </extensions>
      </trkpt>
      <trkpt lat="24.494097726098484" lon="117.68443295523292">
        <ele>7.199999809265137</ele>
        <time>2026-08-04T11:30:32Z</time>
        <extensions>
          <gpxtpx:TrackPointExtension>
            <gpxtpx:hr>157</gpxtpx:hr>
          </gpxtpx:TrackPointExtension>
        </extensions>
      </trkpt>
      <trkpt lat="24.49419165941924" lon="117.6844778700759">
        <ele>7.400000095367432</ele>
        <time>2026-08-04T11:30:36Z</time>
        <extensions>
          <gpxtpx:TrackPointExtension>
            <gpxtpx:hr>159</gpxtpx:hr>
          </gpxtpx:TrackPointExtension>
        </extensions>
      </trkpt>
      <trkpt lat="24.49428466429234" lon="117.68448285477984">
        <ele>7.400000095367432</ele>
        <time>2026-08-04T11:30:40Z</time>
        <extensions>
          <gpxtpx:TrackPointExtension>
            <gpxtpx:hr>158</gpxtpx:hr>
          </gpxtpx:TrackPointExtension>
        </extensions>
      </trkpt>
      <trkpt lat="24.494390617327433" lon="117.68451778624629">
        <ele>7.199999809265137</ele>
        <time>2026-08-04T11:30:44Z</time>
        <extensions>
          <gpxtpx:TrackPointExtension>
            <gpxtpx:hr>159</gpxtpx:hr>
          </gpxtpx:TrackPointExtension>
        </extensions>
      </trkpt>
      <trkpt lat="24.49446849277311" lon="117.6845936482549">
        <ele>7.199999809265137</ele>
        <time>2026-08-04T11:30:48Z</time>
        <extensions>
          <gpxtpx:TrackPointExtension>
            <gpxtpx:hr>159</gpxtpx:hr>
          </gpxtpx:TrackPointExtension>
        </extensions>
      </trkpt>
      <trkpt lat="24.49452332550235" lon="117.68469147367641">
        <ele>7.0</ele>
        <time>2026-08-04T11:30:52Z</time>
        <extensions>
          <gpxtpx:TrackPointExtension>
            <gpxtpx:hr>159</gpxtpx:hr>
          </gpxtpx:TrackPointExtension>
        </extensions>
      </trkpt>
      <trkpt lat="24.49460722346912" lon="117.68475535634944">
        <ele>6.800000190734863</ele>
        <time>2026-08-04T11:30:56Z</time>
        <extensions>
          <gpxtpx:TrackPointExtension>
            <gpxtpx:hr>157</gpxtpx:hr>
          </gpxtpx:TrackPointExtension>
        </extensions>
      </trkpt>
      <trkpt lat="24.49470420566583" lon="117.68477331817552">
        <ele>7.0</ele>
        <time>2026-08-04T11:31:00Z</time>
        <extensions>
          <gpxtpx:TrackPointExtension>
            <gpxtpx:hr>156</gpxtpx:hr>
          </gpxtpx:TrackPointExtension>
        </extensions>
      </trkpt>
      <trkpt lat="24.494804270573187" lon="117.68474535982197">
        <ele>6.800000190734863</ele>
        <time>2026-08-04T11:31:04Z</time>
        <extensions>
          <gpxtpx:TrackPointExtension>
            <gpxtpx:hr>156</gpxtpx:hr>
          </gpxtpx:TrackPointExtension>
        </extensions>
      </trkpt>
      <trkpt lat="24.494907309089527" lon="117.6847323751626">
        <ele>6.800000190734863</ele>
        <time>2026-08-04T11:31:08Z</time>
        <extensions>
          <gpxtpx:TrackPointExtension>
            <gpxtpx:hr>156</gpxtpx:hr>
          </gpxtpx:TrackPointExtension>
        </extensions>
      </trkpt>
      <trkpt lat="24.49500729348517" lon="117.68474933850983">
        <ele>6.599999904632568</ele>
        <time>2026-08-04T11:31:12Z</time>
        <extensions>
          <gpxtpx:TrackPointExtension>
            <gpxtpx:hr>156</gpxtpx:hr>
          </gpxtpx:TrackPointExtension>
        </extensions>
      </trkpt>
      <trkpt lat="24.49509020740618" lon="117.6848042369642">
        <ele>6.599999904632568</ele>
        <time>2026-08-04T11:31:16Z</time>
        <extensions>
          <gpxtpx:TrackPointExtension>
            <gpxtpx:hr>156</gpxtpx:hr>
          </gpxtpx:TrackPointExtension>
        </extensions>
      </trkpt>
      <trkpt lat="24.495157065383985" lon="117.68488908445754">
        <ele>6.400000095367432</ele>
        <time>2026-08-04T11:31:20Z</time>
        <extensions>
          <gpxtpx:TrackPointExtension>
            <gpxtpx:hr>157</gpxtpx:hr>
          </gpxtpx:TrackPointExtension>
        </extensions>
      </trkpt>
      <trkpt lat="24.49521691170721" lon="117.68497992214415">
        <ele>6.199999809265137</ele>
        <time>2026-08-04T11:31:24Z</time>
        <extensions>
          <gpxtpx:TrackPointExtension>
            <gpxtpx:hr>156</gpxtpx:hr>
          </gpxtpx:TrackPointExtension>
        </extensions>
      </trkpt>
      <trkpt lat="24.49529080303734" lon="117.68504680061571">
        <ele>6.199999809265137</ele>
        <time>2026-08-04T11:31:28Z</time>
        <extensions>
          <gpxtpx:TrackPointExtension>
            <gpxtpx:hr>156</gpxtpx:hr>
          </gpxtpx:TrackPointExtension>
        </extensions>
      </trkpt>
      <trkpt lat="24.495395845316537" lon="117.68503181922193">
        <ele>6.400000095367432</ele>
        <time>2026-08-04T11:31:32Z</time>
        <extensions>
          <gpxtpx:TrackPointExtension>
            <gpxtpx:hr>156</gpxtpx:hr>
          </gpxtpx:TrackPointExtension>
        </extensions>
      </trkpt>
      <trkpt lat="24.495480995340046" lon="117.68495494689135">
        <ele>6.599999904632568</ele>
        <time>2026-08-04T11:31:36Z</time>
        <extensions>
          <gpxtpx:TrackPointExtension>
            <gpxtpx:hr>156</gpxtpx:hr>
          </gpxtpx:TrackPointExtension>
        </extensions>
      </trkpt>
      <trkpt lat="24.495523174838127" lon="117.68485811245974">
        <ele>6.599999904632568</ele>
        <time>2026-08-04T11:31:40Z</time>
        <extensions>
          <gpxtpx:TrackPointExtension>
            <gpxtpx:hr>156</gpxtpx:hr>
          </gpxtpx:TrackPointExtension>
        </extensions>
      </trkpt>
      <trkpt lat="24.495553368790485" lon="117.68475229468763">
        <ele>6.599999904632568</ele>
        <time>2026-08-04T11:31:44Z</time>
        <extensions>
          <gpxtpx:TrackPointExtension>
            <gpxtpx:hr>156</gpxtpx:hr>
          </gpxtpx:TrackPointExtension>
        </extensions>
      </trkpt>
      <trkpt lat="24.49561553539157" lon="117.68466444348566">
        <ele>6.400000095367432</ele>
        <time>2026-08-04T11:31:48Z</time>
        <extensions>
          <gpxtpx:TrackPointExtension>
            <gpxtpx:hr>156</gpxtpx:hr>
          </gpxtpx:TrackPointExtension>
        </extensions>
      </trkpt>
      <trkpt lat="24.495700648174537" lon="117.6846085350198">
        <ele>6.400000095367432</ele>
        <time>2026-08-04T11:31:52Z</time>
        <extensions>
          <gpxtpx:TrackPointExtension>
            <gpxtpx:hr>156</gpxtpx:hr>
          </gpxtpx:TrackPointExtension>
        </extensions>
      </trkpt>
      <trkpt lat="24.49580270796884" lon="117.68458357137095">
        <ele>6.400000095367432</ele>
        <time>2026-08-04T11:31:56Z</time>
        <extensions>
          <gpxtpx:TrackPointExtension>
            <gpxtpx:hr>156</gpxtpx:hr>
          </gpxtpx:TrackPointExtension>
        </extensions>
      </trkpt>
      <trkpt lat="24.495903710298865" lon="117.68459055203185">
        <ele>6.400000095367432</ele>
        <time>2026-08-04T11:32:00Z</time>
        <extensions>
          <gpxtpx:TrackPointExtension>
            <gpxtpx:hr>156</gpxtpx:hr>
          </gpxtpx:TrackPointExtension>
        </extensions>
      </trkpt>
      <trkpt lat="24.49600967933211" lon="117.68461649923582">
        <ele>6.199999809265137</ele>
        <time>2026-08-04T11:32:04Z</time>
        <extensions>
          <gpxtpx:TrackPointExtension>
            <gpxtpx:hr>156</gpxtpx:hr>
          </gpxtpx:TrackPointExtension>
        </extensions>
      </trkpt>
      <trkpt lat="24.496102664355835" lon="117.68463246478795">
        <ele>6.199999809265137</ele>
        <time>2026-08-04T11:32:08Z</time>
        <extensions>
          <gpxtpx:TrackPointExtension>
            <gpxtpx:hr>157</gpxtpx:hr>
          </gpxtpx:TrackPointExtension>
        </extensions>
      </trkpt>
      <trkpt lat="24.496210642627005" lon="117.68465342057546">
        <ele>6.400000095367432</ele>
        <time>2026-08-04T11:32:12Z</time>
        <extensions>
          <gpxtpx:TrackPointExtension>
            <gpxtpx:hr>157</gpxtpx:hr>
          </gpxtpx:TrackPointExtension>
        </extensions>
      </trkpt>
      <trkpt lat="24.49631257885128" lon="117.68469733674954">
        <ele>6.199999809265137</ele>
        <time>2026-08-04T11:32:16Z</time>
        <extensions>
          <gpxtpx:TrackPointExtension>
            <gpxtpx:hr>157</gpxtpx:hr>
          </gpxtpx:TrackPointExtension>
        </extensions>
      </trkpt>
      <trkpt lat="24.496392488610983" lon="117.68475423188887">
        <ele>6.199999809265137</ele>
        <time>2026-08-04T11:32:20Z</time>
        <extensions>
          <gpxtpx:TrackPointExtension>
            <gpxtpx:hr>157</gpxtpx:hr>
          </gpxtpx:TrackPointExtension>
        </extensions>
      </trkpt>
      <trkpt lat="24.496480478262402" lon="117.6847672030487">
        <ele>6.0</ele>
        <time>2026-08-04T11:32:24Z</time>
        <extensions>
          <gpxtpx:TrackPointExtension>
            <gpxtpx:hr>157</gpxtpx:hr>
          </gpxtpx:TrackPointExtension>
        </extensions>
      </trkpt>
      <trkpt lat="24.496542630472756" lon="117.68468733789773">
        <ele>6.0</ele>
        <time>2026-08-04T11:32:28Z</time>
        <extensions>
          <gpxtpx:TrackPointExtension>
            <gpxtpx:hr>157</gpxtpx:hr>
          </gpxtpx:TrackPointExtension>
        </extensions>
      </trkpt>
      <trkpt lat="24.496611782000144" lon="117.684608470612">
        <ele>6.0</ele>
        <time>2026-08-04T11:32:32Z</time>
        <extensions>
          <gpxtpx:TrackPointExtension>
            <gpxtpx:hr>157</gpxtpx:hr>
          </gpxtpx:TrackPointExtension>
        </extensions>
      </trkpt>
      <trkpt lat="24.49667195199866" lon="117.68451862324234">
        <ele>5.800000190734863</ele>
        <time>2026-08-04T11:32:36Z</time>
        <extensions>
          <gpxtpx:TrackPointExtension>
            <gpxtpx:hr>158</gpxtpx:hr>
          </gpxtpx:TrackPointExtension>
        </extensions>
      </trkpt>
      <trkpt lat="24.496732116722693" lon="117.68443177076584">
        <ele>6.0</ele>
        <time>2026-08-04T11:32:40Z</time>
        <extensions>
          <gpxtpx:TrackPointExtension>
            <gpxtpx:hr>157</gpxtpx:hr>
          </gpxtpx:TrackPointExtension>
        </extensions>
      </trkpt>
      <trkpt lat="24.496781281728783" lon="117.68434392093317">
        <ele>5.800000190734863</ele>
        <time>2026-08-04T11:32:44Z</time>
        <extensions>
          <gpxtpx:TrackPointExtension>
            <gpxtpx:hr>157</gpxtpx:hr>
          </gpxtpx:TrackPointExtension>
        </extensions>
      </trkpt>
      <trkpt lat="24.496834452805974" lon="117.6842530761833">
        <ele>5.800000190734863</ele>
        <time>2026-08-04T11:32:48Z</time>
        <extensions>
          <gpxtpx:TrackPointExtension>
            <gpxtpx:hr>156</gpxtpx:hr>
          </gpxtpx:TrackPointExtension>
        </extensions>
      </trkpt>
      <trkpt lat="24.49687662238121" lon="117.68416223234078">
        <ele>5.800000190734863</ele>
        <time>2026-08-04T11:32:52Z</time>
        <extensions>
          <gpxtpx:TrackPointExtension>
            <gpxtpx:hr>156</gpxtpx:hr>
          </gpxtpx:TrackPointExtension>
        </extensions>
      </trkpt>
      <trkpt lat="24.496915771850045" lon="117.68408236958192">
        <ele>5.800000190734863</ele>
        <time>2026-08-04T11:32:56Z</time>
        <extensions>
          <gpxtpx:TrackPointExtension>
            <gpxtpx:hr>156</gpxtpx:hr>
          </gpxtpx:TrackPointExtension>
        </extensions>
      </trkpt>
      <trkpt lat="24.496960960052224" lon="117.68398154329027">
        <ele>5.599999904632568</ele>
        <time>2026-08-04T11:33:00Z</time>
        <extensions>
          <gpxtpx:TrackPointExtension>
            <gpxtpx:hr>155</gpxtpx:hr>
          </gpxtpx:TrackPointExtension>
        </extensions>
      </trkpt>
      <trkpt lat="24.49700615738595" lon="117.68387572592496">
        <ele>5.800000190734863</ele>
        <time>2026-08-04T11:33:04Z</time>
        <extensions>
          <gpxtpx:TrackPointExtension>
            <gpxtpx:hr>156</gpxtpx:hr>
          </gpxtpx:TrackPointExtension>
        </extensions>
      </trkpt>
      <trkpt lat="24.497036350870182" lon="117.68377090803719">
        <ele>5.800000190734863</ele>
        <time>2026-08-04T11:33:08Z</time>
        <extensions>
          <gpxtpx:TrackPointExtension>
            <gpxtpx:hr>156</gpxtpx:hr>
          </gpxtpx:TrackPointExtension>
        </extensions>
      </trkpt>
      <trkpt lat="24.49706454780867" lon="117.68366409397323">
        <ele>5.800000190734863</ele>
        <time>2026-08-04T11:33:12Z</time>
        <extensions>
          <gpxtpx:TrackPointExtension>
            <gpxtpx:hr>156</gpxtpx:hr>
          </gpxtpx:TrackPointExtension>
        </extensions>
      </trkpt>
      <trkpt lat="24.497106748740272" lon="117.68355628085222">
        <ele>5.599999904632568</ele>
        <time>2026-08-04T11:33:16Z</time>
        <extensions>
          <gpxtpx:TrackPointExtension>
            <gpxtpx:hr>156</gpxtpx:hr>
          </gpxtpx:TrackPointExtension>
        </extensions>
      </trkpt>
      <trkpt lat="24.497143927419927" lon="117.68346044713839">
        <ele>5.599999904632568</ele>
        <time>2026-08-04T11:33:20Z</time>
        <extensions>
          <gpxtpx:TrackPointExtension>
            <gpxtpx:hr>156</gpxtpx:hr>
          </gpxtpx:TrackPointExtension>
        </extensions>
      </trkpt>
      <trkpt lat="24.49716912253183" lon="117.68335463202754">
        <ele>5.400000095367432</ele>
        <time>2026-08-04T11:33:24Z</time>
        <extensions>
          <gpxtpx:TrackPointExtension>
            <gpxtpx:hr>156</gpxtpx:hr>
          </gpxtpx:TrackPointExtension>
        </extensions>
      </trkpt>
      <trkpt lat="24.49718331256221" lon="117.68325081433558">
        <ele>5.400000095367432</ele>
        <time>2026-08-04T11:33:28Z</time>
        <extensions>
          <gpxtpx:TrackPointExtension>
            <gpxtpx:hr>156</gpxtpx:hr>
          </gpxtpx:TrackPointExtension>
        </extensions>
      </trkpt>
      <trkpt lat="24.497192505616354" lon="117.6831450006873">
        <ele>5.400000095367432</ele>
        <time>2026-08-04T11:33:32Z</time>
        <extensions>
          <gpxtpx:TrackPointExtension>
            <gpxtpx:hr>156</gpxtpx:hr>
          </gpxtpx:TrackPointExtension>
        </extensions>
      </trkpt>
      <trkpt lat="24.4972047028685" lon="117.68303719052574">
        <ele>5.400000095367432</ele>
        <time>2026-08-04T11:33:36Z</time>
        <extensions>
          <gpxtpx:TrackPointExtension>
            <gpxtpx:hr>156</gpxtpx:hr>
          </gpxtpx:TrackPointExtension>
        </extensions>
      </trkpt>
      <trkpt lat="24.497214914469705" lon="117.68292139482122">
        <ele>5.599999904632568</ele>
        <time>2026-08-04T11:33:40Z</time>
        <extensions>
          <gpxtpx:TrackPointExtension>
            <gpxtpx:hr>155</gpxtpx:hr>
          </gpxtpx:TrackPointExtension>
        </extensions>
      </trkpt>
      <trkpt lat="24.497226111871484" lon="117.68281358508447">
        <ele>5.599999904632568</ele>
        <time>2026-08-04T11:33:44Z</time>
        <extensions>
          <gpxtpx:TrackPointExtension>
            <gpxtpx:hr>155</gpxtpx:hr>
          </gpxtpx:TrackPointExtension>
        </extensions>
      </trkpt>
      <trkpt lat="24.49721526446589" lon="117.68272873633703">
        <ele>5.800000190734863</ele>
        <time>2026-08-04T11:33:48Z</time>
        <extensions>
          <gpxtpx:TrackPointExtension>
            <gpxtpx:hr>155</gpxtpx:hr>
          </gpxtpx:TrackPointExtension>
        </extensions>
      </trkpt>
      <trkpt lat="24.497185476113817" lon="117.68260994929747">
        <ele>5.800000190734863</ele>
        <time>2026-08-04T11:33:52Z</time>
        <extensions>
          <gpxtpx:TrackPointExtension>
            <gpxtpx:hr>155</gpxtpx:hr>
          </gpxtpx:TrackPointExtension>
        </extensions>
      </trkpt>
      <trkpt lat="24.497196672103914" lon="117.68250313827252">
        <ele>6.0</ele>
        <time>2026-08-04T11:33:56Z</time>
        <extensions>
          <gpxtpx:TrackPointExtension>
            <gpxtpx:hr>155</gpxtpx:hr>
          </gpxtpx:TrackPointExtension>
        </extensions>
      </trkpt>
      <trkpt lat="24.497239867441923" lon="117.68239931982242">
        <ele>6.0</ele>
        <time>2026-08-04T11:34:00Z</time>
        <extensions>
          <gpxtpx:TrackPointExtension>
            <gpxtpx:hr>156</gpxtpx:hr>
          </gpxtpx:TrackPointExtension>
        </extensions>
      </trkpt>
      <trkpt lat="24.49727606916426" lon="117.68229150912893">
        <ele>6.0</ele>
        <time>2026-08-04T11:34:04Z</time>
        <extensions>
          <gpxtpx:TrackPointExtension>
            <gpxtpx:hr>156</gpxtpx:hr>
          </gpxtpx:TrackPointExtension>
        </extensions>
      </trkpt>
      <trkpt lat="24.49728129564114" lon="117.68216772925105">
        <ele>5.800000190734863</ele>
        <time>2026-08-04T11:34:08Z</time>
        <extensions>
          <gpxtpx:TrackPointExtension>
            <gpxtpx:hr>156</gpxtpx:hr>
          </gpxtpx:TrackPointExtension>
        </extensions>
      </trkpt>
      <trkpt lat="24.49725748890614" lon="117.6820599231493">
        <ele>5.400000095367432</ele>
        <time>2026-08-04T11:34:12Z</time>
        <extensions>
          <gpxtpx:TrackPointExtension>
            <gpxtpx:hr>156</gpxtpx:hr>
          </gpxtpx:TrackPointExtension>
        </extensions>
      </trkpt>
      <trkpt lat="24.497232680335667" lon="117.68195311549835">
        <ele>5.599999904632568</ele>
        <time>2026-08-04T11:34:16Z</time>
        <extensions>
          <gpxtpx:TrackPointExtension>
            <gpxtpx:hr>156</gpxtpx:hr>
          </gpxtpx:TrackPointExtension>
        </extensions>
      </trkpt>
      <trkpt lat="24.497223881529926" lon="117.6818423140084">
        <ele>5.599999904632568</ele>
        <time>2026-08-04T11:34:20Z</time>
        <extensions>
          <gpxtpx:TrackPointExtension>
            <gpxtpx:hr>156</gpxtpx:hr>
          </gpxtpx:TrackPointExtension>
        </extensions>
      </trkpt>
      <trkpt lat="24.497204070302228" lon="117.68173750275544">
        <ele>5.599999904632568</ele>
        <time>2026-08-04T11:34:24Z</time>
        <extensions>
          <gpxtpx:TrackPointExtension>
            <gpxtpx:hr>156</gpxtpx:hr>
          </gpxtpx:TrackPointExtension>
        </extensions>
      </trkpt>
      <trkpt lat="24.497179278571327" lon="117.68162171165595">
        <ele>6.199999809265137</ele>
        <time>2026-08-04T11:34:28Z</time>
        <extensions>
          <gpxtpx:TrackPointExtension>
            <gpxtpx:hr>156</gpxtpx:hr>
          </gpxtpx:TrackPointExtension>
        </extensions>
      </trkpt>
      <trkpt lat="24.49716045312095" lon="117.68152488634527">
        <ele>5.599999904632568</ele>
        <time>2026-08-04T11:34:32Z</time>
        <extensions>
          <gpxtpx:TrackPointExtension>
            <gpxtpx:hr>156</gpxtpx:hr>
          </gpxtpx:TrackPointExtension>
        </extensions>
      </trkpt>
      <trkpt lat="24.497126634734357" lon="117.68142307116645">
        <ele>5.599999904632568</ele>
        <time>2026-08-04T11:34:36Z</time>
        <extensions>
          <gpxtpx:TrackPointExtension>
            <gpxtpx:hr>156</gpxtpx:hr>
          </gpxtpx:TrackPointExtension>
        </extensions>
      </trkpt>
      <trkpt lat="24.49709083264813" lon="117.68131227238281">
        <ele>5.599999904632568</ele>
        <time>2026-08-04T11:34:40Z</time>
        <extensions>
          <gpxtpx:TrackPointExtension>
            <gpxtpx:hr>157</gpxtpx:hr>
          </gpxtpx:TrackPointExtension>
        </extensions>
      </trkpt>
      <trkpt lat="24.497057036484772" lon="117.68119847899777">
        <ele>5.800000190734863</ele>
        <time>2026-08-04T11:34:44Z</time>
        <extensions>
          <gpxtpx:TrackPointExtension>
            <gpxtpx:hr>158</gpxtpx:hr>
          </gpxtpx:TrackPointExtension>
        </extensions>
      </trkpt>
      <trkpt lat="24.497029212004623" lon="117.6811006566645">
        <ele>5.800000190734863</ele>
        <time>2026-08-04T11:34:48Z</time>
        <extensions>
          <gpxtpx:TrackPointExtension>
            <gpxtpx:hr>158</gpxtpx:hr>
          </gpxtpx:TrackPointExtension>
        </extensions>
      </trkpt>
      <trkpt lat="24.49706140006" lon="117.68100083380763">
        <ele>5.800000190734863</ele>
        <time>2026-08-04T11:34:52Z</time>
        <extensions>
          <gpxtpx:TrackPointExtension>
            <gpxtpx:hr>159</gpxtpx:hr>
          </gpxtpx:TrackPointExtension>
        </extensions>
      </trkpt>
      <trkpt lat="24.497145527908973" lon="117.68093794096474">
        <ele>5.800000190734863</ele>
        <time>2026-08-04T11:34:56Z</time>
        <extensions>
          <gpxtpx:TrackPointExtension>
            <gpxtpx:hr>159</gpxtpx:hr>
          </gpxtpx:TrackPointExtension>
        </extensions>
      </trkpt>
      <trkpt lat="24.49724353853713" lon="117.68093993045025">
        <ele>5.599999904632568</ele>
        <time>2026-08-04T11:35:00Z</time>
        <extensions>
          <gpxtpx:TrackPointExtension>
            <gpxtpx:hr>159</gpxtpx:hr>
          </gpxtpx:TrackPointExtension>
        </extensions>
      </trkpt>
      <trkpt lat="24.497339488315557" lon="117.68097486083381">
        <ele>5.800000190734863</ele>
        <time>2026-08-04T11:35:04Z</time>
        <extensions>
          <gpxtpx:TrackPointExtension>
            <gpxtpx:hr>159</gpxtpx:hr>
          </gpxtpx:TrackPointExtension>
        </extensions>
      </trkpt>
      <trkpt lat="24.497437436555263" lon="117.68101078929735">
        <ele>6.0</ele>
        <time>2026-08-04T11:35:08Z</time>
        <extensions>
          <gpxtpx:TrackPointExtension>
            <gpxtpx:hr>158</gpxtpx:hr>
          </gpxtpx:TrackPointExtension>
        </extensions>
      </trkpt>
      <trkpt lat="24.497544408116806" lon="117.68103473867193">
        <ele>5.800000190734863</ele>
        <time>2026-08-04T11:35:12Z</time>
        <extensions>
          <gpxtpx:TrackPointExtension>
            <gpxtpx:hr>158</gpxtpx:hr>
          </gpxtpx:TrackPointExtension>
        </extensions>
      </trkpt>
      <trkpt lat="24.49765039053058" lon="117.68105269888848">
        <ele>5.800000190734863</ele>
        <time>2026-08-04T11:35:16Z</time>
        <extensions>
          <gpxtpx:TrackPointExtension>
            <gpxtpx:hr>158</gpxtpx:hr>
          </gpxtpx:TrackPointExtension>
        </extensions>
      </trkpt>
      <trkpt lat="24.49775036656403" lon="117.68107365415179">
        <ele>6.0</ele>
        <time>2026-08-04T11:35:20Z</time>
        <extensions>
          <gpxtpx:TrackPointExtension>
            <gpxtpx:hr>158</gpxtpx:hr>
          </gpxtpx:TrackPointExtension>
        </extensions>
      </trkpt>
      <trkpt lat="24.497848353302267" lon="117.68108862032318">
        <ele>5.599999904632568</ele>
        <time>2026-08-04T11:35:24Z</time>
        <extensions>
          <gpxtpx:TrackPointExtension>
            <gpxtpx:hr>158</gpxtpx:hr>
          </gpxtpx:TrackPointExtension>
        </extensions>
      </trkpt>
      <trkpt lat="24.497948360490316" lon="117.68109260608387">
        <ele>5.800000190734863</ele>
        <time>2026-08-04T11:35:28Z</time>
        <extensions>
          <gpxtpx:TrackPointExtension>
            <gpxtpx:hr>157</gpxtpx:hr>
          </gpxtpx:TrackPointExtension>
        </extensions>
      </trkpt>
      <trkpt lat="24.498048365835505" lon="117.6810975900513">
        <ele>5.800000190734863</ele>
        <time>2026-08-04T11:35:32Z</time>
        <extensions>
          <gpxtpx:TrackPointExtension>
            <gpxtpx:hr>158</gpxtpx:hr>
          </gpxtpx:TrackPointExtension>
        </extensions>
      </trkpt>
      <trkpt lat="24.498148362005097" lon="117.6811075650523">
        <ele>5.800000190734863</ele>
        <time>2026-08-04T11:35:36Z</time>
        <extensions>
          <gpxtpx:TrackPointExtension>
            <gpxtpx:hr>159</gpxtpx:hr>
          </gpxtpx:TrackPointExtension>
        </extensions>
      </trkpt>
      <trkpt lat="24.498254388366203" lon="117.6811015683232">
        <ele>6.0</ele>
        <time>2026-08-04T11:35:40Z</time>
        <extensions>
          <gpxtpx:TrackPointExtension>
            <gpxtpx:hr>159</gpxtpx:hr>
          </gpxtpx:TrackPointExtension>
        </extensions>
      </trkpt>
      <trkpt lat="24.49834842581311" lon="117.68108858499701">
        <ele>6.0</ele>
        <time>2026-08-04T11:35:44Z</time>
        <extensions>
          <gpxtpx:TrackPointExtension>
            <gpxtpx:hr>159</gpxtpx:hr>
          </gpxtpx:TrackPointExtension>
        </extensions>
      </trkpt>
      <trkpt lat="24.498445461853777" lon="117.68107659966735">
        <ele>6.0</ele>
        <time>2026-08-04T11:35:48Z</time>
        <extensions>
          <gpxtpx:TrackPointExtension>
            <gpxtpx:hr>159</gpxtpx:hr>
          </gpxtpx:TrackPointExtension>
        </extensions>
      </trkpt>
      <trkpt lat="24.498540492096723" lon="117.68106760909932">
        <ele>6.400000095367432</ele>
        <time>2026-08-04T11:35:52Z</time>
        <extensions>
          <gpxtpx:TrackPointExtension>
            <gpxtpx:hr>158</gpxtpx:hr>
          </gpxtpx:TrackPointExtension>
        </extensions>
      </trkpt>
      <trkpt lat="24.49863256040907" lon="117.68103765642034">
        <ele>6.599999904632568</ele>
        <time>2026-08-04T11:35:56Z</time>
        <extensions>
          <gpxtpx:TrackPointExtension>
            <gpxtpx:hr>158</gpxtpx:hr>
          </gpxtpx:TrackPointExtension>
        </extensions>
      </trkpt>
      <trkpt lat="24.49872662717746" lon="117.68100870181726">
        <ele>6.800000190734863</ele>
        <time>2026-08-04T11:36:00Z</time>
        <extensions>
          <gpxtpx:TrackPointExtension>
            <gpxtpx:hr>157</gpxtpx:hr>
          </gpxtpx:TrackPointExtension>
        </extensions>
      </trkpt>
      <trkpt lat="24.49878578797782" lon="117.68092584664663">
        <ele>6.800000190734863</ele>
        <time>2026-08-04T11:36:04Z</time>
        <extensions>
          <gpxtpx:TrackPointExtension>
            <gpxtpx:hr>157</gpxtpx:hr>
          </gpxtpx:TrackPointExtension>
        </extensions>
      </trkpt>
      <trkpt lat="24.498770980399932" lon="117.68082003812283">
        <ele>6.800000190734863</ele>
        <time>2026-08-04T11:36:08Z</time>
        <extensions>
          <gpxtpx:TrackPointExtension>
            <gpxtpx:hr>157</gpxtpx:hr>
          </gpxtpx:TrackPointExtension>
        </extensions>
      </trkpt>
      <trkpt lat="24.498769178493028" lon="117.68071223242234">
        <ele>6.800000190734863</ele>
        <time>2026-08-04T11:36:12Z</time>
        <extensions>
          <gpxtpx:TrackPointExtension>
            <gpxtpx:hr>156</gpxtpx:hr>
          </gpxtpx:TrackPointExtension>
        </extensions>
      </trkpt>
      <trkpt lat="24.498760384891536" lon="117.68059943636511">
        <ele>7.199999809265137</ele>
        <time>2026-08-04T11:36:16Z</time>
        <extensions>
          <gpxtpx:TrackPointExtension>
            <gpxtpx:hr>158</gpxtpx:hr>
          </gpxtpx:TrackPointExtension>
        </extensions>
      </trkpt>
      <trkpt lat="24.498750585759847" lon="117.68048963513695">
        <ele>7.400000095367432</ele>
        <time>2026-08-04T11:36:20Z</time>
        <extensions>
          <gpxtpx:TrackPointExtension>
            <gpxtpx:hr>158</gpxtpx:hr>
          </gpxtpx:TrackPointExtension>
        </extensions>
      </trkpt>
      <trkpt lat="24.498737778956936" lon="117.6803838270629">
        <ele>7.400000095367432</ele>
        <time>2026-08-04T11:36:24Z</time>
        <extensions>
          <gpxtpx:TrackPointExtension>
            <gpxtpx:hr>158</gpxtpx:hr>
          </gpxtpx:TrackPointExtension>
        </extensions>
      </trkpt>
      <trkpt lat="24.498735977542086" lon="117.6802760219606">
        <ele>7.599999904632568</ele>
        <time>2026-08-04T11:36:28Z</time>
        <extensions>
          <gpxtpx:TrackPointExtension>
            <gpxtpx:hr>158</gpxtpx:hr>
          </gpxtpx:TrackPointExtension>
        </extensions>
      </trkpt>
      <trkpt lat="24.498733165043785" lon="117.68017420624254">
        <ele>7.599999904632568</ele>
        <time>2026-08-04T11:36:32Z</time>
        <extensions>
          <gpxtpx:TrackPointExtension>
            <gpxtpx:hr>158</gpxtpx:hr>
          </gpxtpx:TrackPointExtension>
        </extensions>
      </trkpt>
      <trkpt lat="24.498724359160853" lon="117.6800683983031">
        <ele>7.400000095367432</ele>
        <time>2026-08-04T11:36:36Z</time>
        <extensions>
          <gpxtpx:TrackPointExtension>
            <gpxtpx:hr>157</gpxtpx:hr>
          </gpxtpx:TrackPointExtension>
        </extensions>
      </trkpt>
      <trkpt lat="24.49868952749449" lon="117.67997457064497">
        <ele>7.0</ele>
        <time>2026-08-04T11:36:40Z</time>
        <extensions>
          <gpxtpx:TrackPointExtension>
            <gpxtpx:hr>157</gpxtpx:hr>
          </gpxtpx:TrackPointExtension>
        </extensions>
      </trkpt>
      <trkpt lat="24.49863469117944" lon="117.6798817426985">
        <ele>7.0</ele>
        <time>2026-08-04T11:36:44Z</time>
        <extensions>
          <gpxtpx:TrackPointExtension>
            <gpxtpx:hr>157</gpxtpx:hr>
          </gpxtpx:TrackPointExtension>
        </extensions>
      </trkpt>
      <trkpt lat="24.49858387030089" lon="117.67978092905426">
        <ele>6.800000190734863</ele>
        <time>2026-08-04T11:36:48Z</time>
        <extensions>
          <gpxtpx:TrackPointExtension>
            <gpxtpx:hr>157</gpxtpx:hr>
          </gpxtpx:TrackPointExtension>
        </extensions>
      </trkpt>
      <trkpt lat="24.49853506274541" lon="117.67967312807066">
        <ele>6.599999904632568</ele>
        <time>2026-08-04T11:36:52Z</time>
        <extensions>
          <gpxtpx:TrackPointExtension>
            <gpxtpx:hr>158</gpxtpx:hr>
          </gpxtpx:TrackPointExtension>
        </extensions>
      </trkpt>
      <trkpt lat="24.498513253659574" lon="117.67956831988155">
        <ele>6.400000095367432</ele>
        <time>2026-08-04T11:36:56Z</time>
        <extensions>
          <gpxtpx:TrackPointExtension>
            <gpxtpx:hr>159</gpxtpx:hr>
          </gpxtpx:TrackPointExtension>
        </extensions>
      </trkpt>
      <trkpt lat="24.498475394267572" lon="117.67948946579756">
        <ele>6.400000095367432</ele>
        <time>2026-08-04T11:37:00Z</time>
        <extensions>
          <gpxtpx:TrackPointExtension>
            <gpxtpx:hr>159</gpxtpx:hr>
          </gpxtpx:TrackPointExtension>
        </extensions>
      </trkpt>
      <trkpt lat="24.49843755529106" lon="117.67939963174697">
        <ele>6.400000095367432</ele>
        <time>2026-08-04T11:37:04Z</time>
        <extensions>
          <gpxtpx:TrackPointExtension>
            <gpxtpx:hr>159</gpxtpx:hr>
          </gpxtpx:TrackPointExtension>
        </extensions>
      </trkpt>
      <trkpt lat="24.49840474673991" lon="117.67929382649002">
        <ele>6.400000095367432</ele>
        <time>2026-08-04T11:37:08Z</time>
        <extensions>
          <gpxtpx:TrackPointExtension>
            <gpxtpx:hr>159</gpxtpx:hr>
          </gpxtpx:TrackPointExtension>
        </extensions>
      </trkpt>
      <trkpt lat="24.498365946689237" lon="117.67918303087308">
        <ele>6.400000095367432</ele>
        <time>2026-08-04T11:37:12Z</time>
        <extensions>
          <gpxtpx:TrackPointExtension>
            <gpxtpx:hr>157</gpxtpx:hr>
          </gpxtpx:TrackPointExtension>
        </extensions>
      </trkpt>
      <trkpt lat="24.498323136905015" lon="117.67907722658909">
        <ele>6.199999809265137</ele>
        <time>2026-08-04T11:37:16Z</time>
        <extensions>
          <gpxtpx:TrackPointExtension>
            <gpxtpx:hr>156</gpxtpx:hr>
          </gpxtpx:TrackPointExtension>
        </extensions>
      </trkpt>
      <trkpt lat="24.498285320529263" lon="117.67897541480266">
        <ele>6.199999809265137</ele>
        <time>2026-08-04T11:37:20Z</time>
        <extensions>
          <gpxtpx:TrackPointExtension>
            <gpxtpx:hr>155</gpxtpx:hr>
          </gpxtpx:TrackPointExtension>
        </extensions>
      </trkpt>
      <trkpt lat="24.498250510249814" lon="117.6788706083848">
        <ele>6.0</ele>
        <time>2026-08-04T11:37:24Z</time>
        <extensions>
          <gpxtpx:TrackPointExtension>
            <gpxtpx:hr>155</gpxtpx:hr>
          </gpxtpx:TrackPointExtension>
        </extensions>
      </trkpt>
      <trkpt lat="24.498215694500526" lon="117.67876879662587">
        <ele>6.0</ele>
        <time>2026-08-04T11:37:28Z</time>
        <extensions>
          <gpxtpx:TrackPointExtension>
            <gpxtpx:hr>155</gpxtpx:hr>
          </gpxtpx:TrackPointExtension>
        </extensions>
      </trkpt>
      <trkpt lat="24.498175870690012" lon="117.67867097804479">
        <ele>6.0</ele>
        <time>2026-08-04T11:37:32Z</time>
        <extensions>
          <gpxtpx:TrackPointExtension>
            <gpxtpx:hr>154</gpxtpx:hr>
          </gpxtpx:TrackPointExtension>
        </extensions>
      </trkpt>
      <trkpt lat="24.498138049112868" lon="117.6785721612534">
        <ele>6.0</ele>
        <time>2026-08-04T11:37:36Z</time>
        <extensions>
          <gpxtpx:TrackPointExtension>
            <gpxtpx:hr>154</gpxtpx:hr>
          </gpxtpx:TrackPointExtension>
        </extensions>
      </trkpt>
      <trkpt lat="24.49809220972909" lon="117.67848232870948">
        <ele>6.0</ele>
        <time>2026-08-04T11:37:40Z</time>
        <extensions>
          <gpxtpx:TrackPointExtension>
            <gpxtpx:hr>154</gpxtpx:hr>
          </gpxtpx:TrackPointExtension>
        </extensions>
      </trkpt>
      <trkpt lat="24.49805338631046" lon="117.67838451036855">
        <ele>5.800000190734863</ele>
        <time>2026-08-04T11:37:44Z</time>
        <extensions>
          <gpxtpx:TrackPointExtension>
            <gpxtpx:hr>154</gpxtpx:hr>
          </gpxtpx:TrackPointExtension>
        </extensions>
      </trkpt>
      <trkpt lat="24.498022575301086" lon="117.67828070253054">
        <ele>5.800000190734863</ele>
        <time>2026-08-04T11:37:48Z</time>
        <extensions>
          <gpxtpx:TrackPointExtension>
            <gpxtpx:hr>153</gpxtpx:hr>
          </gpxtpx:TrackPointExtension>
        </extensions>
      </trkpt>
      <trkpt lat="24.497978723401953" lon="117.67819785733438">
        <ele>5.800000190734863</ele>
        <time>2026-08-04T11:37:52Z</time>
        <extensions>
          <gpxtpx:TrackPointExtension>
            <gpxtpx:hr>152</gpxtpx:hr>
          </gpxtpx:TrackPointExtension>
        </extensions>
      </trkpt>
      <trkpt lat="24.497928902350765" lon="117.67809804373054">
        <ele>5.800000190734863</ele>
        <time>2026-08-04T11:37:56Z</time>
        <extensions>
          <gpxtpx:TrackPointExtension>
            <gpxtpx:hr>153</gpxtpx:hr>
          </gpxtpx:TrackPointExtension>
        </extensions>
      </trkpt>
      <trkpt lat="24.497878081237747" lon="117.67799823030383">
        <ele>5.800000190734863</ele>
        <time>2026-08-04T11:38:00Z</time>
        <extensions>
          <gpxtpx:TrackPointExtension>
            <gpxtpx:hr>153</gpxtpx:hr>
          </gpxtpx:TrackPointExtension>
        </extensions>
      </trkpt>
      <trkpt lat="24.497822233382767" lon="117.67791239169851">
        <ele>5.800000190734863</ele>
        <time>2026-08-04T11:38:04Z</time>
        <extensions>
          <gpxtpx:TrackPointExtension>
            <gpxtpx:hr>153</gpxtpx:hr>
          </gpxtpx:TrackPointExtension>
        </extensions>
      </trkpt>
      <trkpt lat="24.497765389171473" lon="117.67782455690556">
        <ele>5.800000190734863</ele>
        <time>2026-08-04T11:38:08Z</time>
        <extensions>
          <gpxtpx:TrackPointExtension>
            <gpxtpx:hr>153</gpxtpx:hr>
          </gpxtpx:TrackPointExtension>
        </extensions>
      </trkpt>
      <trkpt lat="24.4977045388436" lon="117.67773971697676">
        <ele>5.800000190734863</ele>
        <time>2026-08-04T11:38:12Z</time>
        <extensions>
          <gpxtpx:TrackPointExtension>
            <gpxtpx:hr>151</gpxtpx:hr>
          </gpxtpx:TrackPointExtension>
        </extensions>
      </trkpt>
      <trkpt lat="24.497647696619076" lon="117.67765088417576">
        <ele>5.800000190734863</ele>
        <time>2026-08-04T11:38:16Z</time>
        <extensions>
          <gpxtpx:TrackPointExtension>
            <gpxtpx:hr>150</gpxtpx:hr>
          </gpxtpx:TrackPointExtension>
        </extensions>
      </trkpt>
      <trkpt lat="24.497591863937348" lon="117.67755706055969">
        <ele>6.0</ele>
        <time>2026-08-04T11:38:20Z</time>
        <extensions>
          <gpxtpx:TrackPointExtension>
            <gpxtpx:hr>147</gpxtpx:hr>
          </gpxtpx:TrackPointExtension>
        </extensions>
      </trkpt>
      <trkpt lat="24.497531030596896" lon="117.67746323738673">
        <ele>5.800000190734863</ele>
        <time>2026-08-04T11:38:24Z</time>
        <extensions>
          <gpxtpx:TrackPointExtension>
            <gpxtpx:hr>147</gpxtpx:hr>
          </gpxtpx:TrackPointExtension>
        </extensions>
      </trkpt>
      <trkpt lat="24.497468183953355" lon="117.67737640158737">
        <ele>5.800000190734863</ele>
        <time>2026-08-04T11:38:28Z</time>
        <extensions>
          <gpxtpx:TrackPointExtension>
            <gpxtpx:hr>149</gpxtpx:hr>
          </gpxtpx:TrackPointExtension>
        </extensions>
      </trkpt>
      <trkpt lat="24.49740634685863" lon="117.67728457498136">
        <ele>5.800000190734863</ele>
        <time>2026-08-04T11:38:32Z</time>
        <extensions>
          <gpxtpx:TrackPointExtension>
            <gpxtpx:hr>151</gpxtpx:hr>
          </gpxtpx:TrackPointExtension>
        </extensions>
      </trkpt>
      <trkpt lat="24.497349501206607" lon="117.6771977389143">
        <ele>5.800000190734863</ele>
        <time>2026-08-04T11:38:36Z</time>
        <extensions>
          <gpxtpx:TrackPointExtension>
            <gpxtpx:hr>153</gpxtpx:hr>
          </gpxtpx:TrackPointExtension>
        </extensions>
      </trkpt>
      <trkpt lat="24.497290653448978" lon="117.67711190122405">
        <ele>5.800000190734863</ele>
        <time>2026-08-04T11:38:40Z</time>
        <extensions>
          <gpxtpx:TrackPointExtension>
            <gpxtpx:hr>154</gpxtpx:hr>
          </gpxtpx:TrackPointExtension>
        </extensions>
      </trkpt>
      <trkpt lat="24.497230798114956" lon="117.6770300563165">
        <ele>5.800000190734863</ele>
        <time>2026-08-04T11:38:44Z</time>
        <extensions>
          <gpxtpx:TrackPointExtension>
            <gpxtpx:hr>155</gpxtpx:hr>
          </gpxtpx:TrackPointExtension>
        </extensions>
      </trkpt>
      <trkpt lat="24.497148881594068" lon="117.67697915596358">
        <ele>5.800000190734863</ele>
        <time>2026-08-04T11:38:48Z</time>
        <extensions>
          <gpxtpx:TrackPointExtension>
            <gpxtpx:hr>155</gpxtpx:hr>
          </gpxtpx:TrackPointExtension>
        </extensions>
      </trkpt>
      <trkpt lat="24.497046892905555" lon="117.67696518893301">
        <ele>5.800000190734863</ele>
        <time>2026-08-04T11:38:52Z</time>
        <extensions>
          <gpxtpx:TrackPointExtension>
            <gpxtpx:hr>154</gpxtpx:hr>
          </gpxtpx:TrackPointExtension>
        </extensions>
      </trkpt>
      <trkpt lat="24.496937916288605" lon="117.67694423528484">
        <ele>5.800000190734863</ele>
        <time>2026-08-04T11:38:56Z</time>
        <extensions>
          <gpxtpx:TrackPointExtension>
            <gpxtpx:hr>155</gpxtpx:hr>
          </gpxtpx:TrackPointExtension>
        </extensions>
      </trkpt>
      <trkpt lat="24.4968259467131" lon="117.6769192892173">
        <ele>5.800000190734863</ele>
        <time>2026-08-04T11:39:00Z</time>
        <extensions>
          <gpxtpx:TrackPointExtension>
            <gpxtpx:hr>155</gpxtpx:hr>
          </gpxtpx:TrackPointExtension>
        </extensions>
      </trkpt>
      <trkpt lat="24.496731009576326" lon="117.67687837142">
        <ele>5.800000190734863</ele>
        <time>2026-08-04T11:39:04Z</time>
        <extensions>
          <gpxtpx:TrackPointExtension>
            <gpxtpx:hr>155</gpxtpx:hr>
          </gpxtpx:TrackPointExtension>
        </extensions>
      </trkpt>
      <trkpt lat="24.49663405342373" lon="117.6768474353606">
        <ele>5.800000190734863</ele>
        <time>2026-08-04T11:39:08Z</time>
        <extensions>
          <gpxtpx:TrackPointExtension>
            <gpxtpx:hr>157</gpxtpx:hr>
          </gpxtpx:TrackPointExtension>
        </extensions>
      </trkpt>
      <trkpt lat="24.496532083426445" lon="117.67682348676817">
        <ele>6.0</ele>
        <time>2026-08-04T11:39:12Z</time>
        <extensions>
          <gpxtpx:TrackPointExtension>
            <gpxtpx:hr>157</gpxtpx:hr>
          </gpxtpx:TrackPointExtension>
        </extensions>
      </trkpt>
      <trkpt lat="24.496448190990286" lon="117.6767596106123">
        <ele>5.800000190734863</ele>
        <time>2026-08-04T11:39:16Z</time>
        <extensions>
          <gpxtpx:TrackPointExtension>
            <gpxtpx:hr>157</gpxtpx:hr>
          </gpxtpx:TrackPointExtension>
        </extensions>
      </trkpt>
      <trkpt lat="24.49635323700607" lon="117.67672767628976">
        <ele>5.599999904632568</ele>
        <time>2026-08-04T11:39:20Z</time>
        <extensions>
          <gpxtpx:TrackPointExtension>
            <gpxtpx:hr>156</gpxtpx:hr>
          </gpxtpx:TrackPointExtension>
        </extensions>
      </trkpt>
      <trkpt lat="24.496263315610843" lon="117.67667877296209">
        <ele>5.800000190734863</ele>
        <time>2026-08-04T11:39:24Z</time>
        <extensions>
          <gpxtpx:TrackPointExtension>
            <gpxtpx:hr>156</gpxtpx:hr>
          </gpxtpx:TrackPointExtension>
        </extensions>
      </trkpt>
      <trkpt lat="24.496174399995628" lon="117.6766268751184">
        <ele>5.800000190734863</ele>
        <time>2026-08-04T11:39:28Z</time>
        <extensions>
          <gpxtpx:TrackPointExtension>
            <gpxtpx:hr>156</gpxtpx:hr>
          </gpxtpx:TrackPointExtension>
        </extensions>
      </trkpt>
      <trkpt lat="24.496087482812154" lon="117.67657597531446">
        <ele>6.0</ele>
        <time>2026-08-04T11:39:32Z</time>
        <extensions>
          <gpxtpx:TrackPointExtension>
            <gpxtpx:hr>156</gpxtpx:hr>
          </gpxtpx:TrackPointExtension>
        </extensions>
      </trkpt>
      <trkpt lat="24.496000584391908" lon="117.67651509398476">
        <ele>5.800000190734863</ele>
        <time>2026-08-04T11:39:36Z</time>
        <extensions>
          <gpxtpx:TrackPointExtension>
            <gpxtpx:hr>156</gpxtpx:hr>
          </gpxtpx:TrackPointExtension>
        </extensions>
      </trkpt>
      <trkpt lat="24.495912683968996" lon="117.67645521091465">
        <ele>5.800000190734863</ele>
        <time>2026-08-04T11:39:40Z</time>
        <extensions>
          <gpxtpx:TrackPointExtension>
            <gpxtpx:hr>156</gpxtpx:hr>
          </gpxtpx:TrackPointExtension>
        </extensions>
      </trkpt>
      <trkpt lat="24.495833801774783" lon="117.67638634385847">
        <ele>6.0</ele>
        <time>2026-08-04T11:39:44Z</time>
        <extensions>
          <gpxtpx:TrackPointExtension>
            <gpxtpx:hr>157</gpxtpx:hr>
          </gpxtpx:TrackPointExtension>
        </extensions>
      </trkpt>
      <trkpt lat="24.495742902828738" lon="117.6763254629183">
        <ele>6.0</ele>
        <time>2026-08-04T11:39:48Z</time>
        <extensions>
          <gpxtpx:TrackPointExtension>
            <gpxtpx:hr>156</gpxtpx:hr>
          </gpxtpx:TrackPointExtension>
        </extensions>
      </trkpt>
      <trkpt lat="24.49565397416543" lon="117.67628055231447">
        <ele>6.0</ele>
        <time>2026-08-04T11:39:52Z</time>
        <extensions>
          <gpxtpx:TrackPointExtension>
            <gpxtpx:hr>156</gpxtpx:hr>
          </gpxtpx:TrackPointExtension>
        </extensions>
      </trkpt>
      <trkpt lat="24.495560057912098" lon="117.67622865501545">
        <ele>6.0</ele>
        <time>2026-08-04T11:39:56Z</time>
        <extensions>
          <gpxtpx:TrackPointExtension>
            <gpxtpx:hr>157</gpxtpx:hr>
          </gpxtpx:TrackPointExtension>
        </extensions>
      </trkpt>
      <trkpt lat="24.495474129707052" lon="117.6761837442395">
        <ele>6.0</ele>
        <time>2026-08-04T11:40:00Z</time>
        <extensions>
          <gpxtpx:TrackPointExtension>
            <gpxtpx:hr>157</gpxtpx:hr>
          </gpxtpx:TrackPointExtension>
        </extensions>
      </trkpt>
      <trkpt lat="24.49538319513727" lon="117.67614182828915">
        <ele>6.199999809265137</ele>
        <time>2026-08-04T11:40:04Z</time>
        <extensions>
          <gpxtpx:TrackPointExtension>
            <gpxtpx:hr>157</gpxtpx:hr>
          </gpxtpx:TrackPointExtension>
        </extensions>
      </trkpt>
      <trkpt lat="24.495292281232214" lon="117.67608893269251">
        <ele>6.0</ele>
        <time>2026-08-04T11:40:08Z</time>
        <extensions>
          <gpxtpx:TrackPointExtension>
            <gpxtpx:hr>158</gpxtpx:hr>
          </gpxtpx:TrackPointExtension>
        </extensions>
      </trkpt>
      <trkpt lat="24.495198353745224" lon="117.67604302438694">
        <ele>6.0</ele>
        <time>2026-08-04T11:40:12Z</time>
        <extensions>
          <gpxtpx:TrackPointExtension>
            <gpxtpx:hr>159</gpxtpx:hr>
          </gpxtpx:TrackPointExtension>
        </extensions>
      </trkpt>
      <trkpt lat="24.49510843812973" lon="117.67599112691667">
        <ele>6.0</ele>
        <time>2026-08-04T11:40:16Z</time>
        <extensions>
          <gpxtpx:TrackPointExtension>
            <gpxtpx:hr>160</gpxtpx:hr>
          </gpxtpx:TrackPointExtension>
        </extensions>
      </trkpt>
      <trkpt lat="24.49501551080551" lon="117.67594521858051">
        <ele>6.0</ele>
        <time>2026-08-04T11:40:20Z</time>
        <extensions>
          <gpxtpx:TrackPointExtension>
            <gpxtpx:hr>160</gpxtpx:hr>
          </gpxtpx:TrackPointExtension>
        </extensions>
      </trkpt>
      <trkpt lat="24.494920577552655" lon="117.67590230485223">
        <ele>6.0</ele>
        <time>2026-08-04T11:40:24Z</time>
        <extensions>
          <gpxtpx:TrackPointExtension>
            <gpxtpx:hr>159</gpxtpx:hr>
          </gpxtpx:TrackPointExtension>
        </extensions>
      </trkpt>
      <trkpt lat="24.494830635645712" lon="117.6758643815325">
        <ele>6.0</ele>
        <time>2026-08-04T11:40:28Z</time>
        <extensions>
          <gpxtpx:TrackPointExtension>
            <gpxtpx:hr>160</gpxtpx:hr>
          </gpxtpx:TrackPointExtension>
        </extensions>
      </trkpt>
      <trkpt lat="24.494735683599064" lon="117.6758314493219">
        <ele>6.199999809265137</ele>
        <time>2026-08-04T11:40:32Z</time>
        <extensions>
          <gpxtpx:TrackPointExtension>
            <gpxtpx:hr>159</gpxtpx:hr>
          </gpxtpx:TrackPointExtension>
        </extensions>
      </trkpt>
      <trkpt lat="24.49463267771921" lon="117.67582646584609">
        <ele>6.0</ele>
        <time>2026-08-04T11:40:36Z</time>
        <extensions>
          <gpxtpx:TrackPointExtension>
            <gpxtpx:hr>159</gpxtpx:hr>
          </gpxtpx:TrackPointExtension>
        </extensions>
      </trkpt>
      <trkpt lat="24.494536644667864" lon="117.67583645410772">
        <ele>6.0</ele>
        <time>2026-08-04T11:40:40Z</time>
        <extensions>
          <gpxtpx:TrackPointExtension>
            <gpxtpx:hr>159</gpxtpx:hr>
          </gpxtpx:TrackPointExtension>
        </extensions>
      </trkpt>
      <trkpt lat="24.4944436158139" lon="117.67584444586078">
        <ele>5.800000190734863</ele>
        <time>2026-08-04T11:40:44Z</time>
        <extensions>
          <gpxtpx:TrackPointExtension>
            <gpxtpx:hr>159</gpxtpx:hr>
          </gpxtpx:TrackPointExtension>
        </extensions>
      </trkpt>
      <trkpt lat="24.49436559106188" lon="117.67585143840704">
        <ele>6.0</ele>
        <time>2026-08-04T11:40:48Z</time>
        <extensions>
          <gpxtpx:TrackPointExtension>
            <gpxtpx:hr>157</gpxtpx:hr>
          </gpxtpx:TrackPointExtension>
        </extensions>
      </trkpt>
      <trkpt lat="24.494268599196584" lon="117.67583946746474">
        <ele>6.0</ele>
        <time>2026-08-04T11:40:52Z</time>
        <extensions>
          <gpxtpx:TrackPointExtension>
            <gpxtpx:hr>157</gpxtpx:hr>
          </gpxtpx:TrackPointExtension>
        </extensions>
      </trkpt>
      <trkpt lat="24.49414856629942" lon="117.67584746112314">
        <ele>6.199999809265137</ele>
        <time>2026-08-04T11:40:56Z</time>
        <extensions>
          <gpxtpx:TrackPointExtension>
            <gpxtpx:hr>157</gpxtpx:hr>
          </gpxtpx:TrackPointExtension>
        </extensions>
      </trkpt>
      <trkpt lat="24.494040497580386" lon="117.6758754169169">
        <ele>6.199999809265137</ele>
        <time>2026-08-04T11:41:00Z</time>
        <extensions>
          <gpxtpx:TrackPointExtension>
            <gpxtpx:hr>157</gpxtpx:hr>
          </gpxtpx:TrackPointExtension>
        </extensions>
      </trkpt>
      <trkpt lat="24.493947442368917" lon="117.67589738276288">
        <ele>6.199999809265137</ele>
        <time>2026-08-04T11:41:04Z</time>
        <extensions>
          <gpxtpx:TrackPointExtension>
            <gpxtpx:hr>157</gpxtpx:hr>
          </gpxtpx:TrackPointExtension>
        </extensions>
      </trkpt>
      <trkpt lat="24.493851388584357" lon="117.6759183506753">
        <ele>6.0</ele>
        <time>2026-08-04T11:41:08Z</time>
        <extensions>
          <gpxtpx:TrackPointExtension>
            <gpxtpx:hr>158</gpxtpx:hr>
          </gpxtpx:TrackPointExtension>
        </extensions>
      </trkpt>
      <trkpt lat="24.493757344488955" lon="117.675934327702">
        <ele>6.0</ele>
        <time>2026-08-04T11:41:12Z</time>
        <extensions>
          <gpxtpx:TrackPointExtension>
            <gpxtpx:hr>158</gpxtpx:hr>
          </gpxtpx:TrackPointExtension>
        </extensions>
      </trkpt>
      <trkpt lat="24.493677253620152" lon="117.67597625564183">
        <ele>6.0</ele>
        <time>2026-08-04T11:41:16Z</time>
        <extensions>
          <gpxtpx:TrackPointExtension>
            <gpxtpx:hr>158</gpxtpx:hr>
          </gpxtpx:TrackPointExtension>
        </extensions>
      </trkpt>
      <trkpt lat="24.49358817080654" lon="117.67601319348041">
        <ele>6.0</ele>
        <time>2026-08-04T11:41:20Z</time>
        <extensions>
          <gpxtpx:TrackPointExtension>
            <gpxtpx:hr>158</gpxtpx:hr>
          </gpxtpx:TrackPointExtension>
        </extensions>
      </trkpt>
      <trkpt lat="24.493487078686716" lon="117.67605412478106">
        <ele>6.0</ele>
        <time>2026-08-04T11:41:24Z</time>
        <extensions>
          <gpxtpx:TrackPointExtension>
            <gpxtpx:hr>157</gpxtpx:hr>
          </gpxtpx:TrackPointExtension>
        </extensions>
      </trkpt>
      <trkpt lat="24.49339396334964" lon="117.67610803149789">
        <ele>6.0</ele>
        <time>2026-08-04T11:41:28Z</time>
        <extensions>
          <gpxtpx:TrackPointExtension>
            <gpxtpx:hr>157</gpxtpx:hr>
          </gpxtpx:TrackPointExtension>
        </extensions>
      </trkpt>
      <trkpt lat="24.4933088492223" lon="117.67616193767664">
        <ele>6.0</ele>
        <time>2026-08-04T11:41:32Z</time>
        <extensions>
          <gpxtpx:TrackPointExtension>
            <gpxtpx:hr>158</gpxtpx:hr>
          </gpxtpx:TrackPointExtension>
        </extensions>
      </trkpt>
      <trkpt lat="24.493229737884615" lon="117.6762148453063">
        <ele>6.199999809265137</ele>
        <time>2026-08-04T11:41:36Z</time>
        <extensions>
          <gpxtpx:TrackPointExtension>
            <gpxtpx:hr>157</gpxtpx:hr>
          </gpxtpx:TrackPointExtension>
        </extensions>
      </trkpt>
      <trkpt lat="24.493143614250382" lon="117.67627374237203">
        <ele>6.0</ele>
        <time>2026-08-04T11:41:40Z</time>
        <extensions>
          <gpxtpx:TrackPointExtension>
            <gpxtpx:hr>157</gpxtpx:hr>
          </gpxtpx:TrackPointExtension>
        </extensions>
      </trkpt>
      <trkpt lat="24.49306647509514" lon="117.6763416222148">
        <ele>6.0</ele>
        <time>2026-08-04T11:41:44Z</time>
        <extensions>
          <gpxtpx:TrackPointExtension>
            <gpxtpx:hr>157</gpxtpx:hr>
          </gpxtpx:TrackPointExtension>
        </extensions>
      </trkpt>
      <trkpt lat="24.492997325912086" lon="117.67641549046004">
        <ele>6.199999809265137</ele>
        <time>2026-08-04T11:41:48Z</time>
        <extensions>
          <gpxtpx:TrackPointExtension>
            <gpxtpx:hr>158</gpxtpx:hr>
          </gpxtpx:TrackPointExtension>
        </extensions>
      </trkpt>
      <trkpt lat="24.492921196343335" lon="117.67647837954834">
        <ele>6.199999809265137</ele>
        <time>2026-08-04T11:41:52Z</time>
        <extensions>
          <gpxtpx:TrackPointExtension>
            <gpxtpx:hr>158</gpxtpx:hr>
          </gpxtpx:TrackPointExtension>
        </extensions>
      </trkpt>
      <trkpt lat="24.49284105494793" lon="117.67654725788772">
        <ele>6.199999809265137</ele>
        <time>2026-08-04T11:41:56Z</time>
        <extensions>
          <gpxtpx:TrackPointExtension>
            <gpxtpx:hr>159</gpxtpx:hr>
          </gpxtpx:TrackPointExtension>
        </extensions>
      </trkpt>
      <trkpt lat="24.49277689161818" lon="117.67662911117105">
        <ele>6.199999809265137</ele>
        <time>2026-08-04T11:42:00Z</time>
        <extensions>
          <gpxtpx:TrackPointExtension>
            <gpxtpx:hr>159</gpxtpx:hr>
          </gpxtpx:TrackPointExtension>
        </extensions>
      </trkpt>
      <trkpt lat="24.49270872585991" lon="117.67671196295723">
        <ele>6.0</ele>
        <time>2026-08-04T11:42:04Z</time>
        <extensions>
          <gpxtpx:TrackPointExtension>
            <gpxtpx:hr>159</gpxtpx:hr>
          </gpxtpx:TrackPointExtension>
        </extensions>
      </trkpt>
      <trkpt lat="24.49264356809235" lon="117.67679082196683">
        <ele>6.0</ele>
        <time>2026-08-04T11:42:08Z</time>
        <extensions>
          <gpxtpx:TrackPointExtension>
            <gpxtpx:hr>158</gpxtpx:hr>
          </gpxtpx:TrackPointExtension>
        </extensions>
      </trkpt>
      <trkpt lat="24.49258139583954" lon="117.67687766609207">
        <ele>6.0</ele>
        <time>2026-08-04T11:42:12Z</time>
        <extensions>
          <gpxtpx:TrackPointExtension>
            <gpxtpx:hr>158</gpxtpx:hr>
          </gpxtpx:TrackPointExtension>
        </extensions>
      </trkpt>
      <trkpt lat="24.492526230309405" lon="117.67696151531864">
        <ele>6.0</ele>
        <time>2026-08-04T11:42:16Z</time>
        <extensions>
          <gpxtpx:TrackPointExtension>
            <gpxtpx:hr>157</gpxtpx:hr>
          </gpxtpx:TrackPointExtension>
        </extensions>
      </trkpt>
      <trkpt lat="24.49247405218455" lon="117.67705235152317">
        <ele>6.199999809265137</ele>
        <time>2026-08-04T11:42:20Z</time>
        <extensions>
          <gpxtpx:TrackPointExtension>
            <gpxtpx:hr>157</gpxtpx:hr>
          </gpxtpx:TrackPointExtension>
        </extensions>
      </trkpt>
      <trkpt lat="24.492417869778677" lon="117.67714518441345">
        <ele>6.0</ele>
        <time>2026-08-04T11:42:24Z</time>
        <extensions>
          <gpxtpx:TrackPointExtension>
            <gpxtpx:hr>156</gpxtpx:hr>
          </gpxtpx:TrackPointExtension>
        </extensions>
      </trkpt>
      <trkpt lat="24.492362683849137" lon="117.67724001364277">
        <ele>6.0</ele>
        <time>2026-08-04T11:42:28Z</time>
        <extensions>
          <gpxtpx:TrackPointExtension>
            <gpxtpx:hr>156</gpxtpx:hr>
          </gpxtpx:TrackPointExtension>
        </extensions>
      </trkpt>
      <trkpt lat="24.492309483339056" lon="117.67734282812506">
        <ele>6.0</ele>
        <time>2026-08-04T11:42:32Z</time>
        <extensions>
          <gpxtpx:TrackPointExtension>
            <gpxtpx:hr>155</gpxtpx:hr>
          </gpxtpx:TrackPointExtension>
        </extensions>
      </trkpt>
      <trkpt lat="24.492265274927888" lon="117.67745063289941">
        <ele>6.199999809265137</ele>
        <time>2026-08-04T11:42:36Z</time>
        <extensions>
          <gpxtpx:TrackPointExtension>
            <gpxtpx:hr>156</gpxtpx:hr>
          </gpxtpx:TrackPointExtension>
        </extensions>
      </trkpt>
      <trkpt lat="24.492216071456678" lon="117.67755544364931">
        <ele>6.199999809265137</ele>
        <time>2026-08-04T11:42:40Z</time>
        <extensions>
          <gpxtpx:TrackPointExtension>
            <gpxtpx:hr>156</gpxtpx:hr>
          </gpxtpx:TrackPointExtension>
        </extensions>
      </trkpt>
      <trkpt lat="24.49216888517092" lon="117.6776512708746">
        <ele>6.599999904632568</ele>
        <time>2026-08-04T11:42:44Z</time>
        <extensions>
          <gpxtpx:TrackPointExtension>
            <gpxtpx:hr>157</gpxtpx:hr>
          </gpxtpx:TrackPointExtension>
        </extensions>
      </trkpt>
      <trkpt lat="24.49213069845101" lon="117.67774809572687">
        <ele>6.800000190734863</ele>
        <time>2026-08-04T11:42:48Z</time>
        <extensions>
          <gpxtpx:TrackPointExtension>
            <gpxtpx:hr>158</gpxtpx:hr>
          </gpxtpx:TrackPointExtension>
        </extensions>
      </trkpt>
      <trkpt lat="24.49210449870128" lon="117.67785290517591">
        <ele>6.800000190734863</ele>
        <time>2026-08-04T11:42:52Z</time>
        <extensions>
          <gpxtpx:TrackPointExtension>
            <gpxtpx:hr>159</gpxtpx:hr>
          </gpxtpx:TrackPointExtension>
        </extensions>
      </trkpt>
      <trkpt lat="24.492081301359825" lon="117.6779567163592">
        <ele>6.800000190734863</ele>
        <time>2026-08-04T11:42:56Z</time>
        <extensions>
          <gpxtpx:TrackPointExtension>
            <gpxtpx:hr>158</gpxtpx:hr>
          </gpxtpx:TrackPointExtension>
        </extensions>
      </trkpt>
      <trkpt lat="24.49205609821932" lon="117.67806352230942">
        <ele>6.800000190734863</ele>
        <time>2026-08-04T11:43:00Z</time>
        <extensions>
          <gpxtpx:TrackPointExtension>
            <gpxtpx:hr>159</gpxtpx:hr>
          </gpxtpx:TrackPointExtension>
        </extensions>
      </trkpt>
      <trkpt lat="24.492034888332427" lon="117.67817432078589">
        <ele>7.0</ele>
        <time>2026-08-04T11:43:04Z</time>
        <extensions>
          <gpxtpx:TrackPointExtension>
            <gpxtpx:hr>159</gpxtpx:hr>
          </gpxtpx:TrackPointExtension>
        </extensions>
      </trkpt>
      <trkpt lat="24.49201868488895" lon="117.67828212452298">
        <ele>7.0</ele>
        <time>2026-08-04T11:43:08Z</time>
        <extensions>
          <gpxtpx:TrackPointExtension>
            <gpxtpx:hr>160</gpxtpx:hr>
          </gpxtpx:TrackPointExtension>
        </extensions>
      </trkpt>
      <trkpt lat="24.492010488334458" lon="117.67838693329948">
        <ele>7.199999809265137</ele>
        <time>2026-08-04T11:43:12Z</time>
        <extensions>
          <gpxtpx:TrackPointExtension>
            <gpxtpx:hr>160</gpxtpx:hr>
          </gpxtpx:TrackPointExtension>
        </extensions>
      </trkpt>
      <trkpt lat="24.492003266001966" lon="117.67850571657901">
        <ele>7.199999809265137</ele>
        <time>2026-08-04T11:43:16Z</time>
        <extensions>
          <gpxtpx:TrackPointExtension>
            <gpxtpx:hr>160</gpxtpx:hr>
          </gpxtpx:TrackPointExtension>
        </extensions>
      </trkpt>
      <trkpt lat="24.491999064685334" lon="117.67861351986028">
        <ele>7.199999809265137</ele>
        <time>2026-08-04T11:43:20Z</time>
        <extensions>
          <gpxtpx:TrackPointExtension>
            <gpxtpx:hr>160</gpxtpx:hr>
          </gpxtpx:TrackPointExtension>
        </extensions>
      </trkpt>
      <trkpt lat="24.49197884805922" lon="117.67872831164483">
        <ele>7.199999809265137</ele>
        <time>2026-08-04T11:43:24Z</time>
        <extensions>
          <gpxtpx:TrackPointExtension>
            <gpxtpx:hr>161</gpxtpx:hr>
          </gpxtpx:TrackPointExtension>
        </extensions>
      </trkpt>
      <trkpt lat="24.491972637378105" lon="117.6788411062308">
        <ele>6.800000190734863</ele>
        <time>2026-08-04T11:43:28Z</time>
        <extensions>
          <gpxtpx:TrackPointExtension>
            <gpxtpx:hr>161</gpxtpx:hr>
          </gpxtpx:TrackPointExtension>
        </extensions>
      </trkpt>
      <trkpt lat="24.491968428970573" lon="117.67895290263928">
        <ele>6.800000190734863</ele>
        <time>2026-08-04T11:43:32Z</time>
        <extensions>
          <gpxtpx:TrackPointExtension>
            <gpxtpx:hr>160</gpxtpx:hr>
          </gpxtpx:TrackPointExtension>
        </extensions>
      </trkpt>
      <trkpt lat="24.491975214924317" lon="117.67906869114026">
        <ele>7.0</ele>
        <time>2026-08-04T11:43:36Z</time>
        <extensions>
          <gpxtpx:TrackPointExtension>
            <gpxtpx:hr>159</gpxtpx:hr>
          </gpxtpx:TrackPointExtension>
        </extensions>
      </trkpt>
      <trkpt lat="24.491986014576465" lon="117.67917749223244">
        <ele>6.800000190734863</ele>
        <time>2026-08-04T11:43:40Z</time>
        <extensions>
          <gpxtpx:TrackPointExtension>
            <gpxtpx:hr>159</gpxtpx:hr>
          </gpxtpx:TrackPointExtension>
        </extensions>
      </trkpt>
      <trkpt lat="24.492001818798435" lon="117.67928429674049">
        <ele>6.800000190734863</ele>
        <time>2026-08-04T11:43:44Z</time>
        <extensions>
          <gpxtpx:TrackPointExtension>
            <gpxtpx:hr>158</gpxtpx:hr>
          </gpxtpx:TrackPointExtension>
        </extensions>
      </trkpt>
      <trkpt lat="24.49201961787835" lon="117.67939409579682">
        <ele>6.599999904632568</ele>
        <time>2026-08-04T11:43:48Z</time>
        <extensions>
          <gpxtpx:TrackPointExtension>
            <gpxtpx:hr>158</gpxtpx:hr>
          </gpxtpx:TrackPointExtension>
        </extensions>
      </trkpt>
      <trkpt lat="24.492040419376057" lon="117.67950289659649">
        <ele>6.599999904632568</ele>
        <time>2026-08-04T11:43:52Z</time>
        <extensions>
          <gpxtpx:TrackPointExtension>
            <gpxtpx:hr>157</gpxtpx:hr>
          </gpxtpx:TrackPointExtension>
        </extensions>
      </trkpt>
      <trkpt lat="24.492070227891773" lon="117.67960870233705">
        <ele>6.599999904632568</ele>
        <time>2026-08-04T11:43:56Z</time>
        <extensions>
          <gpxtpx:TrackPointExtension>
            <gpxtpx:hr>157</gpxtpx:hr>
          </gpxtpx:TrackPointExtension>
        </extensions>
      </trkpt>
      <trkpt lat="24.492097034215707" lon="117.6797155066124">
        <ele>6.400000095367432</ele>
        <time>2026-08-04T11:44:00Z</time>
        <extensions>
          <gpxtpx:TrackPointExtension>
            <gpxtpx:hr>156</gpxtpx:hr>
          </gpxtpx:TrackPointExtension>
        </extensions>
      </trkpt>
      <trkpt lat="24.492143845514075" lon="117.67982131142212">
        <ele>6.199999809265137</ele>
        <time>2026-08-04T11:44:04Z</time>
        <extensions>
          <gpxtpx:TrackPointExtension>
            <gpxtpx:hr>157</gpxtpx:hr>
          </gpxtpx:TrackPointExtension>
        </extensions>
      </trkpt>
      <trkpt lat="24.492181655564448" lon="117.67992711700302">
        <ele>6.400000095367432</ele>
        <time>2026-08-04T11:44:08Z</time>
        <extensions>
          <gpxtpx:TrackPointExtension>
            <gpxtpx:hr>157</gpxtpx:hr>
          </gpxtpx:TrackPointExtension>
        </extensions>
      </trkpt>
      <trkpt lat="24.492226481536363" lon="117.68002493668168">
        <ele>6.400000095367432</ele>
        <time>2026-08-04T11:44:12Z</time>
        <extensions>
          <gpxtpx:TrackPointExtension>
            <gpxtpx:hr>157</gpxtpx:hr>
          </gpxtpx:TrackPointExtension>
        </extensions>
      </trkpt>
      <trkpt lat="24.492286319080662" lon="117.68011776444757">
        <ele>6.599999904632568</ele>
        <time>2026-08-04T11:44:16Z</time>
        <extensions>
          <gpxtpx:TrackPointExtension>
            <gpxtpx:hr>158</gpxtpx:hr>
          </gpxtpx:TrackPointExtension>
        </extensions>
      </trkpt>
      <trkpt lat="24.49234415825029" lon="117.68020959426583">
        <ele>6.599999904632568</ele>
        <time>2026-08-04T11:44:20Z</time>
        <extensions>
          <gpxtpx:TrackPointExtension>
            <gpxtpx:hr>158</gpxtpx:hr>
          </gpxtpx:TrackPointExtension>
        </extensions>
      </trkpt>
      <trkpt lat="24.49238898265367" lon="117.68030841248235">
        <ele>6.599999904632568</ele>
        <time>2026-08-04T11:44:24Z</time>
        <extensions>
          <gpxtpx:TrackPointExtension>
            <gpxtpx:hr>158</gpxtpx:hr>
          </gpxtpx:TrackPointExtension>
        </extensions>
      </trkpt>
      <trkpt lat="24.492433796111925" lon="117.68041322000782">
        <ele>6.599999904632568</ele>
        <time>2026-08-04T11:44:28Z</time>
        <extensions>
          <gpxtpx:TrackPointExtension>
            <gpxtpx:hr>158</gpxtpx:hr>
          </gpxtpx:TrackPointExtension>
        </extensions>
      </trkpt>
      <trkpt lat="24.492447599498295" lon="117.68052102445873">
        <ele>6.800000190734863</ele>
        <time>2026-08-04T11:44:32Z</time>
        <extensions>
          <gpxtpx:TrackPointExtension>
            <gpxtpx:hr>157</gpxtpx:hr>
          </gpxtpx:TrackPointExtension>
        </extensions>
      </trkpt>
      <trkpt lat="24.492433395114936" lon="117.68063082743598">
        <ele>6.800000190734863</ele>
        <time>2026-08-04T11:44:36Z</time>
        <extensions>
          <gpxtpx:TrackPointExtension>
            <gpxtpx:hr>157</gpxtpx:hr>
          </gpxtpx:TrackPointExtension>
        </extensions>
      </trkpt>
      <trkpt lat="24.492431190827553" lon="117.68074162792189">
        <ele>6.800000190734863</ele>
        <time>2026-08-04T11:44:40Z</time>
        <extensions>
          <gpxtpx:TrackPointExtension>
            <gpxtpx:hr>158</gpxtpx:hr>
          </gpxtpx:TrackPointExtension>
        </extensions>
      </trkpt>
      <trkpt lat="24.49244398892823" lon="117.68085242750641">
        <ele>7.0</ele>
        <time>2026-08-04T11:44:44Z</time>
        <extensions>
          <gpxtpx:TrackPointExtension>
            <gpxtpx:hr>157</gpxtpx:hr>
          </gpxtpx:TrackPointExtension>
        </extensions>
      </trkpt>
      <trkpt lat="24.49248780833838" lon="117.68095424121697">
        <ele>7.0</ele>
        <time>2026-08-04T11:44:48Z</time>
        <extensions>
          <gpxtpx:TrackPointExtension>
            <gpxtpx:hr>158</gpxtpx:hr>
          </gpxtpx:TrackPointExtension>
        </extensions>
      </trkpt>
      <trkpt lat="24.492549639734776" lon="117.6810510627609">
        <ele>6.800000190734863</ele>
        <time>2026-08-04T11:44:52Z</time>
        <extensions>
          <gpxtpx:TrackPointExtension>
            <gpxtpx:hr>159</gpxtpx:hr>
          </gpxtpx:TrackPointExtension>
        </extensions>
      </trkpt>
      <trkpt lat="24.492617492292222" lon="117.68113690372441">
        <ele>6.800000190734863</ele>
        <time>2026-08-04T11:44:56Z</time>
        <extensions>
          <gpxtpx:TrackPointExtension>
            <gpxtpx:hr>160</gpxtpx:hr>
          </gpxtpx:TrackPointExtension>
        </extensions>
      </trkpt>
      <trkpt lat="24.492704369764812" lon="117.68121076494432">
        <ele>6.800000190734863</ele>
        <time>2026-08-04T11:45:00Z</time>
        <extensions>
          <gpxtpx:TrackPointExtension>
            <gpxtpx:hr>161</gpxtpx:hr>
          </gpxtpx:TrackPointExtension>
        </extensions>
      </trkpt>
      <trkpt lat="24.492806328297075" lon="117.68124170219735">
        <ele>6.599999904632568</ele>
        <time>2026-08-04T11:45:04Z</time>
        <extensions>
          <gpxtpx:TrackPointExtension>
            <gpxtpx:hr>162</gpxtpx:hr>
          </gpxtpx:TrackPointExtension>
        </extensions>
      </trkpt>
      <trkpt lat="24.49291232222858" lon="117.6812536732128">
        <ele>6.599999904632568</ele>
        <time>2026-08-04T11:45:08Z</time>
        <extensions>
          <gpxtpx:TrackPointExtension>
            <gpxtpx:hr>162</gpxtpx:hr>
          </gpxtpx:TrackPointExtension>
        </extensions>
      </trkpt>
      <trkpt lat="24.493023294923567" lon="117.68127762238406">
        <ele>6.400000095367432</ele>
        <time>2026-08-04T11:45:12Z</time>
        <extensions>
          <gpxtpx:TrackPointExtension>
            <gpxtpx:hr>162</gpxtpx:hr>
          </gpxtpx:TrackPointExtension>
        </extensions>
      </trkpt>
      <trkpt lat="24.493116230127004" lon="117.68132053881409">
        <ele>6.599999904632568</ele>
        <time>2026-08-04T11:45:16Z</time>
        <extensions>
          <gpxtpx:TrackPointExtension>
            <gpxtpx:hr>161</gpxtpx:hr>
          </gpxtpx:TrackPointExtension>
        </extensions>
      </trkpt>
      <trkpt lat="24.49320515925214" lon="117.68136645018166">
        <ele>7.0</ele>
        <time>2026-08-04T11:45:20Z</time>
        <extensions>
          <gpxtpx:TrackPointExtension>
            <gpxtpx:hr>161</gpxtpx:hr>
          </gpxtpx:TrackPointExtension>
        </extensions>
      </trkpt>
      <trkpt lat="24.493299094630977" lon="117.68140936659172">
        <ele>7.199999809265137</ele>
        <time>2026-08-04T11:45:24Z</time>
        <extensions>
          <gpxtpx:TrackPointExtension>
            <gpxtpx:hr>160</gpxtpx:hr>
          </gpxtpx:TrackPointExtension>
        </extensions>
      </trkpt>
      <trkpt lat="24.493386030803958" lon="117.68145128530956">
        <ele>7.199999809265137</ele>
        <time>2026-08-04T11:45:28Z</time>
        <extensions>
          <gpxtpx:TrackPointExtension>
            <gpxtpx:hr>161</gpxtpx:hr>
          </gpxtpx:TrackPointExtension>
        </extensions>
      </trkpt>
      <trkpt lat="24.493480970014193" lon="117.68149220527387">
        <ele>7.0</ele>
        <time>2026-08-04T11:45:32Z</time>
        <extensions>
          <gpxtpx:TrackPointExtension>
            <gpxtpx:hr>161</gpxtpx:hr>
          </gpxtpx:TrackPointExtension>
        </extensions>
      </trkpt>
      <trkpt lat="24.493571906808207" lon="117.68153412375564">
        <ele>7.0</ele>
        <time>2026-08-04T11:45:36Z</time>
        <extensions>
          <gpxtpx:TrackPointExtension>
            <gpxtpx:hr>160</gpxtpx:hr>
          </gpxtpx:TrackPointExtension>
        </extensions>
      </trkpt>
      <trkpt lat="24.493667853500792" lon="117.68157105084295">
        <ele>7.0</ele>
        <time>2026-08-04T11:45:40Z</time>
        <extensions>
          <gpxtpx:TrackPointExtension>
            <gpxtpx:hr>159</gpxtpx:hr>
          </gpxtpx:TrackPointExtension>
        </extensions>
      </trkpt>
      <trkpt lat="24.493724030092864" lon="117.68147921135348">
        <ele>7.0</ele>
        <time>2026-08-04T11:45:44Z</time>
        <extensions>
          <gpxtpx:TrackPointExtension>
            <gpxtpx:hr>160</gpxtpx:hr>
          </gpxtpx:TrackPointExtension>
        </extensions>
      </trkpt>
      <trkpt lat="24.493724235023368" lon="117.68136741172732">
        <ele>6.599999904632568</ele>
        <time>2026-08-04T11:45:48Z</time>
        <extensions>
          <gpxtpx:TrackPointExtension>
            <gpxtpx:hr>160</gpxtpx:hr>
          </gpxtpx:TrackPointExtension>
        </extensions>
      </trkpt>
      <trkpt lat="24.493746434218206" lon="117.68126060175807">
        <ele>6.199999809265137</ele>
        <time>2026-08-04T11:45:52Z</time>
        <extensions>
          <gpxtpx:TrackPointExtension>
            <gpxtpx:hr>160</gpxtpx:hr>
          </gpxtpx:TrackPointExtension>
        </extensions>
      </trkpt>
      <trkpt lat="24.493787616214107" lon="117.6811647708802">
        <ele>6.0</ele>
        <time>2026-08-04T11:45:56Z</time>
        <extensions>
          <gpxtpx:TrackPointExtension>
            <gpxtpx:hr>160</gpxtpx:hr>
          </gpxtpx:TrackPointExtension>
        </extensions>
      </trkpt>
      <trkpt lat="24.493845766007542" lon="117.68108790484399">
        <ele>6.199999809265137</ele>
        <time>2026-08-04T11:46:00Z</time>
        <extensions>
          <gpxtpx:TrackPointExtension>
            <gpxtpx:hr>160</gpxtpx:hr>
          </gpxtpx:TrackPointExtension>
        </extensions>
      </trkpt>
      <trkpt lat="24.49392191304279" lon="117.68101403223064">
        <ele>6.199999809265137</ele>
        <time>2026-08-04T11:46:04Z</time>
        <extensions>
          <gpxtpx:TrackPointExtension>
            <gpxtpx:hr>159</gpxtpx:hr>
          </gpxtpx:TrackPointExtension>
        </extensions>
      </trkpt>
      <trkpt lat="24.493994039350923" lon="117.68095114022242">
        <ele>6.199999809265137</ele>
        <time>2026-08-04T11:46:08Z</time>
        <extensions>
          <gpxtpx:TrackPointExtension>
            <gpxtpx:hr>159</gpxtpx:hr>
          </gpxtpx:TrackPointExtension>
        </extensions>
      </trkpt>
      <trkpt lat="24.49408014024932" lon="117.68090322033672">
        <ele>6.199999809265137</ele>
        <time>2026-08-04T11:46:12Z</time>
        <extensions>
          <gpxtpx:TrackPointExtension>
            <gpxtpx:hr>158</gpxtpx:hr>
          </gpxtpx:TrackPointExtension>
        </extensions>
      </trkpt>
      <trkpt lat="24.49417522047443" lon="117.68086727828762">
        <ele>6.199999809265137</ele>
        <time>2026-08-04T11:46:16Z</time>
        <extensions>
          <gpxtpx:TrackPointExtension>
            <gpxtpx:hr>158</gpxtpx:hr>
          </gpxtpx:TrackPointExtension>
        </extensions>
      </trkpt>
      <trkpt lat="24.494284231184086" lon="117.68087026519886">
        <ele>6.400000095367432</ele>
        <time>2026-08-04T11:46:20Z</time>
        <extensions>
          <gpxtpx:TrackPointExtension>
            <gpxtpx:hr>158</gpxtpx:hr>
          </gpxtpx:TrackPointExtension>
        </extensions>
      </trkpt>
      <trkpt lat="24.494381199715328" lon="117.68089521344204">
        <ele>6.599999904632568</ele>
        <time>2026-08-04T11:46:24Z</time>
        <extensions>
          <gpxtpx:TrackPointExtension>
            <gpxtpx:hr>159</gpxtpx:hr>
          </gpxtpx:TrackPointExtension>
        </extensions>
      </trkpt>
      <trkpt lat="24.494488197259045" lon="117.68090518792391">
        <ele>6.599999904632568</ele>
        <time>2026-08-04T11:46:28Z</time>
        <extensions>
          <gpxtpx:TrackPointExtension>
            <gpxtpx:hr>159</gpxtpx:hr>
          </gpxtpx:TrackPointExtension>
        </extensions>
      </trkpt>
      <trkpt lat="24.494588210271672" lon="117.68090617906398">
        <ele>6.800000190734863</ele>
        <time>2026-08-04T11:46:32Z</time>
        <extensions>
          <gpxtpx:TrackPointExtension>
            <gpxtpx:hr>160</gpxtpx:hr>
          </gpxtpx:TrackPointExtension>
        </extensions>
      </trkpt>
      <trkpt lat="24.49468623582575" lon="117.68090018291679">
        <ele>6.599999904632568</ele>
        <time>2026-08-04T11:46:36Z</time>
        <extensions>
          <gpxtpx:TrackPointExtension>
            <gpxtpx:hr>160</gpxtpx:hr>
          </gpxtpx:TrackPointExtension>
        </extensions>
      </trkpt>
      <trkpt lat="24.494761276316662" lon="117.68088420635593">
        <ele>6.599999904632568</ele>
        <time>2026-08-04T11:46:40Z</time>
        <extensions>
          <gpxtpx:TrackPointExtension>
            <gpxtpx:hr>159</gpxtpx:hr>
          </gpxtpx:TrackPointExtension>
        </extensions>
      </trkpt>
      <trkpt lat="24.4948602854832" lon="117.68088719397403">
        <ele>6.400000095367432</ele>
        <time>2026-08-04T11:46:44Z</time>
        <extensions>
          <gpxtpx:TrackPointExtension>
            <gpxtpx:hr>159</gpxtpx:hr>
          </gpxtpx:TrackPointExtension>
        </extensions>
      </trkpt>
      <trkpt lat="24.494962324454658" lon="117.6808742101196">
        <ele>6.400000095367432</ele>
        <time>2026-08-04T11:46:48Z</time>
        <extensions>
          <gpxtpx:TrackPointExtension>
            <gpxtpx:hr>159</gpxtpx:hr>
          </gpxtpx:TrackPointExtension>
        </extensions>
      </trkpt>
      <trkpt lat="24.49506436158196" lon="117.68086222447087">
        <ele>6.400000095367432</ele>
        <time>2026-08-04T11:46:52Z</time>
        <extensions>
          <gpxtpx:TrackPointExtension>
            <gpxtpx:hr>159</gpxtpx:hr>
          </gpxtpx:TrackPointExtension>
        </extensions>
      </trkpt>
      <trkpt lat="24.49516840634042" lon="117.68084624586938">
        <ele>6.199999809265137</ele>
        <time>2026-08-04T11:46:56Z</time>
        <extensions>
          <gpxtpx:TrackPointExtension>
            <gpxtpx:hr>159</gpxtpx:hr>
          </gpxtpx:TrackPointExtension>
        </extensions>
      </trkpt>
      <trkpt lat="24.495267422810635" lon="117.68084524067257">
        <ele>6.199999809265137</ele>
        <time>2026-08-04T11:47:00Z</time>
        <extensions>
          <gpxtpx:TrackPointExtension>
            <gpxtpx:hr>160</gpxtpx:hr>
          </gpxtpx:TrackPointExtension>
        </extensions>
      </trkpt>
      <trkpt lat="24.495372447501616" lon="117.68084024223883">
        <ele>6.199999809265137</ele>
        <time>2026-08-04T11:47:04Z</time>
        <extensions>
          <gpxtpx:TrackPointExtension>
            <gpxtpx:hr>160</gpxtpx:hr>
          </gpxtpx:TrackPointExtension>
        </extensions>
      </trkpt>
      <trkpt lat="24.49547349179" lon="117.68082426385382">
        <ele>6.199999809265137</ele>
        <time>2026-08-04T11:47:08Z</time>
        <extensions>
          <gpxtpx:TrackPointExtension>
            <gpxtpx:hr>160</gpxtpx:hr>
          </gpxtpx:TrackPointExtension>
        </extensions>
      </trkpt>
      <trkpt lat="24.495577529168017" lon="117.68081227807163">
        <ele>6.199999809265137</ele>
        <time>2026-08-04T11:47:12Z</time>
        <extensions>
          <gpxtpx:TrackPointExtension>
            <gpxtpx:hr>160</gpxtpx:hr>
          </gpxtpx:TrackPointExtension>
        </extensions>
      </trkpt>
      <trkpt lat="24.49566953354947" lon="117.68081726258713">
        <ele>6.199999809265137</ele>
        <time>2026-08-04T11:47:16Z</time>
        <extensions>
          <gpxtpx:TrackPointExtension>
            <gpxtpx:hr>161</gpxtpx:hr>
          </gpxtpx:TrackPointExtension>
        </extensions>
      </trkpt>
      <trkpt lat="24.495761545268145" lon="117.68081825429101">
        <ele>6.199999809265137</ele>
        <time>2026-08-04T11:47:20Z</time>
        <extensions>
          <gpxtpx:TrackPointExtension>
            <gpxtpx:hr>160</gpxtpx:hr>
          </gpxtpx:TrackPointExtension>
        </extensions>
      </trkpt>
      <trkpt lat="24.495858566896267" lon="117.680814254627">
        <ele>6.199999809265137</ele>
        <time>2026-08-04T11:47:24Z</time>
        <extensions>
          <gpxtpx:TrackPointExtension>
            <gpxtpx:hr>160</gpxtpx:hr>
          </gpxtpx:TrackPointExtension>
        </extensions>
      </trkpt>
      <trkpt lat="24.49596358601944" lon="117.68081225080377">
        <ele>6.199999809265137</ele>
        <time>2026-08-04T11:47:28Z</time>
        <extensions>
          <gpxtpx:TrackPointExtension>
            <gpxtpx:hr>160</gpxtpx:hr>
          </gpxtpx:TrackPointExtension>
        </extensions>
      </trkpt>
      <trkpt lat="24.496067612330638" lon="117.68080625423991">
        <ele>6.199999809265137</ele>
        <time>2026-08-04T11:47:32Z</time>
        <extensions>
          <gpxtpx:TrackPointExtension>
            <gpxtpx:hr>159</gpxtpx:hr>
          </gpxtpx:TrackPointExtension>
        </extensions>
      </trkpt>
      <trkpt lat="24.496171649650943" lon="117.68079426846047">
        <ele>6.400000095367432</ele>
        <time>2026-08-04T11:47:36Z</time>
        <extensions>
          <gpxtpx:TrackPointExtension>
            <gpxtpx:hr>159</gpxtpx:hr>
          </gpxtpx:TrackPointExtension>
        </extensions>
      </trkpt>
      <trkpt lat="24.49627266448228" lon="117.68079426132553">
        <ele>6.400000095367432</ele>
        <time>2026-08-04T11:47:40Z</time>
        <extensions>
          <gpxtpx:TrackPointExtension>
            <gpxtpx:hr>158</gpxtpx:hr>
          </gpxtpx:TrackPointExtension>
        </extensions>
      </trkpt>
      <trkpt lat="24.496379685693633" lon="117.68079125915887">
        <ele>6.400000095367432</ele>
        <time>2026-08-04T11:47:44Z</time>
        <extensions>
          <gpxtpx:TrackPointExtension>
            <gpxtpx:hr>159</gpxtpx:hr>
          </gpxtpx:TrackPointExtension>
        </extensions>
      </trkpt>
      <trkpt lat="24.49648569756433" lon="117.68079324807586">
        <ele>6.199999809265137</ele>
        <time>2026-08-04T11:47:48Z</time>
        <extensions>
          <gpxtpx:TrackPointExtension>
            <gpxtpx:hr>159</gpxtpx:hr>
          </gpxtpx:TrackPointExtension>
        </extensions>
      </trkpt>
      <trkpt lat="24.49659473741321" lon="117.68078026374273">
        <ele>6.199999809265137</ele>
        <time>2026-08-04T11:47:52Z</time>
        <extensions>
          <gpxtpx:TrackPointExtension>
            <gpxtpx:hr>160</gpxtpx:hr>
          </gpxtpx:TrackPointExtension>
        </extensions>
      </trkpt>
      <trkpt lat="24.49669573934627" lon="117.68078724402517">
        <ele>6.199999809265137</ele>
        <time>2026-08-04T11:47:56Z</time>
        <extensions>
          <gpxtpx:TrackPointExtension>
            <gpxtpx:hr>160</gpxtpx:hr>
          </gpxtpx:TrackPointExtension>
        </extensions>
      </trkpt>
      <trkpt lat="24.496802716436683" lon="117.68080819872237">
        <ele>6.199999809265137</ele>
        <time>2026-08-04T11:48:00Z</time>
        <extensions>
          <gpxtpx:TrackPointExtension>
            <gpxtpx:hr>161</gpxtpx:hr>
          </gpxtpx:TrackPointExtension>
        </extensions>
      </trkpt>
      <trkpt lat="24.49690168867883" lon="117.68083115039651">
        <ele>6.199999809265137</ele>
        <time>2026-08-04T11:48:04Z</time>
        <extensions>
          <gpxtpx:TrackPointExtension>
            <gpxtpx:hr>161</gpxtpx:hr>
          </gpxtpx:TrackPointExtension>
        </extensions>
      </trkpt>
      <trkpt lat="24.496998691837305" lon="117.68083713276275">
        <ele>6.199999809265137</ele>
        <time>2026-08-04T11:48:08Z</time>
        <extensions>
          <gpxtpx:TrackPointExtension>
            <gpxtpx:hr>161</gpxtpx:hr>
          </gpxtpx:TrackPointExtension>
        </extensions>
      </trkpt>
      <trkpt lat="24.497095663775703" lon="117.68086008458663">
        <ele>6.199999809265137</ele>
        <time>2026-08-04T11:48:12Z</time>
        <extensions>
          <gpxtpx:TrackPointExtension>
            <gpxtpx:hr>161</gpxtpx:hr>
          </gpxtpx:TrackPointExtension>
        </extensions>
      </trkpt>
      <trkpt lat="24.49719959818614" lon="117.68090399820478">
        <ele>6.400000095367432</ele>
        <time>2026-08-04T11:48:16Z</time>
        <extensions>
          <gpxtpx:TrackPointExtension>
            <gpxtpx:hr>162</gpxtpx:hr>
          </gpxtpx:TrackPointExtension>
        </extensions>
      </trkpt>
      <trkpt lat="24.497282529544865" lon="117.6809479133315">
        <ele>6.400000095367432</ele>
        <time>2026-08-04T11:48:20Z</time>
        <extensions>
          <gpxtpx:TrackPointExtension>
            <gpxtpx:hr>163</gpxtpx:hr>
          </gpxtpx:TrackPointExtension>
        </extensions>
      </trkpt>
      <trkpt lat="24.497377475507854" lon="117.68098484019946">
        <ele>6.400000095367432</ele>
        <time>2026-08-04T11:48:24Z</time>
        <extensions>
          <gpxtpx:TrackPointExtension>
            <gpxtpx:hr>164</gpxtpx:hr>
          </gpxtpx:TrackPointExtension>
        </extensions>
      </trkpt>
      <trkpt lat="24.49749242805748" lon="117.68101976926103">
        <ele>6.400000095367432</ele>
        <time>2026-08-04T11:48:28Z</time>
        <extensions>
          <gpxtpx:TrackPointExtension>
            <gpxtpx:hr>164</gpxtpx:hr>
          </gpxtpx:TrackPointExtension>
        </extensions>
      </trkpt>
      <trkpt lat="24.497596395511344" lon="117.68104571526209">
        <ele>6.400000095367432</ele>
        <time>2026-08-04T11:48:32Z</time>
        <extensions>
          <gpxtpx:TrackPointExtension>
            <gpxtpx:hr>163</gpxtpx:hr>
          </gpxtpx:TrackPointExtension>
        </extensions>
      </trkpt>
      <trkpt lat="24.497704376379037" lon="117.681064673546">
        <ele>6.599999904632568</ele>
        <time>2026-08-04T11:48:36Z</time>
        <extensions>
          <gpxtpx:TrackPointExtension>
            <gpxtpx:hr>163</gpxtpx:hr>
          </gpxtpx:TrackPointExtension>
        </extensions>
      </trkpt>
      <trkpt lat="24.49780936780437" lon="117.68107764280848">
        <ele>6.599999904632568</ele>
        <time>2026-08-04T11:48:40Z</time>
        <extensions>
          <gpxtpx:TrackPointExtension>
            <gpxtpx:hr>163</gpxtpx:hr>
          </gpxtpx:TrackPointExtension>
        </extensions>
      </trkpt>
      <trkpt lat="24.497916348511083" lon="117.68109660117084">
        <ele>6.599999904632568</ele>
        <time>2026-08-04T11:48:44Z</time>
        <extensions>
          <gpxtpx:TrackPointExtension>
            <gpxtpx:hr>162</gpxtpx:hr>
          </gpxtpx:TrackPointExtension>
        </extensions>
      </trkpt>
      <trkpt lat="24.49801936712804" lon="117.6810945974806">
        <ele>6.800000190734863</ele>
        <time>2026-08-04T11:48:48Z</time>
        <extensions>
          <gpxtpx:TrackPointExtension>
            <gpxtpx:hr>163</gpxtpx:hr>
          </gpxtpx:TrackPointExtension>
        </extensions>
      </trkpt>
      <trkpt lat="24.498119372466444" lon="117.68109958144814">
        <ele>6.599999904632568</ele>
        <time>2026-08-04T11:48:52Z</time>
        <extensions>
          <gpxtpx:TrackPointExtension>
            <gpxtpx:hr>163</gpxtpx:hr>
          </gpxtpx:TrackPointExtension>
        </extensions>
      </trkpt>
      <trkpt lat="24.498212384114076" lon="117.68110057308402">
        <ele>7.199999809265137</ele>
        <time>2026-08-04T11:48:56Z</time>
        <extensions>
          <gpxtpx:TrackPointExtension>
            <gpxtpx:hr>163</gpxtpx:hr>
          </gpxtpx:TrackPointExtension>
        </extensions>
      </trkpt>
      <trkpt lat="24.498304435943027" lon="117.68107960424831">
        <ele>7.0</ele>
        <time>2026-08-04T11:49:00Z</time>
        <extensions>
          <gpxtpx:TrackPointExtension>
            <gpxtpx:hr>162</gpxtpx:hr>
          </gpxtpx:TrackPointExtension>
        </extensions>
      </trkpt>
      <trkpt lat="24.49841747797182" lon="117.68106562137734">
        <ele>7.199999809265137</ele>
        <time>2026-08-04T11:49:04Z</time>
        <extensions>
          <gpxtpx:TrackPointExtension>
            <gpxtpx:hr>162</gpxtpx:hr>
          </gpxtpx:TrackPointExtension>
        </extensions>
      </trkpt>
      <trkpt lat="24.498520522211898" lon="117.68104964280361">
        <ele>7.199999809265137</ele>
        <time>2026-08-04T11:49:08Z</time>
        <extensions>
          <gpxtpx:TrackPointExtension>
            <gpxtpx:hr>163</gpxtpx:hr>
          </gpxtpx:TrackPointExtension>
        </extensions>
      </trkpt>
      <trkpt lat="24.49862659072094" lon="117.68102068734812">
        <ele>7.400000095367432</ele>
        <time>2026-08-04T11:49:12Z</time>
        <extensions>
          <gpxtpx:TrackPointExtension>
            <gpxtpx:hr>163</gpxtpx:hr>
          </gpxtpx:TrackPointExtension>
        </extensions>
      </trkpt>
      <trkpt lat="24.4987286549816" lon="117.68099372859663">
        <ele>7.599999904632568</ele>
        <time>2026-08-04T11:49:16Z</time>
        <extensions>
          <gpxtpx:TrackPointExtension>
            <gpxtpx:hr>163</gpxtpx:hr>
          </gpxtpx:TrackPointExtension>
        </extensions>
      </trkpt>
      <trkpt lat="24.49882573503141" lon="117.68095778636494">
        <ele>7.800000190734863</ele>
        <time>2026-08-04T11:49:20Z</time>
        <extensions>
          <gpxtpx:TrackPointExtension>
            <gpxtpx:hr>163</gpxtpx:hr>
          </gpxtpx:TrackPointExtension>
        </extensions>
      </trkpt>
      <trkpt lat="24.498903645386083" lon="117.68101268213331">
        <ele>7.599999904632568</ele>
        <time>2026-08-04T11:49:24Z</time>
        <extensions>
          <gpxtpx:TrackPointExtension>
            <gpxtpx:hr>164</gpxtpx:hr>
          </gpxtpx:TrackPointExtension>
        </extensions>
      </trkpt>
      <trkpt lat="24.498914445272597" lon="117.6811224840332">
        <ele>7.400000095367432</ele>
        <time>2026-08-04T11:49:28Z</time>
        <extensions>
          <gpxtpx:TrackPointExtension>
            <gpxtpx:hr>164</gpxtpx:hr>
          </gpxtpx:TrackPointExtension>
        </extensions>
      </trkpt>
      <trkpt lat="24.498940249285354" lon="117.68123128682389">
        <ele>7.199999809265137</ele>
        <time>2026-08-04T11:49:32Z</time>
        <extensions>
          <gpxtpx:TrackPointExtension>
            <gpxtpx:hr>165</gpxtpx:hr>
          </gpxtpx:TrackPointExtension>
        </extensions>
      </trkpt>
      <trkpt lat="24.498962047358734" lon="117.68134308468366">
        <ele>7.199999809265137</ele>
        <time>2026-08-04T11:49:36Z</time>
        <extensions>
          <gpxtpx:TrackPointExtension>
            <gpxtpx:hr>166</gpxtpx:hr>
          </gpxtpx:TrackPointExtension>
        </extensions>
      </trkpt>
      <trkpt lat="24.498975838928434" lon="117.68145787790968">
        <ele>7.0</ele>
        <time>2026-08-04T11:49:40Z</time>
        <extensions>
          <gpxtpx:TrackPointExtension>
            <gpxtpx:hr>166</gpxtpx:hr>
          </gpxtpx:TrackPointExtension>
        </extensions>
      </trkpt>
      <trkpt lat="24.49899163458926" lon="117.681570674746">
        <ele>7.0</ele>
        <time>2026-08-04T11:49:44Z</time>
        <extensions>
          <gpxtpx:TrackPointExtension>
            <gpxtpx:hr>166</gpxtpx:hr>
          </gpxtpx:TrackPointExtension>
        </extensions>
      </trkpt>
      <trkpt lat="24.499005435584934" lon="117.6816804772529">
        <ele>7.0</ele>
        <time>2026-08-04T11:49:48Z</time>
        <extensions>
          <gpxtpx:TrackPointExtension>
            <gpxtpx:hr>166</gpxtpx:hr>
          </gpxtpx:TrackPointExtension>
        </extensions>
      </trkpt>
      <trkpt lat="24.49900924805504" lon="117.68178329312029">
        <ele>7.0</ele>
        <time>2026-08-04T11:49:52Z</time>
        <extensions>
          <gpxtpx:TrackPointExtension>
            <gpxtpx:hr>166</gpxtpx:hr>
          </gpxtpx:TrackPointExtension>
        </extensions>
      </trkpt>
      <trkpt lat="24.499010060213084" lon="117.68188610934479">
        <ele>7.0</ele>
        <time>2026-08-04T11:49:56Z</time>
        <extensions>
          <gpxtpx:TrackPointExtension>
            <gpxtpx:hr>165</gpxtpx:hr>
          </gpxtpx:TrackPointExtension>
        </extensions>
      </trkpt>
      <trkpt lat="24.499013869278034" lon="117.68199092194041">
        <ele>6.800000190734863</ele>
        <time>2026-08-04T11:50:00Z</time>
        <extensions>
          <gpxtpx:TrackPointExtension>
            <gpxtpx:hr>166</gpxtpx:hr>
          </gpxtpx:TrackPointExtension>
        </extensions>
      </trkpt>
      <trkpt lat="24.498999664942872" lon="117.6821017252814">
        <ele>6.800000190734863</ele>
        <time>2026-08-04T11:50:04Z</time>
        <extensions>
          <gpxtpx:TrackPointExtension>
            <gpxtpx:hr>165</gpxtpx:hr>
          </gpxtpx:TrackPointExtension>
        </extensions>
      </trkpt>
      <trkpt lat="24.498989446761225" lon="117.68222051428552">
        <ele>6.800000190734863</ele>
        <time>2026-08-04T11:50:08Z</time>
        <extensions>
          <gpxtpx:TrackPointExtension>
            <gpxtpx:hr>166</gpxtpx:hr>
          </gpxtpx:TrackPointExtension>
        </extensions>
      </trkpt>
      <trkpt lat="24.498981241768135" lon="117.68233231578287">
        <ele>6.400000095367432</ele>
        <time>2026-08-04T11:50:12Z</time>
        <extensions>
          <gpxtpx:TrackPointExtension>
            <gpxtpx:hr>165</gpxtpx:hr>
          </gpxtpx:TrackPointExtension>
        </extensions>
      </trkpt>
      <trkpt lat="24.498968027111555" lon="117.6824491089358">
        <ele>6.599999904632568</ele>
        <time>2026-08-04T11:50:16Z</time>
        <extensions>
          <gpxtpx:TrackPointExtension>
            <gpxtpx:hr>164</gpxtpx:hr>
          </gpxtpx:TrackPointExtension>
        </extensions>
      </trkpt>
      <trkpt lat="24.498928819767325" lon="117.68255991476084">
        <ele>6.599999904632568</ele>
        <time>2026-08-04T11:50:20Z</time>
        <extensions>
          <gpxtpx:TrackPointExtension>
            <gpxtpx:hr>163</gpxtpx:hr>
          </gpxtpx:TrackPointExtension>
        </extensions>
      </trkpt>
      <trkpt lat="24.49890261625893" lon="117.68266972161516">
        <ele>6.599999904632568</ele>
        <time>2026-08-04T11:50:24Z</time>
        <extensions>
          <gpxtpx:TrackPointExtension>
            <gpxtpx:hr>162</gpxtpx:hr>
          </gpxtpx:TrackPointExtension>
        </extensions>
      </trkpt>
      <trkpt lat="24.49889040584476" lon="117.68278451880333">
        <ele>6.599999904632568</ele>
        <time>2026-08-04T11:50:28Z</time>
        <extensions>
          <gpxtpx:TrackPointExtension>
            <gpxtpx:hr>161</gpxtpx:hr>
          </gpxtpx:TrackPointExtension>
        </extensions>
      </trkpt>
      <trkpt lat="24.498870208936918" lon="117.68289133089661">
        <ele>6.599999904632568</ele>
        <time>2026-08-04T11:50:32Z</time>
        <extensions>
          <gpxtpx:TrackPointExtension>
            <gpxtpx:hr>161</gpxtpx:hr>
          </gpxtpx:TrackPointExtension>
        </extensions>
      </trkpt>
      <trkpt lat="24.498863023100427" lon="117.68299315107305">
        <ele>6.599999904632568</ele>
        <time>2026-08-04T11:50:36Z</time>
        <extensions>
          <gpxtpx:TrackPointExtension>
            <gpxtpx:hr>162</gpxtpx:hr>
          </gpxtpx:TrackPointExtension>
        </extensions>
      </trkpt>
      <trkpt lat="24.49886082182172" lon="117.6831039551588">
        <ele>6.599999904632568</ele>
        <time>2026-08-04T11:50:40Z</time>
        <extensions>
          <gpxtpx:TrackPointExtension>
            <gpxtpx:hr>162</gpxtpx:hr>
          </gpxtpx:TrackPointExtension>
        </extensions>
      </trkpt>
      <trkpt lat="24.498861626553648" lon="117.68321176450559">
        <ele>6.800000190734863</ele>
        <time>2026-08-04T11:50:44Z</time>
        <extensions>
          <gpxtpx:TrackPointExtension>
            <gpxtpx:hr>162</gpxtpx:hr>
          </gpxtpx:TrackPointExtension>
        </extensions>
      </trkpt>
      <trkpt lat="24.498873429402412" lon="117.68332156972319">
        <ele>7.0</ele>
        <time>2026-08-04T11:50:48Z</time>
        <extensions>
          <gpxtpx:TrackPointExtension>
            <gpxtpx:hr>162</gpxtpx:hr>
          </gpxtpx:TrackPointExtension>
        </extensions>
      </trkpt>
      <trkpt lat="24.498881220989436" lon="117.68343736484074">
        <ele>7.0</ele>
        <time>2026-08-04T11:50:52Z</time>
        <extensions>
          <gpxtpx:TrackPointExtension>
            <gpxtpx:hr>162</gpxtpx:hr>
          </gpxtpx:TrackPointExtension>
        </extensions>
      </trkpt>
      <trkpt lat="24.49890002515884" lon="117.6835471699352">
        <ele>7.0</ele>
        <time>2026-08-04T11:50:56Z</time>
        <extensions>
          <gpxtpx:TrackPointExtension>
            <gpxtpx:hr>162</gpxtpx:hr>
          </gpxtpx:TrackPointExtension>
        </extensions>
      </trkpt>
      <trkpt lat="24.498926827028374" lon="117.68365897113233">
        <ele>6.800000190734863</ele>
        <time>2026-08-04T11:51:00Z</time>
        <extensions>
          <gpxtpx:TrackPointExtension>
            <gpxtpx:hr>163</gpxtpx:hr>
          </gpxtpx:TrackPointExtension>
        </extensions>
      </trkpt>
      <trkpt lat="24.498966638137794" lon="117.68376677862257">
        <ele>6.599999904632568</ele>
        <time>2026-08-04T11:51:04Z</time>
        <extensions>
          <gpxtpx:TrackPointExtension>
            <gpxtpx:hr>163</gpxtpx:hr>
          </gpxtpx:TrackPointExtension>
        </extensions>
      </trkpt>
      <trkpt lat="24.499016456237243" lon="117.68387159084533">
        <ele>6.599999904632568</ele>
        <time>2026-08-04T11:51:08Z</time>
        <extensions>
          <gpxtpx:TrackPointExtension>
            <gpxtpx:hr>163</gpxtpx:hr>
          </gpxtpx:TrackPointExtension>
        </extensions>
      </trkpt>
      <trkpt lat="24.499063272244996" lon="117.68397740169695">
        <ele>6.400000095367432</ele>
        <time>2026-08-04T11:51:12Z</time>
        <extensions>
          <gpxtpx:TrackPointExtension>
            <gpxtpx:hr>163</gpxtpx:hr>
          </gpxtpx:TrackPointExtension>
        </extensions>
      </trkpt>
      <trkpt lat="24.499121100766313" lon="117.68407722244805">
        <ele>6.599999904632568</ele>
        <time>2026-08-04T11:51:16Z</time>
        <extensions>
          <gpxtpx:TrackPointExtension>
            <gpxtpx:hr>163</gpxtpx:hr>
          </gpxtpx:TrackPointExtension>
        </extensions>
      </trkpt>
      <trkpt lat="24.499176950684177" lon="117.68416506448645">
        <ele>6.800000190734863</ele>
        <time>2026-08-04T11:51:20Z</time>
        <extensions>
          <gpxtpx:TrackPointExtension>
            <gpxtpx:hr>162</gpxtpx:hr>
          </gpxtpx:TrackPointExtension>
        </extensions>
      </trkpt>
      <trkpt lat="24.499237815783374" lon="117.6842449202761">
        <ele>6.800000190734863</ele>
        <time>2026-08-04T11:51:24Z</time>
        <extensions>
          <gpxtpx:TrackPointExtension>
            <gpxtpx:hr>162</gpxtpx:hr>
          </gpxtpx:TrackPointExtension>
        </extensions>
      </trkpt>
      <trkpt lat="24.499292669333634" lon="117.68433076610916">
        <ele>6.800000190734863</ele>
        <time>2026-08-04T11:51:28Z</time>
        <extensions>
          <gpxtpx:TrackPointExtension>
            <gpxtpx:hr>162</gpxtpx:hr>
          </gpxtpx:TrackPointExtension>
        </extensions>
      </trkpt>
      <trkpt lat="24.499366529297138" lon="117.68441461420565">
        <ele>6.800000190734863</ele>
        <time>2026-08-04T11:51:32Z</time>
        <extensions>
          <gpxtpx:TrackPointExtension>
            <gpxtpx:hr>162</gpxtpx:hr>
          </gpxtpx:TrackPointExtension>
        </extensions>
      </trkpt>
      <trkpt lat="24.49944840483601" lon="117.68449047580091">
        <ele>6.599999904632568</ele>
        <time>2026-08-04T11:51:36Z</time>
        <extensions>
          <gpxtpx:TrackPointExtension>
            <gpxtpx:hr>162</gpxtpx:hr>
          </gpxtpx:TrackPointExtension>
        </extensions>
      </trkpt>
      <trkpt lat="24.499532277150152" lon="117.68456833386001">
        <ele>6.400000095367432</ele>
        <time>2026-08-04T11:51:40Z</time>
        <extensions>
          <gpxtpx:TrackPointExtension>
            <gpxtpx:hr>162</gpxtpx:hr>
          </gpxtpx:TrackPointExtension>
        </extensions>
      </trkpt>
      <trkpt lat="24.49961517087799" lon="117.68463421298847">
        <ele>6.599999904632568</ele>
        <time>2026-08-04T11:51:44Z</time>
        <extensions>
          <gpxtpx:TrackPointExtension>
            <gpxtpx:hr>163</gpxtpx:hr>
          </gpxtpx:TrackPointExtension>
        </extensions>
      </trkpt>
      <trkpt lat="24.499693042468294" lon="117.68471207165028">
        <ele>6.800000190734863</ele>
        <time>2026-08-04T11:51:48Z</time>
        <extensions>
          <gpxtpx:TrackPointExtension>
            <gpxtpx:hr>164</gpxtpx:hr>
          </gpxtpx:TrackPointExtension>
        </extensions>
      </trkpt>
      <trkpt lat="24.499768922789123" lon="117.68478493924815">
        <ele>7.0</ele>
        <time>2026-08-04T11:51:52Z</time>
        <extensions>
          <gpxtpx:TrackPointExtension>
            <gpxtpx:hr>164</gpxtpx:hr>
          </gpxtpx:TrackPointExtension>
        </extensions>
      </trkpt>
      <trkpt lat="24.499839800672618" lon="117.68485880554668">
        <ele>7.0</ele>
        <time>2026-08-04T11:51:56Z</time>
        <extensions>
          <gpxtpx:TrackPointExtension>
            <gpxtpx:hr>164</gpxtpx:hr>
          </gpxtpx:TrackPointExtension>
        </extensions>
      </trkpt>
      <trkpt lat="24.499909646331975" lon="117.68495064073815">
        <ele>7.400000095367432</ele>
        <time>2026-08-04T11:52:00Z</time>
        <extensions>
          <gpxtpx:TrackPointExtension>
            <gpxtpx:hr>163</gpxtpx:hr>
          </gpxtpx:TrackPointExtension>
        </extensions>
      </trkpt>
      <trkpt lat="24.499959469606843" lon="117.68505345839291">
        <ele>8.0</ele>
        <time>2026-08-04T11:52:04Z</time>
        <extensions>
          <gpxtpx:TrackPointExtension>
            <gpxtpx:hr>163</gpxtpx:hr>
          </gpxtpx:TrackPointExtension>
        </extensions>
      </trkpt>
      <trkpt lat="24.500003304648626" lon="117.68514928877941">
        <ele>8.399999618530273</ele>
        <time>2026-08-04T11:52:08Z</time>
        <extensions>
          <gpxtpx:TrackPointExtension>
            <gpxtpx:hr>164</gpxtpx:hr>
          </gpxtpx:TrackPointExtension>
        </extensions>
      </trkpt>
      <trkpt lat="24.50004413760441" lon="117.68524611779664">
        <ele>8.199999809265137</ele>
        <time>2026-08-04T11:52:12Z</time>
        <extensions>
          <gpxtpx:TrackPointExtension>
            <gpxtpx:hr>165</gpxtpx:hr>
          </gpxtpx:TrackPointExtension>
        </extensions>
      </trkpt>
      <trkpt lat="24.500092954028506" lon="117.68535292909911">
        <ele>8.399999618530273</ele>
        <time>2026-08-04T11:52:16Z</time>
        <extensions>
          <gpxtpx:TrackPointExtension>
            <gpxtpx:hr>166</gpxtpx:hr>
          </gpxtpx:TrackPointExtension>
        </extensions>
      </trkpt>
      <trkpt lat="24.500132779996648" lon="117.68545375159825">
        <ele>8.199999809265137</ele>
        <time>2026-08-04T11:52:20Z</time>
        <extensions>
          <gpxtpx:TrackPointExtension>
            <gpxtpx:hr>166</gpxtpx:hr>
          </gpxtpx:TrackPointExtension>
        </extensions>
      </trkpt>
      <trkpt lat="24.500172604328633" lon="117.68555557253961">
        <ele>8.199999809265137</ele>
        <time>2026-08-04T11:52:24Z</time>
        <extensions>
          <gpxtpx:TrackPointExtension>
            <gpxtpx:hr>166</gpxtpx:hr>
          </gpxtpx:TrackPointExtension>
        </extensions>
      </trkpt>
      <trkpt lat="24.50019239930553" lon="117.68567236919289">
        <ele>7.599999904632568</ele>
        <time>2026-08-04T11:52:28Z</time>
        <extensions>
          <gpxtpx:TrackPointExtension>
            <gpxtpx:hr>166</gpxtpx:hr>
          </gpxtpx:TrackPointExtension>
        </extensions>
      </trkpt>
      <trkpt lat="24.50021218560486" lon="117.68579415746089">
        <ele>7.199999809265137</ele>
        <time>2026-08-04T11:52:32Z</time>
        <extensions>
          <gpxtpx:TrackPointExtension>
            <gpxtpx:hr>167</gpxtpx:hr>
          </gpxtpx:TrackPointExtension>
        </extensions>
      </trkpt>
      <trkpt lat="24.500234981407427" lon="117.68591095437192">
        <ele>6.800000190734863</ele>
        <time>2026-08-04T11:52:36Z</time>
        <extensions>
          <gpxtpx:TrackPointExtension>
            <gpxtpx:hr>167</gpxtpx:hr>
          </gpxtpx:TrackPointExtension>
        </extensions>
      </trkpt>
      <trkpt lat="24.50024777243503" lon="117.68602974878438">
        <ele>6.599999904632568</ele>
        <time>2026-08-04T11:52:40Z</time>
        <extensions>
          <gpxtpx:TrackPointExtension>
            <gpxtpx:hr>166</gpxtpx:hr>
          </gpxtpx:TrackPointExtension>
        </extensions>
      </trkpt>
      <trkpt lat="24.500246554589722" lon="117.68615253756111">
        <ele>6.400000095367432</ele>
        <time>2026-08-04T11:52:44Z</time>
        <extensions>
          <gpxtpx:TrackPointExtension>
            <gpxtpx:hr>166</gpxtpx:hr>
          </gpxtpx:TrackPointExtension>
        </extensions>
      </trkpt>
      <trkpt lat="24.500247335482687" lon="117.68627632474099">
        <ele>6.400000095367432</ele>
        <time>2026-08-04T11:52:48Z</time>
        <extensions>
          <gpxtpx:TrackPointExtension>
            <gpxtpx:hr>166</gpxtpx:hr>
          </gpxtpx:TrackPointExtension>
        </extensions>
      </trkpt>
      <trkpt lat="24.500237132683058" lon="117.68639013008993">
        <ele>6.400000095367432</ele>
        <time>2026-08-04T11:52:52Z</time>
        <extensions>
          <gpxtpx:TrackPointExtension>
            <gpxtpx:hr>166</gpxtpx:hr>
          </gpxtpx:TrackPointExtension>
        </extensions>
      </trkpt>
      <trkpt lat="24.50023192373348" lon="117.68650792846765">
        <ele>6.400000095367432</ele>
        <time>2026-08-04T11:52:56Z</time>
        <extensions>
          <gpxtpx:TrackPointExtension>
            <gpxtpx:hr>165</gpxtpx:hr>
          </gpxtpx:TrackPointExtension>
        </extensions>
      </trkpt>
      <trkpt lat="24.500257717658194" lon="117.68662672318632">
        <ele>6.400000095367432</ele>
        <time>2026-08-04T11:53:00Z</time>
        <extensions>
          <gpxtpx:TrackPointExtension>
            <gpxtpx:hr>165</gpxtpx:hr>
          </gpxtpx:TrackPointExtension>
        </extensions>
      </trkpt>
      <trkpt lat="24.500305523737552" lon="117.68674052512904">
        <ele>6.400000095367432</ele>
        <time>2026-08-04T11:53:04Z</time>
        <extensions>
          <gpxtpx:TrackPointExtension>
            <gpxtpx:hr>165</gpxtpx:hr>
          </gpxtpx:TrackPointExtension>
        </extensions>
      </trkpt>
      <trkpt lat="24.50036737070238" lon="117.68683236381416">
        <ele>6.199999809265137</ele>
        <time>2026-08-04T11:53:08Z</time>
        <extensions>
          <gpxtpx:TrackPointExtension>
            <gpxtpx:hr>165</gpxtpx:hr>
          </gpxtpx:TrackPointExtension>
        </extensions>
      </trkpt>
      <trkpt lat="24.50044124762701" lon="117.6869082290549">
        <ele>6.199999809265137</ele>
        <time>2026-08-04T11:53:12Z</time>
        <extensions>
          <gpxtpx:TrackPointExtension>
            <gpxtpx:hr>164</gpxtpx:hr>
          </gpxtpx:TrackPointExtension>
        </extensions>
      </trkpt>
      <trkpt lat="24.50053417653731" lon="117.68695614072348">
        <ele>6.199999809265137</ele>
        <time>2026-08-04T11:53:16Z</time>
        <extensions>
          <gpxtpx:TrackPointExtension>
            <gpxtpx:hr>164</gpxtpx:hr>
          </gpxtpx:TrackPointExtension>
        </extensions>
      </trkpt>
      <trkpt lat="24.500618097165482" lon="117.68700804626214">
        <ele>6.400000095367432</ele>
        <time>2026-08-04T11:53:20Z</time>
        <extensions>
          <gpxtpx:TrackPointExtension>
            <gpxtpx:hr>163</gpxtpx:hr>
          </gpxtpx:TrackPointExtension>
        </extensions>
      </trkpt>
      <trkpt lat="24.500708997759446" lon="117.6870719309441">
        <ele>6.599999904632568</ele>
        <time>2026-08-04T11:53:24Z</time>
        <extensions>
          <gpxtpx:TrackPointExtension>
            <gpxtpx:hr>162</gpxtpx:hr>
          </gpxtpx:TrackPointExtension>
        </extensions>
      </trkpt>
      <trkpt lat="24.50077286298608" lon="117.68715378702042">
        <ele>6.599999904632568</ele>
        <time>2026-08-04T11:53:28Z</time>
        <extensions>
          <gpxtpx:TrackPointExtension>
            <gpxtpx:hr>163</gpxtpx:hr>
          </gpxtpx:TrackPointExtension>
        </extensions>
      </trkpt>
      <trkpt lat="24.500827669193416" lon="117.687268587838">
        <ele>6.599999904632568</ele>
        <time>2026-08-04T11:53:32Z</time>
        <extensions>
          <gpxtpx:TrackPointExtension>
            <gpxtpx:hr>163</gpxtpx:hr>
          </gpxtpx:TrackPointExtension>
        </extensions>
      </trkpt>
      <trkpt lat="24.50083648305873" lon="117.68737540570928">
        <ele>6.599999904632568</ele>
        <time>2026-08-04T11:53:36Z</time>
        <extensions>
          <gpxtpx:TrackPointExtension>
            <gpxtpx:hr>163</gpxtpx:hr>
          </gpxtpx:TrackPointExtension>
        </extensions>
      </trkpt>
      <trkpt lat="24.500827282294736" lon="117.6874892132086">
        <ele>6.599999904632568</ele>
        <time>2026-08-04T11:53:40Z</time>
        <extensions>
          <gpxtpx:TrackPointExtension>
            <gpxtpx:hr>159</gpxtpx:hr>
          </gpxtpx:TrackPointExtension>
        </extensions>
      </trkpt>
      <trkpt lat="24.500817081589314" lon="117.68760302101482">
        <ele>6.599999904632568</ele>
        <time>2026-08-04T11:53:44Z</time>
        <extensions>
          <gpxtpx:TrackPointExtension>
            <gpxtpx:hr>158</gpxtpx:hr>
          </gpxtpx:TrackPointExtension>
        </extensions>
      </trkpt>
      <trkpt lat="24.50080886915301" lon="117.68772381709437">
        <ele>6.400000095367432</ele>
        <time>2026-08-04T11:53:48Z</time>
        <extensions>
          <gpxtpx:TrackPointExtension>
            <gpxtpx:hr>158</gpxtpx:hr>
          </gpxtpx:TrackPointExtension>
        </extensions>
      </trkpt>
      <trkpt lat="24.50079466655201" lon="117.68783862398729">
        <ele>6.400000095367432</ele>
        <time>2026-08-04T11:53:52Z</time>
        <extensions>
          <gpxtpx:TrackPointExtension>
            <gpxtpx:hr>164</gpxtpx:hr>
          </gpxtpx:TrackPointExtension>
        </extensions>
      </trkpt>
      <trkpt lat="24.500789463698492" lon="117.68795442880264">
        <ele>6.400000095367432</ele>
        <time>2026-08-04T11:53:56Z</time>
        <extensions>
          <gpxtpx:TrackPointExtension>
            <gpxtpx:hr>165</gpxtpx:hr>
          </gpxtpx:TrackPointExtension>
        </extensions>
      </trkpt>
      <trkpt lat="24.500781267589808" lon="117.68806624080952">
        <ele>6.199999809265137</ele>
        <time>2026-08-04T11:54:00Z</time>
        <extensions>
          <gpxtpx:TrackPointExtension>
            <gpxtpx:hr>166</gpxtpx:hr>
          </gpxtpx:TrackPointExtension>
        </extensions>
      </trkpt>
      <trkpt lat="24.50077705313132" lon="117.68818903428317">
        <ele>6.400000095367432</ele>
        <time>2026-08-04T11:54:04Z</time>
        <extensions>
          <gpxtpx:TrackPointExtension>
            <gpxtpx:hr>165</gpxtpx:hr>
          </gpxtpx:TrackPointExtension>
        </extensions>
      </trkpt>
      <trkpt lat="24.50077384079265" lon="117.68831082964701">
        <ele>6.400000095367432</ele>
        <time>2026-08-04T11:54:08Z</time>
        <extensions>
          <gpxtpx:TrackPointExtension>
            <gpxtpx:hr>165</gpxtpx:hr>
          </gpxtpx:TrackPointExtension>
        </extensions>
      </trkpt>
      <trkpt lat="24.500769630284402" lon="117.68843162703706">
        <ele>6.599999904632568</ele>
        <time>2026-08-04T11:54:12Z</time>
        <extensions>
          <gpxtpx:TrackPointExtension>
            <gpxtpx:hr>165</gpxtpx:hr>
          </gpxtpx:TrackPointExtension>
        </extensions>
      </trkpt>
      <trkpt lat="24.50075242682152" lon="117.68854743399075">
        <ele>6.599999904632568</ele>
        <time>2026-08-04T11:54:16Z</time>
        <extensions>
          <gpxtpx:TrackPointExtension>
            <gpxtpx:hr>164</gpxtpx:hr>
          </gpxtpx:TrackPointExtension>
        </extensions>
      </trkpt>
      <trkpt lat="24.500755235076785" lon="117.688658248141">
        <ele>6.599999904632568</ele>
        <time>2026-08-04T11:54:20Z</time>
        <extensions>
          <gpxtpx:TrackPointExtension>
            <gpxtpx:hr>164</gpxtpx:hr>
          </gpxtpx:TrackPointExtension>
        </extensions>
      </trkpt>
      <trkpt lat="24.500734040114352" lon="117.68876906422462">
        <ele>6.599999904632568</ele>
        <time>2026-08-04T11:54:24Z</time>
        <extensions>
          <gpxtpx:TrackPointExtension>
            <gpxtpx:hr>164</gpxtpx:hr>
          </gpxtpx:TrackPointExtension>
        </extensions>
      </trkpt>
      <trkpt lat="24.500696846527088" lon="117.68887788501081">
        <ele>6.599999904632568</ele>
        <time>2026-08-04T11:54:28Z</time>
        <extensions>
          <gpxtpx:TrackPointExtension>
            <gpxtpx:hr>164</gpxtpx:hr>
          </gpxtpx:TrackPointExtension>
        </extensions>
      </trkpt>
      <trkpt lat="24.500620701057354" lon="117.6889557604113">
        <ele>6.400000095367432</ele>
        <time>2026-08-04T11:54:32Z</time>
        <extensions>
          <gpxtpx:TrackPointExtension>
            <gpxtpx:hr>165</gpxtpx:hr>
          </gpxtpx:TrackPointExtension>
        </extensions>
      </trkpt>
      <trkpt lat="24.500529601827058" lon="117.68900568359412">
        <ele>6.599999904632568</ele>
        <time>2026-08-04T11:54:36Z</time>
        <extensions>
          <gpxtpx:TrackPointExtension>
            <gpxtpx:hr>164</gpxtpx:hr>
          </gpxtpx:TrackPointExtension>
        </extensions>
      </trkpt>
      <trkpt lat="24.500423531520795" lon="117.68903763783675">
        <ele>6.400000095367432</ele>
        <time>2026-08-04T11:54:40Z</time>
        <extensions>
          <gpxtpx:TrackPointExtension>
            <gpxtpx:hr>165</gpxtpx:hr>
          </gpxtpx:TrackPointExtension>
        </extensions>
      </trkpt>
      <trkpt lat="24.50033246508677" lon="117.68906859270108">
        <ele>6.599999904632568</ele>
        <time>2026-08-04T11:54:44Z</time>
        <extensions>
          <gpxtpx:TrackPointExtension>
            <gpxtpx:hr>165</gpxtpx:hr>
          </gpxtpx:TrackPointExtension>
        </extensions>
      </trkpt>
      <trkpt lat="24.50023140067763" lon="117.68909755161756">
        <ele>6.400000095367432</ele>
        <time>2026-08-04T11:54:48Z</time>
        <extensions>
          <gpxtpx:TrackPointExtension>
            <gpxtpx:hr>165</gpxtpx:hr>
          </gpxtpx:TrackPointExtension>
        </extensions>
      </trkpt>
      <trkpt lat="24.500131348474607" lon="117.68911952211637">
        <ele>6.199999809265137</ele>
        <time>2026-08-04T11:54:52Z</time>
        <extensions>
          <gpxtpx:TrackPointExtension>
            <gpxtpx:hr>163</gpxtpx:hr>
          </gpxtpx:TrackPointExtension>
        </extensions>
      </trkpt>
      <trkpt lat="24.500030342637984" lon="117.68911453757724">
        <ele>6.400000095367432</ele>
        <time>2026-08-04T11:54:56Z</time>
        <extensions>
          <gpxtpx:TrackPointExtension>
            <gpxtpx:hr>163</gpxtpx:hr>
          </gpxtpx:TrackPointExtension>
        </extensions>
      </trkpt>
      <trkpt lat="24.499923334209566" lon="117.68911055180055">
        <ele>6.400000095367432</ele>
        <time>2026-08-04T11:55:00Z</time>
        <extensions>
          <gpxtpx:TrackPointExtension>
            <gpxtpx:hr>163</gpxtpx:hr>
          </gpxtpx:TrackPointExtension>
        </extensions>
      </trkpt>
      <trkpt lat="24.4998303639634" lon="117.6890855999544">
        <ele>6.599999904632568</ele>
        <time>2026-08-04T11:55:04Z</time>
        <extensions>
          <gpxtpx:TrackPointExtension>
            <gpxtpx:hr>162</gpxtpx:hr>
          </gpxtpx:TrackPointExtension>
        </extensions>
      </trkpt>
      <trkpt lat="24.499738399033944" lon="117.68905765304035">
        <ele>6.800000190734863</ele>
        <time>2026-08-04T11:55:08Z</time>
        <extensions>
          <gpxtpx:TrackPointExtension>
            <gpxtpx:hr>162</gpxtpx:hr>
          </gpxtpx:TrackPointExtension>
        </extensions>
      </trkpt>
      <trkpt lat="24.499632433824452" lon="117.68902870879643">
        <ele>6.800000190734863</ele>
        <time>2026-08-04T11:55:12Z</time>
        <extensions>
          <gpxtpx:TrackPointExtension>
            <gpxtpx:hr>163</gpxtpx:hr>
          </gpxtpx:TrackPointExtension>
        </extensions>
      </trkpt>
      <trkpt lat="24.49953547853448" lon="117.6889947722558">
        <ele>7.0</ele>
        <time>2026-08-04T11:55:16Z</time>
        <extensions>
          <gpxtpx:TrackPointExtension>
            <gpxtpx:hr>163</gpxtpx:hr>
          </gpxtpx:TrackPointExtension>
        </extensions>
      </trkpt>
      <trkpt lat="24.499434515778137" lon="117.68896482935854">
        <ele>7.0</ele>
        <time>2026-08-04T11:55:20Z</time>
        <extensions>
          <gpxtpx:TrackPointExtension>
            <gpxtpx:hr>164</gpxtpx:hr>
          </gpxtpx:TrackPointExtension>
        </extensions>
      </trkpt>
      <trkpt lat="24.499328505716083" lon="117.68896184185675">
        <ele>7.0</ele>
        <time>2026-08-04T11:55:24Z</time>
        <extensions>
          <gpxtpx:TrackPointExtension>
            <gpxtpx:hr>166</gpxtpx:hr>
          </gpxtpx:TrackPointExtension>
        </extensions>
      </trkpt>
      <trkpt lat="24.499226456538075" lon="117.68898181576925">
        <ele>7.0</ele>
        <time>2026-08-04T11:55:28Z</time>
        <extensions>
          <gpxtpx:TrackPointExtension>
            <gpxtpx:hr>166</gpxtpx:hr>
          </gpxtpx:TrackPointExtension>
        </extensions>
      </trkpt>
      <trkpt lat="24.49912541439964" lon="117.68899779627779">
        <ele>7.0</ele>
        <time>2026-08-04T11:55:32Z</time>
        <extensions>
          <gpxtpx:TrackPointExtension>
            <gpxtpx:hr>167</gpxtpx:hr>
          </gpxtpx:TrackPointExtension>
        </extensions>
      </trkpt>
      <trkpt lat="24.4990293177994" lon="117.68904572318351">
        <ele>7.0</ele>
        <time>2026-08-04T11:55:36Z</time>
        <extensions>
          <gpxtpx:TrackPointExtension>
            <gpxtpx:hr>166</gpxtpx:hr>
          </gpxtpx:TrackPointExtension>
        </extensions>
      </trkpt>
      <trkpt lat="24.49895919396193" lon="117.68911161836398">
        <ele>7.0</ele>
        <time>2026-08-04T11:55:40Z</time>
        <extensions>
          <gpxtpx:TrackPointExtension>
            <gpxtpx:hr>167</gpxtpx:hr>
          </gpxtpx:TrackPointExtension>
        </extensions>
      </trkpt>
      <trkpt lat="24.498901046097426" lon="117.68919248786231">
        <ele>7.199999809265137</ele>
        <time>2026-08-04T11:55:44Z</time>
        <extensions>
          <gpxtpx:TrackPointExtension>
            <gpxtpx:hr>166</gpxtpx:hr>
          </gpxtpx:TrackPointExtension>
        </extensions>
      </trkpt>
      <trkpt lat="24.498862863383703" lon="117.68929531957">
        <ele>7.199999809265137</ele>
        <time>2026-08-04T11:55:48Z</time>
        <extensions>
          <gpxtpx:TrackPointExtension>
            <gpxtpx:hr>166</gpxtpx:hr>
          </gpxtpx:TrackPointExtension>
        </extensions>
      </trkpt>
      <trkpt lat="24.498813701595676" lon="117.68938517380623">
        <ele>7.199999809265137</ele>
        <time>2026-08-04T11:55:52Z</time>
        <extensions>
          <gpxtpx:TrackPointExtension>
            <gpxtpx:hr>165</gpxtpx:hr>
          </gpxtpx:TrackPointExtension>
        </extensions>
      </trkpt>
      <trkpt lat="24.498742577973868" lon="117.68945106949573">
        <ele>7.400000095367432</ele>
        <time>2026-08-04T11:55:56Z</time>
        <extensions>
          <gpxtpx:TrackPointExtension>
            <gpxtpx:hr>164</gpxtpx:hr>
          </gpxtpx:TrackPointExtension>
        </extensions>
      </trkpt>
      <trkpt lat="24.498646505733355" lon="117.68948501999934">
        <ele>7.599999904632568</ele>
        <time>2026-08-04T11:56:00Z</time>
        <extensions>
          <gpxtpx:TrackPointExtension>
            <gpxtpx:hr>164</gpxtpx:hr>
          </gpxtpx:TrackPointExtension>
        </extensions>
      </trkpt>
      <trkpt lat="24.498544470393824" lon="117.68949700735665">
        <ele>8.199999809265137</ele>
        <time>2026-08-04T11:56:04Z</time>
        <extensions>
          <gpxtpx:TrackPointExtension>
            <gpxtpx:hr>162</gpxtpx:hr>
          </gpxtpx:TrackPointExtension>
        </extensions>
      </trkpt>
      <trkpt lat="24.498452462238873" lon="117.68949401883334">
        <ele>8.199999809265137</ele>
        <time>2026-08-04T11:56:08Z</time>
        <extensions>
          <gpxtpx:TrackPointExtension>
            <gpxtpx:hr>162</gpxtpx:hr>
          </gpxtpx:TrackPointExtension>
        </extensions>
      </trkpt>
      <trkpt lat="24.4983654204719" lon="117.68951099685704">
        <ele>8.399999618530273</ele>
        <time>2026-08-04T11:56:12Z</time>
        <extensions>
          <gpxtpx:TrackPointExtension>
            <gpxtpx:hr>162</gpxtpx:hr>
          </gpxtpx:TrackPointExtension>
        </extensions>
      </trkpt>
      <trkpt lat="24.498273381410197" lon="117.68952597854924">
        <ele>8.399999618530273</ele>
        <time>2026-08-04T11:56:16Z</time>
        <extensions>
          <gpxtpx:TrackPointExtension>
            <gpxtpx:hr>162</gpxtpx:hr>
          </gpxtpx:TrackPointExtension>
        </extensions>
      </trkpt>
      <trkpt lat="24.49817034589708" lon="117.68953796598703">
        <ele>8.199999809265137</ele>
        <time>2026-08-04T11:56:20Z</time>
        <extensions>
          <gpxtpx:TrackPointExtension>
            <gpxtpx:hr>162</gpxtpx:hr>
          </gpxtpx:TrackPointExtension>
        </extensions>
      </trkpt>
      <trkpt lat="24.498068377440653" lon="117.68951101787762">
        <ele>7.800000190734863</ele>
        <time>2026-08-04T11:56:24Z</time>
        <extensions>
          <gpxtpx:TrackPointExtension>
            <gpxtpx:hr>162</gpxtpx:hr>
          </gpxtpx:TrackPointExtension>
        </extensions>
      </trkpt>
      <trkpt lat="24.497976456793896" lon="117.68945711377476">
        <ele>7.599999904632568</ele>
        <time>2026-08-04T11:56:28Z</time>
        <extensions>
          <gpxtpx:TrackPointExtension>
            <gpxtpx:hr>162</gpxtpx:hr>
          </gpxtpx:TrackPointExtension>
        </extensions>
      </trkpt>
      <trkpt lat="24.497909582774017" lon="117.68937824938794">
        <ele>7.400000095367432</ele>
        <time>2026-08-04T11:56:32Z</time>
        <extensions>
          <gpxtpx:TrackPointExtension>
            <gpxtpx:hr>162</gpxtpx:hr>
          </gpxtpx:TrackPointExtension>
        </extensions>
      </trkpt>
      <trkpt lat="24.497850732375007" lon="117.68928640612474">
        <ele>7.400000095367432</ele>
        <time>2026-08-04T11:56:36Z</time>
        <extensions>
          <gpxtpx:TrackPointExtension>
            <gpxtpx:hr>162</gpxtpx:hr>
          </gpxtpx:TrackPointExtension>
        </extensions>
      </trkpt>
      <trkpt lat="24.497794885993123" lon="117.68919256613637">
        <ele>7.400000095367432</ele>
        <time>2026-08-04T11:56:40Z</time>
        <extensions>
          <gpxtpx:TrackPointExtension>
            <gpxtpx:hr>162</gpxtpx:hr>
          </gpxtpx:TrackPointExtension>
        </extensions>
      </trkpt>
      <trkpt lat="24.497747037471925" lon="117.68910072242807">
        <ele>7.599999904632568</ele>
        <time>2026-08-04T11:56:44Z</time>
        <extensions>
          <gpxtpx:TrackPointExtension>
            <gpxtpx:hr>162</gpxtpx:hr>
          </gpxtpx:TrackPointExtension>
        </extensions>
      </trkpt>
      <trkpt lat="24.497697197421424" lon="117.68900388734842">
        <ele>7.599999904632568</ele>
        <time>2026-08-04T11:56:48Z</time>
        <extensions>
          <gpxtpx:TrackPointExtension>
            <gpxtpx:hr>162</gpxtpx:hr>
          </gpxtpx:TrackPointExtension>
        </extensions>
      </trkpt>
      <trkpt lat="24.497654358542043" lon="117.6889070519551">
        <ele>7.599999904632568</ele>
        <time>2026-08-04T11:56:52Z</time>
        <extensions>
          <gpxtpx:TrackPointExtension>
            <gpxtpx:hr>161</gpxtpx:hr>
          </gpxtpx:TrackPointExtension>
        </extensions>
      </trkpt>
      <trkpt lat="24.497622545607978" lon="117.68879623932386">
        <ele>7.599999904632568</ele>
        <time>2026-08-04T11:56:56Z</time>
        <extensions>
          <gpxtpx:TrackPointExtension>
            <gpxtpx:hr>161</gpxtpx:hr>
          </gpxtpx:TrackPointExtension>
        </extensions>
      </trkpt>
      <trkpt lat="24.497591738210126" lon="117.68868243187036">
        <ele>7.599999904632568</ele>
        <time>2026-08-04T11:57:00Z</time>
        <extensions>
          <gpxtpx:TrackPointExtension>
            <gpxtpx:hr>161</gpxtpx:hr>
          </gpxtpx:TrackPointExtension>
        </extensions>
      </trkpt>
      <trkpt lat="24.497561929436895" lon="117.68856962292095">
        <ele>7.599999904632568</ele>
        <time>2026-08-04T11:57:04Z</time>
        <extensions>
          <gpxtpx:TrackPointExtension>
            <gpxtpx:hr>161</gpxtpx:hr>
          </gpxtpx:TrackPointExtension>
        </extensions>
      </trkpt>
      <trkpt lat="24.497521088065707" lon="117.68847478484282">
        <ele>7.599999904632568</ele>
        <time>2026-08-04T11:57:08Z</time>
        <extensions>
          <gpxtpx:TrackPointExtension>
            <gpxtpx:hr>161</gpxtpx:hr>
          </gpxtpx:TrackPointExtension>
        </extensions>
      </trkpt>
      <trkpt lat="24.4974742598447" lon="117.68837196077328">
        <ele>7.599999904632568</ele>
        <time>2026-08-04T11:57:12Z</time>
        <extensions>
          <gpxtpx:TrackPointExtension>
            <gpxtpx:hr>161</gpxtpx:hr>
          </gpxtpx:TrackPointExtension>
        </extensions>
      </trkpt>
      <trkpt lat="24.497425422817727" lon="117.68827412865183">
        <ele>7.599999904632568</ele>
        <time>2026-08-04T11:57:16Z</time>
        <extensions>
          <gpxtpx:TrackPointExtension>
            <gpxtpx:hr>161</gpxtpx:hr>
          </gpxtpx:TrackPointExtension>
        </extensions>
      </trkpt>
      <trkpt lat="24.49737856711486" lon="117.68818727808545">
        <ele>7.599999904632568</ele>
        <time>2026-08-04T11:57:20Z</time>
        <extensions>
          <gpxtpx:TrackPointExtension>
            <gpxtpx:hr>160</gpxtpx:hr>
          </gpxtpx:TrackPointExtension>
        </extensions>
      </trkpt>
      <trkpt lat="24.497317718187084" lon="117.68809543706053">
        <ele>7.599999904632568</ele>
        <time>2026-08-04T11:57:24Z</time>
        <extensions>
          <gpxtpx:TrackPointExtension>
            <gpxtpx:hr>159</gpxtpx:hr>
          </gpxtpx:TrackPointExtension>
        </extensions>
      </trkpt>
      <trkpt lat="24.497249864887632" lon="117.68800559332114">
        <ele>7.400000095367432</ele>
        <time>2026-08-04T11:57:28Z</time>
        <extensions>
          <gpxtpx:TrackPointExtension>
            <gpxtpx:hr>159</gpxtpx:hr>
          </gpxtpx:TrackPointExtension>
        </extensions>
      </trkpt>
      <trkpt lat="24.49718198209511" lon="117.68793272108496">
        <ele>7.400000095367432</ele>
        <time>2026-08-04T11:57:32Z</time>
        <extensions>
          <gpxtpx:TrackPointExtension>
            <gpxtpx:hr>159</gpxtpx:hr>
          </gpxtpx:TrackPointExtension>
        </extensions>
      </trkpt>
      <trkpt lat="24.49710410489536" lon="117.68785585640013">
        <ele>7.400000095367432</ele>
        <time>2026-08-04T11:57:36Z</time>
        <extensions>
          <gpxtpx:TrackPointExtension>
            <gpxtpx:hr>158</gpxtpx:hr>
          </gpxtpx:TrackPointExtension>
        </extensions>
      </trkpt>
      <trkpt lat="24.4970232238559" lon="117.6877809886612">
        <ele>7.400000095367432</ele>
        <time>2026-08-04T11:57:40Z</time>
        <extensions>
          <gpxtpx:TrackPointExtension>
            <gpxtpx:hr>159</gpxtpx:hr>
          </gpxtpx:TrackPointExtension>
        </extensions>
      </trkpt>
      <trkpt lat="24.496937319476167" lon="117.68771909942203">
        <ele>7.400000095367432</ele>
        <time>2026-08-04T11:57:44Z</time>
        <extensions>
          <gpxtpx:TrackPointExtension>
            <gpxtpx:hr>160</gpxtpx:hr>
          </gpxtpx:TrackPointExtension>
        </extensions>
      </trkpt>
      <trkpt lat="24.4968473918631" lon="117.6876701885673">
        <ele>7.599999904632568</ele>
        <time>2026-08-04T11:57:48Z</time>
        <extensions>
          <gpxtpx:TrackPointExtension>
            <gpxtpx:hr>161</gpxtpx:hr>
          </gpxtpx:TrackPointExtension>
        </extensions>
      </trkpt>
      <trkpt lat="24.49675446733454" lon="117.68761928135002">
        <ele>7.599999904632568</ele>
        <time>2026-08-04T11:57:52Z</time>
        <extensions>
          <gpxtpx:TrackPointExtension>
            <gpxtpx:hr>162</gpxtpx:hr>
          </gpxtpx:TrackPointExtension>
        </extensions>
      </trkpt>
      <trkpt lat="24.496660540943903" lon="117.68756937255921">
        <ele>8.0</ele>
        <time>2026-08-04T11:57:56Z</time>
        <extensions>
          <gpxtpx:TrackPointExtension>
            <gpxtpx:hr>161</gpxtpx:hr>
          </gpxtpx:TrackPointExtension>
        </extensions>
      </trkpt>
      <trkpt lat="24.496570585447156" lon="117.68753643476016">
        <ele>7.599999904632568</ele>
        <time>2026-08-04T11:58:00Z</time>
        <extensions>
          <gpxtpx:TrackPointExtension>
            <gpxtpx:hr>162</gpxtpx:hr>
          </gpxtpx:TrackPointExtension>
        </extensions>
      </trkpt>
      <trkpt lat="24.496471618147957" lon="117.68750948746083">
        <ele>7.800000190734863</ele>
        <time>2026-08-04T11:58:04Z</time>
        <extensions>
          <gpxtpx:TrackPointExtension>
            <gpxtpx:hr>163</gpxtpx:hr>
          </gpxtpx:TrackPointExtension>
        </extensions>
      </trkpt>
      <trkpt lat="24.496372638607376" lon="117.68748952832257">
        <ele>7.800000190734863</ele>
        <time>2026-08-04T11:58:08Z</time>
        <extensions>
          <gpxtpx:TrackPointExtension>
            <gpxtpx:hr>164</gpxtpx:hr>
          </gpxtpx:TrackPointExtension>
        </extensions>
      </trkpt>
      <trkpt lat="24.496271653522143" lon="117.68747256425272">
        <ele>7.800000190734863</ele>
        <time>2026-08-04T11:58:12Z</time>
        <extensions>
          <gpxtpx:TrackPointExtension>
            <gpxtpx:hr>167</gpxtpx:hr>
          </gpxtpx:TrackPointExtension>
        </extensions>
      </trkpt>
      <trkpt lat="24.49617366712261" lon="117.6874565982821">
        <ele>8.0</ele>
        <time>2026-08-04T11:58:16Z</time>
        <extensions>
          <gpxtpx:TrackPointExtension>
            <gpxtpx:hr>169</gpxtpx:hr>
          </gpxtpx:TrackPointExtension>
        </extensions>
      </trkpt>
      <trkpt lat="24.49607168012981" lon="117.68744063259902">
        <ele>8.0</ele>
        <time>2026-08-04T11:58:20Z</time>
        <extensions>
          <gpxtpx:TrackPointExtension>
            <gpxtpx:hr>169</gpxtpx:hr>
          </gpxtpx:TrackPointExtension>
        </extensions>
      </trkpt>
      <trkpt lat="24.495973695469115" lon="117.68742366833183">
        <ele>8.199999809265137</ele>
        <time>2026-08-04T11:58:24Z</time>
        <extensions>
          <gpxtpx:TrackPointExtension>
            <gpxtpx:hr>169</gpxtpx:hr>
          </gpxtpx:TrackPointExtension>
        </extensions>
      </trkpt>
      <trkpt lat="24.49587772685073" lon="117.68739771918035">
        <ele>7.800000190734863</ele>
        <time>2026-08-04T11:58:28Z</time>
        <extensions>
          <gpxtpx:TrackPointExtension>
            <gpxtpx:hr>168</gpxtpx:hr>
          </gpxtpx:TrackPointExtension>
        </extensions>
      </trkpt>
      <trkpt lat="24.49577775764476" lon="117.68737177032396">
        <ele>8.199999809265137</ele>
        <time>2026-08-04T11:58:32Z</time>
        <extensions>
          <gpxtpx:TrackPointExtension>
            <gpxtpx:hr>168</gpxtpx:hr>
          </gpxtpx:TrackPointExtension>
        </extensions>
      </trkpt>
      <trkpt lat="24.49567780770345" lon="117.68733484013336">
        <ele>8.199999809265137</ele>
        <time>2026-08-04T11:58:36Z</time>
        <extensions>
          <gpxtpx:TrackPointExtension>
            <gpxtpx:hr>168</gpxtpx:hr>
          </gpxtpx:TrackPointExtension>
        </extensions>
      </trkpt>
      <trkpt lat="24.49556985308996" lon="117.68729990714017">
        <ele>8.0</ele>
        <time>2026-08-04T11:58:40Z</time>
        <extensions>
          <gpxtpx:TrackPointExtension>
            <gpxtpx:hr>167</gpxtpx:hr>
          </gpxtpx:TrackPointExtension>
        </extensions>
      </trkpt>
      <trkpt lat="24.495477895587662" lon="117.68726796794577">
        <ele>8.0</ele>
        <time>2026-08-04T11:58:44Z</time>
        <extensions>
          <gpxtpx:TrackPointExtension>
            <gpxtpx:hr>166</gpxtpx:hr>
          </gpxtpx:TrackPointExtension>
        </extensions>
      </trkpt>
      <trkpt lat="24.49539096337272" lon="117.6872220521851">
        <ele>8.0</ele>
        <time>2026-08-04T11:58:48Z</time>
        <extensions>
          <gpxtpx:TrackPointExtension>
            <gpxtpx:hr>165</gpxtpx:hr>
          </gpxtpx:TrackPointExtension>
        </extensions>
      </trkpt>
      <trkpt lat="24.4952950421301" lon="117.68716914899058">
        <ele>7.800000190734863</ele>
        <time>2026-08-04T11:58:52Z</time>
        <extensions>
          <gpxtpx:TrackPointExtension>
            <gpxtpx:hr>164</gpxtpx:hr>
          </gpxtpx:TrackPointExtension>
        </extensions>
      </trkpt>
      <trkpt lat="24.495209117135488" lon="117.6871192400395">
        <ele>8.0</ele>
        <time>2026-08-04T11:58:56Z</time>
        <extensions>
          <gpxtpx:TrackPointExtension>
            <gpxtpx:hr>163</gpxtpx:hr>
          </gpxtpx:TrackPointExtension>
        </extensions>
      </trkpt>
      <trkpt lat="24.495112195811085" lon="117.6870663370131">
        <ele>7.800000190734863</ele>
        <time>2026-08-04T11:59:00Z</time>
        <extensions>
          <gpxtpx:TrackPointExtension>
            <gpxtpx:hr>164</gpxtpx:hr>
          </gpxtpx:TrackPointExtension>
        </extensions>
      </trkpt>
      <trkpt lat="24.495021315806202" lon="117.68699047275491">
        <ele>7.800000190734863</ele>
        <time>2026-08-04T11:59:04Z</time>
        <extensions>
          <gpxtpx:TrackPointExtension>
            <gpxtpx:hr>166</gpxtpx:hr>
          </gpxtpx:TrackPointExtension>
        </extensions>
      </trkpt>
      <trkpt lat="24.49492841624997" lon="117.6869255900043">
        <ele>7.800000190734863</ele>
        <time>2026-08-04T11:59:08Z</time>
        <extensions>
          <gpxtpx:TrackPointExtension>
            <gpxtpx:hr>168</gpxtpx:hr>
          </gpxtpx:TrackPointExtension>
        </extensions>
      </trkpt>
      <trkpt lat="24.494837529355706" lon="117.6868537191179">
        <ele>7.599999904632568</ele>
        <time>2026-08-04T11:59:12Z</time>
        <extensions>
          <gpxtpx:TrackPointExtension>
            <gpxtpx:hr>168</gpxtpx:hr>
          </gpxtpx:TrackPointExtension>
        </extensions>
      </trkpt>
      <trkpt lat="24.49475867246833" lon="117.68676587476857">
        <ele>7.599999904632568</ele>
        <time>2026-08-04T11:59:16Z</time>
        <extensions>
          <gpxtpx:TrackPointExtension>
            <gpxtpx:hr>168</gpxtpx:hr>
          </gpxtpx:TrackPointExtension>
        </extensions>
      </trkpt>
      <trkpt lat="24.494703796354568" lon="117.68669100666085">
        <ele>7.599999904632568</ele>
        <time>2026-08-04T11:59:20Z</time>
        <extensions>
          <gpxtpx:TrackPointExtension>
            <gpxtpx:hr>169</gpxtpx:hr>
          </gpxtpx:TrackPointExtension>
        </extensions>
      </trkpt>
      <trkpt lat="24.4946977848983" lon="117.68669699684139">
        <ele>7.599999904632568</ele>
        <time>2026-08-04T11:59:24Z</time>
        <extensions>
          <gpxtpx:TrackPointExtension>
            <gpxtpx:hr>170</gpxtpx:hr>
          </gpxtpx:TrackPointExtension>
        </extensions>
      </trkpt>
      <trkpt lat="24.4946459568867" lon="117.68659517474983">
        <ele>7.599999904632568</ele>
        <time>2026-08-04T12:00:25Z</time>
        <extensions>
          <gpxtpx:TrackPointExtension>
            <gpxtpx:hr>138</gpxtpx:hr>
          </gpxtpx:TrackPointExtension>
        </extensions>
      </trkpt>
      <trkpt lat="24.494608064081227" lon="117.68653128685143">
        <ele>7.800000190734863</ele>
        <time>2026-08-04T12:00:29Z</time>
        <extensions>
          <gpxtpx:TrackPointExtension>
            <gpxtpx:hr>139</gpxtpx:hr>
          </gpxtpx:TrackPointExtension>
        </extensions>
      </trkpt>
      <trkpt lat="24.494554184840332" lon="117.68645841555804">
        <ele>7.800000190734863</ele>
        <time>2026-08-04T12:00:33Z</time>
        <extensions>
          <gpxtpx:TrackPointExtension>
            <gpxtpx:hr>145</gpxtpx:hr>
          </gpxtpx:TrackPointExtension>
        </extensions>
      </trkpt>
      <trkpt lat="24.494501309354952" lon="117.6863835477118">
        <ele>7.800000190734863</ele>
        <time>2026-08-04T12:00:37Z</time>
        <extensions>
          <gpxtpx:TrackPointExtension>
            <gpxtpx:hr>148</gpxtpx:hr>
          </gpxtpx:TrackPointExtension>
        </extensions>
      </trkpt>
      <trkpt lat="24.494456456340128" lon="117.68629669996653">
        <ele>7.599999904632568</ele>
        <time>2026-08-04T12:00:41Z</time>
        <extensions>
          <gpxtpx:TrackPointExtension>
            <gpxtpx:hr>149</gpxtpx:hr>
          </gpxtpx:TrackPointExtension>
        </extensions>
      </trkpt>
      <trkpt lat="24.494409611978078" lon="117.68620486107194">
        <ele>7.400000095367432</ele>
        <time>2026-08-04T12:00:45Z</time>
        <extensions>
          <gpxtpx:TrackPointExtension>
            <gpxtpx:hr>150</gpxtpx:hr>
          </gpxtpx:TrackPointExtension>
        </extensions>
      </trkpt>
      <trkpt lat="24.494356747380266" lon="117.68612400385675">
        <ele>7.400000095367432</ele>
        <time>2026-08-04T12:00:49Z</time>
        <extensions>
          <gpxtpx:TrackPointExtension>
            <gpxtpx:hr>151</gpxtpx:hr>
          </gpxtpx:TrackPointExtension>
        </extensions>
      </trkpt>
      <trkpt lat="24.49430689748648" lon="117.68603516029071">
        <ele>8.0</ele>
        <time>2026-08-04T12:00:53Z</time>
        <extensions>
          <gpxtpx:TrackPointExtension>
            <gpxtpx:hr>151</gpxtpx:hr>
          </gpxtpx:TrackPointExtension>
        </extensions>
      </trkpt>
      <trkpt lat="24.494264045201735" lon="117.68594831292414">
        <ele>7.599999904632568</ele>
        <time>2026-08-04T12:00:57Z</time>
        <extensions>
          <gpxtpx:TrackPointExtension>
            <gpxtpx:hr>152</gpxtpx:hr>
          </gpxtpx:TrackPointExtension>
        </extensions>
      </trkpt>
      <trkpt lat="24.49422020351498" lon="117.68585547608697">
        <ele>7.599999904632568</ele>
        <time>2026-08-04T12:01:01Z</time>
        <extensions>
          <gpxtpx:TrackPointExtension>
            <gpxtpx:hr>157</gpxtpx:hr>
          </gpxtpx:TrackPointExtension>
        </extensions>
      </trkpt>
      <trkpt lat="24.494182380590356" lon="117.68575265620585">
        <ele>7.599999904632568</ele>
        <time>2026-08-04T12:01:05Z</time>
        <extensions>
          <gpxtpx:TrackPointExtension>
            <gpxtpx:hr>156</gpxtpx:hr>
          </gpxtpx:TrackPointExtension>
        </extensions>
      </trkpt>
      <trkpt lat="24.494153544945238" lon="117.68565782206537">
        <ele>7.599999904632568</ele>
        <time>2026-08-04T12:01:09Z</time>
        <extensions>
          <gpxtpx:TrackPointExtension>
            <gpxtpx:hr>157</gpxtpx:hr>
          </gpxtpx:TrackPointExtension>
        </extensions>
      </trkpt>
      <trkpt lat="24.494111730600448" lon="117.68555001144354">
        <ele>7.400000095367432</ele>
        <time>2026-08-04T12:01:13Z</time>
        <extensions>
          <gpxtpx:TrackPointExtension>
            <gpxtpx:hr>156</gpxtpx:hr>
          </gpxtpx:TrackPointExtension>
        </extensions>
      </trkpt>
      <trkpt lat="24.49407390811813" lon="117.68544719208985">
        <ele>7.400000095367432</ele>
        <time>2026-08-04T12:01:17Z</time>
        <extensions>
          <gpxtpx:TrackPointExtension>
            <gpxtpx:hr>154</gpxtpx:hr>
          </gpxtpx:TrackPointExtension>
        </extensions>
      </trkpt>
      <trkpt lat="24.49406706191295" lon="117.68536034303713">
        <ele>7.400000095367432</ele>
        <time>2026-08-04T12:01:21Z</time>
        <extensions>
          <gpxtpx:TrackPointExtension>
            <gpxtpx:hr>154</gpxtpx:hr>
          </gpxtpx:TrackPointExtension>
        </extensions>
      </trkpt>
      <trkpt lat="24.494072135663508" lon="117.6853194136298">
        <ele>7.400000095367432</ele>
        <time>2026-08-04T12:01:25Z</time>
        <extensions>
          <gpxtpx:TrackPointExtension>
            <gpxtpx:hr>154</gpxtpx:hr>
          </gpxtpx:TrackPointExtension>
        </extensions>
      </trkpt>
      <trkpt lat="24.494063141446954" lon="117.68531542118922">
        <ele>7.400000095367432</ele>
        <time>2026-08-04T12:01:29Z</time>
        <extensions>
          <gpxtpx:TrackPointExtension>
            <gpxtpx:hr>153</gpxtpx:hr>
          </gpxtpx:TrackPointExtension>
        </extensions>
      </trkpt>
      <trkpt lat="24.494016307265984" lon="117.68521859247721">
        <ele>7.599999904632568</ele>
        <time>2026-08-04T12:01:35Z</time>
        <extensions>
          <gpxtpx:TrackPointExtension>
            <gpxtpx:hr>152</gpxtpx:hr>
          </gpxtpx:TrackPointExtension>
        </extensions>
      </trkpt>
      <trkpt lat="24.49401546223126" lon="117.68513174332816">
        <ele>8.0</ele>
        <time>2026-08-04T12:01:39Z</time>
        <extensions>
          <gpxtpx:TrackPointExtension>
            <gpxtpx:hr>150</gpxtpx:hr>
          </gpxtpx:TrackPointExtension>
        </extensions>
      </trkpt>
      <trkpt lat="24.494016646156123" lon="117.68502892192724">
        <ele>8.399999618530273</ele>
        <time>2026-08-04T12:01:43Z</time>
        <extensions>
          <gpxtpx:TrackPointExtension>
            <gpxtpx:hr>155</gpxtpx:hr>
          </gpxtpx:TrackPointExtension>
        </extensions>
      </trkpt>
      <trkpt lat="24.49400883245839" lon="117.68492410480945">
        <ele>8.399999618530273</ele>
        <time>2026-08-04T12:01:47Z</time>
        <extensions>
          <gpxtpx:TrackPointExtension>
            <gpxtpx:hr>157</gpxtpx:hr>
          </gpxtpx:TrackPointExtension>
        </extensions>
      </trkpt>
      <trkpt lat="24.494003017421146" lon="117.68482028598973">
        <ele>8.600000381469727</ele>
        <time>2026-08-04T12:01:51Z</time>
        <extensions>
          <gpxtpx:TrackPointExtension>
            <gpxtpx:hr>158</gpxtpx:hr>
          </gpxtpx:TrackPointExtension>
        </extensions>
      </trkpt>
      <trkpt lat="24.493997213266" lon="117.6847104777876">
        <ele>8.800000190734863</ele>
        <time>2026-08-04T12:01:55Z</time>
        <extensions>
          <gpxtpx:TrackPointExtension>
            <gpxtpx:hr>158</gpxtpx:hr>
          </gpxtpx:TrackPointExtension>
        </extensions>
      </trkpt>
      <trkpt lat="24.49398340629118" lon="117.68460166860234">
        <ele>8.800000190734863</ele>
        <time>2026-08-04T12:01:59Z</time>
        <extensions>
          <gpxtpx:TrackPointExtension>
            <gpxtpx:hr>158</gpxtpx:hr>
          </gpxtpx:TrackPointExtension>
        </extensions>
      </trkpt>
      <trkpt lat="24.4939736090327" lon="117.6844878680442">
        <ele>8.600000381469727</ele>
        <time>2026-08-04T12:02:03Z</time>
        <extensions>
          <gpxtpx:TrackPointExtension>
            <gpxtpx:hr>157</gpxtpx:hr>
          </gpxtpx:TrackPointExtension>
        </extensions>
      </trkpt>
      <trkpt lat="24.49401276544108" lon="117.68440401185521">
        <ele>8.399999618530273</ele>
        <time>2026-08-04T12:02:07Z</time>
        <extensions>
          <gpxtpx:TrackPointExtension>
            <gpxtpx:hr>159</gpxtpx:hr>
          </gpxtpx:TrackPointExtension>
        </extensions>
      </trkpt>
      <trkpt lat="24.494099737154514" lon="117.68442696556221">
        <ele>8.399999618530273</ele>
        <time>2026-08-04T12:02:11Z</time>
        <extensions>
          <gpxtpx:TrackPointExtension>
            <gpxtpx:hr>160</gpxtpx:hr>
          </gpxtpx:TrackPointExtension>
        </extensions>
      </trkpt>
      <trkpt lat="24.49418764269294" lon="117.68448685466012">
        <ele>8.399999618530273</ele>
        <time>2026-08-04T12:02:15Z</time>
        <extensions>
          <gpxtpx:TrackPointExtension>
            <gpxtpx:hr>159</gpxtpx:hr>
          </gpxtpx:TrackPointExtension>
        </extensions>
      </trkpt>
      <trkpt lat="24.49430365636404" lon="117.68448884297129">
        <ele>8.399999618530273</ele>
        <time>2026-08-04T12:02:19Z</time>
        <extensions>
          <gpxtpx:TrackPointExtension>
            <gpxtpx:hr>159</gpxtpx:hr>
          </gpxtpx:TrackPointExtension>
        </extensions>
      </trkpt>
      <trkpt lat="24.494398600598316" lon="117.6845277682443">
        <ele>8.199999809265137</ele>
        <time>2026-08-04T12:02:23Z</time>
        <extensions>
          <gpxtpx:TrackPointExtension>
            <gpxtpx:hr>159</gpxtpx:hr>
          </gpxtpx:TrackPointExtension>
        </extensions>
      </trkpt>
      <trkpt lat="24.494470484116096" lon="117.68459863940112">
        <ele>8.399999618530273</ele>
        <time>2026-08-04T12:02:27Z</time>
        <extensions>
          <gpxtpx:TrackPointExtension>
            <gpxtpx:hr>159</gpxtpx:hr>
          </gpxtpx:TrackPointExtension>
        </extensions>
      </trkpt>
      <trkpt lat="24.494524322071797" lon="117.68469347012382">
        <ele>7.800000190734863</ele>
        <time>2026-08-04T12:02:31Z</time>
        <extensions>
          <gpxtpx:TrackPointExtension>
            <gpxtpx:hr>159</gpxtpx:hr>
          </gpxtpx:TrackPointExtension>
        </extensions>
      </trkpt>
      <trkpt lat="24.49460821109716" lon="117.68476234409962">
        <ele>8.0</ele>
        <time>2026-08-04T12:02:35Z</time>
        <extensions>
          <gpxtpx:TrackPointExtension>
            <gpxtpx:hr>160</gpxtpx:hr>
          </gpxtpx:TrackPointExtension>
        </extensions>
      </trkpt>
      <trkpt lat="24.494718230992767" lon="117.68476033980245">
        <ele>8.199999809265137</ele>
        <time>2026-08-04T12:02:39Z</time>
        <extensions>
          <gpxtpx:TrackPointExtension>
            <gpxtpx:hr>160</gpxtpx:hr>
          </gpxtpx:TrackPointExtension>
        </extensions>
      </trkpt>
      <trkpt lat="24.494820314090568" lon="117.6847223987172">
        <ele>8.0</ele>
        <time>2026-08-04T12:02:43Z</time>
        <extensions>
          <gpxtpx:TrackPointExtension>
            <gpxtpx:hr>159</gpxtpx:hr>
          </gpxtpx:TrackPointExtension>
        </extensions>
      </trkpt>
      <trkpt lat="24.49491935022766" lon="117.68471041260477">
        <ele>8.0</ele>
        <time>2026-08-04T12:02:47Z</time>
        <extensions>
          <gpxtpx:TrackPointExtension>
            <gpxtpx:hr>160</gpxtpx:hr>
          </gpxtpx:TrackPointExtension>
        </extensions>
      </trkpt>
      <trkpt lat="24.495010315395206" lon="117.6847373591793">
        <ele>7.599999904632568</ele>
        <time>2026-08-04T12:02:51Z</time>
        <extensions>
          <gpxtpx:TrackPointExtension>
            <gpxtpx:hr>162</gpxtpx:hr>
          </gpxtpx:TrackPointExtension>
        </extensions>
      </trkpt>
      <trkpt lat="24.49509121113016" lon="117.68480224037184">
        <ele>7.599999904632568</ele>
        <time>2026-08-04T12:02:55Z</time>
        <extensions>
          <gpxtpx:TrackPointExtension>
            <gpxtpx:hr>163</gpxtpx:hr>
          </gpxtpx:TrackPointExtension>
        </extensions>
      </trkpt>
      <trkpt lat="24.495158067318712" lon="117.68488808612463">
        <ele>7.400000095367432</ele>
        <time>2026-08-04T12:02:59Z</time>
        <extensions>
          <gpxtpx:TrackPointExtension>
            <gpxtpx:hr>163</gpxtpx:hr>
          </gpxtpx:TrackPointExtension>
        </extensions>
      </trkpt>
      <trkpt lat="24.49521792078325" lon="117.6849749307552">
        <ele>7.400000095367432</ele>
        <time>2026-08-04T12:03:03Z</time>
        <extensions>
          <gpxtpx:TrackPointExtension>
            <gpxtpx:hr>162</gpxtpx:hr>
          </gpxtpx:TrackPointExtension>
        </extensions>
      </trkpt>
      <trkpt lat="24.495307857310642" lon="117.68501784974204">
        <ele>7.599999904632568</ele>
        <time>2026-08-04T12:03:07Z</time>
        <extensions>
          <gpxtpx:TrackPointExtension>
            <gpxtpx:hr>162</gpxtpx:hr>
          </gpxtpx:TrackPointExtension>
        </extensions>
      </trkpt>
      <trkpt lat="24.49541689839926" lon="117.68500386633664">
        <ele>7.599999904632568</ele>
        <time>2026-08-04T12:03:11Z</time>
        <extensions>
          <gpxtpx:TrackPointExtension>
            <gpxtpx:hr>162</gpxtpx:hr>
          </gpxtpx:TrackPointExtension>
        </extensions>
      </trkpt>
      <trkpt lat="24.495492041616192" lon="117.68492998953666">
        <ele>7.599999904632568</ele>
        <time>2026-08-04T12:03:15Z</time>
        <extensions>
          <gpxtpx:TrackPointExtension>
            <gpxtpx:hr>162</gpxtpx:hr>
          </gpxtpx:TrackPointExtension>
        </extensions>
      </trkpt>
      <trkpt lat="24.49552822562471" lon="117.6848301607846">
        <ele>7.599999904632568</ele>
        <time>2026-08-04T12:03:19Z</time>
        <extensions>
          <gpxtpx:TrackPointExtension>
            <gpxtpx:hr>162</gpxtpx:hr>
          </gpxtpx:TrackPointExtension>
        </extensions>
      </trkpt>
      <trkpt lat="24.495568410357578" lon="117.68473033191086">
        <ele>7.599999904632568</ele>
        <time>2026-08-04T12:03:23Z</time>
        <extensions>
          <gpxtpx:TrackPointExtension>
            <gpxtpx:hr>162</gpxtpx:hr>
          </gpxtpx:TrackPointExtension>
        </extensions>
      </trkpt>
      <trkpt lat="24.49564056592687" lon="117.684649467841">
        <ele>7.400000095367432</ele>
        <time>2026-08-04T12:03:27Z</time>
        <extensions>
          <gpxtpx:TrackPointExtension>
            <gpxtpx:hr>161</gpxtpx:hr>
          </gpxtpx:TrackPointExtension>
        </extensions>
      </trkpt>
      <trkpt lat="24.49572866304388" lon="117.68460254349431">
        <ele>7.400000095367432</ele>
        <time>2026-08-04T12:03:31Z</time>
        <extensions>
          <gpxtpx:TrackPointExtension>
            <gpxtpx:hr>161</gpxtpx:hr>
          </gpxtpx:TrackPointExtension>
        </extensions>
      </trkpt>
      <trkpt lat="24.495826709711416" lon="117.68458456793148">
        <ele>7.400000095367432</ele>
        <time>2026-08-04T12:03:35Z</time>
        <extensions>
          <gpxtpx:TrackPointExtension>
            <gpxtpx:hr>162</gpxtpx:hr>
          </gpxtpx:TrackPointExtension>
        </extensions>
      </trkpt>
      <trkpt lat="24.49592868711531" lon="117.68460552412736">
        <ele>7.400000095367432</ele>
        <time>2026-08-04T12:03:39Z</time>
        <extensions>
          <gpxtpx:TrackPointExtension>
            <gpxtpx:hr>162</gpxtpx:hr>
          </gpxtpx:TrackPointExtension>
        </extensions>
      </trkpt>
      <trkpt lat="24.49602666213652" lon="117.68462747887098">
        <ele>7.400000095367432</ele>
        <time>2026-08-04T12:03:43Z</time>
        <extensions>
          <gpxtpx:TrackPointExtension>
            <gpxtpx:hr>163</gpxtpx:hr>
          </gpxtpx:TrackPointExtension>
        </extensions>
      </trkpt>
      <trkpt lat="24.496124655056565" lon="117.6846394510395">
        <ele>7.400000095367432</ele>
        <time>2026-08-04T12:03:47Z</time>
        <extensions>
          <gpxtpx:TrackPointExtension>
            <gpxtpx:hr>163</gpxtpx:hr>
          </gpxtpx:TrackPointExtension>
        </extensions>
      </trkpt>
      <trkpt lat="24.496225625139896" lon="117.68466440035846">
        <ele>7.599999904632568</ele>
        <time>2026-08-04T12:03:51Z</time>
        <extensions>
          <gpxtpx:TrackPointExtension>
            <gpxtpx:hr>162</gpxtpx:hr>
          </gpxtpx:TrackPointExtension>
        </extensions>
      </trkpt>
      <trkpt lat="24.49631758137447" lon="117.68469633813692">
        <ele>7.400000095367432</ele>
        <time>2026-08-04T12:03:55Z</time>
        <extensions>
          <gpxtpx:TrackPointExtension>
            <gpxtpx:hr>163</gpxtpx:hr>
          </gpxtpx:TrackPointExtension>
        </extensions>
      </trkpt>
      <trkpt lat="24.496399493215044" lon="117.68475223487393">
        <ele>7.400000095367432</ele>
        <time>2026-08-04T12:03:59Z</time>
        <extensions>
          <gpxtpx:TrackPointExtension>
            <gpxtpx:hr>163</gpxtpx:hr>
          </gpxtpx:TrackPointExtension>
        </extensions>
      </trkpt>
      <trkpt lat="24.49649053160066" lon="117.68473825280162">
        <ele>7.199999809265137</ele>
        <time>2026-08-04T12:04:03Z</time>
        <extensions>
          <gpxtpx:TrackPointExtension>
            <gpxtpx:hr>162</gpxtpx:hr>
          </gpxtpx:TrackPointExtension>
        </extensions>
      </trkpt>
      <trkpt lat="24.496560690383788" lon="117.68465539234684">
        <ele>7.0</ele>
        <time>2026-08-04T12:04:07Z</time>
        <extensions>
          <gpxtpx:TrackPointExtension>
            <gpxtpx:hr>161</gpxtpx:hr>
          </gpxtpx:TrackPointExtension>
        </extensions>
      </trkpt>
      <trkpt lat="24.49662185689263" lon="117.6845675413531">
        <ele>6.800000190734863</ele>
        <time>2026-08-04T12:04:11Z</time>
        <extensions>
          <gpxtpx:TrackPointExtension>
            <gpxtpx:hr>160</gpxtpx:hr>
          </gpxtpx:TrackPointExtension>
        </extensions>
      </trkpt>
      <trkpt lat="24.496686022148282" lon="117.68448068852616">
        <ele>7.199999809265137</ele>
        <time>2026-08-04T12:04:15Z</time>
        <extensions>
          <gpxtpx:TrackPointExtension>
            <gpxtpx:hr>159</gpxtpx:hr>
          </gpxtpx:TrackPointExtension>
        </extensions>
      </trkpt>
      <trkpt lat="24.49674418662282" lon="117.68439383624337">
        <ele>7.199999809265137</ele>
        <time>2026-08-04T12:04:19Z</time>
        <extensions>
          <gpxtpx:TrackPointExtension>
            <gpxtpx:hr>159</gpxtpx:hr>
          </gpxtpx:TrackPointExtension>
        </extensions>
      </trkpt>
      <trkpt lat="24.496800358080655" lon="117.68430299120988">
        <ele>7.199999809265137</ele>
        <time>2026-08-04T12:04:23Z</time>
        <extensions>
          <gpxtpx:TrackPointExtension>
            <gpxtpx:hr>160</gpxtpx:hr>
          </gpxtpx:TrackPointExtension>
        </extensions>
      </trkpt>
      <trkpt lat="24.496852539835537" lon="117.68420615708094">
        <ele>7.0</ele>
        <time>2026-08-04T12:04:27Z</time>
        <extensions>
          <gpxtpx:TrackPointExtension>
            <gpxtpx:hr>160</gpxtpx:hr>
          </gpxtpx:TrackPointExtension>
        </extensions>
      </trkpt>
      <trkpt lat="24.496900724721094" lon="117.6841073268822">
        <ele>7.0</ele>
        <time>2026-08-04T12:04:31Z</time>
        <extensions>
          <gpxtpx:TrackPointExtension>
            <gpxtpx:hr>161</gpxtpx:hr>
          </gpxtpx:TrackPointExtension>
        </extensions>
      </trkpt>
      <trkpt lat="24.496939917410153" lon="117.68400350623098">
        <ele>7.0</ele>
        <time>2026-08-04T12:04:35Z</time>
        <extensions>
          <gpxtpx:TrackPointExtension>
            <gpxtpx:hr>162</gpxtpx:hr>
          </gpxtpx:TrackPointExtension>
        </extensions>
      </trkpt>
      <trkpt lat="24.496985102114852" lon="117.6839046765559">
        <ele>6.800000190734863</ele>
        <time>2026-08-04T12:04:39Z</time>
        <extensions>
          <gpxtpx:TrackPointExtension>
            <gpxtpx:hr>164</gpxtpx:hr>
          </gpxtpx:TrackPointExtension>
        </extensions>
      </trkpt>
      <trkpt lat="24.49701828519133" lon="117.68380584787988">
        <ele>6.800000190734863</ele>
        <time>2026-08-04T12:04:43Z</time>
        <extensions>
          <gpxtpx:TrackPointExtension>
            <gpxtpx:hr>164</gpxtpx:hr>
          </gpxtpx:TrackPointExtension>
        </extensions>
      </trkpt>
      <trkpt lat="24.49705448865848" lon="117.68369603846288">
        <ele>6.800000190734863</ele>
        <time>2026-08-04T12:04:47Z</time>
        <extensions>
          <gpxtpx:TrackPointExtension>
            <gpxtpx:hr>164</gpxtpx:hr>
          </gpxtpx:TrackPointExtension>
        </extensions>
      </trkpt>
      <trkpt lat="24.497092679942902" lon="117.68359321678147">
        <ele>6.800000190734863</ele>
        <time>2026-08-04T12:04:51Z</time>
        <extensions>
          <gpxtpx:TrackPointExtension>
            <gpxtpx:hr>163</gpxtpx:hr>
          </gpxtpx:TrackPointExtension>
        </extensions>
      </trkpt>
      <trkpt lat="24.497127870922515" lon="117.6834903954727">
        <ele>6.599999904632568</ele>
        <time>2026-08-04T12:04:55Z</time>
        <extensions>
          <gpxtpx:TrackPointExtension>
            <gpxtpx:hr>163</gpxtpx:hr>
          </gpxtpx:TrackPointExtension>
        </extensions>
      </trkpt>
      <trkpt lat="24.497146055940746" lon="117.68338957200288">
        <ele>6.599999904632568</ele>
        <time>2026-08-04T12:04:59Z</time>
        <extensions>
          <gpxtpx:TrackPointExtension>
            <gpxtpx:hr>163</gpxtpx:hr>
          </gpxtpx:TrackPointExtension>
        </extensions>
      </trkpt>
      <trkpt lat="24.497164248317524" lon="117.68328475573662">
        <ele>6.599999904632568</ele>
        <time>2026-08-04T12:05:03Z</time>
        <extensions>
          <gpxtpx:TrackPointExtension>
            <gpxtpx:hr>162</gpxtpx:hr>
          </gpxtpx:TrackPointExtension>
        </extensions>
      </trkpt>
      <trkpt lat="24.49718543945986" lon="117.6831809376581">
        <ele>6.599999904632568</ele>
        <time>2026-08-04T12:05:07Z</time>
        <extensions>
          <gpxtpx:TrackPointExtension>
            <gpxtpx:hr>160</gpxtpx:hr>
          </gpxtpx:TrackPointExtension>
        </extensions>
      </trkpt>
      <trkpt lat="24.497216634004747" lon="117.6830761207987">
        <ele>6.400000095367432</ele>
        <time>2026-08-04T12:05:11Z</time>
        <extensions>
          <gpxtpx:TrackPointExtension>
            <gpxtpx:hr>160</gpxtpx:hr>
          </gpxtpx:TrackPointExtension>
        </extensions>
      </trkpt>
      <trkpt lat="24.497223841489284" lon="117.68296232170492">
        <ele>6.599999904632568</ele>
        <time>2026-08-04T12:05:15Z</time>
        <extensions>
          <gpxtpx:TrackPointExtension>
            <gpxtpx:hr>161</gpxtpx:hr>
          </gpxtpx:TrackPointExtension>
        </extensions>
      </trkpt>
      <trkpt lat="24.49723505515548" lon="117.68284552782605">
        <ele>6.800000190734863</ele>
        <time>2026-08-04T12:05:19Z</time>
        <extensions>
          <gpxtpx:TrackPointExtension>
            <gpxtpx:hr>162</gpxtpx:hr>
          </gpxtpx:TrackPointExtension>
        </extensions>
      </trkpt>
      <trkpt lat="24.497237249529338" lon="117.68273871707379">
        <ele>6.800000190734863</ele>
        <time>2026-08-04T12:05:23Z</time>
        <extensions>
          <gpxtpx:TrackPointExtension>
            <gpxtpx:hr>164</gpxtpx:hr>
          </gpxtpx:TrackPointExtension>
        </extensions>
      </trkpt>
      <trkpt lat="24.497205444529" lon="117.6826289142068">
        <ele>6.800000190734863</ele>
        <time>2026-08-04T12:05:27Z</time>
        <extensions>
          <gpxtpx:TrackPointExtension>
            <gpxtpx:hr>164</gpxtpx:hr>
          </gpxtpx:TrackPointExtension>
        </extensions>
      </trkpt>
      <trkpt lat="24.497191635030386" lon="117.68252310314571">
        <ele>7.0</ele>
        <time>2026-08-04T12:05:31Z</time>
        <extensions>
          <gpxtpx:TrackPointExtension>
            <gpxtpx:hr>164</gpxtpx:hr>
          </gpxtpx:TrackPointExtension>
        </extensions>
      </trkpt>
      <trkpt lat="24.49721781877283" lon="117.68242427699084">
        <ele>7.0</ele>
        <time>2026-08-04T12:05:35Z</time>
        <extensions>
          <gpxtpx:TrackPointExtension>
            <gpxtpx:hr>164</gpxtpx:hr>
          </gpxtpx:TrackPointExtension>
        </extensions>
      </trkpt>
      <trkpt lat="24.497259008456922" lon="117.6823234534685">
        <ele>7.199999809265137</ele>
        <time>2026-08-04T12:05:39Z</time>
        <extensions>
          <gpxtpx:TrackPointExtension>
            <gpxtpx:hr>164</gpxtpx:hr>
          </gpxtpx:TrackPointExtension>
        </extensions>
      </trkpt>
      <trkpt lat="24.497284214133227" lon="117.68221264900285">
        <ele>7.0</ele>
        <time>2026-08-04T12:05:43Z</time>
        <extensions>
          <gpxtpx:TrackPointExtension>
            <gpxtpx:hr>164</gpxtpx:hr>
          </gpxtpx:TrackPointExtension>
        </extensions>
      </trkpt>
      <trkpt lat="24.49727341652574" lon="117.68210084903383">
        <ele>6.800000190734863</ele>
        <time>2026-08-04T12:05:47Z</time>
        <extensions>
          <gpxtpx:TrackPointExtension>
            <gpxtpx:hr>164</gpxtpx:hr>
          </gpxtpx:TrackPointExtension>
        </extensions>
      </trkpt>
      <trkpt lat="24.49725961315592" lon="117.68199204410743">
        <ele>6.599999904632568</ele>
        <time>2026-08-04T12:05:51Z</time>
        <extensions>
          <gpxtpx:TrackPointExtension>
            <gpxtpx:hr>163</gpxtpx:hr>
          </gpxtpx:TrackPointExtension>
        </extensions>
      </trkpt>
      <trkpt lat="24.497241818462033" lon="117.68187824854253">
        <ele>6.599999904632568</ele>
        <time>2026-08-04T12:05:55Z</time>
        <extensions>
          <gpxtpx:TrackPointExtension>
            <gpxtpx:hr>164</gpxtpx:hr>
          </gpxtpx:TrackPointExtension>
        </extensions>
      </trkpt>
      <trkpt lat="24.49721702654691" lon="117.6817624572199">
        <ele>6.400000095367432</ele>
        <time>2026-08-04T12:05:59Z</time>
        <extensions>
          <gpxtpx:TrackPointExtension>
            <gpxtpx:hr>164</gpxtpx:hr>
          </gpxtpx:TrackPointExtension>
        </extensions>
      </trkpt>
      <trkpt lat="24.497198217387176" lon="117.68165664779684">
        <ele>6.400000095367432</ele>
        <time>2026-08-04T12:06:03Z</time>
        <extensions>
          <gpxtpx:TrackPointExtension>
            <gpxtpx:hr>165</gpxtpx:hr>
          </gpxtpx:TrackPointExtension>
        </extensions>
      </trkpt>
      <trkpt lat="24.49717741171833" lon="117.68154884224235">
        <ele>6.599999904632568</ele>
        <time>2026-08-04T12:06:07Z</time>
        <extensions>
          <gpxtpx:TrackPointExtension>
            <gpxtpx:hr>165</gpxtpx:hr>
          </gpxtpx:TrackPointExtension>
        </extensions>
      </trkpt>
      <trkpt lat="24.497150601644666" lon="117.68144303369132">
        <ele>6.599999904632568</ele>
        <time>2026-08-04T12:06:11Z</time>
        <extensions>
          <gpxtpx:TrackPointExtension>
            <gpxtpx:hr>165</gpxtpx:hr>
          </gpxtpx:TrackPointExtension>
        </extensions>
      </trkpt>
      <trkpt lat="24.497121806048852" lon="117.68132923975455">
        <ele>6.599999904632568</ele>
        <time>2026-08-04T12:06:15Z</time>
        <extensions>
          <gpxtpx:TrackPointExtension>
            <gpxtpx:hr>165</gpxtpx:hr>
          </gpxtpx:TrackPointExtension>
        </extensions>
      </trkpt>
      <trkpt lat="24.4970919793064" lon="117.68123241560139">
        <ele>6.800000190734863</ele>
        <time>2026-08-04T12:06:19Z</time>
        <extensions>
          <gpxtpx:TrackPointExtension>
            <gpxtpx:hr>165</gpxtpx:hr>
          </gpxtpx:TrackPointExtension>
        </extensions>
      </trkpt>
      <trkpt lat="24.4970441280433" lon="117.68114757133019">
        <ele>6.800000190734863</ele>
        <time>2026-08-04T12:06:23Z</time>
        <extensions>
          <gpxtpx:TrackPointExtension>
            <gpxtpx:hr>164</gpxtpx:hr>
          </gpxtpx:TrackPointExtension>
        </extensions>
      </trkpt>
      <trkpt lat="24.49704232208561" lon="117.68104176157851">
        <ele>6.800000190734863</ele>
        <time>2026-08-04T12:06:27Z</time>
        <extensions>
          <gpxtpx:TrackPointExtension>
            <gpxtpx:hr>163</gpxtpx:hr>
          </gpxtpx:TrackPointExtension>
        </extensions>
      </trkpt>
      <trkpt lat="24.497104496234854" lon="117.68095191872537">
        <ele>6.800000190734863</ele>
        <time>2026-08-04T12:06:31Z</time>
        <extensions>
          <gpxtpx:TrackPointExtension>
            <gpxtpx:hr>162</gpxtpx:hr>
          </gpxtpx:TrackPointExtension>
        </extensions>
      </trkpt>
      <trkpt lat="24.497196570218655" lon="117.68091897147885">
        <ele>6.800000190734863</ele>
        <time>2026-08-04T12:06:35Z</time>
        <extensions>
          <gpxtpx:TrackPointExtension>
            <gpxtpx:hr>163</gpxtpx:hr>
          </gpxtpx:TrackPointExtension>
        </extensions>
      </trkpt>
      <trkpt lat="24.49728755229384" lon="117.68093593452383">
        <ele>6.800000190734863</ele>
        <time>2026-08-04T12:06:39Z</time>
        <extensions>
          <gpxtpx:TrackPointExtension>
            <gpxtpx:hr>163</gpxtpx:hr>
          </gpxtpx:TrackPointExtension>
        </extensions>
      </trkpt>
      <trkpt lat="24.497381498105884" lon="117.68097286145668">
        <ele>6.800000190734863</ele>
        <time>2026-08-04T12:06:43Z</time>
        <extensions>
          <gpxtpx:TrackPointExtension>
            <gpxtpx:hr>163</gpxtpx:hr>
          </gpxtpx:TrackPointExtension>
        </extensions>
      </trkpt>
      <trkpt lat="24.49748245411486" lon="117.68100479688577">
        <ele>6.800000190734863</ele>
        <time>2026-08-04T12:06:47Z</time>
        <extensions>
          <gpxtpx:TrackPointExtension>
            <gpxtpx:hr>164</gpxtpx:hr>
          </gpxtpx:TrackPointExtension>
        </extensions>
      </trkpt>
      <trkpt lat="24.497580429862705" lon="117.68102575227736">
        <ele>6.800000190734863</ele>
        <time>2026-08-04T12:06:51Z</time>
        <extensions>
          <gpxtpx:TrackPointExtension>
            <gpxtpx:hr>164</gpxtpx:hr>
          </gpxtpx:TrackPointExtension>
        </extensions>
      </trkpt>
      <trkpt lat="24.497689407205648" lon="117.68104670689748">
        <ele>7.0</ele>
        <time>2026-08-04T12:06:55Z</time>
        <extensions>
          <gpxtpx:TrackPointExtension>
            <gpxtpx:hr>164</gpxtpx:hr>
          </gpxtpx:TrackPointExtension>
        </extensions>
      </trkpt>
      <trkpt lat="24.49779237633545" lon="117.68107165477197">
        <ele>6.800000190734863</ele>
        <time>2026-08-04T12:06:59Z</time>
        <extensions>
          <gpxtpx:TrackPointExtension>
            <gpxtpx:hr>165</gpxtpx:hr>
          </gpxtpx:TrackPointExtension>
        </extensions>
      </trkpt>
      <trkpt lat="24.497890375903648" lon="117.68107963349831">
        <ele>7.0</ele>
        <time>2026-08-04T12:07:03Z</time>
        <extensions>
          <gpxtpx:TrackPointExtension>
            <gpxtpx:hr>164</gpxtpx:hr>
          </gpxtpx:TrackPointExtension>
        </extensions>
      </trkpt>
      <trkpt lat="24.49798636600598" lon="117.6810926033991">
        <ele>7.199999809265137</ele>
        <time>2026-08-04T12:07:07Z</time>
        <extensions>
          <gpxtpx:TrackPointExtension>
            <gpxtpx:hr>165</gpxtpx:hr>
          </gpxtpx:TrackPointExtension>
        </extensions>
      </trkpt>
      <trkpt lat="24.498088364304376" lon="117.68110158005155">
        <ele>7.199999809265137</ele>
        <time>2026-08-04T12:07:11Z</time>
        <extensions>
          <gpxtpx:TrackPointExtension>
            <gpxtpx:hr>164</gpxtpx:hr>
          </gpxtpx:TrackPointExtension>
        </extensions>
      </trkpt>
      <trkpt lat="24.498191379237458" lon="117.68110157277432">
        <ele>7.199999809265137</ele>
        <time>2026-08-04T12:07:15Z</time>
        <extensions>
          <gpxtpx:TrackPointExtension>
            <gpxtpx:hr>164</gpxtpx:hr>
          </gpxtpx:TrackPointExtension>
        </extensions>
      </trkpt>
      <trkpt lat="24.498295410804918" lon="117.68109258156747">
        <ele>7.199999809265137</ele>
        <time>2026-08-04T12:07:19Z</time>
        <extensions>
          <gpxtpx:TrackPointExtension>
            <gpxtpx:hr>164</gpxtpx:hr>
          </gpxtpx:TrackPointExtension>
        </extensions>
      </trkpt>
      <trkpt lat="24.498398456886076" lon="117.68107560478175">
        <ele>7.199999809265137</ele>
        <time>2026-08-04T12:07:23Z</time>
        <extensions>
          <gpxtpx:TrackPointExtension>
            <gpxtpx:hr>164</gpxtpx:hr>
          </gpxtpx:TrackPointExtension>
        </extensions>
      </trkpt>
      <trkpt lat="24.49849649490204" lon="117.68106262117742">
        <ele>7.400000095367432</ele>
        <time>2026-08-04T12:07:27Z</time>
        <extensions>
          <gpxtpx:TrackPointExtension>
            <gpxtpx:hr>164</gpxtpx:hr>
          </gpxtpx:TrackPointExtension>
        </extensions>
      </trkpt>
      <trkpt lat="24.498601548593257" lon="117.68104165143374">
        <ele>7.599999904632568</ele>
        <time>2026-08-04T12:07:31Z</time>
        <extensions>
          <gpxtpx:TrackPointExtension>
            <gpxtpx:hr>164</gpxtpx:hr>
          </gpxtpx:TrackPointExtension>
        </extensions>
      </trkpt>
      <trkpt lat="24.49869063114952" lon="117.681003713334">
        <ele>7.599999904632568</ele>
        <time>2026-08-04T12:07:35Z</time>
        <extensions>
          <gpxtpx:TrackPointExtension>
            <gpxtpx:hr>164</gpxtpx:hr>
          </gpxtpx:TrackPointExtension>
        </extensions>
      </trkpt>
      <trkpt lat="24.49873780123516" lon="117.68091486979132">
        <ele>7.599999904632568</ele>
        <time>2026-08-04T12:07:39Z</time>
        <extensions>
          <gpxtpx:TrackPointExtension>
            <gpxtpx:hr>164</gpxtpx:hr>
          </gpxtpx:TrackPointExtension>
        </extensions>
      </trkpt>
      <trkpt lat="24.498755003799094" lon="117.6808060644134">
        <ele>8.0</ele>
        <time>2026-08-04T12:07:43Z</time>
        <extensions>
          <gpxtpx:TrackPointExtension>
            <gpxtpx:hr>166</gpxtpx:hr>
          </gpxtpx:TrackPointExtension>
        </extensions>
      </trkpt>
      <trkpt lat="24.498764199821196" lon="117.68070025435796">
        <ele>8.0</ele>
        <time>2026-08-04T12:07:47Z</time>
        <extensions>
          <gpxtpx:TrackPointExtension>
            <gpxtpx:hr>167</gpxtpx:hr>
          </gpxtpx:TrackPointExtension>
        </extensions>
      </trkpt>
      <trkpt lat="24.49876540400022" lon="117.68058945401148">
        <ele>8.199999809265137</ele>
        <time>2026-08-04T12:07:51Z</time>
        <extensions>
          <gpxtpx:TrackPointExtension>
            <gpxtpx:hr>169</gpxtpx:hr>
          </gpxtpx:TrackPointExtension>
        </extensions>
      </trkpt>
      <trkpt lat="24.498761605746335" lon="117.68047965237339">
        <ele>8.399999618530273</ele>
        <time>2026-08-04T12:07:55Z</time>
        <extensions>
          <gpxtpx:TrackPointExtension>
            <gpxtpx:hr>169</gpxtpx:hr>
          </gpxtpx:TrackPointExtension>
        </extensions>
      </trkpt>
      <trkpt lat="24.498762797293985" lon="117.68037583971822">
        <ele>8.600000381469727</ele>
        <time>2026-08-04T12:07:59Z</time>
        <extensions>
          <gpxtpx:TrackPointExtension>
            <gpxtpx:hr>168</gpxtpx:hr>
          </gpxtpx:TrackPointExtension>
        </extensions>
      </trkpt>
      <trkpt lat="24.498748003221458" lon="117.68026304456562">
        <ele>8.600000381469727</ele>
        <time>2026-08-04T12:08:03Z</time>
        <extensions>
          <gpxtpx:TrackPointExtension>
            <gpxtpx:hr>168</gpxtpx:hr>
          </gpxtpx:TrackPointExtension>
        </extensions>
      </trkpt>
      <trkpt lat="24.498748204072175" lon="117.68015424129021">
        <ele>8.399999618530273</ele>
        <time>2026-08-04T12:08:07Z</time>
        <extensions>
          <gpxtpx:TrackPointExtension>
            <gpxtpx:hr>168</gpxtpx:hr>
          </gpxtpx:TrackPointExtension>
        </extensions>
      </trkpt>
      <trkpt lat="24.49873939452223" lon="117.68005042976337">
        <ele>8.399999618530273</ele>
        <time>2026-08-04T12:08:11Z</time>
        <extensions>
          <gpxtpx:TrackPointExtension>
            <gpxtpx:hr>168</gpxtpx:hr>
          </gpxtpx:TrackPointExtension>
        </extensions>
      </trkpt>
      <trkpt lat="24.498701582737976" lon="117.6799456222257">
        <ele>8.0</ele>
        <time>2026-08-04T12:08:15Z</time>
        <extensions>
          <gpxtpx:TrackPointExtension>
            <gpxtpx:hr>168</gpxtpx:hr>
          </gpxtpx:TrackPointExtension>
        </extensions>
      </trkpt>
      <trkpt lat="24.498640736352325" lon="117.67985778569007">
        <ele>7.800000190734863</ele>
        <time>2026-08-04T12:08:19Z</time>
        <extensions>
          <gpxtpx:TrackPointExtension>
            <gpxtpx:hr>168</gpxtpx:hr>
          </gpxtpx:TrackPointExtension>
        </extensions>
      </trkpt>
      <trkpt lat="24.49858189956437" lon="117.67976495815786">
        <ele>7.800000190734863</ele>
        <time>2026-08-04T12:08:23Z</time>
        <extensions>
          <gpxtpx:TrackPointExtension>
            <gpxtpx:hr>168</gpxtpx:hr>
          </gpxtpx:TrackPointExtension>
        </extensions>
      </trkpt>
      <trkpt lat="24.498552096621207" lon="117.67965615766451">
        <ele>7.599999904632568</ele>
        <time>2026-08-04T12:08:27Z</time>
        <extensions>
          <gpxtpx:TrackPointExtension>
            <gpxtpx:hr>168</gpxtpx:hr>
          </gpxtpx:TrackPointExtension>
        </extensions>
      </trkpt>
      <trkpt lat="24.498519291510036" lon="117.67954835571209">
        <ele>7.400000095367432</ele>
        <time>2026-08-04T12:08:31Z</time>
        <extensions>
          <gpxtpx:TrackPointExtension>
            <gpxtpx:hr>167</gpxtpx:hr>
          </gpxtpx:TrackPointExtension>
        </extensions>
      </trkpt>
      <trkpt lat="24.49847444407112" lon="117.67946251483784">
        <ele>7.199999809265137</ele>
        <time>2026-08-04T12:08:35Z</time>
        <extensions>
          <gpxtpx:TrackPointExtension>
            <gpxtpx:hr>166</gpxtpx:hr>
          </gpxtpx:TrackPointExtension>
        </extensions>
      </trkpt>
      <trkpt lat="24.498431606245305" lon="117.67937168298388">
        <ele>7.199999809265137</ele>
        <time>2026-08-04T12:08:39Z</time>
        <extensions>
          <gpxtpx:TrackPointExtension>
            <gpxtpx:hr>165</gpxtpx:hr>
          </gpxtpx:TrackPointExtension>
        </extensions>
      </trkpt>
      <trkpt lat="24.498396793728872" lon="117.67926787427055">
        <ele>7.199999809265137</ele>
        <time>2026-08-04T12:08:43Z</time>
        <extensions>
          <gpxtpx:TrackPointExtension>
            <gpxtpx:hr>164</gpxtpx:hr>
          </gpxtpx:TrackPointExtension>
        </extensions>
      </trkpt>
      <trkpt lat="24.49836498915965" lon="117.67916007274046">
        <ele>7.0</ele>
        <time>2026-08-04T12:08:47Z</time>
        <extensions>
          <gpxtpx:TrackPointExtension>
            <gpxtpx:hr>163</gpxtpx:hr>
          </gpxtpx:TrackPointExtension>
        </extensions>
      </trkpt>
      <trkpt lat="24.49833918371375" lon="117.67905326910254">
        <ele>7.0</ele>
        <time>2026-08-04T12:08:51Z</time>
        <extensions>
          <gpxtpx:TrackPointExtension>
            <gpxtpx:hr>161</gpxtpx:hr>
          </gpxtpx:TrackPointExtension>
        </extensions>
      </trkpt>
      <trkpt lat="24.49830637179523" lon="117.67894946063058">
        <ele>7.0</ele>
        <time>2026-08-04T12:08:55Z</time>
        <extensions>
          <gpxtpx:TrackPointExtension>
            <gpxtpx:hr>162</gpxtpx:hr>
          </gpxtpx:TrackPointExtension>
        </extensions>
      </trkpt>
      <trkpt lat="24.49827055026169" lon="117.67885064338856">
        <ele>7.0</ele>
        <time>2026-08-04T12:08:59Z</time>
        <extensions>
          <gpxtpx:TrackPointExtension>
            <gpxtpx:hr>161</gpxtpx:hr>
          </gpxtpx:TrackPointExtension>
        </extensions>
      </trkpt>
      <trkpt lat="24.4982287242338" lon="117.67875382303674">
        <ele>7.0</ele>
        <time>2026-08-04T12:09:03Z</time>
        <extensions>
          <gpxtpx:TrackPointExtension>
            <gpxtpx:hr>161</gpxtpx:hr>
          </gpxtpx:TrackPointExtension>
        </extensions>
      </trkpt>
      <trkpt lat="24.498186900147214" lon="117.67865600461334">
        <ele>7.0</ele>
        <time>2026-08-04T12:09:07Z</time>
        <extensions>
          <gpxtpx:TrackPointExtension>
            <gpxtpx:hr>160</gpxtpx:hr>
          </gpxtpx:TrackPointExtension>
        </extensions>
      </trkpt>
      <trkpt lat="24.498140097722715" lon="117.67854620854084">
        <ele>6.800000190734863</ele>
        <time>2026-08-04T12:09:11Z</time>
        <extensions>
          <gpxtpx:TrackPointExtension>
            <gpxtpx:hr>156</gpxtpx:hr>
          </gpxtpx:TrackPointExtension>
        </extensions>
      </trkpt>
      <trkpt lat="24.498100272245853" lon="117.67844938837645">
        <ele>6.800000190734863</ele>
        <time>2026-08-04T12:09:15Z</time>
        <extensions>
          <gpxtpx:TrackPointExtension>
            <gpxtpx:hr>155</gpxtpx:hr>
          </gpxtpx:TrackPointExtension>
        </extensions>
      </trkpt>
      <trkpt lat="24.498058444700295" lon="117.67835356662981">
        <ele>6.599999904632568</ele>
        <time>2026-08-04T12:09:19Z</time>
        <extensions>
          <gpxtpx:TrackPointExtension>
            <gpxtpx:hr>157</gpxtpx:hr>
          </gpxtpx:TrackPointExtension>
        </extensions>
      </trkpt>
      <trkpt lat="24.498012625959184" lon="117.67825275440325">
        <ele>6.599999904632568</ele>
        <time>2026-08-04T12:09:23Z</time>
        <extensions>
          <gpxtpx:TrackPointExtension>
            <gpxtpx:hr>159</gpxtpx:hr>
          </gpxtpx:TrackPointExtension>
        </extensions>
      </trkpt>
      <trkpt lat="24.497960800847746" lon="117.6781549372245">
        <ele>6.599999904632568</ele>
        <time>2026-08-04T12:09:27Z</time>
        <extensions>
          <gpxtpx:TrackPointExtension>
            <gpxtpx:hr>161</gpxtpx:hr>
          </gpxtpx:TrackPointExtension>
        </extensions>
      </trkpt>
      <trkpt lat="24.497910970518436" lon="117.67806011451846">
        <ele>6.599999904632568</ele>
        <time>2026-08-04T12:09:31Z</time>
        <extensions>
          <gpxtpx:TrackPointExtension>
            <gpxtpx:hr>161</gpxtpx:hr>
          </gpxtpx:TrackPointExtension>
        </extensions>
      </trkpt>
      <trkpt lat="24.497866126081362" lon="117.67797327691073">
        <ele>6.800000190734863</ele>
        <time>2026-08-04T12:09:35Z</time>
        <extensions>
          <gpxtpx:TrackPointExtension>
            <gpxtpx:hr>161</gpxtpx:hr>
          </gpxtpx:TrackPointExtension>
        </extensions>
      </trkpt>
      <trkpt lat="24.49781227853455" lon="117.67788743818684">
        <ele>6.800000190734863</ele>
        <time>2026-08-04T12:09:39Z</time>
        <extensions>
          <gpxtpx:TrackPointExtension>
            <gpxtpx:hr>161</gpxtpx:hr>
          </gpxtpx:TrackPointExtension>
        </extensions>
      </trkpt>
      <trkpt lat="24.497761442673557" lon="117.67779561032273">
        <ele>6.800000190734863</ele>
        <time>2026-08-04T12:09:43Z</time>
        <extensions>
          <gpxtpx:TrackPointExtension>
            <gpxtpx:hr>160</gpxtpx:hr>
          </gpxtpx:TrackPointExtension>
        </extensions>
      </trkpt>
      <trkpt lat="24.49770561361711" lon="117.67769979023306">
        <ele>6.800000190734863</ele>
        <time>2026-08-04T12:09:47Z</time>
        <extensions>
          <gpxtpx:TrackPointExtension>
            <gpxtpx:hr>161</gpxtpx:hr>
          </gpxtpx:TrackPointExtension>
        </extensions>
      </trkpt>
      <trkpt lat="24.49764678793088" lon="117.67760197411904">
        <ele>6.800000190734863</ele>
        <time>2026-08-04T12:09:51Z</time>
        <extensions>
          <gpxtpx:TrackPointExtension>
            <gpxtpx:hr>160</gpxtpx:hr>
          </gpxtpx:TrackPointExtension>
        </extensions>
      </trkpt>
      <trkpt lat="24.497584954413664" lon="117.67750815097367">
        <ele>6.800000190734863</ele>
        <time>2026-08-04T12:09:55Z</time>
        <extensions>
          <gpxtpx:TrackPointExtension>
            <gpxtpx:hr>161</gpxtpx:hr>
          </gpxtpx:TrackPointExtension>
        </extensions>
      </trkpt>
      <trkpt lat="24.497526106455982" lon="117.67742231301618">
        <ele>7.0</ele>
        <time>2026-08-04T12:09:59Z</time>
        <extensions>
          <gpxtpx:TrackPointExtension>
            <gpxtpx:hr>160</gpxtpx:hr>
          </gpxtpx:TrackPointExtension>
        </extensions>
      </trkpt>
      <trkpt lat="24.497463274791844" lon="117.67732749194982">
        <ele>7.0</ele>
        <time>2026-08-04T12:10:03Z</time>
        <extensions>
          <gpxtpx:TrackPointExtension>
            <gpxtpx:hr>162</gpxtpx:hr>
          </gpxtpx:TrackPointExtension>
        </extensions>
      </trkpt>
      <trkpt lat="24.497392417725415" lon="117.67724564764379">
        <ele>7.0</ele>
        <time>2026-08-04T12:10:07Z</time>
        <extensions>
          <gpxtpx:TrackPointExtension>
            <gpxtpx:hr>162</gpxtpx:hr>
          </gpxtpx:TrackPointExtension>
        </extensions>
      </trkpt>
      <trkpt lat="24.497334564472794" lon="117.67716280432566">
        <ele>6.800000190734863</ele>
        <time>2026-08-04T12:10:11Z</time>
        <extensions>
          <gpxtpx:TrackPointExtension>
            <gpxtpx:hr>163</gpxtpx:hr>
          </gpxtpx:TrackPointExtension>
        </extensions>
      </trkpt>
      <trkpt lat="24.497269719604734" lon="117.67707497076795">
        <ele>6.800000190734863</ele>
        <time>2026-08-04T12:10:15Z</time>
        <extensions>
          <gpxtpx:TrackPointExtension>
            <gpxtpx:hr>162</gpxtpx:hr>
          </gpxtpx:TrackPointExtension>
        </extensions>
      </trkpt>
      <trkpt lat="24.497190854034837" lon="117.67699711986936">
        <ele>7.0</ele>
        <time>2026-08-04T12:10:19Z</time>
        <extensions>
          <gpxtpx:TrackPointExtension>
            <gpxtpx:hr>162</gpxtpx:hr>
          </gpxtpx:TrackPointExtension>
        </extensions>
      </trkpt>
      <trkpt lat="24.49708991415926" lon="117.67695720062416">
        <ele>7.0</ele>
        <time>2026-08-04T12:10:23Z</time>
        <extensions>
          <gpxtpx:TrackPointExtension>
            <gpxtpx:hr>162</gpxtpx:hr>
          </gpxtpx:TrackPointExtension>
        </extensions>
      </trkpt>
      <trkpt lat="24.496983943602487" lon="117.676933252289">
        <ele>7.0</ele>
        <time>2026-08-04T12:10:27Z</time>
        <extensions>
          <gpxtpx:TrackPointExtension>
            <gpxtpx:hr>162</gpxtpx:hr>
          </gpxtpx:TrackPointExtension>
        </extensions>
      </trkpt>
      <trkpt lat="24.49688497406273" lon="117.67690930346525">
        <ele>7.0</ele>
        <time>2026-08-04T12:10:31Z</time>
        <extensions>
          <gpxtpx:TrackPointExtension>
            <gpxtpx:hr>162</gpxtpx:hr>
          </gpxtpx:TrackPointExtension>
        </extensions>
      </trkpt>
      <trkpt lat="24.496778022071506" lon="117.67687537362738">
        <ele>7.0</ele>
        <time>2026-08-04T12:10:35Z</time>
        <extensions>
          <gpxtpx:TrackPointExtension>
            <gpxtpx:hr>162</gpxtpx:hr>
          </gpxtpx:TrackPointExtension>
        </extensions>
      </trkpt>
      <trkpt lat="24.496679076867483" lon="117.67683844876176">
        <ele>6.800000190734863</ele>
        <time>2026-08-04T12:10:39Z</time>
        <extensions>
          <gpxtpx:TrackPointExtension>
            <gpxtpx:hr>163</gpxtpx:hr>
          </gpxtpx:TrackPointExtension>
        </extensions>
      </trkpt>
      <trkpt lat="24.496582101990136" lon="117.67681749429194">
        <ele>6.800000190734863</ele>
        <time>2026-08-04T12:10:43Z</time>
        <extensions>
          <gpxtpx:TrackPointExtension>
            <gpxtpx:hr>163</gpxtpx:hr>
          </gpxtpx:TrackPointExtension>
        </extensions>
      </trkpt>
      <trkpt lat="24.496484164422963" lon="117.67677657674629">
        <ele>6.599999904632568</ele>
        <time>2026-08-04T12:10:47Z</time>
        <extensions>
          <gpxtpx:TrackPointExtension>
            <gpxtpx:hr>163</gpxtpx:hr>
          </gpxtpx:TrackPointExtension>
        </extensions>
      </trkpt>
      <trkpt lat="24.496399268111617" lon="117.6767146970033">
        <ele>6.800000190734863</ele>
        <time>2026-08-04T12:10:51Z</time>
        <extensions>
          <gpxtpx:TrackPointExtension>
            <gpxtpx:hr>163</gpxtpx:hr>
          </gpxtpx:TrackPointExtension>
        </extensions>
      </trkpt>
      <trkpt lat="24.496309359843675" lon="117.67665880658733">
        <ele>6.800000190734863</ele>
        <time>2026-08-04T12:10:55Z</time>
        <extensions>
          <gpxtpx:TrackPointExtension>
            <gpxtpx:hr>163</gpxtpx:hr>
          </gpxtpx:TrackPointExtension>
        </extensions>
      </trkpt>
      <trkpt lat="24.496222455780945" lon="117.6766009196776">
        <ele>6.800000190734863</ele>
        <time>2026-08-04T12:10:59Z</time>
        <extensions>
          <gpxtpx:TrackPointExtension>
            <gpxtpx:hr>163</gpxtpx:hr>
          </gpxtpx:TrackPointExtension>
        </extensions>
      </trkpt>
      <trkpt lat="24.49612854508247" lon="117.67654602775913">
        <ele>6.800000190734863</ele>
        <time>2026-08-04T12:11:03Z</time>
        <extensions>
          <gpxtpx:TrackPointExtension>
            <gpxtpx:hr>163</gpxtpx:hr>
          </gpxtpx:TrackPointExtension>
        </extensions>
      </trkpt>
      <trkpt lat="24.496031626455377" lon="117.67649512869959">
        <ele>6.599999904632568</ele>
        <time>2026-08-04T12:11:07Z</time>
        <extensions>
          <gpxtpx:TrackPointExtension>
            <gpxtpx:hr>164</gpxtpx:hr>
          </gpxtpx:TrackPointExtension>
        </extensions>
      </trkpt>
      <trkpt lat="24.49593872343255" lon="117.67643624414778">
        <ele>6.599999904632568</ele>
        <time>2026-08-04T12:11:11Z</time>
        <extensions>
          <gpxtpx:TrackPointExtension>
            <gpxtpx:hr>164</gpxtpx:hr>
          </gpxtpx:TrackPointExtension>
        </extensions>
      </trkpt>
      <trkpt lat="24.495845820426787" lon="117.67637735962809">
        <ele>6.800000190734863</ele>
        <time>2026-08-04T12:11:15Z</time>
        <extensions>
          <gpxtpx:TrackPointExtension>
            <gpxtpx:hr>165</gpxtpx:hr>
          </gpxtpx:TrackPointExtension>
        </extensions>
      </trkpt>
      <trkpt lat="24.495750922773155" lon="117.67631548082217">
        <ele>6.599999904632568</ele>
        <time>2026-08-04T12:11:19Z</time>
        <extensions>
          <gpxtpx:TrackPointExtension>
            <gpxtpx:hr>165</gpxtpx:hr>
          </gpxtpx:TrackPointExtension>
        </extensions>
      </trkpt>
      <trkpt lat="24.49565702340887" lon="117.67625460013332">
        <ele>6.599999904632568</ele>
        <time>2026-08-04T12:11:23Z</time>
        <extensions>
          <gpxtpx:TrackPointExtension>
            <gpxtpx:hr>166</gpxtpx:hr>
          </gpxtpx:TrackPointExtension>
        </extensions>
      </trkpt>
      <trkpt lat="24.49556611324033" lon="117.67619970817871">
        <ele>6.599999904632568</ele>
        <time>2026-08-04T12:11:27Z</time>
        <extensions>
          <gpxtpx:TrackPointExtension>
            <gpxtpx:hr>167</gpxtpx:hr>
          </gpxtpx:TrackPointExtension>
        </extensions>
      </trkpt>
      <trkpt lat="24.49547921494287" lon="117.67613882705997">
        <ele>6.599999904632568</ele>
        <time>2026-08-04T12:11:31Z</time>
        <extensions>
          <gpxtpx:TrackPointExtension>
            <gpxtpx:hr>167</gpxtpx:hr>
          </gpxtpx:TrackPointExtension>
        </extensions>
      </trkpt>
      <trkpt lat="24.495387317804443" lon="117.67607694817659">
        <ele>6.599999904632568</ele>
        <time>2026-08-04T12:11:35Z</time>
        <extensions>
          <gpxtpx:TrackPointExtension>
            <gpxtpx:hr>168</gpxtpx:hr>
          </gpxtpx:TrackPointExtension>
        </extensions>
      </trkpt>
      <trkpt lat="24.49529139567048" lon="117.67602804556562">
        <ele>6.599999904632568</ele>
        <time>2026-08-04T12:11:39Z</time>
        <extensions>
          <gpxtpx:TrackPointExtension>
            <gpxtpx:hr>168</gpxtpx:hr>
          </gpxtpx:TrackPointExtension>
        </extensions>
      </trkpt>
      <trkpt lat="24.495196477450285" lon="117.67597714660528">
        <ele>6.599999904632568</ele>
        <time>2026-08-04T12:11:43Z</time>
        <extensions>
          <gpxtpx:TrackPointExtension>
            <gpxtpx:hr>168</gpxtpx:hr>
          </gpxtpx:TrackPointExtension>
        </extensions>
      </trkpt>
      <trkpt lat="24.495119554384818" lon="117.67593023899623">
        <ele>6.599999904632568</ele>
        <time>2026-08-04T12:11:47Z</time>
        <extensions>
          <gpxtpx:TrackPointExtension>
            <gpxtpx:hr>168</gpxtpx:hr>
          </gpxtpx:TrackPointExtension>
        </extensions>
      </trkpt>
      <trkpt lat="24.49503862509787" lon="117.67588632613659">
        <ele>6.599999904632568</ele>
        <time>2026-08-04T12:11:51Z</time>
        <extensions>
          <gpxtpx:TrackPointExtension>
            <gpxtpx:hr>167</gpxtpx:hr>
          </gpxtpx:TrackPointExtension>
        </extensions>
      </trkpt>
      <trkpt lat="24.494958656488265" lon="117.67586337435134">
        <ele>6.800000190734863</ele>
        <time>2026-08-04T12:11:55Z</time>
        <extensions>
          <gpxtpx:TrackPointExtension>
            <gpxtpx:hr>169</gpxtpx:hr>
          </gpxtpx:TrackPointExtension>
        </extensions>
      </trkpt>
      <trkpt lat="24.494888696877613" lon="117.67583642926975">
        <ele>6.599999904632568</ele>
        <time>2026-08-04T12:11:59Z</time>
        <extensions>
          <gpxtpx:TrackPointExtension>
            <gpxtpx:hr>168</gpxtpx:hr>
          </gpxtpx:TrackPointExtension>
        </extensions>
      </trkpt>
      <trkpt lat="24.494818739147394" lon="117.67580848604592">
        <ele>6.400000095367432</ele>
        <time>2026-08-04T12:12:03Z</time>
        <extensions>
          <gpxtpx:TrackPointExtension>
            <gpxtpx:hr>169</gpxtpx:hr>
          </gpxtpx:TrackPointExtension>
        </extensions>
      </trkpt>
      <trkpt lat="24.494763738514653" lon="117.67580449733265">
        <ele>6.599999904632568</ele>
        <time>2026-08-04T12:12:07Z</time>
        <extensions>
          <gpxtpx:TrackPointExtension>
            <gpxtpx:hr>169</gpxtpx:hr>
          </gpxtpx:TrackPointExtension>
        </extensions>
      </trkpt>
      <trkpt lat="24.49474963115694" lon="117.67586039465195">
        <ele>6.599999904632568</ele>
        <time>2026-08-04T12:12:11Z</time>
        <extensions>
          <gpxtpx:TrackPointExtension>
            <gpxtpx:hr>168</gpxtpx:hr>
          </gpxtpx:TrackPointExtension>
        </extensions>
      </trkpt>
      <trkpt lat="24.49471352619615" lon="117.67591329910279">
        <ele>6.199999809265137</ele>
        <time>2026-08-04T12:12:15Z</time>
        <extensions>
          <gpxtpx:TrackPointExtension>
            <gpxtpx:hr>167</gpxtpx:hr>
          </gpxtpx:TrackPointExtension>
        </extensions>
      </trkpt>
      <trkpt lat="24.494714439895997" lon="117.67595921391815">
        <ele>6.199999809265137</ele>
        <time>2026-08-04T12:12:19Z</time>
        <extensions>
          <gpxtpx:TrackPointExtension>
            <gpxtpx:hr>166</gpxtpx:hr>
          </gpxtpx:TrackPointExtension>
        </extensions>
      </trkpt>
      <trkpt lat="24.494753535887217" lon="117.67591129998127">
        <ele>6.199999809265137</ele>
        <time>2026-08-04T12:12:23Z</time>
        <extensions>
          <gpxtpx:TrackPointExtension>
            <gpxtpx:hr>166</gpxtpx:hr>
          </gpxtpx:TrackPointExtension>
        </extensions>
      </trkpt>
      <trkpt lat="24.494783643717557" lon="117.6758563996568">
        <ele>6.199999809265137</ele>
        <time>2026-08-04T12:12:27Z</time>
        <extensions>
          <gpxtpx:TrackPointExtension>
            <gpxtpx:hr>166</gpxtpx:hr>
          </gpxtpx:TrackPointExtension>
        </extensions>
      </trkpt>
      <trkpt lat="24.494786753206153" lon="117.67579850681871">
        <ele>6.199999809265137</ele>
        <time>2026-08-04T12:12:31Z</time>
        <extensions>
          <gpxtpx:TrackPointExtension>
            <gpxtpx:hr>165</gpxtpx:hr>
          </gpxtpx:TrackPointExtension>
        </extensions>
      </trkpt>
      <trkpt lat="24.494748803982915" lon="117.6757685650497">
        <ele>6.199999809265137</ele>
        <time>2026-08-04T12:12:35Z</time>
        <extensions>
          <gpxtpx:TrackPointExtension>
            <gpxtpx:hr>163</gpxtpx:hr>
          </gpxtpx:TrackPointExtension>
        </extensions>
      </trkpt>
      <trkpt lat="24.494709739907666" lon="117.67579951040045">
        <ele>6.199999809265137</ele>
        <time>2026-08-04T12:12:39Z</time>
        <extensions>
          <gpxtpx:TrackPointExtension>
            <gpxtpx:hr>156</gpxtpx:hr>
          </gpxtpx:TrackPointExtension>
        </extensions>
      </trkpt>
      <trkpt lat="24.494710676131177" lon="117.67583344738351">
        <ele>6.199999809265137</ele>
        <time>2026-08-04T12:12:43Z</time>
        <extensions>
          <gpxtpx:TrackPointExtension>
            <gpxtpx:hr>150</gpxtpx:hr>
          </gpxtpx:TrackPointExtension>
        </extensions>
      </trkpt>
      <trkpt lat="24.494741669448764" lon="117.67583943408893">
        <ele>6.199999809265137</ele>
        <time>2026-08-04T12:12:47Z</time>
        <extensions>
          <gpxtpx:TrackPointExtension>
            <gpxtpx:hr>144</gpxtpx:hr>
          </gpxtpx:TrackPointExtension>
        </extensions>
      </trkpt>
      <trkpt lat="24.494729680829206" lon="117.67583244789404">
        <ele>6.199999809265137</ele>
        <time>2026-08-04T12:12:51Z</time>
        <extensions>
          <gpxtpx:TrackPointExtension>
            <gpxtpx:hr>143</gpxtpx:hr>
          </gpxtpx:TrackPointExtension>
        </extensions>
      </trkpt>
      <trkpt lat="24.49474568132196" lon="117.67583344491382">
        <ele>6.199999809265137</ele>
        <time>2026-08-04T12:12:55Z</time>
        <extensions>
          <gpxtpx:TrackPointExtension>
            <gpxtpx:hr>142</gpxtpx:hr>
          </gpxtpx:TrackPointExtension>
        </extensions>
      </trkpt>
      <trkpt lat="24.494687358851472" lon="117.6760001399767">
        <ele>5.599999904632568</ele>
        <time>2026-08-04T12:13:22Z</time>
        <extensions>
          <gpxtpx:TrackPointExtension>
            <gpxtpx:hr>134</gpxtpx:hr>
          </gpxtpx:TrackPointExtension>
        </extensions>
      </trkpt>
      <trkpt lat="24.494664199517224" lon="117.67608298810244">
        <ele>6.0</ele>
        <time>2026-08-04T12:13:26Z</time>
        <extensions>
          <gpxtpx:TrackPointExtension>
            <gpxtpx:hr>134</gpxtpx:hr>
          </gpxtpx:TrackPointExtension>
        </extensions>
      </trkpt>
      <trkpt lat="24.49465104547031" lon="117.676163839281">
        <ele>5.800000190734863</ele>
        <time>2026-08-04T12:13:30Z</time>
        <extensions>
          <gpxtpx:TrackPointExtension>
            <gpxtpx:hr>132</gpxtpx:hr>
          </gpxtpx:TrackPointExtension>
        </extensions>
      </trkpt>
      <trkpt lat="24.494695977043694" lon="117.67620376218225">
        <ele>6.0</ele>
        <time>2026-08-04T12:13:34Z</time>
        <extensions>
          <gpxtpx:TrackPointExtension>
            <gpxtpx:hr>132</gpxtpx:hr>
          </gpxtpx:TrackPointExtension>
        </extensions>
      </trkpt>
      <trkpt lat="24.494750891338374" lon="117.67625366591741">
        <ele>6.0</ele>
        <time>2026-08-04T12:13:38Z</time>
        <extensions>
          <gpxtpx:TrackPointExtension>
            <gpxtpx:hr>132</gpxtpx:hr>
          </gpxtpx:TrackPointExtension>
        </extensions>
      </trkpt>
      <trkpt lat="24.49482587805571" lon="117.67626663660872">
        <ele>6.199999809265137</ele>
        <time>2026-08-04T12:13:42Z</time>
        <extensions>
          <gpxtpx:TrackPointExtension>
            <gpxtpx:hr>133</gpxtpx:hr>
          </gpxtpx:TrackPointExtension>
        </extensions>
      </trkpt>
      <trkpt lat="24.494918901220213" lon="117.6762616392825">
        <ele>6.0</ele>
        <time>2026-08-04T12:13:46Z</time>
        <extensions>
          <gpxtpx:TrackPointExtension>
            <gpxtpx:hr>135</gpxtpx:hr>
          </gpxtpx:TrackPointExtension>
        </extensions>
      </trkpt>
      <trkpt lat="24.495012939541148" lon="117.67624865666558">
        <ele>6.199999809265137</ele>
        <time>2026-08-04T12:13:50Z</time>
        <extensions>
          <gpxtpx:TrackPointExtension>
            <gpxtpx:hr>142</gpxtpx:hr>
          </gpxtpx:TrackPointExtension>
        </extensions>
      </trkpt>
      <trkpt lat="24.495099943030684" lon="117.67625364128865">
        <ele>5.800000190734863</ele>
        <time>2026-08-04T12:13:54Z</time>
        <extensions>
          <gpxtpx:TrackPointExtension>
            <gpxtpx:hr>144</gpxtpx:hr>
          </gpxtpx:TrackPointExtension>
        </extensions>
      </trkpt>
      <trkpt lat="24.49518091559423" lon="117.67627459677804">
        <ele>6.199999809265137</ele>
        <time>2026-08-04T12:13:58Z</time>
        <extensions>
          <gpxtpx:TrackPointExtension>
            <gpxtpx:hr>146</gpxtpx:hr>
          </gpxtpx:TrackPointExtension>
        </extensions>
      </trkpt>
      <trkpt lat="24.495265866225026" lon="117.67630752982495">
        <ele>6.0</ele>
        <time>2026-08-04T12:14:02Z</time>
        <extensions>
          <gpxtpx:TrackPointExtension>
            <gpxtpx:hr>145</gpxtpx:hr>
          </gpxtpx:TrackPointExtension>
        </extensions>
      </trkpt>
      <trkpt lat="24.495344887280485" lon="117.67630253348473">
        <ele>6.0</ele>
        <time>2026-08-04T12:14:06Z</time>
        <extensions>
          <gpxtpx:TrackPointExtension>
            <gpxtpx:hr>145</gpxtpx:hr>
          </gpxtpx:TrackPointExtension>
        </extensions>
      </trkpt>
      <trkpt lat="24.495400043686125" lon="117.67622367554527">
        <ele>6.0</ele>
        <time>2026-08-04T12:14:10Z</time>
        <extensions>
          <gpxtpx:TrackPointExtension>
            <gpxtpx:hr>144</gpxtpx:hr>
          </gpxtpx:TrackPointExtension>
        </extensions>
      </trkpt>
      <trkpt lat="24.495472120024118" lon="117.67618873514029">
        <ele>6.0</ele>
        <time>2026-08-04T12:14:14Z</time>
        <extensions>
          <gpxtpx:TrackPointExtension>
            <gpxtpx:hr>145</gpxtpx:hr>
          </gpxtpx:TrackPointExtension>
        </extensions>
      </trkpt>
      <trkpt lat="24.495552120562703" lon="117.67619471840655">
        <ele>5.800000190734863</ele>
        <time>2026-08-04T12:14:18Z</time>
        <extensions>
          <gpxtpx:TrackPointExtension>
            <gpxtpx:hr>144</gpxtpx:hr>
          </gpxtpx:TrackPointExtension>
        </extensions>
      </trkpt>
      <trkpt lat="24.495634050052235" lon="117.6762386313168">
        <ele>6.0</ele>
        <time>2026-08-04T12:14:22Z</time>
        <extensions>
          <gpxtpx:TrackPointExtension>
            <gpxtpx:hr>145</gpxtpx:hr>
          </gpxtpx:TrackPointExtension>
        </extensions>
      </trkpt>
      <trkpt lat="24.495705959307323" lon="117.67629252647885">
        <ele>6.0</ele>
        <time>2026-08-04T12:14:26Z</time>
        <extensions>
          <gpxtpx:TrackPointExtension>
            <gpxtpx:hr>146</gpxtpx:hr>
          </gpxtpx:TrackPointExtension>
        </extensions>
      </trkpt>
      <trkpt lat="24.495776896577922" lon="117.6763314494382">
        <ele>5.800000190734863</ele>
        <time>2026-08-04T12:14:30Z</time>
        <extensions>
          <gpxtpx:TrackPointExtension>
            <gpxtpx:hr>147</gpxtpx:hr>
          </gpxtpx:TrackPointExtension>
        </extensions>
      </trkpt>
      <trkpt lat="24.495845818550617" lon="117.67637835778177">
        <ele>5.800000190734863</ele>
        <time>2026-08-04T12:14:34Z</time>
        <extensions>
          <gpxtpx:TrackPointExtension>
            <gpxtpx:hr>148</gpxtpx:hr>
          </gpxtpx:TrackPointExtension>
        </extensions>
      </trkpt>
      <trkpt lat="24.49591973376727" lon="117.67642925840936">
        <ele>5.800000190734863</ele>
        <time>2026-08-04T12:14:38Z</time>
        <extensions>
          <gpxtpx:TrackPointExtension>
            <gpxtpx:hr>148</gpxtpx:hr>
          </gpxtpx:TrackPointExtension>
        </extensions>
      </trkpt>
      <trkpt lat="24.495998655359305" lon="117.67647716424422">
        <ele>5.800000190734863</ele>
        <time>2026-08-04T12:14:42Z</time>
        <extensions>
          <gpxtpx:TrackPointExtension>
            <gpxtpx:hr>148</gpxtpx:hr>
          </gpxtpx:TrackPointExtension>
        </extensions>
      </trkpt>
      <trkpt lat="24.49607360262619" lon="117.67651109621292">
        <ele>5.800000190734863</ele>
        <time>2026-08-04T12:14:46Z</time>
        <extensions>
          <gpxtpx:TrackPointExtension>
            <gpxtpx:hr>147</gpxtpx:hr>
          </gpxtpx:TrackPointExtension>
        </extensions>
      </trkpt>
      <trkpt lat="24.49614754974921" lon="117.67654502826292">
        <ele>5.800000190734863</ele>
        <time>2026-08-04T12:14:50Z</time>
        <extensions>
          <gpxtpx:TrackPointExtension>
            <gpxtpx:hr>147</gpxtpx:hr>
          </gpxtpx:TrackPointExtension>
        </extensions>
      </trkpt>
      <trkpt lat="24.49622448231875" lon="117.67658694535668">
        <ele>6.0</ele>
        <time>2026-08-04T12:14:54Z</time>
        <extensions>
          <gpxtpx:TrackPointExtension>
            <gpxtpx:hr>147</gpxtpx:hr>
          </gpxtpx:TrackPointExtension>
        </extensions>
      </trkpt>
      <trkpt lat="24.496296436654085" lon="117.67661688494819">
        <ele>6.199999809265137</ele>
        <time>2026-08-04T12:14:58Z</time>
        <extensions>
          <gpxtpx:TrackPointExtension>
            <gpxtpx:hr>147</gpxtpx:hr>
          </gpxtpx:TrackPointExtension>
        </extensions>
      </trkpt>
      <trkpt lat="24.49637838683566" lon="117.67664981831095">
        <ele>6.0</ele>
        <time>2026-08-04T12:15:02Z</time>
        <extensions>
          <gpxtpx:TrackPointExtension>
            <gpxtpx:hr>148</gpxtpx:hr>
          </gpxtpx:TrackPointExtension>
        </extensions>
      </trkpt>
      <trkpt lat="24.49646828572518" lon="117.67671069950596">
        <ele>6.0</ele>
        <time>2026-08-04T12:15:06Z</time>
        <extensions>
          <gpxtpx:TrackPointExtension>
            <gpxtpx:hr>149</gpxtpx:hr>
          </gpxtpx:TrackPointExtension>
        </extensions>
      </trkpt>
      <trkpt lat="24.496541197129893" lon="117.67676359667736">
        <ele>6.0</ele>
        <time>2026-08-04T12:15:10Z</time>
        <extensions>
          <gpxtpx:TrackPointExtension>
            <gpxtpx:hr>152</gpxtpx:hr>
          </gpxtpx:TrackPointExtension>
        </extensions>
      </trkpt>
      <trkpt lat="24.496616125700054" lon="117.67680751031439">
        <ele>6.0</ele>
        <time>2026-08-04T12:15:14Z</time>
        <extensions>
          <gpxtpx:TrackPointExtension>
            <gpxtpx:hr>153</gpxtpx:hr>
          </gpxtpx:TrackPointExtension>
        </extensions>
      </trkpt>
      <trkpt lat="24.49669706826646" lon="117.67684443643957">
        <ele>6.0</ele>
        <time>2026-08-04T12:15:18Z</time>
        <extensions>
          <gpxtpx:TrackPointExtension>
            <gpxtpx:hr>153</gpxtpx:hr>
          </gpxtpx:TrackPointExtension>
        </extensions>
      </trkpt>
      <trkpt lat="24.496771004195537" lon="117.67688435754727">
        <ele>6.0</ele>
        <time>2026-08-04T12:15:22Z</time>
        <extensions>
          <gpxtpx:TrackPointExtension>
            <gpxtpx:hr>153</gpxtpx:hr>
          </gpxtpx:TrackPointExtension>
        </extensions>
      </trkpt>
      <trkpt lat="24.496855962333512" lon="117.67691329814711">
        <ele>6.0</ele>
        <time>2026-08-04T12:15:26Z</time>
        <extensions>
          <gpxtpx:TrackPointExtension>
            <gpxtpx:hr>154</gpxtpx:hr>
          </gpxtpx:TrackPointExtension>
        </extensions>
      </trkpt>
      <trkpt lat="24.49694194869699" lon="117.67692726630015">
        <ele>6.199999809265137</ele>
        <time>2026-08-04T12:15:30Z</time>
        <extensions>
          <gpxtpx:TrackPointExtension>
            <gpxtpx:hr>154</gpxtpx:hr>
          </gpxtpx:TrackPointExtension>
        </extensions>
      </trkpt>
      <trkpt lat="24.497023925110874" lon="117.67694622553256">
        <ele>6.0</ele>
        <time>2026-08-04T12:15:34Z</time>
        <extensions>
          <gpxtpx:TrackPointExtension>
            <gpxtpx:hr>154</gpxtpx:hr>
          </gpxtpx:TrackPointExtension>
        </extensions>
      </trkpt>
      <trkpt lat="24.497114919681067" lon="117.67695620070035">
        <ele>6.0</ele>
        <time>2026-08-04T12:15:38Z</time>
        <extensions>
          <gpxtpx:TrackPointExtension>
            <gpxtpx:hr>154</gpxtpx:hr>
          </gpxtpx:TrackPointExtension>
        </extensions>
      </trkpt>
      <trkpt lat="24.49719084842034" lon="117.67700011434808">
        <ele>6.0</ele>
        <time>2026-08-04T12:15:42Z</time>
        <extensions>
          <gpxtpx:TrackPointExtension>
            <gpxtpx:hr>154</gpxtpx:hr>
          </gpxtpx:TrackPointExtension>
        </extensions>
      </trkpt>
      <trkpt lat="24.497255734401385" lon="117.67706598831373">
        <ele>6.0</ele>
        <time>2026-08-04T12:15:46Z</time>
        <extensions>
          <gpxtpx:TrackPointExtension>
            <gpxtpx:hr>153</gpxtpx:hr>
          </gpxtpx:TrackPointExtension>
        </extensions>
      </trkpt>
      <trkpt lat="24.497315604719933" lon="117.67713984796225">
        <ele>6.199999809265137</ele>
        <time>2026-08-04T12:15:50Z</time>
        <extensions>
          <gpxtpx:TrackPointExtension>
            <gpxtpx:hr>152</gpxtpx:hr>
          </gpxtpx:TrackPointExtension>
        </extensions>
      </trkpt>
      <trkpt lat="24.497370478088964" lon="117.6772117116943">
        <ele>6.199999809265137</ele>
        <time>2026-08-04T12:15:54Z</time>
        <extensions>
          <gpxtpx:TrackPointExtension>
            <gpxtpx:hr>147</gpxtpx:hr>
          </gpxtpx:TrackPointExtension>
        </extensions>
      </trkpt>
      <trkpt lat="24.497434358415" lon="117.67728058035527">
        <ele>6.199999809265137</ele>
        <time>2026-08-04T12:15:58Z</time>
        <extensions>
          <gpxtpx:TrackPointExtension>
            <gpxtpx:hr>145</gpxtpx:hr>
          </gpxtpx:TrackPointExtension>
        </extensions>
      </trkpt>
      <trkpt lat="24.497494200819524" lon="117.67736941260897">
        <ele>6.0</ele>
        <time>2026-08-04T12:16:02Z</time>
        <extensions>
          <gpxtpx:TrackPointExtension>
            <gpxtpx:hr>145</gpxtpx:hr>
          </gpxtpx:TrackPointExtension>
        </extensions>
      </trkpt>
      <trkpt lat="24.49754706094414" lon="117.67744826379543">
        <ele>6.0</ele>
        <time>2026-08-04T12:16:06Z</time>
        <extensions>
          <gpxtpx:TrackPointExtension>
            <gpxtpx:hr>148</gpxtpx:hr>
          </gpxtpx:TrackPointExtension>
        </extensions>
      </trkpt>
      <trkpt lat="24.497606910931506" lon="117.67753310354004">
        <ele>6.0</ele>
        <time>2026-08-04T12:16:10Z</time>
        <extensions>
          <gpxtpx:TrackPointExtension>
            <gpxtpx:hr>152</gpxtpx:hr>
          </gpxtpx:TrackPointExtension>
        </extensions>
      </trkpt>
      <trkpt lat="24.497667772319158" lon="117.67761195429313">
        <ele>6.0</ele>
        <time>2026-08-04T12:16:14Z</time>
        <extensions>
          <gpxtpx:TrackPointExtension>
            <gpxtpx:hr>156</gpxtpx:hr>
          </gpxtpx:TrackPointExtension>
        </extensions>
      </trkpt>
      <trkpt lat="24.497716624546023" lon="117.67769479862349">
        <ele>6.0</ele>
        <time>2026-08-04T12:16:18Z</time>
        <extensions>
          <gpxtpx:TrackPointExtension>
            <gpxtpx:hr>157</gpxtpx:hr>
          </gpxtpx:TrackPointExtension>
        </extensions>
      </trkpt>
      <trkpt lat="24.497763476536875" lon="117.67777764316612">
        <ele>6.0</ele>
        <time>2026-08-04T12:16:22Z</time>
        <extensions>
          <gpxtpx:TrackPointExtension>
            <gpxtpx:hr>156</gpxtpx:hr>
          </gpxtpx:TrackPointExtension>
        </extensions>
      </trkpt>
      <trkpt lat="24.497796328413145" lon="117.67785949060043">
        <ele>5.800000190734863</ele>
        <time>2026-08-04T12:16:26Z</time>
        <extensions>
          <gpxtpx:TrackPointExtension>
            <gpxtpx:hr>156</gpxtpx:hr>
          </gpxtpx:TrackPointExtension>
        </extensions>
      </trkpt>
      <trkpt lat="24.497844156431164" lon="117.67795531141505">
        <ele>5.800000190734863</ele>
        <time>2026-08-04T12:16:30Z</time>
        <extensions>
          <gpxtpx:TrackPointExtension>
            <gpxtpx:hr>155</gpxtpx:hr>
          </gpxtpx:TrackPointExtension>
        </extensions>
      </trkpt>
      <trkpt lat="24.497891014187413" lon="117.67803516167379">
        <ele>6.0</ele>
        <time>2026-08-04T12:16:34Z</time>
        <extensions>
          <gpxtpx:TrackPointExtension>
            <gpxtpx:hr>155</gpxtpx:hr>
          </gpxtpx:TrackPointExtension>
        </extensions>
      </trkpt>
      <trkpt lat="24.497938864691978" lon="117.67811900461379">
        <ele>6.0</ele>
        <time>2026-08-04T12:16:38Z</time>
        <extensions>
          <gpxtpx:TrackPointExtension>
            <gpxtpx:hr>154</gpxtpx:hr>
          </gpxtpx:TrackPointExtension>
        </extensions>
      </trkpt>
      <trkpt lat="24.497975693181367" lon="117.67821382829763">
        <ele>6.0</ele>
        <time>2026-08-04T12:16:42Z</time>
        <extensions>
          <gpxtpx:TrackPointExtension>
            <gpxtpx:hr>154</gpxtpx:hr>
          </gpxtpx:TrackPointExtension>
        </extensions>
      </trkpt>
      <trkpt lat="24.498014542505864" lon="117.6782976720341">
        <ele>6.0</ele>
        <time>2026-08-04T12:16:46Z</time>
        <extensions>
          <gpxtpx:TrackPointExtension>
            <gpxtpx:hr>154</gpxtpx:hr>
          </gpxtpx:TrackPointExtension>
        </extensions>
      </trkpt>
      <trkpt lat="24.49805739805095" lon="117.6783785210429">
        <ele>5.800000190734863</ele>
        <time>2026-08-04T12:16:50Z</time>
        <extensions>
          <gpxtpx:TrackPointExtension>
            <gpxtpx:hr>155</gpxtpx:hr>
          </gpxtpx:TrackPointExtension>
        </extensions>
      </trkpt>
      <trkpt lat="24.498104248654048" lon="117.67846236436486">
        <ele>6.0</ele>
        <time>2026-08-04T12:16:54Z</time>
        <extensions>
          <gpxtpx:TrackPointExtension>
            <gpxtpx:hr>155</gpxtpx:hr>
          </gpxtpx:TrackPointExtension>
        </extensions>
      </trkpt>
      <trkpt lat="24.498140095864148" lon="117.67854720671652">
        <ele>6.199999809265137</ele>
        <time>2026-08-04T12:16:58Z</time>
        <extensions>
          <gpxtpx:TrackPointExtension>
            <gpxtpx:hr>155</gpxtpx:hr>
          </gpxtpx:TrackPointExtension>
        </extensions>
      </trkpt>
      <trkpt lat="24.49818192914503" lon="117.67864003413752">
        <ele>6.0</ele>
        <time>2026-08-04T12:17:02Z</time>
        <extensions>
          <gpxtpx:TrackPointExtension>
            <gpxtpx:hr>155</gpxtpx:hr>
          </gpxtpx:TrackPointExtension>
        </extensions>
      </trkpt>
      <trkpt lat="24.498225759078036" lon="117.67873485786883">
        <ele>6.0</ele>
        <time>2026-08-04T12:17:06Z</time>
        <extensions>
          <gpxtpx:TrackPointExtension>
            <gpxtpx:hr>153</gpxtpx:hr>
          </gpxtpx:TrackPointExtension>
        </extensions>
      </trkpt>
      <trkpt lat="24.498259602490677" lon="117.6788216969768">
        <ele>6.199999809265137</ele>
        <time>2026-08-04T12:17:10Z</time>
        <extensions>
          <gpxtpx:TrackPointExtension>
            <gpxtpx:hr>152</gpxtpx:hr>
          </gpxtpx:TrackPointExtension>
        </extensions>
      </trkpt>
      <trkpt lat="24.49829144382636" lon="117.67890953449093">
        <ele>6.199999809265137</ele>
        <time>2026-08-04T12:17:14Z</time>
        <extensions>
          <gpxtpx:TrackPointExtension>
            <gpxtpx:hr>153</gpxtpx:hr>
          </gpxtpx:TrackPointExtension>
        </extensions>
      </trkpt>
      <trkpt lat="24.498329284246648" lon="117.67899836984978">
        <ele>6.199999809265137</ele>
        <time>2026-08-04T12:17:18Z</time>
        <extensions>
          <gpxtpx:TrackPointExtension>
            <gpxtpx:hr>154</gpxtpx:hr>
          </gpxtpx:TrackPointExtension>
        </extensions>
      </trkpt>
      <trkpt lat="24.49835809933965" lon="117.67910018229857">
        <ele>6.199999809265137</ele>
        <time>2026-08-04T12:17:22Z</time>
        <extensions>
          <gpxtpx:TrackPointExtension>
            <gpxtpx:hr>154</gpxtpx:hr>
          </gpxtpx:TrackPointExtension>
        </extensions>
      </trkpt>
      <trkpt lat="24.498381904542665" lon="117.6792069861356">
        <ele>6.400000095367432</ele>
        <time>2026-08-04T12:17:26Z</time>
        <extensions>
          <gpxtpx:TrackPointExtension>
            <gpxtpx:hr>154</gpxtpx:hr>
          </gpxtpx:TrackPointExtension>
        </extensions>
      </trkpt>
      <trkpt lat="24.498411725533543" lon="117.67930580420652">
        <ele>6.400000095367432</ele>
        <time>2026-08-04T12:17:30Z</time>
        <extensions>
          <gpxtpx:TrackPointExtension>
            <gpxtpx:hr>157</gpxtpx:hr>
          </gpxtpx:TrackPointExtension>
        </extensions>
      </trkpt>
      <trkpt lat="24.49844155957119" lon="117.67939763509368">
        <ele>6.400000095367432</ele>
        <time>2026-08-04T12:17:34Z</time>
        <extensions>
          <gpxtpx:TrackPointExtension>
            <gpxtpx:hr>158</gpxtpx:hr>
          </gpxtpx:TrackPointExtension>
        </extensions>
      </trkpt>
      <trkpt lat="24.49848040239015" lon="117.67948547269863">
        <ele>6.400000095367432</ele>
        <time>2026-08-04T12:17:38Z</time>
        <extensions>
          <gpxtpx:TrackPointExtension>
            <gpxtpx:hr>159</gpxtpx:hr>
          </gpxtpx:TrackPointExtension>
        </extensions>
      </trkpt>
      <trkpt lat="24.498518256231723" lon="117.679567321341">
        <ele>6.400000095367432</ele>
        <time>2026-08-04T12:17:42Z</time>
        <extensions>
          <gpxtpx:TrackPointExtension>
            <gpxtpx:hr>159</gpxtpx:hr>
          </gpxtpx:TrackPointExtension>
        </extensions>
      </trkpt>
      <trkpt lat="24.49856909723082" lon="117.67965715465223">
        <ele>6.599999904632568</ele>
        <time>2026-08-04T12:17:46Z</time>
        <extensions>
          <gpxtpx:TrackPointExtension>
            <gpxtpx:hr>160</gpxtpx:hr>
          </gpxtpx:TrackPointExtension>
        </extensions>
      </trkpt>
      <trkpt lat="24.498623966595012" lon="117.67973201493581">
        <ele>6.599999904632568</ele>
        <time>2026-08-04T12:17:50Z</time>
        <extensions>
          <gpxtpx:TrackPointExtension>
            <gpxtpx:hr>160</gpxtpx:hr>
          </gpxtpx:TrackPointExtension>
        </extensions>
      </trkpt>
      <trkpt lat="24.498691880366145" lon="117.67978391599573">
        <ele>6.800000190734863</ele>
        <time>2026-08-04T12:17:54Z</time>
        <extensions>
          <gpxtpx:TrackPointExtension>
            <gpxtpx:hr>161</gpxtpx:hr>
          </gpxtpx:TrackPointExtension>
        </extensions>
      </trkpt>
      <trkpt lat="24.498755780657227" lon="117.67984280470522">
        <ele>6.800000190734863</ele>
        <time>2026-08-04T12:17:58Z</time>
        <extensions>
          <gpxtpx:TrackPointExtension>
            <gpxtpx:hr>161</gpxtpx:hr>
          </gpxtpx:TrackPointExtension>
        </extensions>
      </trkpt>
      <trkpt lat="24.498817664078693" lon="117.67991067732119">
        <ele>7.0</ele>
        <time>2026-08-04T12:18:02Z</time>
        <extensions>
          <gpxtpx:TrackPointExtension>
            <gpxtpx:hr>161</gpxtpx:hr>
          </gpxtpx:TrackPointExtension>
        </extensions>
      </trkpt>
      <trkpt lat="24.49887955861257" lon="117.67997256083935">
        <ele>7.199999809265137</ele>
        <time>2026-08-04T12:18:06Z</time>
        <extensions>
          <gpxtpx:TrackPointExtension>
            <gpxtpx:hr>162</gpxtpx:hr>
          </gpxtpx:TrackPointExtension>
        </extensions>
      </trkpt>
      <trkpt lat="24.498961529850334" lon="117.67999451528006">
        <ele>7.0</ele>
        <time>2026-08-04T12:18:10Z</time>
        <extensions>
          <gpxtpx:TrackPointExtension>
            <gpxtpx:hr>162</gpxtpx:hr>
          </gpxtpx:TrackPointExtension>
        </extensions>
      </trkpt>
      <trkpt lat="24.499056541698778" lon="117.679995506762">
        <ele>7.199999809265137</ele>
        <time>2026-08-04T12:18:14Z</time>
        <extensions>
          <gpxtpx:TrackPointExtension>
            <gpxtpx:hr>161</gpxtpx:hr>
          </gpxtpx:TrackPointExtension>
        </extensions>
      </trkpt>
      <trkpt lat="24.49915257766588" lon="117.67998352167098">
        <ele>7.199999809265137</ele>
        <time>2026-08-04T12:18:18Z</time>
        <extensions>
          <gpxtpx:TrackPointExtension>
            <gpxtpx:hr>161</gpxtpx:hr>
          </gpxtpx:TrackPointExtension>
        </extensions>
      </trkpt>
      <trkpt lat="24.49924363873778" lon="117.67995756224451">
        <ele>7.0</ele>
        <time>2026-08-04T12:18:22Z</time>
        <extensions>
          <gpxtpx:TrackPointExtension>
            <gpxtpx:hr>162</gpxtpx:hr>
          </gpxtpx:TrackPointExtension>
        </extensions>
      </trkpt>
      <trkpt lat="24.49932667651294" lon="117.67994358169355">
        <ele>7.199999809265137</ele>
        <time>2026-08-04T12:18:26Z</time>
        <extensions>
          <gpxtpx:TrackPointExtension>
            <gpxtpx:hr>162</gpxtpx:hr>
          </gpxtpx:TrackPointExtension>
        </extensions>
      </trkpt>
      <trkpt lat="24.49941469285703" lon="117.6799415790936">
        <ele>7.199999809265137</ele>
        <time>2026-08-04T12:18:30Z</time>
        <extensions>
          <gpxtpx:TrackPointExtension>
            <gpxtpx:hr>161</gpxtpx:hr>
          </gpxtpx:TrackPointExtension>
        </extensions>
      </trkpt>
      <trkpt lat="24.4995037038012" lon="117.67994257099868">
        <ele>7.400000095367432</ele>
        <time>2026-08-04T12:18:34Z</time>
        <extensions>
          <gpxtpx:TrackPointExtension>
            <gpxtpx:hr>161</gpxtpx:hr>
          </gpxtpx:TrackPointExtension>
        </extensions>
      </trkpt>
      <trkpt lat="24.499584719125135" lon="117.67994056889317">
        <ele>7.599999904632568</ele>
        <time>2026-08-04T12:18:38Z</time>
        <extensions>
          <gpxtpx:TrackPointExtension>
            <gpxtpx:hr>161</gpxtpx:hr>
          </gpxtpx:TrackPointExtension>
        </extensions>
      </trkpt>
      <trkpt lat="24.499672698541367" lon="117.67995853013265">
        <ele>7.599999904632568</ele>
        <time>2026-08-04T12:18:42Z</time>
        <extensions>
          <gpxtpx:TrackPointExtension>
            <gpxtpx:hr>160</gpxtpx:hr>
          </gpxtpx:TrackPointExtension>
        </extensions>
      </trkpt>
      <trkpt lat="24.4997226042444" lon="117.68001342718416">
        <ele>7.800000190734863</ele>
        <time>2026-08-04T12:18:46Z</time>
        <extensions>
          <gpxtpx:TrackPointExtension>
            <gpxtpx:hr>161</gpxtpx:hr>
          </gpxtpx:TrackPointExtension>
        </extensions>
      </trkpt>
      <trkpt lat="24.499741549790603" lon="117.68004436982355">
        <ele>7.800000190734863</ele>
        <time>2026-08-04T12:18:50Z</time>
        <extensions>
          <gpxtpx:TrackPointExtension>
            <gpxtpx:hr>160</gpxtpx:hr>
          </gpxtpx:TrackPointExtension>
        </extensions>
      </trkpt>
      <trkpt lat="24.499745535609975" lon="117.68005235508652">
        <ele>7.800000190734863</ele>
        <time>2026-08-04T12:18:54Z</time>
        <extensions>
          <gpxtpx:TrackPointExtension>
            <gpxtpx:hr>160</gpxtpx:hr>
          </gpxtpx:TrackPointExtension>
        </extensions>
      </trkpt>
      <trkpt lat="24.499739514463258" lon="117.68006333563675">
        <ele>7.800000190734863</ele>
        <time>2026-08-04T12:18:58Z</time>
        <extensions>
          <gpxtpx:TrackPointExtension>
            <gpxtpx:hr>158</gpxtpx:hr>
          </gpxtpx:TrackPointExtension>
        </extensions>
      </trkpt>
      <trkpt lat="24.499736574895078" lon="117.68003039547393">
        <ele>7.800000190734863</ele>
        <time>2026-08-04T12:19:02Z</time>
        <extensions>
          <gpxtpx:TrackPointExtension>
            <gpxtpx:hr>155</gpxtpx:hr>
          </gpxtpx:TrackPointExtension>
        </extensions>
      </trkpt>
      <trkpt lat="24.49972656792733" lon="117.68003339075932">
        <ele>7.800000190734863</ele>
        <time>2026-08-04T12:19:48Z</time>
        <extensions>
          <gpxtpx:TrackPointExtension>
            <gpxtpx:hr>135</gpxtpx:hr>
          </gpxtpx:TrackPointExtension>
        </extensions>
      </trkpt>
      <trkpt lat="24.49978756560904" lon="117.68003937560852">
        <ele>7.800000190734863</ele>
        <time>2026-08-04T12:19:52Z</time>
        <extensions>
          <gpxtpx:TrackPointExtension>
            <gpxtpx:hr>136</gpxtpx:hr>
          </gpxtpx:TrackPointExtension>
        </extensions>
      </trkpt>
      <trkpt lat="24.49988460349046" lon="117.68002639224736">
        <ele>8.0</ele>
        <time>2026-08-04T12:19:56Z</time>
        <extensions>
          <gpxtpx:TrackPointExtension>
            <gpxtpx:hr>138</gpxtpx:hr>
          </gpxtpx:TrackPointExtension>
        </extensions>
      </trkpt>
      <trkpt lat="24.49998961668594" lon="117.68002738302299">
        <ele>8.0</ele>
        <time>2026-08-04T12:20:00Z</time>
        <extensions>
          <gpxtpx:TrackPointExtension>
            <gpxtpx:hr>142</gpxtpx:hr>
          </gpxtpx:TrackPointExtension>
        </extensions>
      </trkpt>
      <trkpt lat="24.50006349081346" lon="117.68010124410593">
        <ele>8.0</ele>
        <time>2026-08-04T12:20:04Z</time>
        <extensions>
          <gpxtpx:TrackPointExtension>
            <gpxtpx:hr>142</gpxtpx:hr>
          </gpxtpx:TrackPointExtension>
        </extensions>
      </trkpt>
      <trkpt lat="24.500085300422974" lon="117.68020605297282">
        <ele>8.399999618530273</ele>
        <time>2026-08-04T12:20:08Z</time>
        <extensions>
          <gpxtpx:TrackPointExtension>
            <gpxtpx:hr>142</gpxtpx:hr>
          </gpxtpx:TrackPointExtension>
        </extensions>
      </trkpt>
      <trkpt lat="24.500078083895943" lon="117.68032284238323">
        <ele>8.600000381469727</ele>
        <time>2026-08-04T12:20:12Z</time>
        <extensions>
          <gpxtpx:TrackPointExtension>
            <gpxtpx:hr>144</gpxtpx:hr>
          </gpxtpx:TrackPointExtension>
        </extensions>
      </trkpt>
      <trkpt lat="24.50006587415501" lon="117.68043563952583">
        <ele>8.399999618530273</ele>
        <time>2026-08-04T12:20:16Z</time>
        <extensions>
          <gpxtpx:TrackPointExtension>
            <gpxtpx:hr>145</gpxtpx:hr>
          </gpxtpx:TrackPointExtension>
        </extensions>
      </trkpt>
      <trkpt lat="24.50005765960106" lon="117.68055143114489">
        <ele>8.399999618530273</ele>
        <time>2026-08-04T12:20:20Z</time>
        <extensions>
          <gpxtpx:TrackPointExtension>
            <gpxtpx:hr>146</gpxtpx:hr>
          </gpxtpx:TrackPointExtension>
        </extensions>
      </trkpt>
      <trkpt lat="24.500052456644454" lon="117.68066123351718">
        <ele>8.199999809265137</ele>
        <time>2026-08-04T12:20:24Z</time>
        <extensions>
          <gpxtpx:TrackPointExtension>
            <gpxtpx:hr>148</gpxtpx:hr>
          </gpxtpx:TrackPointExtension>
        </extensions>
      </trkpt>
      <trkpt lat="24.500107288117498" lon="117.68075705697413">
        <ele>8.0</ele>
        <time>2026-08-04T12:20:28Z</time>
        <extensions>
          <gpxtpx:TrackPointExtension>
            <gpxtpx:hr>150</gpxtpx:hr>
          </gpxtpx:TrackPointExtension>
        </extensions>
      </trkpt>
      <trkpt lat="24.50012211212771" lon="117.68085388157881">
        <ele>8.0</ele>
        <time>2026-08-04T12:20:32Z</time>
        <extensions>
          <gpxtpx:TrackPointExtension>
            <gpxtpx:hr>152</gpxtpx:hr>
          </gpxtpx:TrackPointExtension>
        </extensions>
      </trkpt>
      <trkpt lat="24.500076951508298" lon="117.68093773388554">
        <ele>7.599999904632568</ele>
        <time>2026-08-04T12:20:36Z</time>
        <extensions>
          <gpxtpx:TrackPointExtension>
            <gpxtpx:hr>154</gpxtpx:hr>
          </gpxtpx:TrackPointExtension>
        </extensions>
      </trkpt>
      <trkpt lat="24.500050788179745" lon="117.68102457955825">
        <ele>7.400000095367432</ele>
        <time>2026-08-04T12:20:40Z</time>
        <extensions>
          <gpxtpx:TrackPointExtension>
            <gpxtpx:hr>156</gpxtpx:hr>
          </gpxtpx:TrackPointExtension>
        </extensions>
      </trkpt>
      <trkpt lat="24.500045598608892" lon="117.68112739515523">
        <ele>7.199999809265137</ele>
        <time>2026-08-04T12:20:44Z</time>
        <extensions>
          <gpxtpx:TrackPointExtension>
            <gpxtpx:hr>157</gpxtpx:hr>
          </gpxtpx:TrackPointExtension>
        </extensions>
      </trkpt>
      <trkpt lat="24.50004839930727" lon="117.68123619957633">
        <ele>7.0</ele>
        <time>2026-08-04T12:20:48Z</time>
        <extensions>
          <gpxtpx:TrackPointExtension>
            <gpxtpx:hr>158</gpxtpx:hr>
          </gpxtpx:TrackPointExtension>
        </extensions>
      </trkpt>
      <trkpt lat="24.50005620634308" lon="117.681342009172">
        <ele>7.0</ele>
        <time>2026-08-04T12:20:52Z</time>
        <extensions>
          <gpxtpx:TrackPointExtension>
            <gpxtpx:hr>159</gpxtpx:hr>
          </gpxtpx:TrackPointExtension>
        </extensions>
      </trkpt>
      <trkpt lat="24.500063011530045" lon="117.68144881719915">
        <ele>6.599999904632568</ele>
        <time>2026-08-04T12:20:56Z</time>
        <extensions>
          <gpxtpx:TrackPointExtension>
            <gpxtpx:hr>158</gpxtpx:hr>
          </gpxtpx:TrackPointExtension>
        </extensions>
      </trkpt>
      <trkpt lat="24.500052819895924" lon="117.6815526319432">
        <ele>6.599999904632568</ele>
        <time>2026-08-04T12:21:00Z</time>
        <extensions>
          <gpxtpx:TrackPointExtension>
            <gpxtpx:hr>159</gpxtpx:hr>
          </gpxtpx:TrackPointExtension>
        </extensions>
      </trkpt>
      <trkpt lat="24.50004164651128" lon="117.68164646476451">
        <ele>6.400000095367432</ele>
        <time>2026-08-04T12:21:04Z</time>
        <extensions>
          <gpxtpx:TrackPointExtension>
            <gpxtpx:hr>158</gpxtpx:hr>
          </gpxtpx:TrackPointExtension>
        </extensions>
      </trkpt>
      <trkpt lat="24.50000848103378" lon="117.68173430996973">
        <ele>6.400000095367432</ele>
        <time>2026-08-04T12:21:08Z</time>
        <extensions>
          <gpxtpx:TrackPointExtension>
            <gpxtpx:hr>158</gpxtpx:hr>
          </gpxtpx:TrackPointExtension>
        </extensions>
      </trkpt>
      <trkpt lat="24.500012299038207" lon="117.68183413126214">
        <ele>6.400000095367432</ele>
        <time>2026-08-04T12:21:12Z</time>
        <extensions>
          <gpxtpx:TrackPointExtension>
            <gpxtpx:hr>157</gpxtpx:hr>
          </gpxtpx:TrackPointExtension>
        </extensions>
      </trkpt>
      <trkpt lat="24.500007115867998" lon="117.68193395332774">
        <ele>6.199999809265137</ele>
        <time>2026-08-04T12:21:16Z</time>
        <extensions>
          <gpxtpx:TrackPointExtension>
            <gpxtpx:hr>156</gpxtpx:hr>
          </gpxtpx:TrackPointExtension>
        </extensions>
      </trkpt>
      <trkpt lat="24.500020902723435" lon="117.68205174213634">
        <ele>6.199999809265137</ele>
        <time>2026-08-04T12:21:20Z</time>
        <extensions>
          <gpxtpx:TrackPointExtension>
            <gpxtpx:hr>155</gpxtpx:hr>
          </gpxtpx:TrackPointExtension>
        </extensions>
      </trkpt>
      <trkpt lat="24.500024704699683" lon="117.68216054785582">
        <ele>6.0</ele>
        <time>2026-08-04T12:21:24Z</time>
        <extensions>
          <gpxtpx:TrackPointExtension>
            <gpxtpx:hr>156</gpxtpx:hr>
          </gpxtpx:TrackPointExtension>
        </extensions>
      </trkpt>
      <trkpt lat="24.500048495116413" lon="117.68227733810825">
        <ele>6.0</ele>
        <time>2026-08-04T12:21:28Z</time>
        <extensions>
          <gpxtpx:TrackPointExtension>
            <gpxtpx:hr>156</gpxtpx:hr>
          </gpxtpx:TrackPointExtension>
        </extensions>
      </trkpt>
      <trkpt lat="24.50005628885902" lon="117.6823911350114">
        <ele>6.0</ele>
        <time>2026-08-04T12:21:32Z</time>
        <extensions>
          <gpxtpx:TrackPointExtension>
            <gpxtpx:hr>156</gpxtpx:hr>
          </gpxtpx:TrackPointExtension>
        </extensions>
      </trkpt>
      <trkpt lat="24.50005209921105" lon="117.68249495068912">
        <ele>5.800000190734863</ele>
        <time>2026-08-04T12:21:36Z</time>
        <extensions>
          <gpxtpx:TrackPointExtension>
            <gpxtpx:hr>156</gpxtpx:hr>
          </gpxtpx:TrackPointExtension>
        </extensions>
      </trkpt>
      <trkpt lat="24.500048920731857" lon="117.68259277708748">
        <ele>5.800000190734863</ele>
        <time>2026-08-04T12:21:40Z</time>
        <extensions>
          <gpxtpx:TrackPointExtension>
            <gpxtpx:hr>156</gpxtpx:hr>
          </gpxtpx:TrackPointExtension>
        </extensions>
      </trkpt>
      <trkpt lat="24.500028754455062" lon="117.68268261899749">
        <ele>6.0</ele>
        <time>2026-08-04T12:21:44Z</time>
        <extensions>
          <gpxtpx:TrackPointExtension>
            <gpxtpx:hr>156</gpxtpx:hr>
          </gpxtpx:TrackPointExtension>
        </extensions>
      </trkpt>
      <trkpt lat="24.49997658913579" lon="117.68276946859704">
        <ele>6.0</ele>
        <time>2026-08-04T12:21:48Z</time>
        <extensions>
          <gpxtpx:TrackPointExtension>
            <gpxtpx:hr>156</gpxtpx:hr>
          </gpxtpx:TrackPointExtension>
        </extensions>
      </trkpt>
      <trkpt lat="24.499953375484914" lon="117.68288526495873">
        <ele>6.0</ele>
        <time>2026-08-04T12:21:52Z</time>
        <extensions>
          <gpxtpx:TrackPointExtension>
            <gpxtpx:hr>154</gpxtpx:hr>
          </gpxtpx:TrackPointExtension>
        </extensions>
      </trkpt>
      <trkpt lat="24.499946200517332" lon="117.68298109572797">
        <ele>6.199999809265137</ele>
        <time>2026-08-04T12:21:56Z</time>
        <extensions>
          <gpxtpx:TrackPointExtension>
            <gpxtpx:hr>153</gpxtpx:hr>
          </gpxtpx:TrackPointExtension>
        </extensions>
      </trkpt>
      <trkpt lat="24.499943029856063" lon="117.68307492988113">
        <ele>6.199999809265137</ele>
        <time>2026-08-04T12:22:00Z</time>
        <extensions>
          <gpxtpx:TrackPointExtension>
            <gpxtpx:hr>152</gpxtpx:hr>
          </gpxtpx:TrackPointExtension>
        </extensions>
      </trkpt>
      <trkpt lat="24.499923847965615" lon="117.68317375647297">
        <ele>6.400000095367432</ele>
        <time>2026-08-04T12:22:04Z</time>
        <extensions>
          <gpxtpx:TrackPointExtension>
            <gpxtpx:hr>153</gpxtpx:hr>
          </gpxtpx:TrackPointExtension>
        </extensions>
      </trkpt>
      <trkpt lat="24.49991465497327" lon="117.68327957016255">
        <ele>6.199999809265137</ele>
        <time>2026-08-04T12:22:08Z</time>
        <extensions>
          <gpxtpx:TrackPointExtension>
            <gpxtpx:hr>153</gpxtpx:hr>
          </gpxtpx:TrackPointExtension>
        </extensions>
      </trkpt>
      <trkpt lat="24.499908475196534" lon="117.68337839613655">
        <ele>6.0</ele>
        <time>2026-08-04T12:22:12Z</time>
        <extensions>
          <gpxtpx:TrackPointExtension>
            <gpxtpx:hr>155</gpxtpx:hr>
          </gpxtpx:TrackPointExtension>
        </extensions>
      </trkpt>
      <trkpt lat="24.499900297061302" lon="117.68347622415843">
        <ele>6.0</ele>
        <time>2026-08-04T12:22:16Z</time>
        <extensions>
          <gpxtpx:TrackPointExtension>
            <gpxtpx:hr>156</gpxtpx:hr>
          </gpxtpx:TrackPointExtension>
        </extensions>
      </trkpt>
      <trkpt lat="24.499891117099487" lon="117.68357505063695">
        <ele>6.0</ele>
        <time>2026-08-04T12:22:20Z</time>
        <extensions>
          <gpxtpx:TrackPointExtension>
            <gpxtpx:hr>157</gpxtpx:hr>
          </gpxtpx:TrackPointExtension>
        </extensions>
      </trkpt>
      <trkpt lat="24.499889932999302" lon="117.68367687142734">
        <ele>6.199999809265137</ele>
        <time>2026-08-04T12:22:24Z</time>
        <extensions>
          <gpxtpx:TrackPointExtension>
            <gpxtpx:hr>157</gpxtpx:hr>
          </gpxtpx:TrackPointExtension>
        </extensions>
      </trkpt>
      <trkpt lat="24.4998967429717" lon="117.68378268478904">
        <ele>6.0</ele>
        <time>2026-08-04T12:22:28Z</time>
        <extensions>
          <gpxtpx:TrackPointExtension>
            <gpxtpx:hr>159</gpxtpx:hr>
          </gpxtpx:TrackPointExtension>
        </extensions>
      </trkpt>
      <trkpt lat="24.499916562150958" lon="117.68388450441793">
        <ele>6.0</ele>
        <time>2026-08-04T12:22:32Z</time>
        <extensions>
          <gpxtpx:TrackPointExtension>
            <gpxtpx:hr>158</gpxtpx:hr>
          </gpxtpx:TrackPointExtension>
        </extensions>
      </trkpt>
      <trkpt lat="24.49994239671461" lon="117.68397833779987">
        <ele>6.0</ele>
        <time>2026-08-04T12:22:36Z</time>
        <extensions>
          <gpxtpx:TrackPointExtension>
            <gpxtpx:hr>157</gpxtpx:hr>
          </gpxtpx:TrackPointExtension>
        </extensions>
      </trkpt>
      <trkpt lat="24.499986246554045" lon="117.68406518230142">
        <ele>6.199999809265137</ele>
        <time>2026-08-04T12:22:40Z</time>
        <extensions>
          <gpxtpx:TrackPointExtension>
            <gpxtpx:hr>155</gpxtpx:hr>
          </gpxtpx:TrackPointExtension>
        </extensions>
      </trkpt>
      <trkpt lat="24.500044105680885" lon="117.68414803292868">
        <ele>6.199999809265137</ele>
        <time>2026-08-04T12:22:44Z</time>
        <extensions>
          <gpxtpx:TrackPointExtension>
            <gpxtpx:hr>150</gpxtpx:hr>
          </gpxtpx:TrackPointExtension>
        </extensions>
      </trkpt>
      <trkpt lat="24.500106987158873" lon="117.68421890429053">
        <ele>6.199999809265137</ele>
        <time>2026-08-04T12:22:48Z</time>
        <extensions>
          <gpxtpx:TrackPointExtension>
            <gpxtpx:hr>149</gpxtpx:hr>
          </gpxtpx:TrackPointExtension>
        </extensions>
      </trkpt>
      <trkpt lat="24.50017889870616" lon="117.6842738030551">
        <ele>6.199999809265137</ele>
        <time>2026-08-04T12:22:52Z</time>
        <extensions>
          <gpxtpx:TrackPointExtension>
            <gpxtpx:hr>152</gpxtpx:hr>
          </gpxtpx:TrackPointExtension>
        </extensions>
      </trkpt>
      <trkpt lat="24.500259820546574" lon="117.68432370996474">
        <ele>6.199999809265137</ele>
        <time>2026-08-04T12:22:56Z</time>
        <extensions>
          <gpxtpx:TrackPointExtension>
            <gpxtpx:hr>154</gpxtpx:hr>
          </gpxtpx:TrackPointExtension>
        </extensions>
      </trkpt>
      <trkpt lat="24.50034177125871" lon="117.6843576447822">
        <ele>6.199999809265137</ele>
        <time>2026-08-04T12:23:00Z</time>
        <extensions>
          <gpxtpx:TrackPointExtension>
            <gpxtpx:hr>155</gpxtpx:hr>
          </gpxtpx:TrackPointExtension>
        </extensions>
      </trkpt>
      <trkpt lat="24.500423748884298" lon="117.68437660580658">
        <ele>6.0</ele>
        <time>2026-08-04T12:23:04Z</time>
        <extensions>
          <gpxtpx:TrackPointExtension>
            <gpxtpx:hr>155</gpxtpx:hr>
          </gpxtpx:TrackPointExtension>
        </extensions>
      </trkpt>
      <trkpt lat="24.50051475110871" lon="117.68438258889618">
        <ele>6.199999809265137</ele>
        <time>2026-08-04T12:23:08Z</time>
        <extensions>
          <gpxtpx:TrackPointExtension>
            <gpxtpx:hr>156</gpxtpx:hr>
          </gpxtpx:TrackPointExtension>
        </extensions>
      </trkpt>
      <trkpt lat="24.5006077536107" lon="117.6843885718449">
        <ele>6.199999809265137</ele>
        <time>2026-08-04T12:23:12Z</time>
        <extensions>
          <gpxtpx:TrackPointExtension>
            <gpxtpx:hr>156</gpxtpx:hr>
          </gpxtpx:TrackPointExtension>
        </extensions>
      </trkpt>
      <trkpt lat="24.500686737968845" lon="117.68440354007288">
        <ele>6.199999809265137</ele>
        <time>2026-08-04T12:23:16Z</time>
        <extensions>
          <gpxtpx:TrackPointExtension>
            <gpxtpx:hr>156</gpxtpx:hr>
          </gpxtpx:TrackPointExtension>
        </extensions>
      </trkpt>
      <trkpt lat="24.500773737809194" lon="117.68441052170223">
        <ele>6.400000095367432</ele>
        <time>2026-08-04T12:23:20Z</time>
        <extensions>
          <gpxtpx:TrackPointExtension>
            <gpxtpx:hr>156</gpxtpx:hr>
          </gpxtpx:TrackPointExtension>
        </extensions>
      </trkpt>
      <trkpt lat="24.50086774222555" lon="117.68441550632821">
        <ele>6.800000190734863</ele>
        <time>2026-08-04T12:23:24Z</time>
        <extensions>
          <gpxtpx:TrackPointExtension>
            <gpxtpx:hr>157</gpxtpx:hr>
          </gpxtpx:TrackPointExtension>
        </extensions>
      </trkpt>
      <trkpt lat="24.500961764565943" lon="117.68441050840887">
        <ele>7.0</ele>
        <time>2026-08-04T12:23:28Z</time>
        <extensions>
          <gpxtpx:TrackPointExtension>
            <gpxtpx:hr>158</gpxtpx:hr>
          </gpxtpx:TrackPointExtension>
        </extensions>
      </trkpt>
      <trkpt lat="24.501045738853712" lon="117.68443146581693">
        <ele>7.0</ele>
        <time>2026-08-04T12:23:32Z</time>
        <extensions>
          <gpxtpx:TrackPointExtension>
            <gpxtpx:hr>159</gpxtpx:hr>
          </gpxtpx:TrackPointExtension>
        </extensions>
      </trkpt>
      <trkpt lat="24.501118702614143" lon="117.68445741528564">
        <ele>7.199999809265137</ele>
        <time>2026-08-04T12:23:36Z</time>
        <extensions>
          <gpxtpx:TrackPointExtension>
            <gpxtpx:hr>160</gpxtpx:hr>
          </gpxtpx:TrackPointExtension>
        </extensions>
      </trkpt>
      <trkpt lat="24.50112961276805" lon="117.68450832554495">
        <ele>7.0</ele>
        <time>2026-08-04T12:23:40Z</time>
        <extensions>
          <gpxtpx:TrackPointExtension>
            <gpxtpx:hr>160</gpxtpx:hr>
          </gpxtpx:TrackPointExtension>
        </extensions>
      </trkpt>
      <trkpt lat="24.501105544855076" lon="117.68454426446955">
        <ele>7.199999809265137</ele>
        <time>2026-08-04T12:23:44Z</time>
        <extensions>
          <gpxtpx:TrackPointExtension>
            <gpxtpx:hr>161</gpxtpx:hr>
          </gpxtpx:TrackPointExtension>
        </extensions>
      </trkpt>
      <trkpt lat="24.501118598661623" lon="117.68451531411542">
        <ele>7.199999809265137</ele>
        <time>2026-08-04T12:23:48Z</time>
        <extensions>
          <gpxtpx:TrackPointExtension>
            <gpxtpx:hr>160</gpxtpx:hr>
          </gpxtpx:TrackPointExtension>
        </extensions>
      </trkpt>
      <trkpt lat="24.50111958267716" lon="117.68452429835065">
        <ele>7.199999809265137</ele>
        <time>2026-08-04T12:23:52Z</time>
        <extensions>
          <gpxtpx:TrackPointExtension>
            <gpxtpx:hr>159</gpxtpx:hr>
          </gpxtpx:TrackPointExtension>
        </extensions>
      </trkpt>
      <trkpt lat="24.50114760098962" lon="117.68451631032093">
        <ele>7.199999809265137</ele>
        <time>2026-08-04T12:23:56Z</time>
        <extensions>
          <gpxtpx:TrackPointExtension>
            <gpxtpx:hr>155</gpxtpx:hr>
          </gpxtpx:TrackPointExtension>
        </extensions>
      </trkpt>
      <trkpt lat="24.50121359782" lon="117.68452329344746">
        <ele>7.599999904632568</ele>
        <time>2026-08-04T12:24:32Z</time>
        <extensions>
          <gpxtpx:TrackPointExtension>
            <gpxtpx:hr>136</gpxtpx:hr>
          </gpxtpx:TrackPointExtension>
        </extensions>
      </trkpt>
      <trkpt lat="24.501307611162467" lon="117.68452328680051">
        <ele>7.599999904632568</ele>
        <time>2026-08-04T12:24:36Z</time>
        <extensions>
          <gpxtpx:TrackPointExtension>
            <gpxtpx:hr>136</gpxtpx:hr>
          </gpxtpx:TrackPointExtension>
        </extensions>
      </trkpt>
      <trkpt lat="24.50139857928032" lon="117.68454823677736">
        <ele>7.599999904632568</ele>
        <time>2026-08-04T12:24:40Z</time>
        <extensions>
          <gpxtpx:TrackPointExtension>
            <gpxtpx:hr>137</gpxtpx:hr>
          </gpxtpx:TrackPointExtension>
        </extensions>
      </trkpt>
      <trkpt lat="24.501443476406628" lon="117.68460912728135">
        <ele>7.400000095367432</ele>
        <time>2026-08-04T12:24:44Z</time>
        <extensions>
          <gpxtpx:TrackPointExtension>
            <gpxtpx:hr>135</gpxtpx:hr>
          </gpxtpx:TrackPointExtension>
        </extensions>
      </trkpt>
      <trkpt lat="24.50143149082171" lon="117.68460014381186">
        <ele>7.400000095367432</ele>
        <time>2026-08-04T12:24:48Z</time>
        <extensions>
          <gpxtpx:TrackPointExtension>
            <gpxtpx:hr>136</gpxtpx:hr>
          </gpxtpx:TrackPointExtension>
        </extensions>
      </trkpt>
      <trkpt lat="24.50145652660166" lon="117.68458217341177">
        <ele>7.400000095367432</ele>
        <time>2026-08-04T12:24:52Z</time>
        <extensions>
          <gpxtpx:TrackPointExtension>
            <gpxtpx:hr>137</gpxtpx:hr>
          </gpxtpx:TrackPointExtension>
        </extensions>
      </trkpt>
      <trkpt lat="24.50146750666979" lon="117.68459415172151">
        <ele>7.400000095367432</ele>
        <time>2026-08-04T12:24:56Z</time>
        <extensions>
          <gpxtpx:TrackPointExtension>
            <gpxtpx:hr>138</gpxtpx:hr>
          </gpxtpx:TrackPointExtension>
        </extensions>
      </trkpt>
      <trkpt lat="24.501431540968287" lon="117.68457219260834">
        <ele>7.599999904632568</ele>
        <time>2026-08-04T12:25:40Z</time>
        <extensions>
          <gpxtpx:TrackPointExtension>
            <gpxtpx:hr>128</gpxtpx:hr>
          </gpxtpx:TrackPointExtension>
        </extensions>
      </trkpt>
      <trkpt lat="24.501438454211073" lon="117.68462110672768">
        <ele>7.400000095367432</ele>
        <time>2026-08-04T12:25:44Z</time>
        <extensions>
          <gpxtpx:TrackPointExtension>
            <gpxtpx:hr>130</gpxtpx:hr>
          </gpxtpx:TrackPointExtension>
        </extensions>
      </trkpt>
      <trkpt lat="24.50143928968557" lon="117.68471294644449">
        <ele>7.599999904632568</ele>
        <time>2026-08-04T12:25:48Z</time>
        <extensions>
          <gpxtpx:TrackPointExtension>
            <gpxtpx:hr>135</gpxtpx:hr>
          </gpxtpx:TrackPointExtension>
        </extensions>
      </trkpt>
      <trkpt lat="24.50150615787379" lon="117.68479180424083">
        <ele>7.400000095367432</ele>
        <time>2026-08-04T12:25:52Z</time>
        <extensions>
          <gpxtpx:TrackPointExtension>
            <gpxtpx:hr>137</gpxtpx:hr>
          </gpxtpx:TrackPointExtension>
        </extensions>
      </trkpt>
      <trkpt lat="24.501602126772568" lon="117.68481675397103">
        <ele>7.199999809265137</ele>
        <time>2026-08-04T12:25:56Z</time>
        <extensions>
          <gpxtpx:TrackPointExtension>
            <gpxtpx:hr>137</gpxtpx:hr>
          </gpxtpx:TrackPointExtension>
        </extensions>
      </trkpt>
      <trkpt lat="24.501699126201782" lon="117.68482473319965">
        <ele>7.199999809265137</ele>
        <time>2026-08-04T12:26:00Z</time>
        <extensions>
          <gpxtpx:TrackPointExtension>
            <gpxtpx:hr>138</gpxtpx:hr>
          </gpxtpx:TrackPointExtension>
        </extensions>
      </trkpt>
      <trkpt lat="24.50180210859571" lon="117.68484269461791">
        <ele>7.400000095367432</ele>
        <time>2026-08-04T12:26:04Z</time>
        <extensions>
          <gpxtpx:TrackPointExtension>
            <gpxtpx:hr>138</gpxtpx:hr>
          </gpxtpx:TrackPointExtension>
        </extensions>
      </trkpt>
      <trkpt lat="24.50190211736989" lon="117.68484568233026">
        <ele>7.400000095367432</ele>
        <time>2026-08-04T12:26:08Z</time>
        <extensions>
          <gpxtpx:TrackPointExtension>
            <gpxtpx:hr>140</gpxtpx:hr>
          </gpxtpx:TrackPointExtension>
        </extensions>
      </trkpt>
      <trkpt lat="24.501997123640972" lon="117.68484966865782">
        <ele>7.400000095367432</ele>
        <time>2026-08-04T12:26:12Z</time>
        <extensions>
          <gpxtpx:TrackPointExtension>
            <gpxtpx:hr>141</gpxtpx:hr>
          </gpxtpx:TrackPointExtension>
        </extensions>
      </trkpt>
      <trkpt lat="24.50209613046802" lon="117.68485365470272">
        <ele>7.400000095367432</ele>
        <time>2026-08-04T12:26:16Z</time>
        <extensions>
          <gpxtpx:TrackPointExtension>
            <gpxtpx:hr>144</gpxtpx:hr>
          </gpxtpx:TrackPointExtension>
        </extensions>
      </trkpt>
      <trkpt lat="24.502205144057935" lon="117.68485464525587">
        <ele>7.400000095367432</ele>
        <time>2026-08-04T12:26:20Z</time>
        <extensions>
          <gpxtpx:TrackPointExtension>
            <gpxtpx:hr>147</gpxtpx:hr>
          </gpxtpx:TrackPointExtension>
        </extensions>
      </trkpt>
      <trkpt lat="24.50230615650895" lon="117.68485563637476">
        <ele>7.400000095367432</ele>
        <time>2026-08-04T12:26:24Z</time>
        <extensions>
          <gpxtpx:TrackPointExtension>
            <gpxtpx:hr>148</gpxtpx:hr>
          </gpxtpx:TrackPointExtension>
        </extensions>
      </trkpt>
      <trkpt lat="24.502397126437607" lon="117.6848795882218">
        <ele>7.400000095367432</ele>
        <time>2026-08-04T12:26:28Z</time>
        <extensions>
          <gpxtpx:TrackPointExtension>
            <gpxtpx:hr>149</gpxtpx:hr>
          </gpxtpx:TrackPointExtension>
        </extensions>
      </trkpt>
      <trkpt lat="24.502486056781468" lon="117.68492550199514">
        <ele>7.599999904632568</ele>
        <time>2026-08-04T12:26:32Z</time>
        <extensions>
          <gpxtpx:TrackPointExtension>
            <gpxtpx:hr>151</gpxtpx:hr>
          </gpxtpx:TrackPointExtension>
        </extensions>
      </trkpt>
      <trkpt lat="24.502585059993034" lon="117.68493148457026">
        <ele>7.400000095367432</ele>
        <time>2026-08-04T12:26:36Z</time>
        <extensions>
          <gpxtpx:TrackPointExtension>
            <gpxtpx:hr>152</gpxtpx:hr>
          </gpxtpx:TrackPointExtension>
        </extensions>
      </trkpt>
      <trkpt lat="24.502688070902654" lon="117.68493347381155">
        <ele>7.400000095367432</ele>
        <time>2026-08-04T12:26:40Z</time>
        <extensions>
          <gpxtpx:TrackPointExtension>
            <gpxtpx:hr>154</gpxtpx:hr>
          </gpxtpx:TrackPointExtension>
        </extensions>
      </trkpt>
      <trkpt lat="24.502792098018986" lon="117.68492647861703">
        <ele>7.599999904632568</ele>
        <time>2026-08-04T12:26:44Z</time>
        <extensions>
          <gpxtpx:TrackPointExtension>
            <gpxtpx:hr>156</gpxtpx:hr>
          </gpxtpx:TrackPointExtension>
        </extensions>
      </trkpt>
      <trkpt lat="24.502882128519833" lon="117.68491648962566">
        <ele>7.599999904632568</ele>
        <time>2026-08-04T12:26:48Z</time>
        <extensions>
          <gpxtpx:TrackPointExtension>
            <gpxtpx:hr>157</gpxtpx:hr>
          </gpxtpx:TrackPointExtension>
        </extensions>
      </trkpt>
      <trkpt lat="24.502972144721703" lon="117.68491448673558">
        <ele>7.599999904632568</ele>
        <time>2026-08-04T12:26:52Z</time>
        <extensions>
          <gpxtpx:TrackPointExtension>
            <gpxtpx:hr>157</gpxtpx:hr>
          </gpxtpx:TrackPointExtension>
        </extensions>
      </trkpt>
      <trkpt lat="24.503055138497007" lon="117.68492446349164">
        <ele>7.400000095367432</ele>
        <time>2026-08-04T12:26:56Z</time>
        <extensions>
          <gpxtpx:TrackPointExtension>
            <gpxtpx:hr>156</gpxtpx:hr>
          </gpxtpx:TrackPointExtension>
        </extensions>
      </trkpt>
      <trkpt lat="24.503128113004138" lon="117.68494442358576">
        <ele>7.400000095367432</ele>
        <time>2026-08-04T12:27:00Z</time>
        <extensions>
          <gpxtpx:TrackPointExtension>
            <gpxtpx:hr>156</gpxtpx:hr>
          </gpxtpx:TrackPointExtension>
        </extensions>
      </trkpt>
      <trkpt lat="24.50321410897705" lon="117.68495340187127">
        <ele>7.400000095367432</ele>
        <time>2026-08-04T12:27:04Z</time>
        <extensions>
          <gpxtpx:TrackPointExtension>
            <gpxtpx:hr>156</gpxtpx:hr>
          </gpxtpx:TrackPointExtension>
        </extensions>
      </trkpt>
      <trkpt lat="24.503290101758402" lon="117.68496337912856">
        <ele>7.599999904632568</ele>
        <time>2026-08-04T12:27:08Z</time>
        <extensions>
          <gpxtpx:TrackPointExtension>
            <gpxtpx:hr>156</gpxtpx:hr>
          </gpxtpx:TrackPointExtension>
        </extensions>
      </trkpt>
      <trkpt lat="24.503367082175842" lon="117.68498034416143">
        <ele>7.599999904632568</ele>
        <time>2026-08-04T12:27:12Z</time>
        <extensions>
          <gpxtpx:TrackPointExtension>
            <gpxtpx:hr>155</gpxtpx:hr>
          </gpxtpx:TrackPointExtension>
        </extensions>
      </trkpt>
      <trkpt lat="24.503451061784816" lon="117.68499830696776">
        <ele>7.800000190734863</ele>
        <time>2026-08-04T12:27:16Z</time>
        <extensions>
          <gpxtpx:TrackPointExtension>
            <gpxtpx:hr>154</gpxtpx:hr>
          </gpxtpx:TrackPointExtension>
        </extensions>
      </trkpt>
      <trkpt lat="24.503547053778963" lon="117.68501027934583">
        <ele>7.800000190734863</ele>
        <time>2026-08-04T12:27:20Z</time>
        <extensions>
          <gpxtpx:TrackPointExtension>
            <gpxtpx:hr>155</gpxtpx:hr>
          </gpxtpx:TrackPointExtension>
        </extensions>
      </trkpt>
      <trkpt lat="24.503646030120304" lon="117.68503123589305">
        <ele>7.599999904632568</ele>
        <time>2026-08-04T12:27:24Z</time>
        <extensions>
          <gpxtpx:TrackPointExtension>
            <gpxtpx:hr>157</gpxtpx:hr>
          </gpxtpx:TrackPointExtension>
        </extensions>
      </trkpt>
      <trkpt lat="24.503745029659342" lon="117.68503921500697">
        <ele>7.599999904632568</ele>
        <time>2026-08-04T12:27:28Z</time>
        <extensions>
          <gpxtpx:TrackPointExtension>
            <gpxtpx:hr>157</gpxtpx:hr>
          </gpxtpx:TrackPointExtension>
        </extensions>
      </trkpt>
      <trkpt lat="24.50384403097442" lon="117.68504619585723">
        <ele>7.800000190734863</ele>
        <time>2026-08-04T12:27:32Z</time>
        <extensions>
          <gpxtpx:TrackPointExtension>
            <gpxtpx:hr>156</gpxtpx:hr>
          </gpxtpx:TrackPointExtension>
        </extensions>
      </trkpt>
      <trkpt lat="24.503947043545843" lon="117.68504718683704">
        <ele>7.599999904632568</ele>
        <time>2026-08-04T12:27:36Z</time>
        <extensions>
          <gpxtpx:TrackPointExtension>
            <gpxtpx:hr>156</gpxtpx:hr>
          </gpxtpx:TrackPointExtension>
        </extensions>
      </trkpt>
      <trkpt lat="24.50405406023325" lon="117.6850461810046">
        <ele>7.599999904632568</ele>
        <time>2026-08-04T12:27:40Z</time>
        <extensions>
          <gpxtpx:TrackPointExtension>
            <gpxtpx:hr>156</gpxtpx:hr>
          </gpxtpx:TrackPointExtension>
        </extensions>
      </trkpt>
      <trkpt lat="24.50415707635305" lon="117.68504517545506">
        <ele>7.400000095367432</ele>
        <time>2026-08-04T12:27:44Z</time>
        <extensions>
          <gpxtpx:TrackPointExtension>
            <gpxtpx:hr>156</gpxtpx:hr>
          </gpxtpx:TrackPointExtension>
        </extensions>
      </trkpt>
      <trkpt lat="24.50425103232278" lon="117.68507711328314">
        <ele>7.400000095367432</ele>
        <time>2026-08-04T12:27:48Z</time>
        <extensions>
          <gpxtpx:TrackPointExtension>
            <gpxtpx:hr>156</gpxtpx:hr>
          </gpxtpx:TrackPointExtension>
        </extensions>
      </trkpt>
      <trkpt lat="24.50433394396154" lon="117.68513301028663">
        <ele>7.599999904632568</ele>
        <time>2026-08-04T12:27:52Z</time>
        <extensions>
          <gpxtpx:TrackPointExtension>
            <gpxtpx:hr>156</gpxtpx:hr>
          </gpxtpx:TrackPointExtension>
        </extensions>
      </trkpt>
      <trkpt lat="24.50441284260258" lon="117.6851958954934">
        <ele>7.800000190734863</ele>
        <time>2026-08-04T12:27:56Z</time>
        <extensions>
          <gpxtpx:TrackPointExtension>
            <gpxtpx:hr>158</gpxtpx:hr>
          </gpxtpx:TrackPointExtension>
        </extensions>
      </trkpt>
      <trkpt lat="24.504431649235368" lon="117.68530570362904">
        <ele>7.800000190734863</ele>
        <time>2026-08-04T12:28:00Z</time>
        <extensions>
          <gpxtpx:TrackPointExtension>
            <gpxtpx:hr>158</gpxtpx:hr>
          </gpxtpx:TrackPointExtension>
        </extensions>
      </trkpt>
      <trkpt lat="24.504422452148276" lon="117.68541551394458">
        <ele>7.599999904632568</ele>
        <time>2026-08-04T12:28:04Z</time>
        <extensions>
          <gpxtpx:TrackPointExtension>
            <gpxtpx:hr>158</gpxtpx:hr>
          </gpxtpx:TrackPointExtension>
        </extensions>
      </trkpt>
      <trkpt lat="24.50442127234421" lon="117.68551633944243">
        <ele>7.400000095367432</ele>
        <time>2026-08-04T12:28:08Z</time>
        <extensions>
          <gpxtpx:TrackPointExtension>
            <gpxtpx:hr>158</gpxtpx:hr>
          </gpxtpx:TrackPointExtension>
        </extensions>
      </trkpt>
      <trkpt lat="24.504411089657047" lon="117.68561816402077">
        <ele>7.599999904632568</ele>
        <time>2026-08-04T12:28:12Z</time>
        <extensions>
          <gpxtpx:TrackPointExtension>
            <gpxtpx:hr>158</gpxtpx:hr>
          </gpxtpx:TrackPointExtension>
        </extensions>
      </trkpt>
      <trkpt lat="24.504405911361868" lon="117.68571799186783">
        <ele>7.800000190734863</ele>
        <time>2026-08-04T12:28:16Z</time>
        <extensions>
          <gpxtpx:TrackPointExtension>
            <gpxtpx:hr>158</gpxtpx:hr>
          </gpxtpx:TrackPointExtension>
        </extensions>
      </trkpt>
      <trkpt lat="24.504393739332144" lon="117.6858138272684">
        <ele>7.599999904632568</ele>
        <time>2026-08-04T12:28:20Z</time>
        <extensions>
          <gpxtpx:TrackPointExtension>
            <gpxtpx:hr>159</gpxtpx:hr>
          </gpxtpx:TrackPointExtension>
        </extensions>
      </trkpt>
      <trkpt lat="24.504383553531685" lon="117.68591764891568">
        <ele>7.599999904632568</ele>
        <time>2026-08-04T12:28:24Z</time>
        <extensions>
          <gpxtpx:TrackPointExtension>
            <gpxtpx:hr>160</gpxtpx:hr>
          </gpxtpx:TrackPointExtension>
        </extensions>
      </trkpt>
      <trkpt lat="24.504379363407054" lon="117.68602446516475">
        <ele>7.599999904632568</ele>
        <time>2026-08-04T12:28:28Z</time>
        <extensions>
          <gpxtpx:TrackPointExtension>
            <gpxtpx:hr>159</gpxtpx:hr>
          </gpxtpx:TrackPointExtension>
        </extensions>
      </trkpt>
      <trkpt lat="24.504373182016735" lon="117.68612629033663">
        <ele>7.599999904632568</ele>
        <time>2026-08-04T12:28:32Z</time>
        <extensions>
          <gpxtpx:TrackPointExtension>
            <gpxtpx:hr>158</gpxtpx:hr>
          </gpxtpx:TrackPointExtension>
        </extensions>
      </trkpt>
      <trkpt lat="24.50436899398343" lon="117.68623210868311">
        <ele>7.599999904632568</ele>
        <time>2026-08-04T12:28:36Z</time>
        <extensions>
          <gpxtpx:TrackPointExtension>
            <gpxtpx:hr>158</gpxtpx:hr>
          </gpxtpx:TrackPointExtension>
        </extensions>
      </trkpt>
      <trkpt lat="24.50435979835405" lon="117.68634192072216">
        <ele>7.599999904632568</ele>
        <time>2026-08-04T12:28:40Z</time>
        <extensions>
          <gpxtpx:TrackPointExtension>
            <gpxtpx:hr>157</gpxtpx:hr>
          </gpxtpx:TrackPointExtension>
        </extensions>
      </trkpt>
      <trkpt lat="24.504347606014473" lon="117.686449736606">
        <ele>7.599999904632568</ele>
        <time>2026-08-04T12:28:44Z</time>
        <extensions>
          <gpxtpx:TrackPointExtension>
            <gpxtpx:hr>156</gpxtpx:hr>
          </gpxtpx:TrackPointExtension>
        </extensions>
      </trkpt>
      <trkpt lat="24.504341414680262" lon="117.68655755226797">
        <ele>7.599999904632568</ele>
        <time>2026-08-04T12:28:48Z</time>
        <extensions>
          <gpxtpx:TrackPointExtension>
            <gpxtpx:hr>155</gpxtpx:hr>
          </gpxtpx:TrackPointExtension>
        </extensions>
      </trkpt>
      <trkpt lat="24.50433623070378" lon="117.68666137489464">
        <ele>7.599999904632568</ele>
        <time>2026-08-04T12:28:52Z</time>
        <extensions>
          <gpxtpx:TrackPointExtension>
            <gpxtpx:hr>155</gpxtpx:hr>
          </gpxtpx:TrackPointExtension>
        </extensions>
      </trkpt>
      <trkpt lat="24.504331039848363" lon="117.6867691908864">
        <ele>7.599999904632568</ele>
        <time>2026-08-04T12:28:56Z</time>
        <extensions>
          <gpxtpx:TrackPointExtension>
            <gpxtpx:hr>155</gpxtpx:hr>
          </gpxtpx:TrackPointExtension>
        </extensions>
      </trkpt>
      <trkpt lat="24.50433184120971" lon="117.68688199813835">
        <ele>7.599999904632568</ele>
        <time>2026-08-04T12:29:00Z</time>
        <extensions>
          <gpxtpx:TrackPointExtension>
            <gpxtpx:hr>156</gpxtpx:hr>
          </gpxtpx:TrackPointExtension>
        </extensions>
      </trkpt>
      <trkpt lat="24.504316647566043" lon="117.686990813557">
        <ele>7.599999904632568</ele>
        <time>2026-08-04T12:29:04Z</time>
        <extensions>
          <gpxtpx:TrackPointExtension>
            <gpxtpx:hr>158</gpxtpx:hr>
          </gpxtpx:TrackPointExtension>
        </extensions>
      </trkpt>
      <trkpt lat="24.504318438915533" lon="117.68710961098272">
        <ele>7.400000095367432</ele>
        <time>2026-08-04T12:29:08Z</time>
        <extensions>
          <gpxtpx:TrackPointExtension>
            <gpxtpx:hr>159</gpxtpx:hr>
          </gpxtpx:TrackPointExtension>
        </extensions>
      </trkpt>
      <trkpt lat="24.50431624394877" lon="117.6872204225286">
        <ele>7.599999904632568</ele>
        <time>2026-08-04T12:29:12Z</time>
        <extensions>
          <gpxtpx:TrackPointExtension>
            <gpxtpx:hr>159</gpxtpx:hr>
          </gpxtpx:TrackPointExtension>
        </extensions>
      </trkpt>
      <trkpt lat="24.50430704644605" lon="117.68733223309508">
        <ele>7.400000095367432</ele>
        <time>2026-08-04T12:29:16Z</time>
        <extensions>
          <gpxtpx:TrackPointExtension>
            <gpxtpx:hr>160</gpxtpx:hr>
          </gpxtpx:TrackPointExtension>
        </extensions>
      </trkpt>
      <trkpt lat="24.504304860607032" lon="117.68743805355712">
        <ele>7.400000095367432</ele>
        <time>2026-08-04T12:29:20Z</time>
        <extensions>
          <gpxtpx:TrackPointExtension>
            <gpxtpx:hr>158</gpxtpx:hr>
          </gpxtpx:TrackPointExtension>
        </extensions>
      </trkpt>
      <trkpt lat="24.504303683821163" lon="117.68753888261338">
        <ele>7.400000095367432</ele>
        <time>2026-08-04T12:29:24Z</time>
        <extensions>
          <gpxtpx:TrackPointExtension>
            <gpxtpx:hr>157</gpxtpx:hr>
          </gpxtpx:TrackPointExtension>
        </extensions>
      </trkpt>
      <trkpt lat="24.50429549224804" lon="117.6876476988277">
        <ele>7.400000095367432</ele>
        <time>2026-08-04T12:29:28Z</time>
        <extensions>
          <gpxtpx:TrackPointExtension>
            <gpxtpx:hr>156</gpxtpx:hr>
          </gpxtpx:TrackPointExtension>
        </extensions>
      </trkpt>
      <trkpt lat="24.504289316841778" lon="117.68774753031337">
        <ele>7.199999809265137</ele>
        <time>2026-08-04T12:29:32Z</time>
        <extensions>
          <gpxtpx:TrackPointExtension>
            <gpxtpx:hr>156</gpxtpx:hr>
          </gpxtpx:TrackPointExtension>
        </extensions>
      </trkpt>
      <trkpt lat="24.50427913231931" lon="117.68785235383288">
        <ele>7.199999809265137</ele>
        <time>2026-08-04T12:29:36Z</time>
        <extensions>
          <gpxtpx:TrackPointExtension>
            <gpxtpx:hr>157</gpxtpx:hr>
          </gpxtpx:TrackPointExtension>
        </extensions>
      </trkpt>
      <trkpt lat="24.50427793528852" lon="117.6879651634427">
        <ele>7.199999809265137</ele>
        <time>2026-08-04T12:29:40Z</time>
        <extensions>
          <gpxtpx:TrackPointExtension>
            <gpxtpx:hr>158</gpxtpx:hr>
          </gpxtpx:TrackPointExtension>
        </extensions>
      </trkpt>
      <trkpt lat="24.504271753422643" lon="117.68806898878493">
        <ele>7.0</ele>
        <time>2026-08-04T12:29:44Z</time>
        <extensions>
          <gpxtpx:TrackPointExtension>
            <gpxtpx:hr>159</gpxtpx:hr>
          </gpxtpx:TrackPointExtension>
        </extensions>
      </trkpt>
      <trkpt lat="24.504265569990228" lon="117.68817381264797">
        <ele>7.199999809265137</ele>
        <time>2026-08-04T12:29:48Z</time>
        <extensions>
          <gpxtpx:TrackPointExtension>
            <gpxtpx:hr>160</gpxtpx:hr>
          </gpxtpx:TrackPointExtension>
        </extensions>
      </trkpt>
      <trkpt lat="24.504261380065692" lon="117.68828262986136">
        <ele>7.0</ele>
        <time>2026-08-04T12:29:52Z</time>
        <extensions>
          <gpxtpx:TrackPointExtension>
            <gpxtpx:hr>161</gpxtpx:hr>
          </gpxtpx:TrackPointExtension>
        </extensions>
      </trkpt>
      <trkpt lat="24.50425519699242" lon="117.68838745414541">
        <ele>6.800000190734863</ele>
        <time>2026-08-04T12:29:56Z</time>
        <extensions>
          <gpxtpx:TrackPointExtension>
            <gpxtpx:hr>161</gpxtpx:hr>
          </gpxtpx:TrackPointExtension>
        </extensions>
      </trkpt>
      <trkpt lat="24.504256008137595" lon="117.68849627144385">
        <ele>7.0</ele>
        <time>2026-08-04T12:30:00Z</time>
        <extensions>
          <gpxtpx:TrackPointExtension>
            <gpxtpx:hr>160</gpxtpx:hr>
          </gpxtpx:TrackPointExtension>
        </extensions>
      </trkpt>
      <trkpt lat="24.504248823556527" lon="117.68860209455087">
        <ele>7.0</ele>
        <time>2026-08-04T12:30:04Z</time>
        <extensions>
          <gpxtpx:TrackPointExtension>
            <gpxtpx:hr>160</gpxtpx:hr>
          </gpxtpx:TrackPointExtension>
        </extensions>
      </trkpt>
      <trkpt lat="24.50423965098724" lon="117.6887009297068">
        <ele>6.800000190734863</ele>
        <time>2026-08-04T12:30:08Z</time>
        <extensions>
          <gpxtpx:TrackPointExtension>
            <gpxtpx:hr>159</gpxtpx:hr>
          </gpxtpx:TrackPointExtension>
        </extensions>
      </trkpt>
      <trkpt lat="24.504234472221846" lon="117.68880375809215">
        <ele>7.0</ele>
        <time>2026-08-04T12:30:12Z</time>
        <extensions>
          <gpxtpx:TrackPointExtension>
            <gpxtpx:hr>159</gpxtpx:hr>
          </gpxtpx:TrackPointExtension>
        </extensions>
      </trkpt>
      <trkpt lat="24.504232288868582" lon="117.68890958146876">
        <ele>7.0</ele>
        <time>2026-08-04T12:30:16Z</time>
        <extensions>
          <gpxtpx:TrackPointExtension>
            <gpxtpx:hr>159</gpxtpx:hr>
          </gpxtpx:TrackPointExtension>
        </extensions>
      </trkpt>
      <trkpt lat="24.50423409418531" lon="117.68902239312733">
        <ele>7.0</ele>
        <time>2026-08-04T12:30:20Z</time>
        <extensions>
          <gpxtpx:TrackPointExtension>
            <gpxtpx:hr>159</gpxtpx:hr>
          </gpxtpx:TrackPointExtension>
        </extensions>
      </trkpt>
      <trkpt lat="24.50422990060149" lon="117.68913420711975">
        <ele>7.0</ele>
        <time>2026-08-04T12:30:24Z</time>
        <extensions>
          <gpxtpx:TrackPointExtension>
            <gpxtpx:hr>159</gpxtpx:hr>
          </gpxtpx:TrackPointExtension>
        </extensions>
      </trkpt>
      <trkpt lat="24.504230726849663" lon="117.68923503926354">
        <ele>7.199999809265137</ele>
        <time>2026-08-04T12:30:28Z</time>
        <extensions>
          <gpxtpx:TrackPointExtension>
            <gpxtpx:hr>159</gpxtpx:hr>
          </gpxtpx:TrackPointExtension>
        </extensions>
      </trkpt>
      <trkpt lat="24.50422954611345" lon="117.68933986511482">
        <ele>7.199999809265137</ele>
        <time>2026-08-04T12:30:32Z</time>
        <extensions>
          <gpxtpx:TrackPointExtension>
            <gpxtpx:hr>160</gpxtpx:hr>
          </gpxtpx:TrackPointExtension>
        </extensions>
      </trkpt>
      <trkpt lat="24.50421935744135" lon="117.68944868519465">
        <ele>7.199999809265137</ele>
        <time>2026-08-04T12:30:36Z</time>
        <extensions>
          <gpxtpx:TrackPointExtension>
            <gpxtpx:hr>159</gpxtpx:hr>
          </gpxtpx:TrackPointExtension>
        </extensions>
      </trkpt>
      <trkpt lat="24.504214166233655" lon="117.68955950184629">
        <ele>7.199999809265137</ele>
        <time>2026-08-04T12:30:40Z</time>
        <extensions>
          <gpxtpx:TrackPointExtension>
            <gpxtpx:hr>160</gpxtpx:hr>
          </gpxtpx:TrackPointExtension>
        </extensions>
      </trkpt>
      <trkpt lat="24.504206988664773" lon="117.68966233209692">
        <ele>7.199999809265137</ele>
        <time>2026-08-04T12:30:44Z</time>
        <extensions>
          <gpxtpx:TrackPointExtension>
            <gpxtpx:hr>161</gpxtpx:hr>
          </gpxtpx:TrackPointExtension>
        </extensions>
      </trkpt>
      <trkpt lat="24.50418780960705" lon="117.68976516340736">
        <ele>7.400000095367432</ele>
        <time>2026-08-04T12:30:48Z</time>
        <extensions>
          <gpxtpx:TrackPointExtension>
            <gpxtpx:hr>161</gpxtpx:hr>
          </gpxtpx:TrackPointExtension>
        </extensions>
      </trkpt>
      <trkpt lat="24.50418463979607" lon="117.68986400038735">
        <ele>7.400000095367432</ele>
        <time>2026-08-04T12:30:52Z</time>
        <extensions>
          <gpxtpx:TrackPointExtension>
            <gpxtpx:hr>160</gpxtpx:hr>
          </gpxtpx:TrackPointExtension>
        </extensions>
      </trkpt>
      <trkpt lat="24.504172468901018" lon="117.68996283820024">
        <ele>7.199999809265137</ele>
        <time>2026-08-04T12:30:56Z</time>
        <extensions>
          <gpxtpx:TrackPointExtension>
            <gpxtpx:hr>159</gpxtpx:hr>
          </gpxtpx:TrackPointExtension>
        </extensions>
      </trkpt>
      <trkpt lat="24.50416829246008" lon="117.69006566906799">
        <ele>7.199999809265137</ele>
        <time>2026-08-04T12:31:00Z</time>
        <extensions>
          <gpxtpx:TrackPointExtension>
            <gpxtpx:hr>160</gpxtpx:hr>
          </gpxtpx:TrackPointExtension>
        </extensions>
      </trkpt>
      <trkpt lat="24.504166109660776" lon="117.69017249344097">
        <ele>7.199999809265137</ele>
        <time>2026-08-04T12:31:04Z</time>
        <extensions>
          <gpxtpx:TrackPointExtension>
            <gpxtpx:hr>160</gpxtpx:hr>
          </gpxtpx:TrackPointExtension>
        </extensions>
      </trkpt>
      <trkpt lat="24.504158931473484" lon="117.69027632331772">
        <ele>7.199999809265137</ele>
        <time>2026-08-04T12:31:08Z</time>
        <extensions>
          <gpxtpx:TrackPointExtension>
            <gpxtpx:hr>161</gpxtpx:hr>
          </gpxtpx:TrackPointExtension>
        </extensions>
      </trkpt>
      <trkpt lat="24.504153753752597" lon="117.6903801532722">
        <ele>7.199999809265137</ele>
        <time>2026-08-04T12:31:12Z</time>
        <extensions>
          <gpxtpx:TrackPointExtension>
            <gpxtpx:hr>163</gpxtpx:hr>
          </gpxtpx:TrackPointExtension>
        </extensions>
      </trkpt>
      <trkpt lat="24.504152568280183" lon="117.69048897498752">
        <ele>7.199999809265137</ele>
        <time>2026-08-04T12:31:16Z</time>
        <extensions>
          <gpxtpx:TrackPointExtension>
            <gpxtpx:hr>163</gpxtpx:hr>
          </gpxtpx:TrackPointExtension>
        </extensions>
      </trkpt>
      <trkpt lat="24.504142376671926" lon="117.69060079268418">
        <ele>7.199999809265137</ele>
        <time>2026-08-04T12:31:20Z</time>
        <extensions>
          <gpxtpx:TrackPointExtension>
            <gpxtpx:hr>163</gpxtpx:hr>
          </gpxtpx:TrackPointExtension>
        </extensions>
      </trkpt>
      <trkpt lat="24.50413318203301" lon="117.69071460730633">
        <ele>7.199999809265137</ele>
        <time>2026-08-04T12:31:24Z</time>
        <extensions>
          <gpxtpx:TrackPointExtension>
            <gpxtpx:hr>164</gpxtpx:hr>
          </gpxtpx:TrackPointExtension>
        </extensions>
      </trkpt>
      <trkpt lat="24.50410298300848" lon="117.69082942205512">
        <ele>7.199999809265137</ele>
        <time>2026-08-04T12:31:28Z</time>
        <extensions>
          <gpxtpx:TrackPointExtension>
            <gpxtpx:hr>165</gpxtpx:hr>
          </gpxtpx:TrackPointExtension>
        </extensions>
      </trkpt>
      <trkpt lat="24.50405880594905" lon="117.69093026083195">
        <ele>7.400000095367432</ele>
        <time>2026-08-04T12:31:32Z</time>
        <extensions>
          <gpxtpx:TrackPointExtension>
            <gpxtpx:hr>166</gpxtpx:hr>
          </gpxtpx:TrackPointExtension>
        </extensions>
      </trkpt>
      <trkpt lat="24.50408463543551" lon="117.69103309161592">
        <ele>7.199999809265137</ele>
        <time>2026-08-04T12:31:36Z</time>
        <extensions>
          <gpxtpx:TrackPointExtension>
            <gpxtpx:hr>167</gpxtpx:hr>
          </gpxtpx:TrackPointExtension>
        </extensions>
      </trkpt>
      <trkpt lat="24.504105482982897" lon="117.69112494081578">
        <ele>7.199999809265137</ele>
        <time>2026-08-04T12:31:40Z</time>
        <extensions>
          <gpxtpx:TrackPointExtension>
            <gpxtpx:hr>168</gpxtpx:hr>
          </gpxtpx:TrackPointExtension>
        </extensions>
      </trkpt>
      <trkpt lat="24.50408841817203" lon="117.69116188201968">
        <ele>6.800000190734863</ele>
        <time>2026-08-04T12:33:04Z</time>
        <extensions>
          <gpxtpx:TrackPointExtension>
            <gpxtpx:hr>132</gpxtpx:hr>
          </gpxtpx:TrackPointExtension>
        </extensions>
      </trkpt>
      <trkpt lat="24.504090256546004" lon="117.69125772633626">
        <ele>6.800000190734863</ele>
        <time>2026-08-04T12:33:09Z</time>
        <extensions>
          <gpxtpx:TrackPointExtension>
            <gpxtpx:hr>133</gpxtpx:hr>
          </gpxtpx:TrackPointExtension>
        </extensions>
      </trkpt>
      <trkpt lat="24.50409605691829" lon="117.69137653337313">
        <ele>7.0</ele>
        <time>2026-08-04T12:33:13Z</time>
        <extensions>
          <gpxtpx:TrackPointExtension>
            <gpxtpx:hr>136</gpxtpx:hr>
          </gpxtpx:TrackPointExtension>
        </extensions>
      </trkpt>
      <trkpt lat="24.50408386681212" lon="117.69148835328335">
        <ele>7.0</ele>
        <time>2026-08-04T12:33:17Z</time>
        <extensions>
          <gpxtpx:TrackPointExtension>
            <gpxtpx:hr>137</gpxtpx:hr>
          </gpxtpx:TrackPointExtension>
        </extensions>
      </trkpt>
      <trkpt lat="24.504043681433867" lon="117.69159518350234">
        <ele>6.800000190734863</ele>
        <time>2026-08-04T12:33:21Z</time>
        <extensions>
          <gpxtpx:TrackPointExtension>
            <gpxtpx:hr>136</gpxtpx:hr>
          </gpxtpx:TrackPointExtension>
        </extensions>
      </trkpt>
      <trkpt lat="24.504047492325164" lon="117.6917080011902">
        <ele>6.599999904632568</ele>
        <time>2026-08-04T12:33:25Z</time>
        <extensions>
          <gpxtpx:TrackPointExtension>
            <gpxtpx:hr>136</gpxtpx:hr>
          </gpxtpx:TrackPointExtension>
        </extensions>
      </trkpt>
      <trkpt lat="24.504080319215632" lon="117.69181382834792">
        <ele>6.599999904632568</ele>
        <time>2026-08-04T12:33:29Z</time>
        <extensions>
          <gpxtpx:TrackPointExtension>
            <gpxtpx:hr>140</gpxtpx:hr>
          </gpxtpx:TrackPointExtension>
        </extensions>
      </trkpt>
      <trkpt lat="24.504074127497116" lon="117.69192764566797">
        <ele>7.0</ele>
        <time>2026-08-04T12:33:33Z</time>
        <extensions>
          <gpxtpx:TrackPointExtension>
            <gpxtpx:hr>143</gpxtpx:hr>
          </gpxtpx:TrackPointExtension>
        </extensions>
      </trkpt>
      <trkpt lat="24.504067917636686" lon="117.6920524456412">
        <ele>7.400000095367432</ele>
        <time>2026-08-04T12:33:37Z</time>
        <extensions>
          <gpxtpx:TrackPointExtension>
            <gpxtpx:hr>147</gpxtpx:hr>
          </gpxtpx:TrackPointExtension>
        </extensions>
      </trkpt>
      <trkpt lat="24.504064706815814" lon="117.69217824413971">
        <ele>7.400000095367432</ele>
        <time>2026-08-04T12:33:41Z</time>
        <extensions>
          <gpxtpx:TrackPointExtension>
            <gpxtpx:hr>149</gpxtpx:hr>
          </gpxtpx:TrackPointExtension>
        </extensions>
      </trkpt>
      <trkpt lat="24.504061502957114" lon="117.69230004936985">
        <ele>7.400000095367432</ele>
        <time>2026-08-04T12:33:45Z</time>
        <extensions>
          <gpxtpx:TrackPointExtension>
            <gpxtpx:hr>152</gpxtpx:hr>
          </gpxtpx:TrackPointExtension>
        </extensions>
      </trkpt>
      <trkpt lat="24.504060312969674" lon="117.69241386753686">
        <ele>7.199999809265137</ele>
        <time>2026-08-04T12:33:49Z</time>
        <extensions>
          <gpxtpx:TrackPointExtension>
            <gpxtpx:hr>154</gpxtpx:hr>
          </gpxtpx:TrackPointExtension>
        </extensions>
      </trkpt>
      <trkpt lat="24.504054119206952" lon="117.69252968315826">
        <ele>7.0</ele>
        <time>2026-08-04T12:33:53Z</time>
        <extensions>
          <gpxtpx:TrackPointExtension>
            <gpxtpx:hr>155</gpxtpx:hr>
          </gpxtpx:TrackPointExtension>
        </extensions>
      </trkpt>
      <trkpt lat="24.50405492667329" lon="117.69264549857901">
        <ele>7.0</ele>
        <time>2026-08-04T12:33:57Z</time>
        <extensions>
          <gpxtpx:TrackPointExtension>
            <gpxtpx:hr>156</gpxtpx:hr>
          </gpxtpx:TrackPointExtension>
        </extensions>
      </trkpt>
      <trkpt lat="24.504047759806685" lon="117.69274534025365">
        <ele>6.800000190734863</ele>
        <time>2026-08-04T12:34:01Z</time>
        <extensions>
          <gpxtpx:TrackPointExtension>
            <gpxtpx:hr>157</gpxtpx:hr>
          </gpxtpx:TrackPointExtension>
        </extensions>
      </trkpt>
      <trkpt lat="24.504026563031278" lon="117.69286215620096">
        <ele>6.800000190734863</ele>
        <time>2026-08-04T12:34:05Z</time>
        <extensions>
          <gpxtpx:TrackPointExtension>
            <gpxtpx:hr>157</gpxtpx:hr>
          </gpxtpx:TrackPointExtension>
        </extensions>
      </trkpt>
      <trkpt lat="24.504026367788157" lon="117.69297996938236">
        <ele>6.800000190734863</ele>
        <time>2026-08-04T12:34:09Z</time>
        <extensions>
          <gpxtpx:TrackPointExtension>
            <gpxtpx:hr>158</gpxtpx:hr>
          </gpxtpx:TrackPointExtension>
        </extensions>
      </trkpt>
      <trkpt lat="24.504025199095075" lon="117.69308180821568">
        <ele>6.599999904632568</ele>
        <time>2026-08-04T12:34:13Z</time>
        <extensions>
          <gpxtpx:TrackPointExtension>
            <gpxtpx:hr>157</gpxtpx:hr>
          </gpxtpx:TrackPointExtension>
        </extensions>
      </trkpt>
      <trkpt lat="24.504029013155133" lon="117.69319462957779">
        <ele>6.599999904632568</ele>
        <time>2026-08-04T12:34:17Z</time>
        <extensions>
          <gpxtpx:TrackPointExtension>
            <gpxtpx:hr>158</gpxtpx:hr>
          </gpxtpx:TrackPointExtension>
        </extensions>
      </trkpt>
      <trkpt lat="24.50401981412297" lon="117.69331444112575">
        <ele>6.599999904632568</ele>
        <time>2026-08-04T12:34:21Z</time>
        <extensions>
          <gpxtpx:TrackPointExtension>
            <gpxtpx:hr>159</gpxtpx:hr>
          </gpxtpx:TrackPointExtension>
        </extensions>
      </trkpt>
      <trkpt lat="24.50400364071294" lon="117.69341827864366">
        <ele>6.599999904632568</ele>
        <time>2026-08-04T12:34:25Z</time>
        <extensions>
          <gpxtpx:TrackPointExtension>
            <gpxtpx:hr>161</gpxtpx:hr>
          </gpxtpx:TrackPointExtension>
        </extensions>
      </trkpt>
      <trkpt lat="24.503990441647055" lon="117.69353809108095">
        <ele>6.599999904632568</ele>
        <time>2026-08-04T12:34:29Z</time>
        <extensions>
          <gpxtpx:TrackPointExtension>
            <gpxtpx:hr>162</gpxtpx:hr>
          </gpxtpx:TrackPointExtension>
        </extensions>
      </trkpt>
      <trkpt lat="24.50398426024169" lon="117.69364791901599">
        <ele>6.400000095367432</ele>
        <time>2026-08-04T12:34:33Z</time>
        <extensions>
          <gpxtpx:TrackPointExtension>
            <gpxtpx:hr>163</gpxtpx:hr>
          </gpxtpx:TrackPointExtension>
        </extensions>
      </trkpt>
      <trkpt lat="24.503984102847948" lon="117.69374376870404">
        <ele>6.400000095367432</ele>
        <time>2026-08-04T12:34:37Z</time>
        <extensions>
          <gpxtpx:TrackPointExtension>
            <gpxtpx:hr>162</gpxtpx:hr>
          </gpxtpx:TrackPointExtension>
        </extensions>
      </trkpt>
      <trkpt lat="24.503996944173156" lon="117.69384161455638">
        <ele>6.400000095367432</ele>
        <time>2026-08-04T12:34:41Z</time>
        <extensions>
          <gpxtpx:TrackPointExtension>
            <gpxtpx:hr>162</gpxtpx:hr>
          </gpxtpx:TrackPointExtension>
        </extensions>
      </trkpt>
      <trkpt lat="24.503977753444904" lon="117.69395643637613">
        <ele>6.599999904632568</ele>
        <time>2026-08-04T12:34:45Z</time>
        <extensions>
          <gpxtpx:TrackPointExtension>
            <gpxtpx:hr>162</gpxtpx:hr>
          </gpxtpx:TrackPointExtension>
        </extensions>
      </trkpt>
      <trkpt lat="24.503976576911167" lon="117.69406426812473">
        <ele>6.199999809265137</ele>
        <time>2026-08-04T12:34:49Z</time>
        <extensions>
          <gpxtpx:TrackPointExtension>
            <gpxtpx:hr>162</gpxtpx:hr>
          </gpxtpx:TrackPointExtension>
        </extensions>
      </trkpt>
      <trkpt lat="24.503970385243907" lon="117.69418108650405">
        <ele>6.199999809265137</ele>
        <time>2026-08-04T12:34:53Z</time>
        <extensions>
          <gpxtpx:TrackPointExtension>
            <gpxtpx:hr>162</gpxtpx:hr>
          </gpxtpx:TrackPointExtension>
        </extensions>
      </trkpt>
      <trkpt lat="24.503972212868828" lon="117.69428692170519">
        <ele>6.199999809265137</ele>
        <time>2026-08-04T12:34:57Z</time>
        <extensions>
          <gpxtpx:TrackPointExtension>
            <gpxtpx:hr>162</gpxtpx:hr>
          </gpxtpx:TrackPointExtension>
        </extensions>
      </trkpt>
      <trkpt lat="24.50397007105251" lon="117.69437378689848">
        <ele>6.199999809265137</ele>
        <time>2026-08-04T12:35:01Z</time>
        <extensions>
          <gpxtpx:TrackPointExtension>
            <gpxtpx:hr>162</gpxtpx:hr>
          </gpxtpx:TrackPointExtension>
        </extensions>
      </trkpt>
      <trkpt lat="24.503973913982918" lon="117.6944706363629">
        <ele>6.199999809265137</ele>
        <time>2026-08-04T12:35:05Z</time>
        <extensions>
          <gpxtpx:TrackPointExtension>
            <gpxtpx:hr>161</gpxtpx:hr>
          </gpxtpx:TrackPointExtension>
        </extensions>
      </trkpt>
      <trkpt lat="24.50397473722207" lon="117.69457946771394">
        <ele>6.199999809265137</ele>
        <time>2026-08-04T12:35:09Z</time>
        <extensions>
          <gpxtpx:TrackPointExtension>
            <gpxtpx:hr>162</gpxtpx:hr>
          </gpxtpx:TrackPointExtension>
        </extensions>
      </trkpt>
      <trkpt lat="24.503958563193116" lon="117.69468530517607">
        <ele>6.199999809265137</ele>
        <time>2026-08-04T12:35:13Z</time>
        <extensions>
          <gpxtpx:TrackPointExtension>
            <gpxtpx:hr>162</gpxtpx:hr>
          </gpxtpx:TrackPointExtension>
        </extensions>
      </trkpt>
      <trkpt lat="24.50394837567143" lon="117.69480012861479">
        <ele>6.0</ele>
        <time>2026-08-04T12:35:17Z</time>
        <extensions>
          <gpxtpx:TrackPointExtension>
            <gpxtpx:hr>161</gpxtpx:hr>
          </gpxtpx:TrackPointExtension>
        </extensions>
      </trkpt>
      <trkpt lat="24.503939196634125" lon="117.6949099599816">
        <ele>6.0</ele>
        <time>2026-08-04T12:35:21Z</time>
        <extensions>
          <gpxtpx:TrackPointExtension>
            <gpxtpx:hr>161</gpxtpx:hr>
          </gpxtpx:TrackPointExtension>
        </extensions>
      </trkpt>
      <trkpt lat="24.50393802379774" lon="117.69501679567243">
        <ele>6.199999809265137</ele>
        <time>2026-08-04T12:35:25Z</time>
        <extensions>
          <gpxtpx:TrackPointExtension>
            <gpxtpx:hr>161</gpxtpx:hr>
          </gpxtpx:TrackPointExtension>
        </extensions>
      </trkpt>
      <trkpt lat="24.50391984077497" lon="117.69512862517749">
        <ele>6.199999809265137</ele>
        <time>2026-08-04T12:35:29Z</time>
        <extensions>
          <gpxtpx:TrackPointExtension>
            <gpxtpx:hr>160</gpxtpx:hr>
          </gpxtpx:TrackPointExtension>
        </extensions>
      </trkpt>
      <trkpt lat="24.503896660530437" lon="117.69523845839478">
        <ele>6.199999809265137</ele>
        <time>2026-08-04T12:35:33Z</time>
        <extensions>
          <gpxtpx:TrackPointExtension>
            <gpxtpx:hr>160</gpxtpx:hr>
          </gpxtpx:TrackPointExtension>
        </extensions>
      </trkpt>
      <trkpt lat="24.503882483396218" lon="117.69534729279019">
        <ele>6.0</ele>
        <time>2026-08-04T12:35:37Z</time>
        <extensions>
          <gpxtpx:TrackPointExtension>
            <gpxtpx:hr>161</gpxtpx:hr>
          </gpxtpx:TrackPointExtension>
        </extensions>
      </trkpt>
      <trkpt lat="24.50385731459837" lon="117.69545013739712">
        <ele>6.0</ele>
        <time>2026-08-04T12:35:41Z</time>
        <extensions>
          <gpxtpx:TrackPointExtension>
            <gpxtpx:hr>160</gpxtpx:hr>
          </gpxtpx:TrackPointExtension>
        </extensions>
      </trkpt>
      <trkpt lat="24.50383516245785" lon="117.69554299726904">
        <ele>6.199999809265137</ele>
        <time>2026-08-04T12:35:45Z</time>
        <extensions>
          <gpxtpx:TrackPointExtension>
            <gpxtpx:hr>160</gpxtpx:hr>
          </gpxtpx:TrackPointExtension>
        </extensions>
      </trkpt>
      <trkpt lat="24.50386200932884" lon="117.695640846276">
        <ele>6.199999809265137</ele>
        <time>2026-08-04T12:35:49Z</time>
        <extensions>
          <gpxtpx:TrackPointExtension>
            <gpxtpx:hr>160</gpxtpx:hr>
          </gpxtpx:TrackPointExtension>
        </extensions>
      </trkpt>
      <trkpt lat="24.503873846320776" lon="117.69574368898991">
        <ele>6.199999809265137</ele>
        <time>2026-08-04T12:35:53Z</time>
        <extensions>
          <gpxtpx:TrackPointExtension>
            <gpxtpx:hr>160</gpxtpx:hr>
          </gpxtpx:TrackPointExtension>
        </extensions>
      </trkpt>
      <trkpt lat="24.503881670214046" lon="117.69585452012464">
        <ele>6.0</ele>
        <time>2026-08-04T12:35:57Z</time>
        <extensions>
          <gpxtpx:TrackPointExtension>
            <gpxtpx:hr>161</gpxtpx:hr>
          </gpxtpx:TrackPointExtension>
        </extensions>
      </trkpt>
      <trkpt lat="24.50387051721105" lon="117.69594937710295">
        <ele>6.0</ele>
        <time>2026-08-04T12:36:01Z</time>
        <extensions>
          <gpxtpx:TrackPointExtension>
            <gpxtpx:hr>159</gpxtpx:hr>
          </gpxtpx:TrackPointExtension>
        </extensions>
      </trkpt>
      <trkpt lat="24.503883448933056" lon="117.69599330965328">
        <ele>6.0</ele>
        <time>2026-08-04T12:36:05Z</time>
        <extensions>
          <gpxtpx:TrackPointExtension>
            <gpxtpx:hr>157</gpxtpx:hr>
          </gpxtpx:TrackPointExtension>
        </extensions>
      </trkpt>
      <trkpt lat="24.5038953837397" lon="117.69603524534254">
        <ele>6.199999809265137</ele>
        <time>2026-08-04T12:36:09Z</time>
        <extensions>
          <gpxtpx:TrackPointExtension>
            <gpxtpx:hr>158</gpxtpx:hr>
          </gpxtpx:TrackPointExtension>
        </extensions>
      </trkpt>
      <trkpt lat="24.503920372899756" lon="117.69604422997753">
        <ele>6.199999809265137</ele>
        <time>2026-08-04T12:36:13Z</time>
        <extensions>
          <gpxtpx:TrackPointExtension>
            <gpxtpx:hr>157</gpxtpx:hr>
          </gpxtpx:TrackPointExtension>
        </extensions>
      </trkpt>
      <trkpt lat="24.503932315704223" lon="117.69608117326538">
        <ele>6.199999809265137</ele>
        <time>2026-08-04T12:36:17Z</time>
        <extensions>
          <gpxtpx:TrackPointExtension>
            <gpxtpx:hr>155</gpxtpx:hr>
          </gpxtpx:TrackPointExtension>
        </extensions>
      </trkpt>
      <trkpt lat="24.503937349808478" lon="117.6960602046121">
        <ele>6.0</ele>
        <time>2026-08-04T12:36:21Z</time>
        <extensions>
          <gpxtpx:TrackPointExtension>
            <gpxtpx:hr>151</gpxtpx:hr>
          </gpxtpx:TrackPointExtension>
        </extensions>
      </trkpt>
      <trkpt lat="24.503964340841748" lon="117.69606819062045">
        <ele>6.199999809265137</ele>
        <time>2026-08-04T12:36:35Z</time>
        <extensions>
          <gpxtpx:TrackPointExtension>
            <gpxtpx:hr>141</gpxtpx:hr>
          </gpxtpx:TrackPointExtension>
        </extensions>
      </trkpt>
      <trkpt lat="24.50405638865688" lon="117.69604621731746">
        <ele>6.199999809265137</ele>
        <time>2026-08-04T12:36:39Z</time>
        <extensions>
          <gpxtpx:TrackPointExtension>
            <gpxtpx:hr>143</gpxtpx:hr>
          </gpxtpx:TrackPointExtension>
        </extensions>
      </trkpt>
      <trkpt lat="24.504160414268252" lon="117.69603922051776">
        <ele>6.0</ele>
        <time>2026-08-04T12:36:43Z</time>
        <extensions>
          <gpxtpx:TrackPointExtension>
            <gpxtpx:hr>146</gpxtpx:hr>
          </gpxtpx:TrackPointExtension>
        </extensions>
      </trkpt>
      <trkpt lat="24.5042514301051" lon="117.6960372170884">
        <ele>6.0</ele>
        <time>2026-08-04T12:36:47Z</time>
        <extensions>
          <gpxtpx:TrackPointExtension>
            <gpxtpx:hr>145</gpxtpx:hr>
          </gpxtpx:TrackPointExtension>
        </extensions>
      </trkpt>
      <trkpt lat="24.504336356004384" lon="117.69609112953752">
        <ele>6.0</ele>
        <time>2026-08-04T12:36:51Z</time>
        <extensions>
          <gpxtpx:TrackPointExtension>
            <gpxtpx:hr>144</gpxtpx:hr>
          </gpxtpx:TrackPointExtension>
        </extensions>
      </trkpt>
      <trkpt lat="24.504427363871475" lon="117.69609411856015">
        <ele>5.599999904632568</ele>
        <time>2026-08-04T12:36:55Z</time>
        <extensions>
          <gpxtpx:TrackPointExtension>
            <gpxtpx:hr>145</gpxtpx:hr>
          </gpxtpx:TrackPointExtension>
        </extensions>
      </trkpt>
      <trkpt lat="24.504516382585685" lon="117.6960901182879">
        <ele>5.599999904632568</ele>
        <time>2026-08-04T12:36:59Z</time>
        <extensions>
          <gpxtpx:TrackPointExtension>
            <gpxtpx:hr>147</gpxtpx:hr>
          </gpxtpx:TrackPointExtension>
        </extensions>
      </trkpt>
      <trkpt lat="24.50461136395831" lon="117.69611008137683">
        <ele>6.0</ele>
        <time>2026-08-04T12:37:03Z</time>
        <extensions>
          <gpxtpx:TrackPointExtension>
            <gpxtpx:hr>149</gpxtpx:hr>
          </gpxtpx:TrackPointExtension>
        </extensions>
      </trkpt>
      <trkpt lat="24.50470734864843" lon="117.69612804742088">
        <ele>6.199999809265137</ele>
        <time>2026-08-04T12:37:07Z</time>
        <extensions>
          <gpxtpx:TrackPointExtension>
            <gpxtpx:hr>150</gpxtpx:hr>
          </gpxtpx:TrackPointExtension>
        </extensions>
      </trkpt>
      <trkpt lat="24.504804328707333" lon="117.69614900887882">
        <ele>6.0</ele>
        <time>2026-08-04T12:37:11Z</time>
        <extensions>
          <gpxtpx:TrackPointExtension>
            <gpxtpx:hr>152</gpxtpx:hr>
          </gpxtpx:TrackPointExtension>
        </extensions>
      </trkpt>
      <trkpt lat="24.504902308904853" lon="117.6961699702766">
        <ele>6.199999809265137</ele>
        <time>2026-08-04T12:37:15Z</time>
        <extensions>
          <gpxtpx:TrackPointExtension>
            <gpxtpx:hr>154</gpxtpx:hr>
          </gpxtpx:TrackPointExtension>
        </extensions>
      </trkpt>
      <trkpt lat="24.505001297182368" lon="117.69618593914774">
        <ele>6.199999809265137</ele>
        <time>2026-08-04T12:37:19Z</time>
        <extensions>
          <gpxtpx:TrackPointExtension>
            <gpxtpx:hr>154</gpxtpx:hr>
          </gpxtpx:TrackPointExtension>
        </extensions>
      </trkpt>
      <trkpt lat="24.505102295260834" lon="117.69619591692198">
        <ele>6.199999809265137</ele>
        <time>2026-08-04T12:37:23Z</time>
        <extensions>
          <gpxtpx:TrackPointExtension>
            <gpxtpx:hr>154</gpxtpx:hr>
          </gpxtpx:TrackPointExtension>
        </extensions>
      </trkpt>
      <trkpt lat="24.505199273725182" lon="117.69621787690863">
        <ele>6.400000095367432</ele>
        <time>2026-08-04T12:37:27Z</time>
        <extensions>
          <gpxtpx:TrackPointExtension>
            <gpxtpx:hr>154</gpxtpx:hr>
          </gpxtpx:TrackPointExtension>
        </extensions>
      </trkpt>
      <trkpt lat="24.505295255227228" lon="117.69623783998892">
        <ele>6.400000095367432</ele>
        <time>2026-08-04T12:37:31Z</time>
        <extensions>
          <gpxtpx:TrackPointExtension>
            <gpxtpx:hr>153</gpxtpx:hr>
          </gpxtpx:TrackPointExtension>
        </extensions>
      </trkpt>
      <trkpt lat="24.50538724411176" lon="117.6962528108878">
        <ele>6.400000095367432</ele>
        <time>2026-08-04T12:37:35Z</time>
        <extensions>
          <gpxtpx:TrackPointExtension>
            <gpxtpx:hr>153</gpxtpx:hr>
          </gpxtpx:TrackPointExtension>
        </extensions>
      </trkpt>
      <trkpt lat="24.50547821540333" lon="117.69627876531223">
        <ele>6.599999904632568</ele>
        <time>2026-08-04T12:37:39Z</time>
        <extensions>
          <gpxtpx:TrackPointExtension>
            <gpxtpx:hr>157</gpxtpx:hr>
          </gpxtpx:TrackPointExtension>
        </extensions>
      </trkpt>
      <trkpt lat="24.50557418738991" lon="117.69630471939875">
        <ele>6.800000190734863</ele>
        <time>2026-08-04T12:37:43Z</time>
        <extensions>
          <gpxtpx:TrackPointExtension>
            <gpxtpx:hr>159</gpxtpx:hr>
          </gpxtpx:TrackPointExtension>
        </extensions>
      </trkpt>
      <trkpt lat="24.505670159381985" lon="117.69633067350182">
        <ele>6.800000190734863</ele>
        <time>2026-08-04T12:37:47Z</time>
        <extensions>
          <gpxtpx:TrackPointExtension>
            <gpxtpx:hr>160</gpxtpx:hr>
          </gpxtpx:TrackPointExtension>
        </extensions>
      </trkpt>
      <trkpt lat="24.505774141988613" lon="117.6963506360702">
        <ele>6.800000190734863</ele>
        <time>2026-08-04T12:37:51Z</time>
        <extensions>
          <gpxtpx:TrackPointExtension>
            <gpxtpx:hr>161</gpxtpx:hr>
          </gpxtpx:TrackPointExtension>
        </extensions>
      </trkpt>
      <trkpt lat="24.50587611798087" lon="117.69637459278142">
        <ele>6.800000190734863</ele>
        <time>2026-08-04T12:37:55Z</time>
        <extensions>
          <gpxtpx:TrackPointExtension>
            <gpxtpx:hr>161</gpxtpx:hr>
          </gpxtpx:TrackPointExtension>
        </extensions>
      </trkpt>
      <trkpt lat="24.505955098735946" lon="117.69639355864521">
        <ele>7.0</ele>
        <time>2026-08-04T12:37:59Z</time>
        <extensions>
          <gpxtpx:TrackPointExtension>
            <gpxtpx:hr>160</gpxtpx:hr>
          </gpxtpx:TrackPointExtension>
        </extensions>
      </trkpt>
      <trkpt lat="24.506041078870073" lon="117.69641352252044">
        <ele>7.0</ele>
        <time>2026-08-04T12:38:03Z</time>
        <extensions>
          <gpxtpx:TrackPointExtension>
            <gpxtpx:hr>161</gpxtpx:hr>
          </gpxtpx:TrackPointExtension>
        </extensions>
      </trkpt>
      <trkpt lat="24.506129048198893" lon="117.6964404757596">
        <ele>7.0</ele>
        <time>2026-08-04T12:38:07Z</time>
        <extensions>
          <gpxtpx:TrackPointExtension>
            <gpxtpx:hr>161</gpxtpx:hr>
          </gpxtpx:TrackPointExtension>
        </extensions>
      </trkpt>
      <trkpt lat="24.506238003010054" lon="117.6964784110313">
        <ele>7.0</ele>
        <time>2026-08-04T12:38:11Z</time>
        <extensions>
          <gpxtpx:TrackPointExtension>
            <gpxtpx:hr>161</gpxtpx:hr>
          </gpxtpx:TrackPointExtension>
        </extensions>
      </trkpt>
      <trkpt lat="24.506325923342352" lon="117.69653631785975">
        <ele>7.199999809265137</ele>
        <time>2026-08-04T12:38:15Z</time>
        <extensions>
          <gpxtpx:TrackPointExtension>
            <gpxtpx:hr>162</gpxtpx:hr>
          </gpxtpx:TrackPointExtension>
        </extensions>
      </trkpt>
      <trkpt lat="24.50642487052214" lon="117.6965782479418">
        <ele>7.199999809265137</ele>
        <time>2026-08-04T12:38:19Z</time>
        <extensions>
          <gpxtpx:TrackPointExtension>
            <gpxtpx:hr>162</gpxtpx:hr>
          </gpxtpx:TrackPointExtension>
        </extensions>
      </trkpt>
      <trkpt lat="24.506528875274583" lon="117.6965842315868">
        <ele>7.199999809265137</ele>
        <time>2026-08-04T12:38:23Z</time>
        <extensions>
          <gpxtpx:TrackPointExtension>
            <gpxtpx:hr>163</gpxtpx:hr>
          </gpxtpx:TrackPointExtension>
        </extensions>
      </trkpt>
      <trkpt lat="24.506625910658897" lon="117.69657024566976">
        <ele>7.199999809265137</ele>
        <time>2026-08-04T12:38:27Z</time>
        <extensions>
          <gpxtpx:TrackPointExtension>
            <gpxtpx:hr>163</gpxtpx:hr>
          </gpxtpx:TrackPointExtension>
        </extensions>
      </trkpt>
      <trkpt lat="24.50674792574894" lon="117.69657123552344">
        <ele>7.199999809265137</ele>
        <time>2026-08-04T12:38:31Z</time>
        <extensions>
          <gpxtpx:TrackPointExtension>
            <gpxtpx:hr>161</gpxtpx:hr>
          </gpxtpx:TrackPointExtension>
        </extensions>
      </trkpt>
      <trkpt lat="24.506847963106424" lon="117.69655625089584">
        <ele>7.0</ele>
        <time>2026-08-04T12:38:35Z</time>
        <extensions>
          <gpxtpx:TrackPointExtension>
            <gpxtpx:hr>161</gpxtpx:hr>
          </gpxtpx:TrackPointExtension>
        </extensions>
      </trkpt>
      <trkpt lat="24.506958960866637" lon="117.69656722655404">
        <ele>7.0</ele>
        <time>2026-08-04T12:38:39Z</time>
        <extensions>
          <gpxtpx:TrackPointExtension>
            <gpxtpx:hr>161</gpxtpx:hr>
          </gpxtpx:TrackPointExtension>
        </extensions>
      </trkpt>
      <trkpt lat="24.50708490379655" lon="117.69661414727234">
        <ele>7.0</ele>
        <time>2026-08-04T12:38:43Z</time>
        <extensions>
          <gpxtpx:TrackPointExtension>
            <gpxtpx:hr>162</gpxtpx:hr>
          </gpxtpx:TrackPointExtension>
        </extensions>
      </trkpt>
      <trkpt lat="24.507172865260063" lon="117.69664609316769">
        <ele>6.800000190734863</ele>
        <time>2026-08-04T12:38:47Z</time>
        <extensions>
          <gpxtpx:TrackPointExtension>
            <gpxtpx:hr>163</gpxtpx:hr>
          </gpxtpx:TrackPointExtension>
        </extensions>
      </trkpt>
      <trkpt lat="24.50725582605773" lon="117.69667803944287">
        <ele>7.0</ele>
        <time>2026-08-04T12:38:51Z</time>
        <extensions>
          <gpxtpx:TrackPointExtension>
            <gpxtpx:hr>163</gpxtpx:hr>
          </gpxtpx:TrackPointExtension>
        </extensions>
      </trkpt>
      <trkpt lat="24.507329780915466" lon="117.69671298190016">
        <ele>7.0</ele>
        <time>2026-08-04T12:38:55Z</time>
        <extensions>
          <gpxtpx:TrackPointExtension>
            <gpxtpx:hr>164</gpxtpx:hr>
          </gpxtpx:TrackPointExtension>
        </extensions>
      </trkpt>
      <trkpt lat="24.507421752428755" lon="117.69673893654858">
        <ele>7.0</ele>
        <time>2026-08-04T12:38:59Z</time>
        <extensions>
          <gpxtpx:TrackPointExtension>
            <gpxtpx:hr>164</gpxtpx:hr>
          </gpxtpx:TrackPointExtension>
        </extensions>
      </trkpt>
      <trkpt lat="24.507509710798367" lon="117.69677287955854">
        <ele>6.800000190734863</ele>
        <time>2026-08-04T12:39:03Z</time>
        <extensions>
          <gpxtpx:TrackPointExtension>
            <gpxtpx:hr>164</gpxtpx:hr>
          </gpxtpx:TrackPointExtension>
        </extensions>
      </trkpt>
      <trkpt lat="24.507611675811134" lon="117.69680382607896">
        <ele>6.800000190734863</ele>
        <time>2026-08-04T12:39:07Z</time>
        <extensions>
          <gpxtpx:TrackPointExtension>
            <gpxtpx:hr>164</gpxtpx:hr>
          </gpxtpx:TrackPointExtension>
        </extensions>
      </trkpt>
      <trkpt lat="24.507711661032495" lon="117.69682179214637">
        <ele>7.0</ele>
        <time>2026-08-04T12:39:11Z</time>
        <extensions>
          <gpxtpx:TrackPointExtension>
            <gpxtpx:hr>164</gpxtpx:hr>
          </gpxtpx:TrackPointExtension>
        </extensions>
      </trkpt>
      <trkpt lat="24.507813610319094" lon="117.69686272380314">
        <ele>7.0</ele>
        <time>2026-08-04T12:39:15Z</time>
        <extensions>
          <gpxtpx:TrackPointExtension>
            <gpxtpx:hr>163</gpxtpx:hr>
          </gpxtpx:TrackPointExtension>
        </extensions>
      </trkpt>
      <trkpt lat="24.507911576393635" lon="117.69689267216576">
        <ele>7.0</ele>
        <time>2026-08-04T12:39:19Z</time>
        <extensions>
          <gpxtpx:TrackPointExtension>
            <gpxtpx:hr>162</gpxtpx:hr>
          </gpxtpx:TrackPointExtension>
        </extensions>
      </trkpt>
      <trkpt lat="24.508005516779832" lon="117.69693859702143">
        <ele>7.0</ele>
        <time>2026-08-04T12:39:23Z</time>
        <extensions>
          <gpxtpx:TrackPointExtension>
            <gpxtpx:hr>162</gpxtpx:hr>
          </gpxtpx:TrackPointExtension>
        </extensions>
      </trkpt>
      <trkpt lat="24.508103465600577" lon="117.69697952908143">
        <ele>6.800000190734863</ele>
        <time>2026-08-04T12:39:27Z</time>
        <extensions>
          <gpxtpx:TrackPointExtension>
            <gpxtpx:hr>161</gpxtpx:hr>
          </gpxtpx:TrackPointExtension>
        </extensions>
      </trkpt>
      <trkpt lat="24.508208423246863" lon="117.69701546811775">
        <ele>7.0</ele>
        <time>2026-08-04T12:39:31Z</time>
        <extensions>
          <gpxtpx:TrackPointExtension>
            <gpxtpx:hr>162</gpxtpx:hr>
          </gpxtpx:TrackPointExtension>
        </extensions>
      </trkpt>
      <trkpt lat="24.50831139790843" lon="117.69704042366791">
        <ele>6.800000190734863</ele>
        <time>2026-08-04T12:39:35Z</time>
        <extensions>
          <gpxtpx:TrackPointExtension>
            <gpxtpx:hr>164</gpxtpx:hr>
          </gpxtpx:TrackPointExtension>
        </extensions>
      </trkpt>
      <trkpt lat="24.50841938580385" lon="117.69705739075938">
        <ele>7.0</ele>
        <time>2026-08-04T12:39:39Z</time>
        <extensions>
          <gpxtpx:TrackPointExtension>
            <gpxtpx:hr>165</gpxtpx:hr>
          </gpxtpx:TrackPointExtension>
        </extensions>
      </trkpt>
      <trkpt lat="24.508519360062657" lon="117.69708234654844">
        <ele>6.800000190734863</ele>
        <time>2026-08-04T12:39:43Z</time>
        <extensions>
          <gpxtpx:TrackPointExtension>
            <gpxtpx:hr>165</gpxtpx:hr>
          </gpxtpx:TrackPointExtension>
        </extensions>
      </trkpt>
      <trkpt lat="24.50860934238889" lon="117.6971013119659">
        <ele>6.599999904632568</ele>
        <time>2026-08-04T12:39:47Z</time>
        <extensions>
          <gpxtpx:TrackPointExtension>
            <gpxtpx:hr>165</gpxtpx:hr>
          </gpxtpx:TrackPointExtension>
        </extensions>
      </trkpt>
      <trkpt lat="24.50868930455174" lon="117.69713226030063">
        <ele>6.599999904632568</ele>
        <time>2026-08-04T12:39:51Z</time>
        <extensions>
          <gpxtpx:TrackPointExtension>
            <gpxtpx:hr>165</gpxtpx:hr>
          </gpxtpx:TrackPointExtension>
        </extensions>
      </trkpt>
      <trkpt lat="24.508761289163406" lon="117.69714823146661">
        <ele>6.599999904632568</ele>
        <time>2026-08-04T12:39:55Z</time>
        <extensions>
          <gpxtpx:TrackPointExtension>
            <gpxtpx:hr>164</gpxtpx:hr>
          </gpxtpx:TrackPointExtension>
        </extensions>
      </trkpt>
      <trkpt lat="24.508840244944448" lon="117.69718317398075">
        <ele>6.599999904632568</ele>
        <time>2026-08-04T12:39:59Z</time>
        <extensions>
          <gpxtpx:TrackPointExtension>
            <gpxtpx:hr>163</gpxtpx:hr>
          </gpxtpx:TrackPointExtension>
        </extensions>
      </trkpt>
      <trkpt lat="24.50889114061801" lon="117.69725406520844">
        <ele>6.599999904632568</ele>
        <time>2026-08-04T12:40:03Z</time>
        <extensions>
          <gpxtpx:TrackPointExtension>
            <gpxtpx:hr>162</gpxtpx:hr>
          </gpxtpx:TrackPointExtension>
        </extensions>
      </trkpt>
    </trkseg>
  </trk>
</gpx>