<?xml version="1.0" encoding="UTF-8"?>
<gpx xmlns="http://www.topografix.com/GPX/1/1" xmlns:gpxtpx="http://www.garmin.com/xmlschemas/TrackPointExtension/v1" xmlns:xsi="http://www.w3.org/2001/XMLSchema-instance" xsi:schemaLocation="http://www.topografix.com/GPX/1/1 http://www.topografix.com/GPX/1/1/gpx.xsd" version="1.1" creator="gpx.py -- https://github.com/tkrajina/gpxpy">
  <trk>
    <name>gpx from keep</name>
    <type>Run</type>
    <trkseg>
      <trkpt lat="30.290587299128955" lon="120.22047595461119">
        <ele>16.799999237060547</ele>
        <time>2026-08-14T21:28:15Z</time>
        <extensions>
          <gpxtpx:TrackPointExtension>
            <gpxtpx:hr>93</gpxtpx:hr>
          </gpxtpx:TrackPointExtension>
        </extensions>
      </trkpt>
      <trkpt lat="30.29063237316029" lon="120.22056411023462">
        <ele>16.799999237060547</ele>
        <time>2026-08-14T21:28:19Z</time>
        <extensions>
          <gpxtpx:TrackPointExtension>
            <gpxtpx:hr>97</gpxtpx:hr>
          </gpxtpx:TrackPointExtension>
        </extensions>
      </trkpt>
      <trkpt lat="30.29066943797873" lon="120.22064124634994">
        <ele>16.799999237060547</ele>
        <time>2026-08-14T21:28:23Z</time>
        <extensions>
          <gpxtpx:TrackPointExtension>
            <gpxtpx:hr>100</gpxtpx:hr>
          </gpxtpx:TrackPointExtension>
        </extensions>
      </trkpt>
      <trkpt lat="30.290705495588593" lon="120.22071036789019">
        <ele>16.799999237060547</ele>
        <time>2026-08-14T21:28:27Z</time>
        <extensions>
          <gpxtpx:TrackPointExtension>
            <gpxtpx:hr>103</gpxtpx:hr>
          </gpxtpx:TrackPointExtension>
        </extensions>
      </trkpt>
      <trkpt lat="30.29074356435683" lon="120.22079251247838">
        <ele>16.799999237060547</ele>
        <time>2026-08-14T21:28:31Z</time>
        <extensions>
          <gpxtpx:TrackPointExtension>
            <gpxtpx:hr>106</gpxtpx:hr>
          </gpxtpx:TrackPointExtension>
        </extensions>
      </trkpt>
      <trkpt lat="30.290786618211033" lon="120.2208586276387">
        <ele>16.600000381469727</ele>
        <time>2026-08-14T21:28:35Z</time>
        <extensions>
          <gpxtpx:TrackPointExtension>
            <gpxtpx:hr>107</gpxtpx:hr>
          </gpxtpx:TrackPointExtension>
        </extensions>
      </trkpt>
      <trkpt lat="30.290844671190936" lon="120.22092574318599">
        <ele>16.600000381469727</ele>
        <time>2026-08-14T21:28:39Z</time>
        <extensions>
          <gpxtpx:TrackPointExtension>
            <gpxtpx:hr>108</gpxtpx:hr>
          </gpxtpx:TrackPointExtension>
        </extensions>
      </trkpt>
      <trkpt lat="30.29089572300856" lon="120.22099085554795">
        <ele>16.600000381469727</ele>
        <time>2026-08-14T21:28:43Z</time>
        <extensions>
          <gpxtpx:TrackPointExtension>
            <gpxtpx:hr>109</gpxtpx:hr>
          </gpxtpx:TrackPointExtension>
        </extensions>
      </trkpt>
      <trkpt lat="30.290952767890445" lon="120.2210489547217">
        <ele>16.399999618530273</ele>
        <time>2026-08-14T21:28:47Z</time>
        <extensions>
          <gpxtpx:TrackPointExtension>
            <gpxtpx:hr>108</gpxtpx:hr>
          </gpxtpx:TrackPointExtension>
        </extensions>
      </trkpt>
      <trkpt lat="30.29101181068916" lon="120.22110505002254">
        <ele>16.399999618530273</ele>
        <time>2026-08-14T21:28:51Z</time>
        <extensions>
          <gpxtpx:TrackPointExtension>
            <gpxtpx:hr>109</gpxtpx:hr>
          </gpxtpx:TrackPointExtension>
        </extensions>
      </trkpt>
      <trkpt lat="30.2910718436498" lon="120.22115012547681">
        <ele>16.399999618530273</ele>
        <time>2026-08-14T21:28:55Z</time>
        <extensions>
          <gpxtpx:TrackPointExtension>
            <gpxtpx:hr>111</gpxtpx:hr>
          </gpxtpx:TrackPointExtension>
        </extensions>
      </trkpt>
      <trkpt lat="30.29113589182626" lon="120.22121323262449">
        <ele>16.399999618530273</ele>
        <time>2026-08-14T21:28:59Z</time>
        <extensions>
          <gpxtpx:TrackPointExtension>
            <gpxtpx:hr>114</gpxtpx:hr>
          </gpxtpx:TrackPointExtension>
        </extensions>
      </trkpt>
      <trkpt lat="30.2911899313617" lon="120.22126532084835">
        <ele>16.399999618530273</ele>
        <time>2026-08-14T21:29:03Z</time>
        <extensions>
          <gpxtpx:TrackPointExtension>
            <gpxtpx:hr>116</gpxtpx:hr>
          </gpxtpx:TrackPointExtension>
        </extensions>
      </trkpt>
      <trkpt lat="30.291246983517507" lon="120.22133243539847">
        <ele>16.399999618530273</ele>
        <time>2026-08-14T21:29:07Z</time>
        <extensions>
          <gpxtpx:TrackPointExtension>
            <gpxtpx:hr>117</gpxtpx:hr>
          </gpxtpx:TrackPointExtension>
        </extensions>
      </trkpt>
      <trkpt lat="30.291306035304352" lon="120.22139954960532">
        <ele>16.600000381469727</ele>
        <time>2026-08-14T21:29:11Z</time>
        <extensions>
          <gpxtpx:TrackPointExtension>
            <gpxtpx:hr>116</gpxtpx:hr>
          </gpxtpx:TrackPointExtension>
        </extensions>
      </trkpt>
      <trkpt lat="30.29138103935759" lon="120.22141356828675">
        <ele>16.399999618530273</ele>
        <time>2026-08-14T21:29:15Z</time>
        <extensions>
          <gpxtpx:TrackPointExtension>
            <gpxtpx:hr>116</gpxtpx:hr>
          </gpxtpx:TrackPointExtension>
        </extensions>
      </trkpt>
      <trkpt lat="30.291464077136435" lon="120.22146765725536">
        <ele>16.399999618530273</ele>
        <time>2026-08-14T21:29:19Z</time>
        <extensions>
          <gpxtpx:TrackPointExtension>
            <gpxtpx:hr>116</gpxtpx:hr>
          </gpxtpx:TrackPointExtension>
        </extensions>
      </trkpt>
      <trkpt lat="30.29152611621346" lon="120.22152074606595">
        <ele>16.399999618530273</ele>
        <time>2026-08-14T21:29:23Z</time>
        <extensions>
          <gpxtpx:TrackPointExtension>
            <gpxtpx:hr>116</gpxtpx:hr>
          </gpxtpx:TrackPointExtension>
        </extensions>
      </trkpt>
      <trkpt lat="30.291587150996648" lon="120.22156882600237">
        <ele>16.399999618530273</ele>
        <time>2026-08-14T21:29:27Z</time>
        <extensions>
          <gpxtpx:TrackPointExtension>
            <gpxtpx:hr>116</gpxtpx:hr>
          </gpxtpx:TrackPointExtension>
        </extensions>
      </trkpt>
      <trkpt lat="30.291650186342657" lon="120.22161790744931">
        <ele>16.399999618530273</ele>
        <time>2026-08-14T21:29:31Z</time>
        <extensions>
          <gpxtpx:TrackPointExtension>
            <gpxtpx:hr>117</gpxtpx:hr>
          </gpxtpx:TrackPointExtension>
        </extensions>
      </trkpt>
      <trkpt lat="30.291711224393012" lon="120.22166999426032">
        <ele>16.399999618530273</ele>
        <time>2026-08-14T21:29:35Z</time>
        <extensions>
          <gpxtpx:TrackPointExtension>
            <gpxtpx:hr>122</gpxtpx:hr>
          </gpxtpx:TrackPointExtension>
        </extensions>
      </trkpt>
      <trkpt lat="30.291763265888083" lon="120.22172508699295">
        <ele>16.399999618530273</ele>
        <time>2026-08-14T21:29:39Z</time>
        <extensions>
          <gpxtpx:TrackPointExtension>
            <gpxtpx:hr>124</gpxtpx:hr>
          </gpxtpx:TrackPointExtension>
        </extensions>
      </trkpt>
      <trkpt lat="30.291818300123637" lon="120.22177216527174">
        <ele>16.600000381469727</ele>
        <time>2026-08-14T21:29:43Z</time>
        <extensions>
          <gpxtpx:TrackPointExtension>
            <gpxtpx:hr>124</gpxtpx:hr>
          </gpxtpx:TrackPointExtension>
        </extensions>
      </trkpt>
      <trkpt lat="30.291877340668183" lon="120.22182725720394">
        <ele>16.600000381469727</ele>
        <time>2026-08-14T21:29:47Z</time>
        <extensions>
          <gpxtpx:TrackPointExtension>
            <gpxtpx:hr>124</gpxtpx:hr>
          </gpxtpx:TrackPointExtension>
        </extensions>
      </trkpt>
      <trkpt lat="30.29193340097985" lon="120.22190538965141">
        <ele>16.600000381469727</ele>
        <time>2026-08-14T21:29:51Z</time>
        <extensions>
          <gpxtpx:TrackPointExtension>
            <gpxtpx:hr>123</gpxtpx:hr>
          </gpxtpx:TrackPointExtension>
        </extensions>
      </trkpt>
      <trkpt lat="30.291950476307214" lon="120.22199654784492">
        <ele>16.600000381469727</ele>
        <time>2026-08-14T21:29:55Z</time>
        <extensions>
          <gpxtpx:TrackPointExtension>
            <gpxtpx:hr>121</gpxtpx:hr>
          </gpxtpx:TrackPointExtension>
        </extensions>
      </trkpt>
      <trkpt lat="30.291934542267963" lon="120.22207268219441">
        <ele>16.399999618530273</ele>
        <time>2026-08-14T21:29:59Z</time>
        <extensions>
          <gpxtpx:TrackPointExtension>
            <gpxtpx:hr>122</gpxtpx:hr>
          </gpxtpx:TrackPointExtension>
        </extensions>
      </trkpt>
      <trkpt lat="30.291914609306172" lon="120.22214981838731">
        <ele>16.600000381469727</ele>
        <time>2026-08-14T21:30:03Z</time>
        <extensions>
          <gpxtpx:TrackPointExtension>
            <gpxtpx:hr>123</gpxtpx:hr>
          </gpxtpx:TrackPointExtension>
        </extensions>
      </trkpt>
      <trkpt lat="30.291886674491384" lon="120.22222394977243">
        <ele>16.600000381469727</ele>
        <time>2026-08-14T21:30:07Z</time>
        <extensions>
          <gpxtpx:TrackPointExtension>
            <gpxtpx:hr>123</gpxtpx:hr>
          </gpxtpx:TrackPointExtension>
        </extensions>
      </trkpt>
      <trkpt lat="30.291860752648688" lon="120.22231410860559">
        <ele>16.600000381469727</ele>
        <time>2026-08-14T21:30:11Z</time>
        <extensions>
          <gpxtpx:TrackPointExtension>
            <gpxtpx:hr>123</gpxtpx:hr>
          </gpxtpx:TrackPointExtension>
        </extensions>
      </trkpt>
      <trkpt lat="30.291832827415337" lon="120.22240026033495">
        <ele>16.600000381469727</ele>
        <time>2026-08-14T21:30:15Z</time>
        <extensions>
          <gpxtpx:TrackPointExtension>
            <gpxtpx:hr>123</gpxtpx:hr>
          </gpxtpx:TrackPointExtension>
        </extensions>
      </trkpt>
      <trkpt lat="30.291814898359725" lon="120.22248340574637">
        <ele>16.799999237060547</ele>
        <time>2026-08-14T21:30:19Z</time>
        <extensions>
          <gpxtpx:TrackPointExtension>
            <gpxtpx:hr>123</gpxtpx:hr>
          </gpxtpx:TrackPointExtension>
        </extensions>
      </trkpt>
      <trkpt lat="30.291797965652503" lon="120.2225625438814">
        <ele>16.799999237060547</ele>
        <time>2026-08-14T21:30:23Z</time>
        <extensions>
          <gpxtpx:TrackPointExtension>
            <gpxtpx:hr>123</gpxtpx:hr>
          </gpxtpx:TrackPointExtension>
        </extensions>
      </trkpt>
      <trkpt lat="30.291781030258498" lon="120.22263867658651">
        <ele>16.799999237060547</ele>
        <time>2026-08-14T21:30:27Z</time>
        <extensions>
          <gpxtpx:TrackPointExtension>
            <gpxtpx:hr>123</gpxtpx:hr>
          </gpxtpx:TrackPointExtension>
        </extensions>
      </trkpt>
      <trkpt lat="30.29177009730702" lon="120.2227188154569">
        <ele>17.0</ele>
        <time>2026-08-14T21:30:31Z</time>
        <extensions>
          <gpxtpx:TrackPointExtension>
            <gpxtpx:hr>122</gpxtpx:hr>
          </gpxtpx:TrackPointExtension>
        </extensions>
      </trkpt>
      <trkpt lat="30.29175717581766" lon="120.22281297830564">
        <ele>17.0</ele>
        <time>2026-08-14T21:30:35Z</time>
        <extensions>
          <gpxtpx:TrackPointExtension>
            <gpxtpx:hr>123</gpxtpx:hr>
          </gpxtpx:TrackPointExtension>
        </extensions>
      </trkpt>
      <trkpt lat="30.291755246313503" lon="120.2228991261679">
        <ele>17.200000762939453</ele>
        <time>2026-08-14T21:30:39Z</time>
        <extensions>
          <gpxtpx:TrackPointExtension>
            <gpxtpx:hr>123</gpxtpx:hr>
          </gpxtpx:TrackPointExtension>
        </extensions>
      </trkpt>
      <trkpt lat="30.291739321318893" lon="120.22298928173194">
        <ele>17.200000762939453</ele>
        <time>2026-08-14T21:30:43Z</time>
        <extensions>
          <gpxtpx:TrackPointExtension>
            <gpxtpx:hr>123</gpxtpx:hr>
          </gpxtpx:TrackPointExtension>
        </extensions>
      </trkpt>
      <trkpt lat="30.29172938973107" lon="120.22307242451461">
        <ele>17.200000762939453</ele>
        <time>2026-08-14T21:30:47Z</time>
        <extensions>
          <gpxtpx:TrackPointExtension>
            <gpxtpx:hr>124</gpxtpx:hr>
          </gpxtpx:TrackPointExtension>
        </extensions>
      </trkpt>
      <trkpt lat="30.29171445763987" lon="120.22315456572451">
        <ele>17.200000762939453</ele>
        <time>2026-08-14T21:30:51Z</time>
        <extensions>
          <gpxtpx:TrackPointExtension>
            <gpxtpx:hr>124</gpxtpx:hr>
          </gpxtpx:TrackPointExtension>
        </extensions>
      </trkpt>
      <trkpt lat="30.291696535289486" lon="120.22324872733024">
        <ele>17.399999618530273</ele>
        <time>2026-08-14T21:30:55Z</time>
        <extensions>
          <gpxtpx:TrackPointExtension>
            <gpxtpx:hr>125</gpxtpx:hr>
          </gpxtpx:TrackPointExtension>
        </extensions>
      </trkpt>
      <trkpt lat="30.291683606491198" lon="120.2233358762809">
        <ele>17.399999618530273</ele>
        <time>2026-08-14T21:30:59Z</time>
        <extensions>
          <gpxtpx:TrackPointExtension>
            <gpxtpx:hr>124</gpxtpx:hr>
          </gpxtpx:TrackPointExtension>
        </extensions>
      </trkpt>
      <trkpt lat="30.29166667547087" lon="120.22342002016988">
        <ele>17.600000381469727</ele>
        <time>2026-08-14T21:31:03Z</time>
        <extensions>
          <gpxtpx:TrackPointExtension>
            <gpxtpx:hr>125</gpxtpx:hr>
          </gpxtpx:TrackPointExtension>
        </extensions>
      </trkpt>
      <trkpt lat="30.291650742509706" lon="120.2235021603074">
        <ele>17.600000381469727</ele>
        <time>2026-08-14T21:31:07Z</time>
        <extensions>
          <gpxtpx:TrackPointExtension>
            <gpxtpx:hr>124</gpxtpx:hr>
          </gpxtpx:TrackPointExtension>
        </extensions>
      </trkpt>
      <trkpt lat="30.29163480694005" lon="120.22358129510754">
        <ele>17.799999237060547</ele>
        <time>2026-08-14T21:31:11Z</time>
        <extensions>
          <gpxtpx:TrackPointExtension>
            <gpxtpx:hr>123</gpxtpx:hr>
          </gpxtpx:TrackPointExtension>
        </extensions>
      </trkpt>
      <trkpt lat="30.291618875103048" lon="120.22366543807742">
        <ele>17.799999237060547</ele>
        <time>2026-08-14T21:31:15Z</time>
        <extensions>
          <gpxtpx:TrackPointExtension>
            <gpxtpx:hr>123</gpxtpx:hr>
          </gpxtpx:TrackPointExtension>
        </extensions>
      </trkpt>
      <trkpt lat="30.29160693708435" lon="120.22374256866128">
        <ele>17.799999237060547</ele>
        <time>2026-08-14T21:31:19Z</time>
        <extensions>
          <gpxtpx:TrackPointExtension>
            <gpxtpx:hr>124</gpxtpx:hr>
          </gpxtpx:TrackPointExtension>
        </extensions>
      </trkpt>
      <trkpt lat="30.291594004457178" lon="120.22382671083336">
        <ele>18.0</ele>
        <time>2026-08-14T21:31:23Z</time>
        <extensions>
          <gpxtpx:TrackPointExtension>
            <gpxtpx:hr>125</gpxtpx:hr>
          </gpxtpx:TrackPointExtension>
        </extensions>
      </trkpt>
      <trkpt lat="30.291582068354163" lon="120.2239068459365">
        <ele>18.0</ele>
        <time>2026-08-14T21:31:27Z</time>
        <extensions>
          <gpxtpx:TrackPointExtension>
            <gpxtpx:hr>125</gpxtpx:hr>
          </gpxtpx:TrackPointExtension>
        </extensions>
      </trkpt>
      <trkpt lat="30.291565129455385" lon="120.22398297450341">
        <ele>18.0</ele>
        <time>2026-08-14T21:31:31Z</time>
        <extensions>
          <gpxtpx:TrackPointExtension>
            <gpxtpx:hr>125</gpxtpx:hr>
          </gpxtpx:TrackPointExtension>
        </extensions>
      </trkpt>
      <trkpt lat="30.291546199880706" lon="120.22407112301934">
        <ele>18.0</ele>
        <time>2026-08-14T21:31:35Z</time>
        <extensions>
          <gpxtpx:TrackPointExtension>
            <gpxtpx:hr>122</gpxtpx:hr>
          </gpxtpx:TrackPointExtension>
        </extensions>
      </trkpt>
      <trkpt lat="30.291527273127357" lon="120.22416327787653">
        <ele>18.0</ele>
        <time>2026-08-14T21:31:39Z</time>
        <extensions>
          <gpxtpx:TrackPointExtension>
            <gpxtpx:hr>120</gpxtpx:hr>
          </gpxtpx:TrackPointExtension>
        </extensions>
      </trkpt>
      <trkpt lat="30.291499343204894" lon="120.22425042482463">
        <ele>18.0</ele>
        <time>2026-08-14T21:31:43Z</time>
        <extensions>
          <gpxtpx:TrackPointExtension>
            <gpxtpx:hr>120</gpxtpx:hr>
          </gpxtpx:TrackPointExtension>
        </extensions>
      </trkpt>
      <trkpt lat="30.291475411822223" lon="120.22433656947648">
        <ele>18.0</ele>
        <time>2026-08-14T21:31:47Z</time>
        <extensions>
          <gpxtpx:TrackPointExtension>
            <gpxtpx:hr>121</gpxtpx:hr>
          </gpxtpx:TrackPointExtension>
        </extensions>
      </trkpt>
      <trkpt lat="30.29145247320361" lon="120.22441369885763">
        <ele>17.799999237060547</ele>
        <time>2026-08-14T21:31:51Z</time>
        <extensions>
          <gpxtpx:TrackPointExtension>
            <gpxtpx:hr>121</gpxtpx:hr>
          </gpxtpx:TrackPointExtension>
        </extensions>
      </trkpt>
      <trkpt lat="30.291425542417727" lon="120.22450084483242">
        <ele>17.799999237060547</ele>
        <time>2026-08-14T21:31:55Z</time>
        <extensions>
          <gpxtpx:TrackPointExtension>
            <gpxtpx:hr>121</gpxtpx:hr>
          </gpxtpx:TrackPointExtension>
        </extensions>
      </trkpt>
      <trkpt lat="30.291402605633593" lon="120.22458097863766">
        <ele>17.600000381469727</ele>
        <time>2026-08-14T21:31:59Z</time>
        <extensions>
          <gpxtpx:TrackPointExtension>
            <gpxtpx:hr>121</gpxtpx:hr>
          </gpxtpx:TrackPointExtension>
        </extensions>
      </trkpt>
      <trkpt lat="30.29137067412569" lon="120.22466712278383">
        <ele>17.399999618530273</ele>
        <time>2026-08-14T21:32:03Z</time>
        <extensions>
          <gpxtpx:TrackPointExtension>
            <gpxtpx:hr>120</gpxtpx:hr>
          </gpxtpx:TrackPointExtension>
        </extensions>
      </trkpt>
      <trkpt lat="30.291330732691797" lon="120.22473924431753">
        <ele>17.0</ele>
        <time>2026-08-14T21:32:07Z</time>
        <extensions>
          <gpxtpx:TrackPointExtension>
            <gpxtpx:hr>120</gpxtpx:hr>
          </gpxtpx:TrackPointExtension>
        </extensions>
      </trkpt>
      <trkpt lat="30.291273766640426" lon="120.22477630968812">
        <ele>17.0</ele>
        <time>2026-08-14T21:32:11Z</time>
        <extensions>
          <gpxtpx:TrackPointExtension>
            <gpxtpx:hr>120</gpxtpx:hr>
          </gpxtpx:TrackPointExtension>
        </extensions>
      </trkpt>
      <trkpt lat="30.291185785118543" lon="120.22478833659692">
        <ele>17.0</ele>
        <time>2026-08-14T21:32:15Z</time>
        <extensions>
          <gpxtpx:TrackPointExtension>
            <gpxtpx:hr>119</gpxtpx:hr>
          </gpxtpx:TrackPointExtension>
        </extensions>
      </trkpt>
      <trkpt lat="30.291107797258476" lon="120.22479335120805">
        <ele>17.0</ele>
        <time>2026-08-14T21:32:19Z</time>
        <extensions>
          <gpxtpx:TrackPointExtension>
            <gpxtpx:hr>119</gpxtpx:hr>
          </gpxtpx:TrackPointExtension>
        </extensions>
      </trkpt>
      <trkpt lat="30.29102380928727" lon="120.22479736467345">
        <ele>17.0</ele>
        <time>2026-08-14T21:32:23Z</time>
        <extensions>
          <gpxtpx:TrackPointExtension>
            <gpxtpx:hr>120</gpxtpx:hr>
          </gpxtpx:TrackPointExtension>
        </extensions>
      </trkpt>
      <trkpt lat="30.29094482077333" lon="120.22480137772676">
        <ele>17.200000762939453</ele>
        <time>2026-08-14T21:32:27Z</time>
        <extensions>
          <gpxtpx:TrackPointExtension>
            <gpxtpx:hr>120</gpxtpx:hr>
          </gpxtpx:TrackPointExtension>
        </extensions>
      </trkpt>
      <trkpt lat="30.290863831718696" lon="120.22480438930587">
        <ele>17.0</ele>
        <time>2026-08-14T21:32:31Z</time>
        <extensions>
          <gpxtpx:TrackPointExtension>
            <gpxtpx:hr>121</gpxtpx:hr>
          </gpxtpx:TrackPointExtension>
        </extensions>
      </trkpt>
      <trkpt lat="30.290788842015278" lon="120.22480740039092">
        <ele>17.0</ele>
        <time>2026-08-14T21:32:35Z</time>
        <extensions>
          <gpxtpx:TrackPointExtension>
            <gpxtpx:hr>122</gpxtpx:hr>
          </gpxtpx:TrackPointExtension>
        </extensions>
      </trkpt>
      <trkpt lat="30.290714855949037" lon="120.22481541958199">
        <ele>17.0</ele>
        <time>2026-08-14T21:32:39Z</time>
        <extensions>
          <gpxtpx:TrackPointExtension>
            <gpxtpx:hr>123</gpxtpx:hr>
          </gpxtpx:TrackPointExtension>
        </extensions>
      </trkpt>
      <trkpt lat="30.290635865915025" lon="120.2248174293572">
        <ele>17.0</ele>
        <time>2026-08-14T21:32:43Z</time>
        <extensions>
          <gpxtpx:TrackPointExtension>
            <gpxtpx:hr>124</gpxtpx:hr>
          </gpxtpx:TrackPointExtension>
        </extensions>
      </trkpt>
      <trkpt lat="30.29055587448408" lon="120.22481743593947">
        <ele>17.0</ele>
        <time>2026-08-14T21:32:47Z</time>
        <extensions>
          <gpxtpx:TrackPointExtension>
            <gpxtpx:hr>125</gpxtpx:hr>
          </gpxtpx:TrackPointExtension>
        </extensions>
      </trkpt>
      <trkpt lat="30.2904878825136" lon="120.2248184431719">
        <ele>17.0</ele>
        <time>2026-08-14T21:32:51Z</time>
        <extensions>
          <gpxtpx:TrackPointExtension>
            <gpxtpx:hr>125</gpxtpx:hr>
          </gpxtpx:TrackPointExtension>
        </extensions>
      </trkpt>
      <trkpt lat="30.290421896321003" lon="120.2248274633382">
        <ele>17.0</ele>
        <time>2026-08-14T21:32:55Z</time>
        <extensions>
          <gpxtpx:TrackPointExtension>
            <gpxtpx:hr>125</gpxtpx:hr>
          </gpxtpx:TrackPointExtension>
        </extensions>
      </trkpt>
      <trkpt lat="30.290352900703592" lon="120.22482346246645">
        <ele>16.799999237060547</ele>
        <time>2026-08-14T21:32:59Z</time>
        <extensions>
          <gpxtpx:TrackPointExtension>
            <gpxtpx:hr>124</gpxtpx:hr>
          </gpxtpx:TrackPointExtension>
        </extensions>
      </trkpt>
      <trkpt lat="30.29027790647285" lon="120.22482046372514">
        <ele>16.799999237060547</ele>
        <time>2026-08-14T21:33:03Z</time>
        <extensions>
          <gpxtpx:TrackPointExtension>
            <gpxtpx:hr>126</gpxtpx:hr>
          </gpxtpx:TrackPointExtension>
        </extensions>
      </trkpt>
      <trkpt lat="30.29019490109356" lon="120.2248014394356">
        <ele>16.799999237060547</ele>
        <time>2026-08-14T21:33:07Z</time>
        <extensions>
          <gpxtpx:TrackPointExtension>
            <gpxtpx:hr>126</gpxtpx:hr>
          </gpxtpx:TrackPointExtension>
        </extensions>
      </trkpt>
      <trkpt lat="30.290111903953743" lon="120.2247934331576">
        <ele>16.600000381469727</ele>
        <time>2026-08-14T21:33:11Z</time>
        <extensions>
          <gpxtpx:TrackPointExtension>
            <gpxtpx:hr>126</gpxtpx:hr>
          </gpxtpx:TrackPointExtension>
        </extensions>
      </trkpt>
      <trkpt lat="30.29003690219885" lon="120.22478041802395">
        <ele>16.799999237060547</ele>
        <time>2026-08-14T21:33:15Z</time>
        <extensions>
          <gpxtpx:TrackPointExtension>
            <gpxtpx:hr>126</gpxtpx:hr>
          </gpxtpx:TrackPointExtension>
        </extensions>
      </trkpt>
      <trkpt lat="30.28995889474168" lon="120.22475939001204">
        <ele>16.799999237060547</ele>
        <time>2026-08-14T21:33:19Z</time>
        <extensions>
          <gpxtpx:TrackPointExtension>
            <gpxtpx:hr>126</gpxtpx:hr>
          </gpxtpx:TrackPointExtension>
        </extensions>
      </trkpt>
      <trkpt lat="30.28989389114485" lon="120.224745372397">
        <ele>16.799999237060547</ele>
        <time>2026-08-14T21:33:23Z</time>
        <extensions>
          <gpxtpx:TrackPointExtension>
            <gpxtpx:hr>126</gpxtpx:hr>
          </gpxtpx:TrackPointExtension>
        </extensions>
      </trkpt>
      <trkpt lat="30.289833886252687" lon="120.2247303527214">
        <ele>16.799999237060547</ele>
        <time>2026-08-14T21:33:27Z</time>
        <extensions>
          <gpxtpx:TrackPointExtension>
            <gpxtpx:hr>126</gpxtpx:hr>
          </gpxtpx:TrackPointExtension>
        </extensions>
      </trkpt>
      <trkpt lat="30.28977190188614" lon="120.22474237751308">
        <ele>16.799999237060547</ele>
        <time>2026-08-14T21:33:31Z</time>
        <extensions>
          <gpxtpx:TrackPointExtension>
            <gpxtpx:hr>124</gpxtpx:hr>
          </gpxtpx:TrackPointExtension>
        </extensions>
      </trkpt>
      <trkpt lat="30.28969691889546" lon="120.22475440336842">
        <ele>16.799999237060547</ele>
        <time>2026-08-14T21:33:35Z</time>
        <extensions>
          <gpxtpx:TrackPointExtension>
            <gpxtpx:hr>123</gpxtpx:hr>
          </gpxtpx:TrackPointExtension>
        </extensions>
      </trkpt>
      <trkpt lat="30.2896229320317" lon="120.22476142093679">
        <ele>16.799999237060547</ele>
        <time>2026-08-14T21:33:39Z</time>
        <extensions>
          <gpxtpx:TrackPointExtension>
            <gpxtpx:hr>122</gpxtpx:hr>
          </gpxtpx:TrackPointExtension>
        </extensions>
      </trkpt>
      <trkpt lat="30.289547942262843" lon="120.22476443202683">
        <ele>16.799999237060547</ele>
        <time>2026-08-14T21:33:43Z</time>
        <extensions>
          <gpxtpx:TrackPointExtension>
            <gpxtpx:hr>121</gpxtpx:hr>
          </gpxtpx:TrackPointExtension>
        </extensions>
      </trkpt>
      <trkpt lat="30.28947794820081" lon="120.22476243450663">
        <ele>16.799999237060547</ele>
        <time>2026-08-14T21:33:47Z</time>
        <extensions>
          <gpxtpx:TrackPointExtension>
            <gpxtpx:hr>120</gpxtpx:hr>
          </gpxtpx:TrackPointExtension>
        </extensions>
      </trkpt>
      <trkpt lat="30.289393954870352" lon="120.22475943649819">
        <ele>16.799999237060547</ele>
        <time>2026-08-14T21:33:51Z</time>
        <extensions>
          <gpxtpx:TrackPointExtension>
            <gpxtpx:hr>120</gpxtpx:hr>
          </gpxtpx:TrackPointExtension>
        </extensions>
      </trkpt>
      <trkpt lat="30.28931395885428" lon="120.22475343323994">
        <ele>16.799999237060547</ele>
        <time>2026-08-14T21:33:55Z</time>
        <extensions>
          <gpxtpx:TrackPointExtension>
            <gpxtpx:hr>120</gpxtpx:hr>
          </gpxtpx:TrackPointExtension>
        </extensions>
      </trkpt>
      <trkpt lat="30.28923696326593" lon="120.22474843137378">
        <ele>16.799999237060547</ele>
        <time>2026-08-14T21:33:59Z</time>
        <extensions>
          <gpxtpx:TrackPointExtension>
            <gpxtpx:hr>121</gpxtpx:hr>
          </gpxtpx:TrackPointExtension>
        </extensions>
      </trkpt>
      <trkpt lat="30.289161970468744" lon="120.22474743590402">
        <ele>16.799999237060547</ele>
        <time>2026-08-14T21:34:03Z</time>
        <extensions>
          <gpxtpx:TrackPointExtension>
            <gpxtpx:hr>121</gpxtpx:hr>
          </gpxtpx:TrackPointExtension>
        </extensions>
      </trkpt>
      <trkpt lat="30.28908398475275" lon="120.22475545544344">
        <ele>16.799999237060547</ele>
        <time>2026-08-14T21:34:07Z</time>
        <extensions>
          <gpxtpx:TrackPointExtension>
            <gpxtpx:hr>122</gpxtpx:hr>
          </gpxtpx:TrackPointExtension>
        </extensions>
      </trkpt>
      <trkpt lat="30.289008997960682" lon="120.2247624730936">
        <ele>16.799999237060547</ele>
        <time>2026-08-14T21:34:11Z</time>
        <extensions>
          <gpxtpx:TrackPointExtension>
            <gpxtpx:hr>121</gpxtpx:hr>
          </gpxtpx:TrackPointExtension>
        </extensions>
      </trkpt>
      <trkpt lat="30.28892301232718" lon="120.22476949164673">
        <ele>16.799999237060547</ele>
        <time>2026-08-14T21:34:15Z</time>
        <extensions>
          <gpxtpx:TrackPointExtension>
            <gpxtpx:hr>121</gpxtpx:hr>
          </gpxtpx:TrackPointExtension>
        </extensions>
      </trkpt>
      <trkpt lat="30.28883801981972" lon="120.22476749536091">
        <ele>17.0</ele>
        <time>2026-08-14T21:34:19Z</time>
        <extensions>
          <gpxtpx:TrackPointExtension>
            <gpxtpx:hr>122</gpxtpx:hr>
          </gpxtpx:TrackPointExtension>
        </extensions>
      </trkpt>
      <trkpt lat="30.288762002291193" lon="120.22473344584405">
        <ele>16.799999237060547</ele>
        <time>2026-08-14T21:34:23Z</time>
        <extensions>
          <gpxtpx:TrackPointExtension>
            <gpxtpx:hr>122</gpxtpx:hr>
          </gpxtpx:TrackPointExtension>
        </extensions>
      </trkpt>
      <trkpt lat="30.288712973571265" lon="120.22468837598969">
        <ele>16.799999237060547</ele>
        <time>2026-08-14T21:34:27Z</time>
        <extensions>
          <gpxtpx:TrackPointExtension>
            <gpxtpx:hr>123</gpxtpx:hr>
          </gpxtpx:TrackPointExtension>
        </extensions>
      </trkpt>
      <trkpt lat="30.288679910561815" lon="120.22460023397664">
        <ele>16.799999237060547</ele>
        <time>2026-08-14T21:34:31Z</time>
        <extensions>
          <gpxtpx:TrackPointExtension>
            <gpxtpx:hr>122</gpxtpx:hr>
          </gpxtpx:TrackPointExtension>
        </extensions>
      </trkpt>
      <trkpt lat="30.28864284466379" lon="120.22450808537435">
        <ele>16.799999237060547</ele>
        <time>2026-08-14T21:34:35Z</time>
        <extensions>
          <gpxtpx:TrackPointExtension>
            <gpxtpx:hr>122</gpxtpx:hr>
          </gpxtpx:TrackPointExtension>
        </extensions>
      </trkpt>
      <trkpt lat="30.28861079854641" lon="120.22444298065636">
        <ele>16.799999237060547</ele>
        <time>2026-08-14T21:34:39Z</time>
        <extensions>
          <gpxtpx:TrackPointExtension>
            <gpxtpx:hr>121</gpxtpx:hr>
          </gpxtpx:TrackPointExtension>
        </extensions>
      </trkpt>
      <trkpt lat="30.288574734336745" lon="120.22435383634942">
        <ele>16.799999237060547</ele>
        <time>2026-08-14T21:34:43Z</time>
        <extensions>
          <gpxtpx:TrackPointExtension>
            <gpxtpx:hr>121</gpxtpx:hr>
          </gpxtpx:TrackPointExtension>
        </extensions>
      </trkpt>
      <trkpt lat="30.288543673935763" lon="120.22427070126702">
        <ele>17.200000762939453</ele>
        <time>2026-08-14T21:34:47Z</time>
        <extensions>
          <gpxtpx:TrackPointExtension>
            <gpxtpx:hr>122</gpxtpx:hr>
          </gpxtpx:TrackPointExtension>
        </extensions>
      </trkpt>
      <trkpt lat="30.28851462002607" lon="120.22419658070639">
        <ele>17.0</ele>
        <time>2026-08-14T21:34:51Z</time>
        <extensions>
          <gpxtpx:TrackPointExtension>
            <gpxtpx:hr>121</gpxtpx:hr>
          </gpxtpx:TrackPointExtension>
        </extensions>
      </trkpt>
      <trkpt lat="30.288487567262425" lon="120.22412446308914">
        <ele>17.0</ele>
        <time>2026-08-14T21:34:55Z</time>
        <extensions>
          <gpxtpx:TrackPointExtension>
            <gpxtpx:hr>121</gpxtpx:hr>
          </gpxtpx:TrackPointExtension>
        </extensions>
      </trkpt>
      <trkpt lat="30.28845550863612" lon="120.22404433231938">
        <ele>17.0</ele>
        <time>2026-08-14T21:34:59Z</time>
        <extensions>
          <gpxtpx:TrackPointExtension>
            <gpxtpx:hr>121</gpxtpx:hr>
          </gpxtpx:TrackPointExtension>
        </extensions>
      </trkpt>
      <trkpt lat="30.28842745170318" lon="120.22396720597622">
        <ele>17.0</ele>
        <time>2026-08-14T21:35:03Z</time>
        <extensions>
          <gpxtpx:TrackPointExtension>
            <gpxtpx:hr>122</gpxtpx:hr>
          </gpxtpx:TrackPointExtension>
        </extensions>
      </trkpt>
      <trkpt lat="30.288401392008435" lon="120.22388707419996">
        <ele>17.0</ele>
        <time>2026-08-14T21:35:07Z</time>
        <extensions>
          <gpxtpx:TrackPointExtension>
            <gpxtpx:hr>124</gpxtpx:hr>
          </gpxtpx:TrackPointExtension>
        </extensions>
      </trkpt>
      <trkpt lat="30.28836933272484" lon="120.2238069426564">
        <ele>17.0</ele>
        <time>2026-08-14T21:35:11Z</time>
        <extensions>
          <gpxtpx:TrackPointExtension>
            <gpxtpx:hr>126</gpxtpx:hr>
          </gpxtpx:TrackPointExtension>
        </extensions>
      </trkpt>
      <trkpt lat="30.288337275581572" lon="120.22372981589814">
        <ele>17.0</ele>
        <time>2026-08-14T21:35:15Z</time>
        <extensions>
          <gpxtpx:TrackPointExtension>
            <gpxtpx:hr>127</gpxtpx:hr>
          </gpxtpx:TrackPointExtension>
        </extensions>
      </trkpt>
      <trkpt lat="30.288308215546987" lon="120.22364968359604">
        <ele>17.200000762939453</ele>
        <time>2026-08-14T21:35:19Z</time>
        <extensions>
          <gpxtpx:TrackPointExtension>
            <gpxtpx:hr>127</gpxtpx:hr>
          </gpxtpx:TrackPointExtension>
        </extensions>
      </trkpt>
      <trkpt lat="30.28826915475933" lon="120.22356754847931">
        <ele>17.200000762939453</ele>
        <time>2026-08-14T21:35:23Z</time>
        <extensions>
          <gpxtpx:TrackPointExtension>
            <gpxtpx:hr>128</gpxtpx:hr>
          </gpxtpx:TrackPointExtension>
        </extensions>
      </trkpt>
      <trkpt lat="30.288237094592883" lon="120.22348741589686">
        <ele>17.200000762939453</ele>
        <time>2026-08-14T21:35:27Z</time>
        <extensions>
          <gpxtpx:TrackPointExtension>
            <gpxtpx:hr>129</gpxtpx:hr>
          </gpxtpx:TrackPointExtension>
        </extensions>
      </trkpt>
      <trkpt lat="30.288207029204106" lon="120.22340127271859">
        <ele>17.200000762939453</ele>
        <time>2026-08-14T21:35:31Z</time>
        <extensions>
          <gpxtpx:TrackPointExtension>
            <gpxtpx:hr>129</gpxtpx:hr>
          </gpxtpx:TrackPointExtension>
        </extensions>
      </trkpt>
      <trkpt lat="30.288173971889684" lon="120.22332514647293">
        <ele>17.399999618530273</ele>
        <time>2026-08-14T21:35:35Z</time>
        <extensions>
          <gpxtpx:TrackPointExtension>
            <gpxtpx:hr>129</gpxtpx:hr>
          </gpxtpx:TrackPointExtension>
        </extensions>
      </trkpt>
      <trkpt lat="30.288143911648707" lon="120.2232460146414">
        <ele>17.399999618530273</ele>
        <time>2026-08-14T21:35:39Z</time>
        <extensions>
          <gpxtpx:TrackPointExtension>
            <gpxtpx:hr>128</gpxtpx:hr>
          </gpxtpx:TrackPointExtension>
        </extensions>
      </trkpt>
      <trkpt lat="30.288120845615843" lon="120.22316087175116">
        <ele>17.399999618530273</ele>
        <time>2026-08-14T21:35:43Z</time>
        <extensions>
          <gpxtpx:TrackPointExtension>
            <gpxtpx:hr>127</gpxtpx:hr>
          </gpxtpx:TrackPointExtension>
        </extensions>
      </trkpt>
      <trkpt lat="30.288085791120967" lon="120.22308875176279">
        <ele>17.600000381469727</ele>
        <time>2026-08-14T21:35:47Z</time>
        <extensions>
          <gpxtpx:TrackPointExtension>
            <gpxtpx:hr>127</gpxtpx:hr>
          </gpxtpx:TrackPointExtension>
        </extensions>
      </trkpt>
      <trkpt lat="30.288056728509222" lon="120.22300761567118">
        <ele>17.600000381469727</ele>
        <time>2026-08-14T21:35:51Z</time>
        <extensions>
          <gpxtpx:TrackPointExtension>
            <gpxtpx:hr>126</gpxtpx:hr>
          </gpxtpx:TrackPointExtension>
        </extensions>
      </trkpt>
      <trkpt lat="30.288026657627437" lon="120.22291646224917">
        <ele>17.600000381469727</ele>
        <time>2026-08-14T21:35:55Z</time>
        <extensions>
          <gpxtpx:TrackPointExtension>
            <gpxtpx:hr>128</gpxtpx:hr>
          </gpxtpx:TrackPointExtension>
        </extensions>
      </trkpt>
      <trkpt lat="30.28798959701452" lon="120.2228373296889">
        <ele>17.600000381469727</ele>
        <time>2026-08-14T21:35:59Z</time>
        <extensions>
          <gpxtpx:TrackPointExtension>
            <gpxtpx:hr>129</gpxtpx:hr>
          </gpxtpx:TrackPointExtension>
        </extensions>
      </trkpt>
      <trkpt lat="30.287952540289538" lon="120.22276320548262">
        <ele>17.600000381469727</ele>
        <time>2026-08-14T21:36:03Z</time>
        <extensions>
          <gpxtpx:TrackPointExtension>
            <gpxtpx:hr>129</gpxtpx:hr>
          </gpxtpx:TrackPointExtension>
        </extensions>
      </trkpt>
      <trkpt lat="30.287927479646207" lon="120.22268607489522">
        <ele>17.600000381469727</ele>
        <time>2026-08-14T21:36:07Z</time>
        <extensions>
          <gpxtpx:TrackPointExtension>
            <gpxtpx:hr>129</gpxtpx:hr>
          </gpxtpx:TrackPointExtension>
        </extensions>
      </trkpt>
      <trkpt lat="30.287890413454736" lon="120.2226009312365">
        <ele>17.600000381469727</ele>
        <time>2026-08-14T21:36:11Z</time>
        <extensions>
          <gpxtpx:TrackPointExtension>
            <gpxtpx:hr>129</gpxtpx:hr>
          </gpxtpx:TrackPointExtension>
        </extensions>
      </trkpt>
      <trkpt lat="30.287856357472364" lon="120.22252880954018">
        <ele>17.600000381469727</ele>
        <time>2026-08-14T21:36:15Z</time>
        <extensions>
          <gpxtpx:TrackPointExtension>
            <gpxtpx:hr>129</gpxtpx:hr>
          </gpxtpx:TrackPointExtension>
        </extensions>
      </trkpt>
      <trkpt lat="30.28782229217117" lon="120.2224456685648">
        <ele>17.600000381469727</ele>
        <time>2026-08-14T21:36:19Z</time>
        <extensions>
          <gpxtpx:TrackPointExtension>
            <gpxtpx:hr>128</gpxtpx:hr>
          </gpxtpx:TrackPointExtension>
        </extensions>
      </trkpt>
      <trkpt lat="30.2878162011626" lon="120.22233547808784">
        <ele>17.600000381469727</ele>
        <time>2026-08-14T21:36:23Z</time>
        <extensions>
          <gpxtpx:TrackPointExtension>
            <gpxtpx:hr>129</gpxtpx:hr>
          </gpxtpx:TrackPointExtension>
        </extensions>
      </trkpt>
      <trkpt lat="30.287810099675482" lon="120.22221326620874">
        <ele>17.600000381469727</ele>
        <time>2026-08-14T21:36:27Z</time>
        <extensions>
          <gpxtpx:TrackPointExtension>
            <gpxtpx:hr>129</gpxtpx:hr>
          </gpxtpx:TrackPointExtension>
        </extensions>
      </trkpt>
      <trkpt lat="30.28781301612291" lon="120.22211409318697">
        <ele>17.600000381469727</ele>
        <time>2026-08-14T21:36:31Z</time>
        <extensions>
          <gpxtpx:TrackPointExtension>
            <gpxtpx:hr>129</gpxtpx:hr>
          </gpxtpx:TrackPointExtension>
        </extensions>
      </trkpt>
      <trkpt lat="30.287810948827214" lon="120.22203395344832">
        <ele>17.600000381469727</ele>
        <time>2026-08-14T21:36:35Z</time>
        <extensions>
          <gpxtpx:TrackPointExtension>
            <gpxtpx:hr>129</gpxtpx:hr>
          </gpxtpx:TrackPointExtension>
        </extensions>
      </trkpt>
      <trkpt lat="30.287790874724077" lon="120.22194379739675">
        <ele>17.600000381469727</ele>
        <time>2026-08-14T21:36:39Z</time>
        <extensions>
          <gpxtpx:TrackPointExtension>
            <gpxtpx:hr>129</gpxtpx:hr>
          </gpxtpx:TrackPointExtension>
        </extensions>
      </trkpt>
      <trkpt lat="30.287771803645935" lon="120.22185764796859">
        <ele>17.600000381469727</ele>
        <time>2026-08-14T21:36:43Z</time>
        <extensions>
          <gpxtpx:TrackPointExtension>
            <gpxtpx:hr>129</gpxtpx:hr>
          </gpxtpx:TrackPointExtension>
        </extensions>
      </trkpt>
      <trkpt lat="30.287740742969348" lon="120.22178251859962">
        <ele>17.399999618530273</ele>
        <time>2026-08-14T21:36:47Z</time>
        <extensions>
          <gpxtpx:TrackPointExtension>
            <gpxtpx:hr>129</gpxtpx:hr>
          </gpxtpx:TrackPointExtension>
        </extensions>
      </trkpt>
      <trkpt lat="30.287709669254557" lon="120.22169236254967">
        <ele>17.200000762939453</ele>
        <time>2026-08-14T21:36:51Z</time>
        <extensions>
          <gpxtpx:TrackPointExtension>
            <gpxtpx:hr>129</gpxtpx:hr>
          </gpxtpx:TrackPointExtension>
        </extensions>
      </trkpt>
      <trkpt lat="30.287677607403587" lon="120.22161623100149">
        <ele>17.200000762939453</ele>
        <time>2026-08-14T21:36:55Z</time>
        <extensions>
          <gpxtpx:TrackPointExtension>
            <gpxtpx:hr>128</gpxtpx:hr>
          </gpxtpx:TrackPointExtension>
        </extensions>
      </trkpt>
      <trkpt lat="30.287636545438914" lon="120.22153909819355">
        <ele>17.200000762939453</ele>
        <time>2026-08-14T21:36:59Z</time>
        <extensions>
          <gpxtpx:TrackPointExtension>
            <gpxtpx:hr>127</gpxtpx:hr>
          </gpxtpx:TrackPointExtension>
        </extensions>
      </trkpt>
      <trkpt lat="30.287597479604855" lon="120.22145795789136">
        <ele>17.0</ele>
        <time>2026-08-14T21:37:03Z</time>
        <extensions>
          <gpxtpx:TrackPointExtension>
            <gpxtpx:hr>126</gpxtpx:hr>
          </gpxtpx:TrackPointExtension>
        </extensions>
      </trkpt>
      <trkpt lat="30.287556425030886" lon="120.22138984058489">
        <ele>17.0</ele>
        <time>2026-08-14T21:37:07Z</time>
        <extensions>
          <gpxtpx:TrackPointExtension>
            <gpxtpx:hr>126</gpxtpx:hr>
          </gpxtpx:TrackPointExtension>
        </extensions>
      </trkpt>
      <trkpt lat="30.28752235913315" lon="120.22130970116966">
        <ele>17.0</ele>
        <time>2026-08-14T21:37:11Z</time>
        <extensions>
          <gpxtpx:TrackPointExtension>
            <gpxtpx:hr>126</gpxtpx:hr>
          </gpxtpx:TrackPointExtension>
        </extensions>
      </trkpt>
      <trkpt lat="30.28748328830845" lon="120.221223551216">
        <ele>16.799999237060547</ele>
        <time>2026-08-14T21:37:15Z</time>
        <extensions>
          <gpxtpx:TrackPointExtension>
            <gpxtpx:hr>126</gpxtpx:hr>
          </gpxtpx:TrackPointExtension>
        </extensions>
      </trkpt>
      <trkpt lat="30.287434214779342" lon="120.2211333946469">
        <ele>16.799999237060547</ele>
        <time>2026-08-14T21:37:19Z</time>
        <extensions>
          <gpxtpx:TrackPointExtension>
            <gpxtpx:hr>126</gpxtpx:hr>
          </gpxtpx:TrackPointExtension>
        </extensions>
      </trkpt>
      <trkpt lat="30.28740814032474" lon="120.22104523944216">
        <ele>16.799999237060547</ele>
        <time>2026-08-14T21:37:23Z</time>
        <extensions>
          <gpxtpx:TrackPointExtension>
            <gpxtpx:hr>126</gpxtpx:hr>
          </gpxtpx:TrackPointExtension>
        </extensions>
      </trkpt>
      <trkpt lat="30.287434052229436" lon="120.22094806350798">
        <ele>16.600000381469727</ele>
        <time>2026-08-14T21:37:27Z</time>
        <extensions>
          <gpxtpx:TrackPointExtension>
            <gpxtpx:hr>126</gpxtpx:hr>
          </gpxtpx:TrackPointExtension>
        </extensions>
      </trkpt>
      <trkpt lat="30.28750197534192" lon="120.22086891609041">
        <ele>16.399999618530273</ele>
        <time>2026-08-14T21:37:31Z</time>
        <extensions>
          <gpxtpx:TrackPointExtension>
            <gpxtpx:hr>127</gpxtpx:hr>
          </gpxtpx:TrackPointExtension>
        </extensions>
      </trkpt>
      <trkpt lat="30.287572927181632" lon="120.22082282755261">
        <ele>16.399999618530273</ele>
        <time>2026-08-14T21:37:35Z</time>
        <extensions>
          <gpxtpx:TrackPointExtension>
            <gpxtpx:hr>128</gpxtpx:hr>
          </gpxtpx:TrackPointExtension>
        </extensions>
      </trkpt>
      <trkpt lat="30.28764387805919" lon="120.22077573713048">
        <ele>16.399999618530273</ele>
        <time>2026-08-14T21:37:39Z</time>
        <extensions>
          <gpxtpx:TrackPointExtension>
            <gpxtpx:hr>128</gpxtpx:hr>
          </gpxtpx:TrackPointExtension>
        </extensions>
      </trkpt>
      <trkpt lat="30.287716836649583" lon="120.2207376626751">
        <ele>16.399999618530273</ele>
        <time>2026-08-14T21:37:43Z</time>
        <extensions>
          <gpxtpx:TrackPointExtension>
            <gpxtpx:hr>127</gpxtpx:hr>
          </gpxtpx:TrackPointExtension>
        </extensions>
      </trkpt>
      <trkpt lat="30.28779178785608" lon="120.22069157356906">
        <ele>16.399999618530273</ele>
        <time>2026-08-14T21:37:47Z</time>
        <extensions>
          <gpxtpx:TrackPointExtension>
            <gpxtpx:hr>128</gpxtpx:hr>
          </gpxtpx:TrackPointExtension>
        </extensions>
      </trkpt>
      <trkpt lat="30.287858746961984" lon="120.22065349948122">
        <ele>16.399999618530273</ele>
        <time>2026-08-14T21:37:51Z</time>
        <extensions>
          <gpxtpx:TrackPointExtension>
            <gpxtpx:hr>129</gpxtpx:hr>
          </gpxtpx:TrackPointExtension>
        </extensions>
      </trkpt>
      <trkpt lat="30.287923701761688" lon="120.22061041646658">
        <ele>16.399999618530273</ele>
        <time>2026-08-14T21:37:55Z</time>
        <extensions>
          <gpxtpx:TrackPointExtension>
            <gpxtpx:hr>129</gpxtpx:hr>
          </gpxtpx:TrackPointExtension>
        </extensions>
      </trkpt>
      <trkpt lat="30.287996659232785" lon="120.22057133995438">
        <ele>16.399999618530273</ele>
        <time>2026-08-14T21:37:59Z</time>
        <extensions>
          <gpxtpx:TrackPointExtension>
            <gpxtpx:hr>129</gpxtpx:hr>
          </gpxtpx:TrackPointExtension>
        </extensions>
      </trkpt>
      <trkpt lat="30.288066618755963" lon="120.22053426724901">
        <ele>16.200000762939453</ele>
        <time>2026-08-14T21:38:03Z</time>
        <extensions>
          <gpxtpx:TrackPointExtension>
            <gpxtpx:hr>128</gpxtpx:hr>
          </gpxtpx:TrackPointExtension>
        </extensions>
      </trkpt>
      <trkpt lat="30.288135577438197" lon="120.22049619276038">
        <ele>16.200000762939453</ele>
        <time>2026-08-14T21:38:07Z</time>
        <extensions>
          <gpxtpx:TrackPointExtension>
            <gpxtpx:hr>126</gpxtpx:hr>
          </gpxtpx:TrackPointExtension>
        </extensions>
      </trkpt>
      <trkpt lat="30.28820553416705" lon="120.2204561145063">
        <ele>16.200000762939453</ele>
        <time>2026-08-14T21:38:11Z</time>
        <extensions>
          <gpxtpx:TrackPointExtension>
            <gpxtpx:hr>126</gpxtpx:hr>
          </gpxtpx:TrackPointExtension>
        </extensions>
      </trkpt>
      <trkpt lat="30.288275485441144" lon="120.22041002530058">
        <ele>16.0</ele>
        <time>2026-08-14T21:38:15Z</time>
        <extensions>
          <gpxtpx:TrackPointExtension>
            <gpxtpx:hr>126</gpxtpx:hr>
          </gpxtpx:TrackPointExtension>
        </extensions>
      </trkpt>
      <trkpt lat="30.28833243801145" lon="120.22036393708177">
        <ele>16.0</ele>
        <time>2026-08-14T21:38:19Z</time>
        <extensions>
          <gpxtpx:TrackPointExtension>
            <gpxtpx:hr>126</gpxtpx:hr>
          </gpxtpx:TrackPointExtension>
        </extensions>
      </trkpt>
      <trkpt lat="30.28840538972415" lon="120.22031884928042">
        <ele>15.800000190734863</ele>
        <time>2026-08-14T21:38:23Z</time>
        <extensions>
          <gpxtpx:TrackPointExtension>
            <gpxtpx:hr>127</gpxtpx:hr>
          </gpxtpx:TrackPointExtension>
        </extensions>
      </trkpt>
      <trkpt lat="30.288472339285615" lon="120.2202707564324">
        <ele>15.800000190734863</ele>
        <time>2026-08-14T21:38:27Z</time>
        <extensions>
          <gpxtpx:TrackPointExtension>
            <gpxtpx:hr>127</gpxtpx:hr>
          </gpxtpx:TrackPointExtension>
        </extensions>
      </trkpt>
      <trkpt lat="30.288537290789964" lon="120.22022466730263">
        <ele>15.800000190734863</ele>
        <time>2026-08-14T21:38:31Z</time>
        <extensions>
          <gpxtpx:TrackPointExtension>
            <gpxtpx:hr>127</gpxtpx:hr>
          </gpxtpx:TrackPointExtension>
        </extensions>
      </trkpt>
      <trkpt lat="30.288610243190522" lon="120.22018058107852">
        <ele>15.800000190734863</ele>
        <time>2026-08-14T21:38:35Z</time>
        <extensions>
          <gpxtpx:TrackPointExtension>
            <gpxtpx:hr>128</gpxtpx:hr>
          </gpxtpx:TrackPointExtension>
        </extensions>
      </trkpt>
      <trkpt lat="30.288677188885185" lon="120.22012848066609">
        <ele>15.800000190734863</ele>
        <time>2026-08-14T21:38:39Z</time>
        <extensions>
          <gpxtpx:TrackPointExtension>
            <gpxtpx:hr>128</gpxtpx:hr>
          </gpxtpx:TrackPointExtension>
        </extensions>
      </trkpt>
      <trkpt lat="30.28873513999165" lon="120.22008139002776">
        <ele>15.600000381469727</ele>
        <time>2026-08-14T21:38:43Z</time>
        <extensions>
          <gpxtpx:TrackPointExtension>
            <gpxtpx:hr>128</gpxtpx:hr>
          </gpxtpx:TrackPointExtension>
        </extensions>
      </trkpt>
      <trkpt lat="30.288797079650347" lon="120.22002227701482">
        <ele>15.600000381469727</ele>
        <time>2026-08-14T21:38:47Z</time>
        <extensions>
          <gpxtpx:TrackPointExtension>
            <gpxtpx:hr>129</gpxtpx:hr>
          </gpxtpx:TrackPointExtension>
        </extensions>
      </trkpt>
      <trkpt lat="30.2888590210196" lon="120.2199651675298">
        <ele>15.399999618530273</ele>
        <time>2026-08-14T21:38:51Z</time>
        <extensions>
          <gpxtpx:TrackPointExtension>
            <gpxtpx:hr>129</gpxtpx:hr>
          </gpxtpx:TrackPointExtension>
        </extensions>
      </trkpt>
      <trkpt lat="30.288925964497853" lon="120.21991106300892">
        <ele>15.399999618530273</ele>
        <time>2026-08-14T21:38:55Z</time>
        <extensions>
          <gpxtpx:TrackPointExtension>
            <gpxtpx:hr>128</gpxtpx:hr>
          </gpxtpx:TrackPointExtension>
        </extensions>
      </trkpt>
      <trkpt lat="30.288984908723254" lon="120.21985695903238">
        <ele>15.600000381469727</ele>
        <time>2026-08-14T21:38:59Z</time>
        <extensions>
          <gpxtpx:TrackPointExtension>
            <gpxtpx:hr>129</gpxtpx:hr>
          </gpxtpx:TrackPointExtension>
        </extensions>
      </trkpt>
      <trkpt lat="30.28905885401954" lon="120.21980585922198">
        <ele>15.600000381469727</ele>
        <time>2026-08-14T21:39:03Z</time>
        <extensions>
          <gpxtpx:TrackPointExtension>
            <gpxtpx:hr>129</gpxtpx:hr>
          </gpxtpx:TrackPointExtension>
        </extensions>
      </trkpt>
      <trkpt lat="30.289125797203102" lon="120.21975175436415">
        <ele>15.399999618530273</ele>
        <time>2026-08-14T21:39:07Z</time>
        <extensions>
          <gpxtpx:TrackPointExtension>
            <gpxtpx:hr>129</gpxtpx:hr>
          </gpxtpx:TrackPointExtension>
        </extensions>
      </trkpt>
      <trkpt lat="30.289191734852157" lon="120.21969163841689">
        <ele>15.399999618530273</ele>
        <time>2026-08-14T21:39:11Z</time>
        <extensions>
          <gpxtpx:TrackPointExtension>
            <gpxtpx:hr>130</gpxtpx:hr>
          </gpxtpx:TrackPointExtension>
        </extensions>
      </trkpt>
      <trkpt lat="30.289253671877695" lon="120.21963052081267">
        <ele>15.399999618530273</ele>
        <time>2026-08-14T21:39:15Z</time>
        <extensions>
          <gpxtpx:TrackPointExtension>
            <gpxtpx:hr>130</gpxtpx:hr>
          </gpxtpx:TrackPointExtension>
        </extensions>
      </trkpt>
      <trkpt lat="30.289322608961793" lon="120.21957040433408">
        <ele>15.199999809265137</ele>
        <time>2026-08-14T21:39:19Z</time>
        <extensions>
          <gpxtpx:TrackPointExtension>
            <gpxtpx:hr>132</gpxtpx:hr>
          </gpxtpx:TrackPointExtension>
        </extensions>
      </trkpt>
      <trkpt lat="30.289384538299732" lon="120.21950127163862">
        <ele>15.199999809265137</ele>
        <time>2026-08-14T21:39:23Z</time>
        <extensions>
          <gpxtpx:TrackPointExtension>
            <gpxtpx:hr>134</gpxtpx:hr>
          </gpxtpx:TrackPointExtension>
        </extensions>
      </trkpt>
      <trkpt lat="30.28944347897912" lon="120.21944416123931">
        <ele>15.199999809265137</ele>
        <time>2026-08-14T21:39:27Z</time>
        <extensions>
          <gpxtpx:TrackPointExtension>
            <gpxtpx:hr>133</gpxtpx:hr>
          </gpxtpx:TrackPointExtension>
        </extensions>
      </trkpt>
      <trkpt lat="30.289508422645" lon="120.21939105763825">
        <ele>15.399999618530273</ele>
        <time>2026-08-14T21:39:31Z</time>
        <extensions>
          <gpxtpx:TrackPointExtension>
            <gpxtpx:hr>133</gpxtpx:hr>
          </gpxtpx:TrackPointExtension>
        </extensions>
      </trkpt>
      <trkpt lat="30.289574364238263" lon="120.21933595013144">
        <ele>15.199999809265137</ele>
        <time>2026-08-14T21:39:35Z</time>
        <extensions>
          <gpxtpx:TrackPointExtension>
            <gpxtpx:hr>132</gpxtpx:hr>
          </gpxtpx:TrackPointExtension>
        </extensions>
      </trkpt>
      <trkpt lat="30.289643299786324" lon="120.21927483110451">
        <ele>15.199999809265137</ele>
        <time>2026-08-14T21:39:39Z</time>
        <extensions>
          <gpxtpx:TrackPointExtension>
            <gpxtpx:hr>131</gpxtpx:hr>
          </gpxtpx:TrackPointExtension>
        </extensions>
      </trkpt>
      <trkpt lat="30.289708241269143" lon="120.21921972343124">
        <ele>15.0</ele>
        <time>2026-08-14T21:39:43Z</time>
        <extensions>
          <gpxtpx:TrackPointExtension>
            <gpxtpx:hr>128</gpxtpx:hr>
          </gpxtpx:TrackPointExtension>
        </extensions>
      </trkpt>
      <trkpt lat="30.2897761926776" lon="120.21917563588983">
        <ele>14.800000190734863</ele>
        <time>2026-08-14T21:39:47Z</time>
        <extensions>
          <gpxtpx:TrackPointExtension>
            <gpxtpx:hr>128</gpxtpx:hr>
          </gpxtpx:TrackPointExtension>
        </extensions>
      </trkpt>
      <trkpt lat="30.289865164379325" lon="120.21915559128837">
        <ele>14.600000381469727</ele>
        <time>2026-08-14T21:39:51Z</time>
        <extensions>
          <gpxtpx:TrackPointExtension>
            <gpxtpx:hr>126</gpxtpx:hr>
          </gpxtpx:TrackPointExtension>
        </extensions>
      </trkpt>
      <trkpt lat="30.289949194926493" lon="120.21919766261941">
        <ele>14.800000190734863</ele>
        <time>2026-08-14T21:39:55Z</time>
        <extensions>
          <gpxtpx:TrackPointExtension>
            <gpxtpx:hr>122</gpxtpx:hr>
          </gpxtpx:TrackPointExtension>
        </extensions>
      </trkpt>
      <trkpt lat="30.289999255300298" lon="120.21926778876542">
        <ele>14.600000381469727</ele>
        <time>2026-08-14T21:39:59Z</time>
        <extensions>
          <gpxtpx:TrackPointExtension>
            <gpxtpx:hr>122</gpxtpx:hr>
          </gpxtpx:TrackPointExtension>
        </extensions>
      </trkpt>
      <trkpt lat="30.290044325394657" lon="120.21934793369897">
        <ele>14.800000190734863</ele>
        <time>2026-08-14T21:40:03Z</time>
        <extensions>
          <gpxtpx:TrackPointExtension>
            <gpxtpx:hr>124</gpxtpx:hr>
          </gpxtpx:TrackPointExtension>
        </extensions>
      </trkpt>
      <trkpt lat="30.290071400926184" lon="120.21943208727879">
        <ele>14.800000190734863</ele>
        <time>2026-08-14T21:40:07Z</time>
        <extensions>
          <gpxtpx:TrackPointExtension>
            <gpxtpx:hr>127</gpxtpx:hr>
          </gpxtpx:TrackPointExtension>
        </extensions>
      </trkpt>
      <trkpt lat="30.290106480016618" lon="120.21952124917347">
        <ele>14.800000190734863</ele>
        <time>2026-08-14T21:40:11Z</time>
        <extensions>
          <gpxtpx:TrackPointExtension>
            <gpxtpx:hr>129</gpxtpx:hr>
          </gpxtpx:TrackPointExtension>
        </extensions>
      </trkpt>
      <trkpt lat="30.29014055154045" lon="120.21960239607031">
        <ele>14.600000381469727</ele>
        <time>2026-08-14T21:40:15Z</time>
        <extensions>
          <gpxtpx:TrackPointExtension>
            <gpxtpx:hr>130</gpxtpx:hr>
          </gpxtpx:TrackPointExtension>
        </extensions>
      </trkpt>
      <trkpt lat="30.29017361833386" lon="120.21967853357584">
        <ele>14.600000381469727</ele>
        <time>2026-08-14T21:40:19Z</time>
        <extensions>
          <gpxtpx:TrackPointExtension>
            <gpxtpx:hr>129</gpxtpx:hr>
          </gpxtpx:TrackPointExtension>
        </extensions>
      </trkpt>
      <trkpt lat="30.29021369063693" lon="120.21976168316216">
        <ele>14.600000381469727</ele>
        <time>2026-08-14T21:40:23Z</time>
        <extensions>
          <gpxtpx:TrackPointExtension>
            <gpxtpx:hr>128</gpxtpx:hr>
          </gpxtpx:TrackPointExtension>
        </extensions>
      </trkpt>
      <trkpt lat="30.290252760061914" lon="120.21984182704986">
        <ele>14.600000381469727</ele>
        <time>2026-08-14T21:40:27Z</time>
        <extensions>
          <gpxtpx:TrackPointExtension>
            <gpxtpx:hr>128</gpxtpx:hr>
          </gpxtpx:TrackPointExtension>
        </extensions>
      </trkpt>
      <trkpt lat="30.290285829914872" lon="120.21992197118101">
        <ele>14.600000381469727</ele>
        <time>2026-08-14T21:40:31Z</time>
        <extensions>
          <gpxtpx:TrackPointExtension>
            <gpxtpx:hr>127</gpxtpx:hr>
          </gpxtpx:TrackPointExtension>
        </extensions>
      </trkpt>
      <trkpt lat="30.2903119030426" lon="120.22000512113026">
        <ele>14.600000381469727</ele>
        <time>2026-08-14T21:40:35Z</time>
        <extensions>
          <gpxtpx:TrackPointExtension>
            <gpxtpx:hr>127</gpxtpx:hr>
          </gpxtpx:TrackPointExtension>
        </extensions>
      </trkpt>
      <trkpt lat="30.29035397514064" lon="120.22008927131897">
        <ele>14.600000381469727</ele>
        <time>2026-08-14T21:40:39Z</time>
        <extensions>
          <gpxtpx:TrackPointExtension>
            <gpxtpx:hr>127</gpxtpx:hr>
          </gpxtpx:TrackPointExtension>
        </extensions>
      </trkpt>
      <trkpt lat="30.290389042305446" lon="120.22016741086118">
        <ele>14.600000381469727</ele>
        <time>2026-08-14T21:40:43Z</time>
        <extensions>
          <gpxtpx:TrackPointExtension>
            <gpxtpx:hr>128</gpxtpx:hr>
          </gpxtpx:TrackPointExtension>
        </extensions>
      </trkpt>
      <trkpt lat="30.290434103670734" lon="120.22024054023342">
        <ele>14.600000381469727</ele>
        <time>2026-08-14T21:40:47Z</time>
        <extensions>
          <gpxtpx:TrackPointExtension>
            <gpxtpx:hr>127</gpxtpx:hr>
          </gpxtpx:TrackPointExtension>
        </extensions>
      </trkpt>
      <trkpt lat="30.290476171497723" lon="120.22032068237287">
        <ele>14.600000381469727</ele>
        <time>2026-08-14T21:40:51Z</time>
        <extensions>
          <gpxtpx:TrackPointExtension>
            <gpxtpx:hr>127</gpxtpx:hr>
          </gpxtpx:TrackPointExtension>
        </extensions>
      </trkpt>
      <trkpt lat="30.29053922785999" lon="120.22039080437649">
        <ele>14.399999618530273</ele>
        <time>2026-08-14T21:40:55Z</time>
        <extensions>
          <gpxtpx:TrackPointExtension>
            <gpxtpx:hr>127</gpxtpx:hr>
          </gpxtpx:TrackPointExtension>
        </extensions>
      </trkpt>
      <trkpt lat="30.290586280380936" lon="120.22045491662664">
        <ele>14.199999809265137</ele>
        <time>2026-08-14T21:40:59Z</time>
        <extensions>
          <gpxtpx:TrackPointExtension>
            <gpxtpx:hr>127</gpxtpx:hr>
          </gpxtpx:TrackPointExtension>
        </extensions>
      </trkpt>
      <trkpt lat="30.290639333912747" lon="120.22052103184234">
        <ele>14.199999809265137</ele>
        <time>2026-08-14T21:41:03Z</time>
        <extensions>
          <gpxtpx:TrackPointExtension>
            <gpxtpx:hr>127</gpxtpx:hr>
          </gpxtpx:TrackPointExtension>
        </extensions>
      </trkpt>
      <trkpt lat="30.29068539162218" lon="120.22059115469398">
        <ele>14.199999809265137</ele>
        <time>2026-08-14T21:41:07Z</time>
        <extensions>
          <gpxtpx:TrackPointExtension>
            <gpxtpx:hr>127</gpxtpx:hr>
          </gpxtpx:TrackPointExtension>
        </extensions>
      </trkpt>
      <trkpt lat="30.290734459538164" lon="120.22067329876214">
        <ele>14.199999809265137</ele>
        <time>2026-08-14T21:41:11Z</time>
        <extensions>
          <gpxtpx:TrackPointExtension>
            <gpxtpx:hr>128</gpxtpx:hr>
          </gpxtpx:TrackPointExtension>
        </extensions>
      </trkpt>
      <trkpt lat="30.290766533491094" lon="120.22076045297031">
        <ele>14.199999809265137</ele>
        <time>2026-08-14T21:41:15Z</time>
        <extensions>
          <gpxtpx:TrackPointExtension>
            <gpxtpx:hr>128</gpxtpx:hr>
          </gpxtpx:TrackPointExtension>
        </extensions>
      </trkpt>
      <trkpt lat="30.290816589321647" lon="120.22082957303306">
        <ele>14.199999809265137</ele>
        <time>2026-08-14T21:41:19Z</time>
        <extensions>
          <gpxtpx:TrackPointExtension>
            <gpxtpx:hr>129</gpxtpx:hr>
          </gpxtpx:TrackPointExtension>
        </extensions>
      </trkpt>
      <trkpt lat="30.290863647079444" lon="120.22090069674555">
        <ele>14.0</ele>
        <time>2026-08-14T21:41:23Z</time>
        <extensions>
          <gpxtpx:TrackPointExtension>
            <gpxtpx:hr>129</gpxtpx:hr>
          </gpxtpx:TrackPointExtension>
        </extensions>
      </trkpt>
      <trkpt lat="30.29092270337829" lon="120.22097181927025">
        <ele>14.0</ele>
        <time>2026-08-14T21:41:27Z</time>
        <extensions>
          <gpxtpx:TrackPointExtension>
            <gpxtpx:hr>129</gpxtpx:hr>
          </gpxtpx:TrackPointExtension>
        </extensions>
      </trkpt>
      <trkpt lat="30.290972757836094" lon="120.2210399369663">
        <ele>14.0</ele>
        <time>2026-08-14T21:41:31Z</time>
        <extensions>
          <gpxtpx:TrackPointExtension>
            <gpxtpx:hr>130</gpxtpx:hr>
          </gpxtpx:TrackPointExtension>
        </extensions>
      </trkpt>
      <trkpt lat="30.29103979365302" lon="120.22108901911287">
        <ele>14.0</ele>
        <time>2026-08-14T21:41:35Z</time>
        <extensions>
          <gpxtpx:TrackPointExtension>
            <gpxtpx:hr>131</gpxtpx:hr>
          </gpxtpx:TrackPointExtension>
        </extensions>
      </trkpt>
      <trkpt lat="30.29110384283512" lon="120.22115312819874">
        <ele>13.800000190734863</ele>
        <time>2026-08-14T21:41:39Z</time>
        <extensions>
          <gpxtpx:TrackPointExtension>
            <gpxtpx:hr>128</gpxtpx:hr>
          </gpxtpx:TrackPointExtension>
        </extensions>
      </trkpt>
      <trkpt lat="30.291162902011905" lon="120.22122825714415">
        <ele>13.800000190734863</ele>
        <time>2026-08-14T21:41:43Z</time>
        <extensions>
          <gpxtpx:TrackPointExtension>
            <gpxtpx:hr>127</gpxtpx:hr>
          </gpxtpx:TrackPointExtension>
        </extensions>
      </trkpt>
      <trkpt lat="30.291226948278123" lon="120.22128936053642">
        <ele>13.800000190734863</ele>
        <time>2026-08-14T21:41:47Z</time>
        <extensions>
          <gpxtpx:TrackPointExtension>
            <gpxtpx:hr>128</gpxtpx:hr>
          </gpxtpx:TrackPointExtension>
        </extensions>
      </trkpt>
      <trkpt lat="30.291297990189285" lon="120.22134645609324">
        <ele>14.0</ele>
        <time>2026-08-14T21:41:51Z</time>
        <extensions>
          <gpxtpx:TrackPointExtension>
            <gpxtpx:hr>128</gpxtpx:hr>
          </gpxtpx:TrackPointExtension>
        </extensions>
      </trkpt>
      <trkpt lat="30.291363039563834" lon="120.22141156621832">
        <ele>14.0</ele>
        <time>2026-08-14T21:41:55Z</time>
        <extensions>
          <gpxtpx:TrackPointExtension>
            <gpxtpx:hr>129</gpxtpx:hr>
          </gpxtpx:TrackPointExtension>
        </extensions>
      </trkpt>
      <trkpt lat="30.29144407064702" lon="120.22145764116962">
        <ele>14.0</ele>
        <time>2026-08-14T21:41:59Z</time>
        <extensions>
          <gpxtpx:TrackPointExtension>
            <gpxtpx:hr>132</gpxtpx:hr>
          </gpxtpx:TrackPointExtension>
        </extensions>
      </trkpt>
      <trkpt lat="30.291516109527674" lon="120.22151173094929">
        <ele>14.0</ele>
        <time>2026-08-14T21:42:03Z</time>
        <extensions>
          <gpxtpx:TrackPointExtension>
            <gpxtpx:hr>134</gpxtpx:hr>
          </gpxtpx:TrackPointExtension>
        </extensions>
      </trkpt>
      <trkpt lat="30.29159315207118" lon="120.22157082904631">
        <ele>14.0</ele>
        <time>2026-08-14T21:42:07Z</time>
        <extensions>
          <gpxtpx:TrackPointExtension>
            <gpxtpx:hr>135</gpxtpx:hr>
          </gpxtpx:TrackPointExtension>
        </extensions>
      </trkpt>
      <trkpt lat="30.291652192140596" lon="120.22162491965312">
        <ele>14.0</ele>
        <time>2026-08-14T21:42:11Z</time>
        <extensions>
          <gpxtpx:TrackPointExtension>
            <gpxtpx:hr>135</gpxtpx:hr>
          </gpxtpx:TrackPointExtension>
        </extensions>
      </trkpt>
      <trkpt lat="30.29172222406294" lon="120.22167099511964">
        <ele>14.0</ele>
        <time>2026-08-14T21:42:15Z</time>
        <extensions>
          <gpxtpx:TrackPointExtension>
            <gpxtpx:hr>136</gpxtpx:hr>
          </gpxtpx:TrackPointExtension>
        </extensions>
      </trkpt>
      <trkpt lat="30.291790266394198" lon="120.22172909182083">
        <ele>14.199999809265137</ele>
        <time>2026-08-14T21:42:19Z</time>
        <extensions>
          <gpxtpx:TrackPointExtension>
            <gpxtpx:hr>137</gpxtpx:hr>
          </gpxtpx:TrackPointExtension>
        </extensions>
      </trkpt>
      <trkpt lat="30.291857307009145" lon="120.22178518494931">
        <ele>14.199999809265137</ele>
        <time>2026-08-14T21:42:23Z</time>
        <extensions>
          <gpxtpx:TrackPointExtension>
            <gpxtpx:hr>136</gpxtpx:hr>
          </gpxtpx:TrackPointExtension>
        </extensions>
      </trkpt>
      <trkpt lat="30.29192536017789" lon="120.22185630423797">
        <ele>14.199999809265137</ele>
        <time>2026-08-14T21:42:27Z</time>
        <extensions>
          <gpxtpx:TrackPointExtension>
            <gpxtpx:hr>133</gpxtpx:hr>
          </gpxtpx:TrackPointExtension>
        </extensions>
      </trkpt>
      <trkpt lat="30.291963436777735" lon="120.22195146789645">
        <ele>14.199999809265137</ele>
        <time>2026-08-14T21:42:31Z</time>
        <extensions>
          <gpxtpx:TrackPointExtension>
            <gpxtpx:hr>131</gpxtpx:hr>
          </gpxtpx:TrackPointExtension>
        </extensions>
      </trkpt>
      <trkpt lat="30.29195152861255" lon="120.2220586563063">
        <ele>14.199999809265137</ele>
        <time>2026-08-14T21:42:35Z</time>
        <extensions>
          <gpxtpx:TrackPointExtension>
            <gpxtpx:hr>130</gpxtpx:hr>
          </gpxtpx:TrackPointExtension>
        </extensions>
      </trkpt>
      <trkpt lat="30.2919236192664" lon="120.22216284033853">
        <ele>14.199999809265137</ele>
        <time>2026-08-14T21:42:39Z</time>
        <extensions>
          <gpxtpx:TrackPointExtension>
            <gpxtpx:hr>131</gpxtpx:hr>
          </gpxtpx:TrackPointExtension>
        </extensions>
      </trkpt>
      <trkpt lat="30.29189570452806" lon="120.22226101348906">
        <ele>14.199999809265137</ele>
        <time>2026-08-14T21:42:43Z</time>
        <extensions>
          <gpxtpx:TrackPointExtension>
            <gpxtpx:hr>133</gpxtpx:hr>
          </gpxtpx:TrackPointExtension>
        </extensions>
      </trkpt>
      <trkpt lat="30.291869786743877" lon="120.22235618087655">
        <ele>14.399999618530273</ele>
        <time>2026-08-14T21:42:47Z</time>
        <extensions>
          <gpxtpx:TrackPointExtension>
            <gpxtpx:hr>134</gpxtpx:hr>
          </gpxtpx:TrackPointExtension>
        </extensions>
      </trkpt>
      <trkpt lat="30.29183587865533" lon="120.22246236762793">
        <ele>14.199999809265137</ele>
        <time>2026-08-14T21:42:51Z</time>
        <extensions>
          <gpxtpx:TrackPointExtension>
            <gpxtpx:hr>133</gpxtpx:hr>
          </gpxtpx:TrackPointExtension>
        </extensions>
      </trkpt>
      <trkpt lat="30.291806958888966" lon="120.22255553103487">
        <ele>14.199999809265137</ele>
        <time>2026-08-14T21:42:55Z</time>
        <extensions>
          <gpxtpx:TrackPointExtension>
            <gpxtpx:hr>132</gpxtpx:hr>
          </gpxtpx:TrackPointExtension>
        </extensions>
      </trkpt>
      <trkpt lat="30.291788036098325" lon="120.2226466898184">
        <ele>14.399999618530273</ele>
        <time>2026-08-14T21:42:59Z</time>
        <extensions>
          <gpxtpx:TrackPointExtension>
            <gpxtpx:hr>132</gpxtpx:hr>
          </gpxtpx:TrackPointExtension>
        </extensions>
      </trkpt>
      <trkpt lat="30.291774115769467" lon="120.22274185474474">
        <ele>14.399999618530273</ele>
        <time>2026-08-14T21:43:03Z</time>
        <extensions>
          <gpxtpx:TrackPointExtension>
            <gpxtpx:hr>132</gpxtpx:hr>
          </gpxtpx:TrackPointExtension>
        </extensions>
      </trkpt>
      <trkpt lat="30.291761203201006" lon="120.22284703640419">
        <ele>14.600000381469727</ele>
        <time>2026-08-14T21:43:07Z</time>
        <extensions>
          <gpxtpx:TrackPointExtension>
            <gpxtpx:hr>132</gpxtpx:hr>
          </gpxtpx:TrackPointExtension>
        </extensions>
      </trkpt>
      <trkpt lat="30.291754287979565" lon="120.22295021369712">
        <ele>14.800000190734863</ele>
        <time>2026-08-14T21:43:11Z</time>
        <extensions>
          <gpxtpx:TrackPointExtension>
            <gpxtpx:hr>132</gpxtpx:hr>
          </gpxtpx:TrackPointExtension>
        </extensions>
      </trkpt>
      <trkpt lat="30.29174737239492" lon="120.22305339056089">
        <ele>15.0</ele>
        <time>2026-08-14T21:43:15Z</time>
        <extensions>
          <gpxtpx:TrackPointExtension>
            <gpxtpx:hr>131</gpxtpx:hr>
          </gpxtpx:TrackPointExtension>
        </extensions>
      </trkpt>
      <trkpt lat="30.291732450853928" lon="120.22314855401012">
        <ele>15.0</ele>
        <time>2026-08-14T21:43:19Z</time>
        <extensions>
          <gpxtpx:TrackPointExtension>
            <gpxtpx:hr>131</gpxtpx:hr>
          </gpxtpx:TrackPointExtension>
        </extensions>
      </trkpt>
      <trkpt lat="30.291714526915104" lon="120.22324071223508">
        <ele>14.800000190734863</ele>
        <time>2026-08-14T21:43:23Z</time>
        <extensions>
          <gpxtpx:TrackPointExtension>
            <gpxtpx:hr>131</gpxtpx:hr>
          </gpxtpx:TrackPointExtension>
        </extensions>
      </trkpt>
      <trkpt lat="30.291688613957685" lon="120.22334589284748">
        <ele>15.0</ele>
        <time>2026-08-14T21:43:27Z</time>
        <extensions>
          <gpxtpx:TrackPointExtension>
            <gpxtpx:hr>132</gpxtpx:hr>
          </gpxtpx:TrackPointExtension>
        </extensions>
      </trkpt>
      <trkpt lat="30.291675692842183" lon="120.22344305839424">
        <ele>15.0</ele>
        <time>2026-08-14T21:43:31Z</time>
        <extensions>
          <gpxtpx:TrackPointExtension>
            <gpxtpx:hr>133</gpxtpx:hr>
          </gpxtpx:TrackPointExtension>
        </extensions>
      </trkpt>
      <trkpt lat="30.29165477067865" lon="120.22353822083753">
        <ele>15.199999809265137</ele>
        <time>2026-08-14T21:43:35Z</time>
        <extensions>
          <gpxtpx:TrackPointExtension>
            <gpxtpx:hr>134</gpxtpx:hr>
          </gpxtpx:TrackPointExtension>
        </extensions>
      </trkpt>
      <trkpt lat="30.291633845832266" lon="120.22363037785571">
        <ele>15.399999618530273</ele>
        <time>2026-08-14T21:43:39Z</time>
        <extensions>
          <gpxtpx:TrackPointExtension>
            <gpxtpx:hr>135</gpxtpx:hr>
          </gpxtpx:TrackPointExtension>
        </extensions>
      </trkpt>
      <trkpt lat="30.29162092534256" lon="120.22372954564617">
        <ele>15.399999618530273</ele>
        <time>2026-08-14T21:43:43Z</time>
        <extensions>
          <gpxtpx:TrackPointExtension>
            <gpxtpx:hr>135</gpxtpx:hr>
          </gpxtpx:TrackPointExtension>
        </extensions>
      </trkpt>
      <trkpt lat="30.29160200202634" lon="120.22382470681876">
        <ele>15.600000381469727</ele>
        <time>2026-08-14T21:43:47Z</time>
        <extensions>
          <gpxtpx:TrackPointExtension>
            <gpxtpx:hr>136</gpxtpx:hr>
          </gpxtpx:TrackPointExtension>
        </extensions>
      </trkpt>
      <trkpt lat="30.291582082409303" lon="120.22392487607651">
        <ele>15.600000381469727</ele>
        <time>2026-08-14T21:43:51Z</time>
        <extensions>
          <gpxtpx:TrackPointExtension>
            <gpxtpx:hr>136</gpxtpx:hr>
          </gpxtpx:TrackPointExtension>
        </extensions>
      </trkpt>
      <trkpt lat="30.2915581675397" lon="120.22403105527451">
        <ele>15.600000381469727</ele>
        <time>2026-08-14T21:43:55Z</time>
        <extensions>
          <gpxtpx:TrackPointExtension>
            <gpxtpx:hr>136</gpxtpx:hr>
          </gpxtpx:TrackPointExtension>
        </extensions>
      </trkpt>
      <trkpt lat="30.29153325006921" lon="120.2241342290993">
        <ele>15.399999618530273</ele>
        <time>2026-08-14T21:43:59Z</time>
        <extensions>
          <gpxtpx:TrackPointExtension>
            <gpxtpx:hr>136</gpxtpx:hr>
          </gpxtpx:TrackPointExtension>
        </extensions>
      </trkpt>
      <trkpt lat="30.291508335309743" lon="120.22424140913523">
        <ele>15.600000381469727</ele>
        <time>2026-08-14T21:44:03Z</time>
        <extensions>
          <gpxtpx:TrackPointExtension>
            <gpxtpx:hr>135</gpxtpx:hr>
          </gpxtpx:TrackPointExtension>
        </extensions>
      </trkpt>
      <trkpt lat="30.29147741237296" lon="120.22433757096917">
        <ele>15.399999618530273</ele>
        <time>2026-08-14T21:44:07Z</time>
        <extensions>
          <gpxtpx:TrackPointExtension>
            <gpxtpx:hr>136</gpxtpx:hr>
          </gpxtpx:TrackPointExtension>
        </extensions>
      </trkpt>
      <trkpt lat="30.29144649064172" lon="120.22443573573203">
        <ele>15.399999618530273</ele>
        <time>2026-08-14T21:44:11Z</time>
        <extensions>
          <gpxtpx:TrackPointExtension>
            <gpxtpx:hr>135</gpxtpx:hr>
          </gpxtpx:TrackPointExtension>
        </extensions>
      </trkpt>
      <trkpt lat="30.29141256738065" lon="120.22453189704946">
        <ele>15.199999809265137</ele>
        <time>2026-08-14T21:44:15Z</time>
        <extensions>
          <gpxtpx:TrackPointExtension>
            <gpxtpx:hr>135</gpxtpx:hr>
          </gpxtpx:TrackPointExtension>
        </extensions>
      </trkpt>
      <trkpt lat="30.29138664747356" lon="120.22463406720168">
        <ele>15.199999809265137</ele>
        <time>2026-08-14T21:44:19Z</time>
        <extensions>
          <gpxtpx:TrackPointExtension>
            <gpxtpx:hr>135</gpxtpx:hr>
          </gpxtpx:TrackPointExtension>
        </extensions>
      </trkpt>
      <trkpt lat="30.291360726451813" lon="120.22473523528565">
        <ele>14.800000190734863</ele>
        <time>2026-08-14T21:44:23Z</time>
        <extensions>
          <gpxtpx:TrackPointExtension>
            <gpxtpx:hr>135</gpxtpx:hr>
          </gpxtpx:TrackPointExtension>
        </extensions>
      </trkpt>
      <trkpt lat="30.291296776177308" lon="120.22479233401846">
        <ele>14.600000381469727</ele>
        <time>2026-08-14T21:44:27Z</time>
        <extensions>
          <gpxtpx:TrackPointExtension>
            <gpxtpx:hr>135</gpxtpx:hr>
          </gpxtpx:TrackPointExtension>
        </extensions>
      </trkpt>
      <trkpt lat="30.29120678736287" lon="120.22479434470084">
        <ele>14.600000381469727</ele>
        <time>2026-08-14T21:44:31Z</time>
        <extensions>
          <gpxtpx:TrackPointExtension>
            <gpxtpx:hr>135</gpxtpx:hr>
          </gpxtpx:TrackPointExtension>
        </extensions>
      </trkpt>
      <trkpt lat="30.291113805616526" lon="120.22480537037404">
        <ele>14.600000381469727</ele>
        <time>2026-08-14T21:44:35Z</time>
        <extensions>
          <gpxtpx:TrackPointExtension>
            <gpxtpx:hr>135</gpxtpx:hr>
          </gpxtpx:TrackPointExtension>
        </extensions>
      </trkpt>
      <trkpt lat="30.291022812395724" lon="120.22480137130896">
        <ele>14.800000190734863</ele>
        <time>2026-08-14T21:44:39Z</time>
        <extensions>
          <gpxtpx:TrackPointExtension>
            <gpxtpx:hr>135</gpxtpx:hr>
          </gpxtpx:TrackPointExtension>
        </extensions>
      </trkpt>
      <trkpt lat="30.290927821848406" lon="120.22480037748728">
        <ele>14.800000190734863</ele>
        <time>2026-08-14T21:44:43Z</time>
        <extensions>
          <gpxtpx:TrackPointExtension>
            <gpxtpx:hr>135</gpxtpx:hr>
          </gpxtpx:TrackPointExtension>
        </extensions>
      </trkpt>
      <trkpt lat="30.290841837079487" lon="120.22480839766807">
        <ele>14.800000190734863</ele>
        <time>2026-08-14T21:44:47Z</time>
        <extensions>
          <gpxtpx:TrackPointExtension>
            <gpxtpx:hr>135</gpxtpx:hr>
          </gpxtpx:TrackPointExtension>
        </extensions>
      </trkpt>
      <trkpt lat="30.29075685069614" lon="120.22481441448862">
        <ele>14.800000190734863</ele>
        <time>2026-08-14T21:44:51Z</time>
        <extensions>
          <gpxtpx:TrackPointExtension>
            <gpxtpx:hr>135</gpxtpx:hr>
          </gpxtpx:TrackPointExtension>
        </extensions>
      </trkpt>
      <trkpt lat="30.290664860558515" lon="120.22481442205826">
        <ele>14.800000190734863</ele>
        <time>2026-08-14T21:44:55Z</time>
        <extensions>
          <gpxtpx:TrackPointExtension>
            <gpxtpx:hr>135</gpxtpx:hr>
          </gpxtpx:TrackPointExtension>
        </extensions>
      </trkpt>
      <trkpt lat="30.29058486837956" lon="120.22481342700283">
        <ele>14.800000190734863</ele>
        <time>2026-08-14T21:44:59Z</time>
        <extensions>
          <gpxtpx:TrackPointExtension>
            <gpxtpx:hr>135</gpxtpx:hr>
          </gpxtpx:TrackPointExtension>
        </extensions>
      </trkpt>
      <trkpt lat="30.29049687780188" lon="120.22481343424332">
        <ele>14.800000190734863</ele>
        <time>2026-08-14T21:45:03Z</time>
        <extensions>
          <gpxtpx:TrackPointExtension>
            <gpxtpx:hr>136</gpxtpx:hr>
          </gpxtpx:TrackPointExtension>
        </extensions>
      </trkpt>
      <trkpt lat="30.2903998919295" lon="120.22481845041234">
        <ele>14.600000381469727</ele>
        <time>2026-08-14T21:45:07Z</time>
        <extensions>
          <gpxtpx:TrackPointExtension>
            <gpxtpx:hr>136</gpxtpx:hr>
          </gpxtpx:TrackPointExtension>
        </extensions>
      </trkpt>
      <trkpt lat="30.29031090219605" lon="120.22481945937254">
        <ele>14.600000381469727</ele>
        <time>2026-08-14T21:45:11Z</time>
        <extensions>
          <gpxtpx:TrackPointExtension>
            <gpxtpx:hr>137</gpxtpx:hr>
          </gpxtpx:TrackPointExtension>
        </extensions>
      </trkpt>
      <trkpt lat="30.29021789788649" lon="120.22480043590498">
        <ele>14.399999618530273</ele>
        <time>2026-08-14T21:45:15Z</time>
        <extensions>
          <gpxtpx:TrackPointExtension>
            <gpxtpx:hr>137</gpxtpx:hr>
          </gpxtpx:TrackPointExtension>
        </extensions>
      </trkpt>
      <trkpt lat="30.29012789699155" lon="120.2247864203704">
        <ele>14.399999618530273</ele>
        <time>2026-08-14T21:45:19Z</time>
        <extensions>
          <gpxtpx:TrackPointExtension>
            <gpxtpx:hr>137</gpxtpx:hr>
          </gpxtpx:TrackPointExtension>
        </extensions>
      </trkpt>
      <trkpt lat="30.29004190091444" lon="120.22477941597347">
        <ele>14.600000381469727</ele>
        <time>2026-08-14T21:45:23Z</time>
        <extensions>
          <gpxtpx:TrackPointExtension>
            <gpxtpx:hr>136</gpxtpx:hr>
          </gpxtpx:TrackPointExtension>
        </extensions>
      </trkpt>
      <trkpt lat="30.289960885506133" lon="120.22474737016533">
        <ele>14.600000381469727</ele>
        <time>2026-08-14T21:45:27Z</time>
        <extensions>
          <gpxtpx:TrackPointExtension>
            <gpxtpx:hr>136</gpxtpx:hr>
          </gpxtpx:TrackPointExtension>
        </extensions>
      </trkpt>
      <trkpt lat="30.28989887631506" lon="120.22472634080856">
        <ele>14.600000381469727</ele>
        <time>2026-08-14T21:45:31Z</time>
        <extensions>
          <gpxtpx:TrackPointExtension>
            <gpxtpx:hr>135</gpxtpx:hr>
          </gpxtpx:TrackPointExtension>
        </extensions>
      </trkpt>
      <trkpt lat="30.28981589193315" lon="120.22473536240749">
        <ele>14.600000381469727</ele>
        <time>2026-08-14T21:45:35Z</time>
        <extensions>
          <gpxtpx:TrackPointExtension>
            <gpxtpx:hr>135</gpxtpx:hr>
          </gpxtpx:TrackPointExtension>
        </extensions>
      </trkpt>
      <trkpt lat="30.28971791139649" lon="120.22474739015865">
        <ele>14.600000381469727</ele>
        <time>2026-08-14T21:45:39Z</time>
        <extensions>
          <gpxtpx:TrackPointExtension>
            <gpxtpx:hr>136</gpxtpx:hr>
          </gpxtpx:TrackPointExtension>
        </extensions>
      </trkpt>
      <trkpt lat="30.28962193063486" lon="120.22475941773929">
        <ele>14.600000381469727</ele>
        <time>2026-08-14T21:45:43Z</time>
        <extensions>
          <gpxtpx:TrackPointExtension>
            <gpxtpx:hr>137</gpxtpx:hr>
          </gpxtpx:TrackPointExtension>
        </extensions>
      </trkpt>
      <trkpt lat="30.289539939355617" lon="120.22475942448592">
        <ele>14.600000381469727</ele>
        <time>2026-08-14T21:45:47Z</time>
        <extensions>
          <gpxtpx:TrackPointExtension>
            <gpxtpx:hr>139</gpxtpx:hr>
          </gpxtpx:TrackPointExtension>
        </extensions>
      </trkpt>
      <trkpt lat="30.289448952033954" lon="120.22476343853239">
        <ele>14.600000381469727</ele>
        <time>2026-08-14T21:45:51Z</time>
        <extensions>
          <gpxtpx:TrackPointExtension>
            <gpxtpx:hr>139</gpxtpx:hr>
          </gpxtpx:TrackPointExtension>
        </extensions>
      </trkpt>
      <trkpt lat="30.289366966755043" lon="120.22477145839575">
        <ele>14.600000381469727</ele>
        <time>2026-08-14T21:45:55Z</time>
        <extensions>
          <gpxtpx:TrackPointExtension>
            <gpxtpx:hr>140</gpxtpx:hr>
          </gpxtpx:TrackPointExtension>
        </extensions>
      </trkpt>
      <trkpt lat="30.28929397149974" lon="120.22476745784378">
        <ele>14.600000381469727</ele>
        <time>2026-08-14T21:45:59Z</time>
        <extensions>
          <gpxtpx:TrackPointExtension>
            <gpxtpx:hr>138</gpxtpx:hr>
          </gpxtpx:TrackPointExtension>
        </extensions>
      </trkpt>
      <trkpt lat="30.289193973842377" lon="120.22475644803329">
        <ele>14.600000381469727</ele>
        <time>2026-08-14T21:46:03Z</time>
        <extensions>
          <gpxtpx:TrackPointExtension>
            <gpxtpx:hr>138</gpxtpx:hr>
          </gpxtpx:TrackPointExtension>
        </extensions>
      </trkpt>
      <trkpt lat="30.2890919839049" lon="120.22475545478525">
        <ele>14.600000381469727</ele>
        <time>2026-08-14T21:46:07Z</time>
        <extensions>
          <gpxtpx:TrackPointExtension>
            <gpxtpx:hr>137</gpxtpx:hr>
          </gpxtpx:TrackPointExtension>
        </extensions>
      </trkpt>
      <trkpt lat="30.289003991724975" lon="120.22475345874516">
        <ele>14.600000381469727</ele>
        <time>2026-08-14T21:46:11Z</time>
        <extensions>
          <gpxtpx:TrackPointExtension>
            <gpxtpx:hr>137</gpxtpx:hr>
          </gpxtpx:TrackPointExtension>
        </extensions>
      </trkpt>
      <trkpt lat="30.28890699898783" lon="120.22474946016479">
        <ele>14.600000381469727</ele>
        <time>2026-08-14T21:46:15Z</time>
        <extensions>
          <gpxtpx:TrackPointExtension>
            <gpxtpx:hr>137</gpxtpx:hr>
          </gpxtpx:TrackPointExtension>
        </extensions>
      </trkpt>
      <trkpt lat="30.288806004409604" lon="120.22474245699117">
        <ele>14.800000190734863</ele>
        <time>2026-08-14T21:46:19Z</time>
        <extensions>
          <gpxtpx:TrackPointExtension>
            <gpxtpx:hr>138</gpxtpx:hr>
          </gpxtpx:TrackPointExtension>
        </extensions>
      </trkpt>
      <trkpt lat="30.288727976509758" lon="120.22469438461182">
        <ele>14.600000381469727</ele>
        <time>2026-08-14T21:46:23Z</time>
        <extensions>
          <gpxtpx:TrackPointExtension>
            <gpxtpx:hr>137</gpxtpx:hr>
          </gpxtpx:TrackPointExtension>
        </extensions>
      </trkpt>
      <trkpt lat="30.2886789174807" lon="120.22460924887527">
        <ele>14.600000381469727</ele>
        <time>2026-08-14T21:46:27Z</time>
        <extensions>
          <gpxtpx:TrackPointExtension>
            <gpxtpx:hr>138</gpxtpx:hr>
          </gpxtpx:TrackPointExtension>
        </extensions>
      </trkpt>
      <trkpt lat="30.288642848465233" lon="120.22451309362494">
        <ele>14.800000190734863</ele>
        <time>2026-08-14T21:46:31Z</time>
        <extensions>
          <gpxtpx:TrackPointExtension>
            <gpxtpx:hr>138</gpxtpx:hr>
          </gpxtpx:TrackPointExtension>
        </extensions>
      </trkpt>
      <trkpt lat="30.28860577770723" lon="120.22441493477093">
        <ele>14.800000190734863</ele>
        <time>2026-08-14T21:46:35Z</time>
        <extensions>
          <gpxtpx:TrackPointExtension>
            <gpxtpx:hr>138</gpxtpx:hr>
          </gpxtpx:TrackPointExtension>
        </extensions>
      </trkpt>
      <trkpt lat="30.288570708704626" lon="120.22431978033283">
        <ele>14.800000190734863</ele>
        <time>2026-08-14T21:46:39Z</time>
        <extensions>
          <gpxtpx:TrackPointExtension>
            <gpxtpx:hr>139</gpxtpx:hr>
          </gpxtpx:TrackPointExtension>
        </extensions>
      </trkpt>
      <trkpt lat="30.288533638058905" lon="120.22422262236609">
        <ele>14.800000190734863</ele>
        <time>2026-08-14T21:46:43Z</time>
        <extensions>
          <gpxtpx:TrackPointExtension>
            <gpxtpx:hr>138</gpxtpx:hr>
          </gpxtpx:TrackPointExtension>
        </extensions>
      </trkpt>
      <trkpt lat="30.288496574820694" lon="120.22413548067102">
        <ele>15.0</ele>
        <time>2026-08-14T21:46:47Z</time>
        <extensions>
          <gpxtpx:TrackPointExtension>
            <gpxtpx:hr>138</gpxtpx:hr>
          </gpxtpx:TrackPointExtension>
        </extensions>
      </trkpt>
      <trkpt lat="30.288469507158936" lon="120.2240443311674">
        <ele>15.0</ele>
        <time>2026-08-14T21:46:51Z</time>
        <extensions>
          <gpxtpx:TrackPointExtension>
            <gpxtpx:hr>139</gpxtpx:hr>
          </gpxtpx:TrackPointExtension>
        </extensions>
      </trkpt>
      <trkpt lat="30.288434440054214" lon="120.22395318198383">
        <ele>15.0</ele>
        <time>2026-08-14T21:46:55Z</time>
        <extensions>
          <gpxtpx:TrackPointExtension>
            <gpxtpx:hr>139</gpxtpx:hr>
          </gpxtpx:TrackPointExtension>
        </extensions>
      </trkpt>
      <trkpt lat="30.288401375582055" lon="120.22386603900382">
        <ele>15.0</ele>
        <time>2026-08-14T21:46:59Z</time>
        <extensions>
          <gpxtpx:TrackPointExtension>
            <gpxtpx:hr>140</gpxtpx:hr>
          </gpxtpx:TrackPointExtension>
        </extensions>
      </trkpt>
      <trkpt lat="30.288365308021493" lon="120.22377488924181">
        <ele>15.0</ele>
        <time>2026-08-14T21:47:03Z</time>
        <extensions>
          <gpxtpx:TrackPointExtension>
            <gpxtpx:hr>139</gpxtpx:hr>
          </gpxtpx:TrackPointExtension>
        </extensions>
      </trkpt>
      <trkpt lat="30.288333241330257" lon="120.22368574218086">
        <ele>15.199999809265137</ele>
        <time>2026-08-14T21:47:07Z</time>
        <extensions>
          <gpxtpx:TrackPointExtension>
            <gpxtpx:hr>141</gpxtpx:hr>
          </gpxtpx:TrackPointExtension>
        </extensions>
      </trkpt>
      <trkpt lat="30.288298170721724" lon="120.22359158660686">
        <ele>15.199999809265137</ele>
        <time>2026-08-14T21:47:11Z</time>
        <extensions>
          <gpxtpx:TrackPointExtension>
            <gpxtpx:hr>142</gpxtpx:hr>
          </gpxtpx:TrackPointExtension>
        </extensions>
      </trkpt>
      <trkpt lat="30.288265105163173" lon="120.2235044423478">
        <ele>15.199999809265137</ele>
        <time>2026-08-14T21:47:15Z</time>
        <extensions>
          <gpxtpx:TrackPointExtension>
            <gpxtpx:hr>142</gpxtpx:hr>
          </gpxtpx:TrackPointExtension>
        </extensions>
      </trkpt>
      <trkpt lat="30.288229046840037" lon="120.22342631327837">
        <ele>15.399999618530273</ele>
        <time>2026-08-14T21:47:19Z</time>
        <extensions>
          <gpxtpx:TrackPointExtension>
            <gpxtpx:hr>143</gpxtpx:hr>
          </gpxtpx:TrackPointExtension>
        </extensions>
      </trkpt>
      <trkpt lat="30.288186981733766" lon="120.22333916917675">
        <ele>15.399999618530273</ele>
        <time>2026-08-14T21:47:23Z</time>
        <extensions>
          <gpxtpx:TrackPointExtension>
            <gpxtpx:hr>143</gpxtpx:hr>
          </gpxtpx:TrackPointExtension>
        </extensions>
      </trkpt>
      <trkpt lat="30.288134914203845" lon="120.22324801878518">
        <ele>15.399999618530273</ele>
        <time>2026-08-14T21:47:27Z</time>
        <extensions>
          <gpxtpx:TrackPointExtension>
            <gpxtpx:hr>142</gpxtpx:hr>
          </gpxtpx:TrackPointExtension>
        </extensions>
      </trkpt>
      <trkpt lat="30.28809984217765" lon="120.22315386154305">
        <ele>15.399999618530273</ele>
        <time>2026-08-14T21:47:31Z</time>
        <extensions>
          <gpxtpx:TrackPointExtension>
            <gpxtpx:hr>142</gpxtpx:hr>
          </gpxtpx:TrackPointExtension>
        </extensions>
      </trkpt>
      <trkpt lat="30.28806776466963" lon="120.22305369344046">
        <ele>15.600000381469727</ele>
        <time>2026-08-14T21:47:35Z</time>
        <extensions>
          <gpxtpx:TrackPointExtension>
            <gpxtpx:hr>140</gpxtpx:hr>
          </gpxtpx:TrackPointExtension>
        </extensions>
      </trkpt>
      <trkpt lat="30.28802569926122" lon="120.22296754974022">
        <ele>15.600000381469727</ele>
        <time>2026-08-14T21:47:39Z</time>
        <extensions>
          <gpxtpx:TrackPointExtension>
            <gpxtpx:hr>139</gpxtpx:hr>
          </gpxtpx:TrackPointExtension>
        </extensions>
      </trkpt>
      <trkpt lat="30.287990636127308" lon="120.22288541202983">
        <ele>15.600000381469727</ele>
        <time>2026-08-14T21:47:43Z</time>
        <extensions>
          <gpxtpx:TrackPointExtension>
            <gpxtpx:hr>140</gpxtpx:hr>
          </gpxtpx:TrackPointExtension>
        </extensions>
      </trkpt>
      <trkpt lat="30.28796456280488" lon="120.22279225439014">
        <ele>15.600000381469727</ele>
        <time>2026-08-14T21:47:47Z</time>
        <extensions>
          <gpxtpx:TrackPointExtension>
            <gpxtpx:hr>139</gpxtpx:hr>
          </gpxtpx:TrackPointExtension>
        </extensions>
      </trkpt>
      <trkpt lat="30.287937485178116" lon="120.22269408786461">
        <ele>15.600000381469727</ele>
        <time>2026-08-14T21:47:51Z</time>
        <extensions>
          <gpxtpx:TrackPointExtension>
            <gpxtpx:hr>138</gpxtpx:hr>
          </gpxtpx:TrackPointExtension>
        </extensions>
      </trkpt>
      <trkpt lat="30.287903412088568" lon="120.22260093016654">
        <ele>15.600000381469727</ele>
        <time>2026-08-14T21:47:55Z</time>
        <extensions>
          <gpxtpx:TrackPointExtension>
            <gpxtpx:hr>137</gpxtpx:hr>
          </gpxtpx:TrackPointExtension>
        </extensions>
      </trkpt>
      <trkpt lat="30.28786934450589" lon="120.22251478423863">
        <ele>15.600000381469727</ele>
        <time>2026-08-14T21:47:59Z</time>
        <extensions>
          <gpxtpx:TrackPointExtension>
            <gpxtpx:hr>137</gpxtpx:hr>
          </gpxtpx:TrackPointExtension>
        </extensions>
      </trkpt>
      <trkpt lat="30.28784227926177" lon="120.22243264437473">
        <ele>15.800000190734863</ele>
        <time>2026-08-14T21:48:03Z</time>
        <extensions>
          <gpxtpx:TrackPointExtension>
            <gpxtpx:hr>137</gpxtpx:hr>
          </gpxtpx:TrackPointExtension>
        </extensions>
      </trkpt>
      <trkpt lat="30.287827206685755" lon="120.22234349108764">
        <ele>15.800000190734863</ele>
        <time>2026-08-14T21:48:07Z</time>
        <extensions>
          <gpxtpx:TrackPointExtension>
            <gpxtpx:hr>138</gpxtpx:hr>
          </gpxtpx:TrackPointExtension>
        </extensions>
      </trkpt>
      <trkpt lat="30.287808116660752" lon="120.22223330122958">
        <ele>15.600000381469727</ele>
        <time>2026-08-14T21:48:11Z</time>
        <extensions>
          <gpxtpx:TrackPointExtension>
            <gpxtpx:hr>138</gpxtpx:hr>
          </gpxtpx:TrackPointExtension>
        </extensions>
      </trkpt>
      <trkpt lat="30.287795006215454" lon="120.22210007020408">
        <ele>15.800000190734863</ele>
        <time>2026-08-14T21:48:15Z</time>
        <extensions>
          <gpxtpx:TrackPointExtension>
            <gpxtpx:hr>138</gpxtpx:hr>
          </gpxtpx:TrackPointExtension>
        </extensions>
      </trkpt>
      <trkpt lat="30.28778692682315" lon="120.22200490464556">
        <ele>15.600000381469727</ele>
        <time>2026-08-14T21:48:19Z</time>
        <extensions>
          <gpxtpx:TrackPointExtension>
            <gpxtpx:hr>137</gpxtpx:hr>
          </gpxtpx:TrackPointExtension>
        </extensions>
      </trkpt>
      <trkpt lat="30.287770850512686" lon="120.2219127446498">
        <ele>15.399999618530273</ele>
        <time>2026-08-14T21:48:23Z</time>
        <extensions>
          <gpxtpx:TrackPointExtension>
            <gpxtpx:hr>136</gpxtpx:hr>
          </gpxtpx:TrackPointExtension>
        </extensions>
      </trkpt>
      <trkpt lat="30.287747764418867" lon="120.22180856378142">
        <ele>15.399999618530273</ele>
        <time>2026-08-14T21:48:27Z</time>
        <extensions>
          <gpxtpx:TrackPointExtension>
            <gpxtpx:hr>137</gpxtpx:hr>
          </gpxtpx:TrackPointExtension>
        </extensions>
      </trkpt>
      <trkpt lat="30.287712686923552" lon="120.22171339933877">
        <ele>15.399999618530273</ele>
        <time>2026-08-14T21:48:31Z</time>
        <extensions>
          <gpxtpx:TrackPointExtension>
            <gpxtpx:hr>136</gpxtpx:hr>
          </gpxtpx:TrackPointExtension>
        </extensions>
      </trkpt>
      <trkpt lat="30.287676611804574" lon="120.22162123991869">
        <ele>15.399999618530273</ele>
        <time>2026-08-14T21:48:35Z</time>
        <extensions>
          <gpxtpx:TrackPointExtension>
            <gpxtpx:hr>136</gpxtpx:hr>
          </gpxtpx:TrackPointExtension>
        </extensions>
      </trkpt>
      <trkpt lat="30.2876355412339" lon="120.22153408942464">
        <ele>15.199999809265137</ele>
        <time>2026-08-14T21:48:39Z</time>
        <extensions>
          <gpxtpx:TrackPointExtension>
            <gpxtpx:hr>137</gpxtpx:hr>
          </gpxtpx:TrackPointExtension>
        </extensions>
      </trkpt>
      <trkpt lat="30.28759846998701" lon="120.22144693829948">
        <ele>15.199999809265137</ele>
        <time>2026-08-14T21:48:43Z</time>
        <extensions>
          <gpxtpx:TrackPointExtension>
            <gpxtpx:hr>138</gpxtpx:hr>
          </gpxtpx:TrackPointExtension>
        </extensions>
      </trkpt>
      <trkpt lat="30.287554400953482" lon="120.22136179100352">
        <ele>15.0</ele>
        <time>2026-08-14T21:48:47Z</time>
        <extensions>
          <gpxtpx:TrackPointExtension>
            <gpxtpx:hr>140</gpxtpx:hr>
          </gpxtpx:TrackPointExtension>
        </extensions>
      </trkpt>
      <trkpt lat="30.287511327216187" lon="120.22127163443423">
        <ele>15.0</ele>
        <time>2026-08-14T21:48:51Z</time>
        <extensions>
          <gpxtpx:TrackPointExtension>
            <gpxtpx:hr>141</gpxtpx:hr>
          </gpxtpx:TrackPointExtension>
        </extensions>
      </trkpt>
      <trkpt lat="30.287461256559823" lon="120.22118448347202">
        <ele>15.0</ele>
        <time>2026-08-14T21:48:55Z</time>
        <extensions>
          <gpxtpx:TrackPointExtension>
            <gpxtpx:hr>142</gpxtpx:hr>
          </gpxtpx:TrackPointExtension>
        </extensions>
      </trkpt>
      <trkpt lat="30.28741718238824" lon="120.22109432635185">
        <ele>15.0</ele>
        <time>2026-08-14T21:48:59Z</time>
        <extensions>
          <gpxtpx:TrackPointExtension>
            <gpxtpx:hr>144</gpxtpx:hr>
          </gpxtpx:TrackPointExtension>
        </extensions>
      </trkpt>
      <trkpt lat="30.287421087953916" lon="120.22098713449893">
        <ele>14.800000190734863</ele>
        <time>2026-08-14T21:49:03Z</time>
        <extensions>
          <gpxtpx:TrackPointExtension>
            <gpxtpx:hr>143</gpxtpx:hr>
          </gpxtpx:TrackPointExtension>
        </extensions>
      </trkpt>
      <trkpt lat="30.287486994595113" lon="120.22088895325234">
        <ele>14.600000381469727</ele>
        <time>2026-08-14T21:49:07Z</time>
        <extensions>
          <gpxtpx:TrackPointExtension>
            <gpxtpx:hr>143</gpxtpx:hr>
          </gpxtpx:TrackPointExtension>
        </extensions>
      </trkpt>
      <trkpt lat="30.287571935258622" lon="120.22083184382043">
        <ele>14.600000381469727</ele>
        <time>2026-08-14T21:49:11Z</time>
        <extensions>
          <gpxtpx:TrackPointExtension>
            <gpxtpx:hr>142</gpxtpx:hr>
          </gpxtpx:TrackPointExtension>
        </extensions>
      </trkpt>
      <trkpt lat="30.287655883899408" lon="120.22078375054461">
        <ele>14.600000381469727</ele>
        <time>2026-08-14T21:49:15Z</time>
        <extensions>
          <gpxtpx:TrackPointExtension>
            <gpxtpx:hr>139</gpxtpx:hr>
          </gpxtpx:TrackPointExtension>
        </extensions>
      </trkpt>
      <trkpt lat="30.287731835075178" lon="120.22073766144007">
        <ele>14.600000381469727</ele>
        <time>2026-08-14T21:49:19Z</time>
        <extensions>
          <gpxtpx:TrackPointExtension>
            <gpxtpx:hr>137</gpxtpx:hr>
          </gpxtpx:TrackPointExtension>
        </extensions>
      </trkpt>
      <trkpt lat="30.28780478916172" lon="120.22069457790975">
        <ele>14.600000381469727</ele>
        <time>2026-08-14T21:49:23Z</time>
        <extensions>
          <gpxtpx:TrackPointExtension>
            <gpxtpx:hr>135</gpxtpx:hr>
          </gpxtpx:TrackPointExtension>
        </extensions>
      </trkpt>
      <trkpt lat="30.28788673777796" lon="120.22064648453798">
        <ele>14.600000381469727</ele>
        <time>2026-08-14T21:49:27Z</time>
        <extensions>
          <gpxtpx:TrackPointExtension>
            <gpxtpx:hr>134</gpxtpx:hr>
          </gpxtpx:TrackPointExtension>
        </extensions>
      </trkpt>
      <trkpt lat="30.287967684630335" lon="120.22059638754237">
        <ele>14.800000190734863</ele>
        <time>2026-08-14T21:49:31Z</time>
        <extensions>
          <gpxtpx:TrackPointExtension>
            <gpxtpx:hr>136</gpxtpx:hr>
          </gpxtpx:TrackPointExtension>
        </extensions>
      </trkpt>
      <trkpt lat="30.288042636500936" lon="120.22055129998883">
        <ele>14.600000381469727</ele>
        <time>2026-08-14T21:49:35Z</time>
        <extensions>
          <gpxtpx:TrackPointExtension>
            <gpxtpx:hr>138</gpxtpx:hr>
          </gpxtpx:TrackPointExtension>
        </extensions>
      </trkpt>
      <trkpt lat="30.288124590252288" lon="120.22050921721183">
        <ele>14.600000381469727</ele>
        <time>2026-08-14T21:49:39Z</time>
        <extensions>
          <gpxtpx:TrackPointExtension>
            <gpxtpx:hr>140</gpxtpx:hr>
          </gpxtpx:TrackPointExtension>
        </extensions>
      </trkpt>
      <trkpt lat="30.288198534904268" lon="120.22045611508271">
        <ele>14.399999618530273</ele>
        <time>2026-08-14T21:49:43Z</time>
        <extensions>
          <gpxtpx:TrackPointExtension>
            <gpxtpx:hr>141</gpxtpx:hr>
          </gpxtpx:TrackPointExtension>
        </extensions>
      </trkpt>
      <trkpt lat="30.288279487718654" lon="120.22041303041561">
        <ele>14.399999618530273</ele>
        <time>2026-08-14T21:49:47Z</time>
        <extensions>
          <gpxtpx:TrackPointExtension>
            <gpxtpx:hr>141</gpxtpx:hr>
          </gpxtpx:TrackPointExtension>
        </extensions>
      </trkpt>
      <trkpt lat="30.288355434685457" lon="120.22036293337116">
        <ele>14.399999618530273</ele>
        <time>2026-08-14T21:49:51Z</time>
        <extensions>
          <gpxtpx:TrackPointExtension>
            <gpxtpx:hr>141</gpxtpx:hr>
          </gpxtpx:TrackPointExtension>
        </extensions>
      </trkpt>
      <trkpt lat="30.288430380767124" lon="120.22031183449168">
        <ele>14.399999618530273</ele>
        <time>2026-08-14T21:49:55Z</time>
        <extensions>
          <gpxtpx:TrackPointExtension>
            <gpxtpx:hr>141</gpxtpx:hr>
          </gpxtpx:TrackPointExtension>
        </extensions>
      </trkpt>
      <trkpt lat="30.288502325265114" lon="120.22025873211511">
        <ele>14.399999618530273</ele>
        <time>2026-08-14T21:49:59Z</time>
        <extensions>
          <gpxtpx:TrackPointExtension>
            <gpxtpx:hr>141</gpxtpx:hr>
          </gpxtpx:TrackPointExtension>
        </extensions>
      </trkpt>
      <trkpt lat="30.288576268547967" lon="120.22020462764021">
        <ele>14.199999809265137</ele>
        <time>2026-08-14T21:50:03Z</time>
        <extensions>
          <gpxtpx:TrackPointExtension>
            <gpxtpx:hr>140</gpxtpx:hr>
          </gpxtpx:TrackPointExtension>
        </extensions>
      </trkpt>
      <trkpt lat="30.288653214137607" lon="120.22015352827839">
        <ele>14.199999809265137</ele>
        <time>2026-08-14T21:50:07Z</time>
        <extensions>
          <gpxtpx:TrackPointExtension>
            <gpxtpx:hr>140</gpxtpx:hr>
          </gpxtpx:TrackPointExtension>
        </extensions>
      </trkpt>
      <trkpt lat="30.288724157540585" lon="120.22009942382721">
        <ele>14.199999809265137</ele>
        <time>2026-08-14T21:50:11Z</time>
        <extensions>
          <gpxtpx:TrackPointExtension>
            <gpxtpx:hr>139</gpxtpx:hr>
          </gpxtpx:TrackPointExtension>
        </extensions>
      </trkpt>
      <trkpt lat="30.288795095371256" lon="120.22003930828544">
        <ele>14.199999809265137</ele>
        <time>2026-08-14T21:50:15Z</time>
        <extensions>
          <gpxtpx:TrackPointExtension>
            <gpxtpx:hr>140</gpxtpx:hr>
          </gpxtpx:TrackPointExtension>
        </extensions>
      </trkpt>
      <trkpt lat="30.288866027593798" lon="120.21997318161074">
        <ele>14.0</ele>
        <time>2026-08-14T21:50:19Z</time>
        <extensions>
          <gpxtpx:TrackPointExtension>
            <gpxtpx:hr>140</gpxtpx:hr>
          </gpxtpx:TrackPointExtension>
        </extensions>
      </trkpt>
      <trkpt lat="30.288931971191897" lon="120.21991907718916">
        <ele>14.199999809265137</ele>
        <time>2026-08-14T21:50:23Z</time>
        <extensions>
          <gpxtpx:TrackPointExtension>
            <gpxtpx:hr>141</gpxtpx:hr>
          </gpxtpx:TrackPointExtension>
        </extensions>
      </trkpt>
      <trkpt lat="30.289003901201934" lon="120.21985094644751">
        <ele>14.199999809265137</ele>
        <time>2026-08-14T21:50:27Z</time>
        <extensions>
          <gpxtpx:TrackPointExtension>
            <gpxtpx:hr>143</gpxtpx:hr>
          </gpxtpx:TrackPointExtension>
        </extensions>
      </trkpt>
      <trkpt lat="30.289075831975307" lon="120.21978381736389">
        <ele>14.199999809265137</ele>
        <time>2026-08-14T21:50:31Z</time>
        <extensions>
          <gpxtpx:TrackPointExtension>
            <gpxtpx:hr>142</gpxtpx:hr>
          </gpxtpx:TrackPointExtension>
        </extensions>
      </trkpt>
      <trkpt lat="30.28914177338006" lon="120.2197277088587">
        <ele>14.199999809265137</ele>
        <time>2026-08-14T21:50:35Z</time>
        <extensions>
          <gpxtpx:TrackPointExtension>
            <gpxtpx:hr>142</gpxtpx:hr>
          </gpxtpx:TrackPointExtension>
        </extensions>
      </trkpt>
      <trkpt lat="30.289209714465592" lon="120.2196716000659">
        <ele>14.199999809265137</ele>
        <time>2026-08-14T21:50:39Z</time>
        <extensions>
          <gpxtpx:TrackPointExtension>
            <gpxtpx:hr>141</gpxtpx:hr>
          </gpxtpx:TrackPointExtension>
        </extensions>
      </trkpt>
      <trkpt lat="30.289273646606194" lon="120.2196054730177">
        <ele>14.199999809265137</ele>
        <time>2026-08-14T21:50:43Z</time>
        <extensions>
          <gpxtpx:TrackPointExtension>
            <gpxtpx:hr>141</gpxtpx:hr>
          </gpxtpx:TrackPointExtension>
        </extensions>
      </trkpt>
      <trkpt lat="30.289337576742522" lon="120.21953734210103">
        <ele>14.199999809265137</ele>
        <time>2026-08-14T21:50:47Z</time>
        <extensions>
          <gpxtpx:TrackPointExtension>
            <gpxtpx:hr>140</gpxtpx:hr>
          </gpxtpx:TrackPointExtension>
        </extensions>
      </trkpt>
      <trkpt lat="30.28941051693522" lon="120.21948123248009">
        <ele>14.199999809265137</ele>
        <time>2026-08-14T21:50:51Z</time>
        <extensions>
          <gpxtpx:TrackPointExtension>
            <gpxtpx:hr>140</gpxtpx:hr>
          </gpxtpx:TrackPointExtension>
        </extensions>
      </trkpt>
      <trkpt lat="30.28947645869662" lon="120.21942612516656">
        <ele>14.399999618530273</ele>
        <time>2026-08-14T21:50:55Z</time>
        <extensions>
          <gpxtpx:TrackPointExtension>
            <gpxtpx:hr>139</gpxtpx:hr>
          </gpxtpx:TrackPointExtension>
        </extensions>
      </trkpt>
      <trkpt lat="30.289540402435737" lon="120.2193730216106">
        <ele>14.199999809265137</ele>
        <time>2026-08-14T21:50:59Z</time>
        <extensions>
          <gpxtpx:TrackPointExtension>
            <gpxtpx:hr>139</gpxtpx:hr>
          </gpxtpx:TrackPointExtension>
        </extensions>
      </trkpt>
      <trkpt lat="30.289610337953565" lon="120.21931190258933">
        <ele>14.199999809265137</ele>
        <time>2026-08-14T21:51:03Z</time>
        <extensions>
          <gpxtpx:TrackPointExtension>
            <gpxtpx:hr>140</gpxtpx:hr>
          </gpxtpx:TrackPointExtension>
        </extensions>
      </trkpt>
      <trkpt lat="30.28968526061536" lon="120.21923775882502">
        <ele>14.199999809265137</ele>
        <time>2026-08-14T21:51:07Z</time>
        <extensions>
          <gpxtpx:TrackPointExtension>
            <gpxtpx:hr>139</gpxtpx:hr>
          </gpxtpx:TrackPointExtension>
        </extensions>
      </trkpt>
      <trkpt lat="30.289768195410538" lon="120.21917764027498">
        <ele>14.0</ele>
        <time>2026-08-14T21:51:11Z</time>
        <extensions>
          <gpxtpx:TrackPointExtension>
            <gpxtpx:hr>139</gpxtpx:hr>
          </gpxtpx:TrackPointExtension>
        </extensions>
      </trkpt>
      <trkpt lat="30.289860160205755" lon="120.21915058238015">
        <ele>13.600000381469727</ele>
        <time>2026-08-14T21:51:15Z</time>
        <extensions>
          <gpxtpx:TrackPointExtension>
            <gpxtpx:hr>140</gpxtpx:hr>
          </gpxtpx:TrackPointExtension>
        </extensions>
      </trkpt>
      <trkpt lat="30.289950179778707" lon="120.21918163273554">
        <ele>13.600000381469727</ele>
        <time>2026-08-14T21:51:19Z</time>
        <extensions>
          <gpxtpx:TrackPointExtension>
            <gpxtpx:hr>139</gpxtpx:hr>
          </gpxtpx:TrackPointExtension>
        </extensions>
      </trkpt>
      <trkpt lat="30.290013244430256" lon="120.21925776901472">
        <ele>13.600000381469727</ele>
        <time>2026-08-14T21:51:23Z</time>
        <extensions>
          <gpxtpx:TrackPointExtension>
            <gpxtpx:hr>139</gpxtpx:hr>
          </gpxtpx:TrackPointExtension>
        </extensions>
      </trkpt>
      <trkpt lat="30.290051333060244" lon="120.2193569498288">
        <ele>13.600000381469727</ele>
        <time>2026-08-14T21:51:27Z</time>
        <extensions>
          <gpxtpx:TrackPointExtension>
            <gpxtpx:hr>139</gpxtpx:hr>
          </gpxtpx:TrackPointExtension>
        </extensions>
      </trkpt>
      <trkpt lat="30.29008641889213" lon="120.21945312495123">
        <ele>13.800000190734863</ele>
        <time>2026-08-14T21:51:31Z</time>
        <extensions>
          <gpxtpx:TrackPointExtension>
            <gpxtpx:hr>139</gpxtpx:hr>
          </gpxtpx:TrackPointExtension>
        </extensions>
      </trkpt>
      <trkpt lat="30.29012750192183" lon="120.2195472955227">
        <ele>13.800000190734863</ele>
        <time>2026-08-14T21:51:35Z</time>
        <extensions>
          <gpxtpx:TrackPointExtension>
            <gpxtpx:hr>139</gpxtpx:hr>
          </gpxtpx:TrackPointExtension>
        </extensions>
      </trkpt>
      <trkpt lat="30.290167584765108" lon="120.21964146583151">
        <ele>13.800000190734863</ele>
        <time>2026-08-14T21:51:39Z</time>
        <extensions>
          <gpxtpx:TrackPointExtension>
            <gpxtpx:hr>139</gpxtpx:hr>
          </gpxtpx:TrackPointExtension>
        </extensions>
      </trkpt>
      <trkpt lat="30.290204672245363" lon="120.21974064524821">
        <ele>13.800000190734863</ele>
        <time>2026-08-14T21:51:43Z</time>
        <extensions>
          <gpxtpx:TrackPointExtension>
            <gpxtpx:hr>139</gpxtpx:hr>
          </gpxtpx:TrackPointExtension>
        </extensions>
      </trkpt>
      <trkpt lat="30.29025474606592" lon="120.21982679932303">
        <ele>13.800000190734863</ele>
        <time>2026-08-14T21:51:47Z</time>
        <extensions>
          <gpxtpx:TrackPointExtension>
            <gpxtpx:hr>140</gpxtpx:hr>
          </gpxtpx:TrackPointExtension>
        </extensions>
      </trkpt>
      <trkpt lat="30.290291830189496" lon="120.21992297252089">
        <ele>13.800000190734863</ele>
        <time>2026-08-14T21:51:51Z</time>
        <extensions>
          <gpxtpx:TrackPointExtension>
            <gpxtpx:hr>141</gpxtpx:hr>
          </gpxtpx:TrackPointExtension>
        </extensions>
      </trkpt>
      <trkpt lat="30.29032091668683" lon="120.22002114967664">
        <ele>14.0</ele>
        <time>2026-08-14T21:51:55Z</time>
        <extensions>
          <gpxtpx:TrackPointExtension>
            <gpxtpx:hr>141</gpxtpx:hr>
          </gpxtpx:TrackPointExtension>
        </extensions>
      </trkpt>
      <trkpt lat="30.290363995910642" lon="120.22011331434383">
        <ele>14.0</ele>
        <time>2026-08-14T21:51:59Z</time>
        <extensions>
          <gpxtpx:TrackPointExtension>
            <gpxtpx:hr>141</gpxtpx:hr>
          </gpxtpx:TrackPointExtension>
        </extensions>
      </trkpt>
      <trkpt lat="30.290424060338605" lon="120.22019145175364">
        <ele>14.0</ele>
        <time>2026-08-14T21:52:03Z</time>
        <extensions>
          <gpxtpx:TrackPointExtension>
            <gpxtpx:hr>141</gpxtpx:hr>
          </gpxtpx:TrackPointExtension>
        </extensions>
      </trkpt>
      <trkpt lat="30.290464142975253" lon="120.22028762333234">
        <ele>13.800000190734863</ele>
        <time>2026-08-14T21:52:07Z</time>
        <extensions>
          <gpxtpx:TrackPointExtension>
            <gpxtpx:hr>140</gpxtpx:hr>
          </gpxtpx:TrackPointExtension>
        </extensions>
      </trkpt>
      <trkpt lat="30.290512215439826" lon="120.22037377572829">
        <ele>13.800000190734863</ele>
        <time>2026-08-14T21:52:11Z</time>
        <extensions>
          <gpxtpx:TrackPointExtension>
            <gpxtpx:hr>139</gpxtpx:hr>
          </gpxtpx:TrackPointExtension>
        </extensions>
      </trkpt>
      <trkpt lat="30.290568280512193" lon="120.22045291448262">
        <ele>13.600000381469727</ele>
        <time>2026-08-14T21:52:15Z</time>
        <extensions>
          <gpxtpx:TrackPointExtension>
            <gpxtpx:hr>140</gpxtpx:hr>
          </gpxtpx:TrackPointExtension>
        </extensions>
      </trkpt>
      <trkpt lat="30.290632340038197" lon="120.2205270432812">
        <ele>13.600000381469727</ele>
        <time>2026-08-14T21:52:19Z</time>
        <extensions>
          <gpxtpx:TrackPointExtension>
            <gpxtpx:hr>141</gpxtpx:hr>
          </gpxtpx:TrackPointExtension>
        </extensions>
      </trkpt>
      <trkpt lat="30.29067741748928" lon="120.22061920595443">
        <ele>13.600000381469727</ele>
        <time>2026-08-14T21:52:23Z</time>
        <extensions>
          <gpxtpx:TrackPointExtension>
            <gpxtpx:hr>141</gpxtpx:hr>
          </gpxtpx:TrackPointExtension>
        </extensions>
      </trkpt>
      <trkpt lat="30.29071449551349" lon="120.22071136895211">
        <ele>13.399999618530273</ele>
        <time>2026-08-14T21:52:27Z</time>
        <extensions>
          <gpxtpx:TrackPointExtension>
            <gpxtpx:hr>141</gpxtpx:hr>
          </gpxtpx:TrackPointExtension>
        </extensions>
      </trkpt>
      <trkpt lat="30.290759561754214" lon="120.22079150936105">
        <ele>13.399999618530273</ele>
        <time>2026-08-14T21:52:31Z</time>
        <extensions>
          <gpxtpx:TrackPointExtension>
            <gpxtpx:hr>140</gpxtpx:hr>
          </gpxtpx:TrackPointExtension>
        </extensions>
      </trkpt>
      <trkpt lat="30.290818618317157" lon="120.22086263219217">
        <ele>13.399999618530273</ele>
        <time>2026-08-14T21:52:35Z</time>
        <extensions>
          <gpxtpx:TrackPointExtension>
            <gpxtpx:hr>140</gpxtpx:hr>
          </gpxtpx:TrackPointExtension>
        </extensions>
      </trkpt>
      <trkpt lat="30.290875670511625" lon="120.2209287460168">
        <ele>13.399999618530273</ele>
        <time>2026-08-14T21:52:39Z</time>
        <extensions>
          <gpxtpx:TrackPointExtension>
            <gpxtpx:hr>140</gpxtpx:hr>
          </gpxtpx:TrackPointExtension>
        </extensions>
      </trkpt>
      <trkpt lat="30.29094173127108" lon="120.22100587863524">
        <ele>13.399999618530273</ele>
        <time>2026-08-14T21:52:43Z</time>
        <extensions>
          <gpxtpx:TrackPointExtension>
            <gpxtpx:hr>140</gpxtpx:hr>
          </gpxtpx:TrackPointExtension>
        </extensions>
      </trkpt>
      <trkpt lat="30.291004778988423" lon="120.22106798443644">
        <ele>13.199999809265137</ele>
        <time>2026-08-14T21:52:47Z</time>
        <extensions>
          <gpxtpx:TrackPointExtension>
            <gpxtpx:hr>141</gpxtpx:hr>
          </gpxtpx:TrackPointExtension>
        </extensions>
      </trkpt>
      <trkpt lat="30.291074829323634" lon="120.22113409665423">
        <ele>13.199999809265137</ele>
        <time>2026-08-14T21:52:51Z</time>
        <extensions>
          <gpxtpx:TrackPointExtension>
            <gpxtpx:hr>142</gpxtpx:hr>
          </gpxtpx:TrackPointExtension>
        </extensions>
      </trkpt>
      <trkpt lat="30.29113788899253" lon="120.22121022711019">
        <ele>13.199999809265137</ele>
        <time>2026-08-14T21:52:55Z</time>
        <extensions>
          <gpxtpx:TrackPointExtension>
            <gpxtpx:hr>142</gpxtpx:hr>
          </gpxtpx:TrackPointExtension>
        </extensions>
      </trkpt>
      <trkpt lat="30.29121393836009" lon="120.22127633846176">
        <ele>13.199999809265137</ele>
        <time>2026-08-14T21:52:59Z</time>
        <extensions>
          <gpxtpx:TrackPointExtension>
            <gpxtpx:hr>143</gpxtpx:hr>
          </gpxtpx:TrackPointExtension>
        </extensions>
      </trkpt>
      <trkpt lat="30.29129298551666" lon="120.22134044583704">
        <ele>13.199999809265137</ele>
        <time>2026-08-14T21:53:03Z</time>
        <extensions>
          <gpxtpx:TrackPointExtension>
            <gpxtpx:hr>142</gpxtpx:hr>
          </gpxtpx:TrackPointExtension>
        </extensions>
      </trkpt>
      <trkpt lat="30.291371028305733" lon="120.22139954425349">
        <ele>13.199999809265137</ele>
        <time>2026-08-14T21:53:07Z</time>
        <extensions>
          <gpxtpx:TrackPointExtension>
            <gpxtpx:hr>141</gpxtpx:hr>
          </gpxtpx:TrackPointExtension>
        </extensions>
      </trkpt>
      <trkpt lat="30.291446069566874" lon="120.22145663923149">
        <ele>13.199999809265137</ele>
        <time>2026-08-14T21:53:11Z</time>
        <extensions>
          <gpxtpx:TrackPointExtension>
            <gpxtpx:hr>141</gpxtpx:hr>
          </gpxtpx:TrackPointExtension>
        </extensions>
      </trkpt>
      <trkpt lat="30.291520113410048" lon="120.2215167394759">
        <ele>13.399999618530273</ele>
        <time>2026-08-14T21:53:15Z</time>
        <extensions>
          <gpxtpx:TrackPointExtension>
            <gpxtpx:hr>142</gpxtpx:hr>
          </gpxtpx:TrackPointExtension>
        </extensions>
      </trkpt>
      <trkpt lat="30.291592155622023" lon="120.22157483620408">
        <ele>13.199999809265137</ele>
        <time>2026-08-14T21:53:19Z</time>
        <extensions>
          <gpxtpx:TrackPointExtension>
            <gpxtpx:hr>143</gpxtpx:hr>
          </gpxtpx:TrackPointExtension>
        </extensions>
      </trkpt>
      <trkpt lat="30.29166120147483" lon="120.22163694011066">
        <ele>13.199999809265137</ele>
        <time>2026-08-14T21:53:23Z</time>
        <extensions>
          <gpxtpx:TrackPointExtension>
            <gpxtpx:hr>143</gpxtpx:hr>
          </gpxtpx:TrackPointExtension>
        </extensions>
      </trkpt>
      <trkpt lat="30.2917162478491" lon="120.22169804325264">
        <ele>13.399999618530273</ele>
        <time>2026-08-14T21:53:27Z</time>
        <extensions>
          <gpxtpx:TrackPointExtension>
            <gpxtpx:hr>144</gpxtpx:hr>
          </gpxtpx:TrackPointExtension>
        </extensions>
      </trkpt>
      <trkpt lat="30.291784287563868" lon="120.22175313460644">
        <ele>13.399999618530273</ele>
        <time>2026-08-14T21:53:31Z</time>
        <extensions>
          <gpxtpx:TrackPointExtension>
            <gpxtpx:hr>144</gpxtpx:hr>
          </gpxtpx:TrackPointExtension>
        </extensions>
      </trkpt>
      <trkpt lat="30.29185332962299" lon="120.22181123103535">
        <ele>13.399999618530273</ele>
        <time>2026-08-14T21:53:35Z</time>
        <extensions>
          <gpxtpx:TrackPointExtension>
            <gpxtpx:hr>144</gpxtpx:hr>
          </gpxtpx:TrackPointExtension>
        </extensions>
      </trkpt>
      <trkpt lat="30.29191439283738" lon="120.2218933701457">
        <ele>13.600000381469727</ele>
        <time>2026-08-14T21:53:39Z</time>
        <extensions>
          <gpxtpx:TrackPointExtension>
            <gpxtpx:hr>143</gpxtpx:hr>
          </gpxtpx:TrackPointExtension>
        </extensions>
      </trkpt>
      <trkpt lat="30.29194247801867" lon="120.2219975502555">
        <ele>13.800000190734863</ele>
        <time>2026-08-14T21:53:43Z</time>
        <extensions>
          <gpxtpx:TrackPointExtension>
            <gpxtpx:hr>143</gpxtpx:hr>
          </gpxtpx:TrackPointExtension>
        </extensions>
      </trkpt>
      <trkpt lat="30.29193356683351" lon="120.22210173297796">
        <ele>13.800000190734863</ele>
        <time>2026-08-14T21:53:47Z</time>
        <extensions>
          <gpxtpx:TrackPointExtension>
            <gpxtpx:hr>142</gpxtpx:hr>
          </gpxtpx:TrackPointExtension>
        </extensions>
      </trkpt>
      <trkpt lat="30.29190565649576" lon="120.22220491508708">
        <ele>13.600000381469727</ele>
        <time>2026-08-14T21:53:51Z</time>
        <extensions>
          <gpxtpx:TrackPointExtension>
            <gpxtpx:hr>142</gpxtpx:hr>
          </gpxtpx:TrackPointExtension>
        </extensions>
      </trkpt>
      <trkpt lat="30.291880736276056" lon="120.22229707738656">
        <ele>13.399999618530273</ele>
        <time>2026-08-14T21:53:55Z</time>
        <extensions>
          <gpxtpx:TrackPointExtension>
            <gpxtpx:hr>141</gpxtpx:hr>
          </gpxtpx:TrackPointExtension>
        </extensions>
      </trkpt>
      <trkpt lat="30.29185481837521" lon="120.2223922446365">
        <ele>13.600000381469727</ele>
        <time>2026-08-14T21:53:59Z</time>
        <extensions>
          <gpxtpx:TrackPointExtension>
            <gpxtpx:hr>141</gpxtpx:hr>
          </gpxtpx:TrackPointExtension>
        </extensions>
      </trkpt>
      <trkpt lat="30.291834902007476" lon="120.22249041622595">
        <ele>13.800000190734863</ele>
        <time>2026-08-14T21:54:03Z</time>
        <extensions>
          <gpxtpx:TrackPointExtension>
            <gpxtpx:hr>140</gpxtpx:hr>
          </gpxtpx:TrackPointExtension>
        </extensions>
      </trkpt>
      <trkpt lat="30.29181597859239" lon="120.22258057351944">
        <ele>13.800000190734863</ele>
        <time>2026-08-14T21:54:07Z</time>
        <extensions>
          <gpxtpx:TrackPointExtension>
            <gpxtpx:hr>139</gpxtpx:hr>
          </gpxtpx:TrackPointExtension>
        </extensions>
      </trkpt>
      <trkpt lat="30.291792057087807" lon="120.22267273434767">
        <ele>13.800000190734863</ele>
        <time>2026-08-14T21:54:11Z</time>
        <extensions>
          <gpxtpx:TrackPointExtension>
            <gpxtpx:hr>138</gpxtpx:hr>
          </gpxtpx:TrackPointExtension>
        </extensions>
      </trkpt>
      <trkpt lat="30.291777135142134" lon="120.22276589581462">
        <ele>14.0</ele>
        <time>2026-08-14T21:54:15Z</time>
        <extensions>
          <gpxtpx:TrackPointExtension>
            <gpxtpx:hr>137</gpxtpx:hr>
          </gpxtpx:TrackPointExtension>
        </extensions>
      </trkpt>
      <trkpt lat="30.291761219544476" lon="120.22286707075168">
        <ele>14.199999809265137</ele>
        <time>2026-08-14T21:54:19Z</time>
        <extensions>
          <gpxtpx:TrackPointExtension>
            <gpxtpx:hr>137</gpxtpx:hr>
          </gpxtpx:TrackPointExtension>
        </extensions>
      </trkpt>
      <trkpt lat="30.291753299480078" lon="120.22296423776605">
        <ele>14.399999618530273</ele>
        <time>2026-08-14T21:54:23Z</time>
        <extensions>
          <gpxtpx:TrackPointExtension>
            <gpxtpx:hr>137</gpxtpx:hr>
          </gpxtpx:TrackPointExtension>
        </extensions>
      </trkpt>
      <trkpt lat="30.291746379795686" lon="120.22306240602657">
        <ele>14.399999618530273</ele>
        <time>2026-08-14T21:54:27Z</time>
        <extensions>
          <gpxtpx:TrackPointExtension>
            <gpxtpx:hr>138</gpxtpx:hr>
          </gpxtpx:TrackPointExtension>
        </extensions>
      </trkpt>
      <trkpt lat="30.29173246376485" lon="120.2231645812945">
        <ele>14.399999618530273</ele>
        <time>2026-08-14T21:54:31Z</time>
        <extensions>
          <gpxtpx:TrackPointExtension>
            <gpxtpx:hr>138</gpxtpx:hr>
          </gpxtpx:TrackPointExtension>
        </extensions>
      </trkpt>
      <trkpt lat="30.2917165395596" lon="120.22325673929515">
        <ele>14.399999618530273</ele>
        <time>2026-08-14T21:54:35Z</time>
        <extensions>
          <gpxtpx:TrackPointExtension>
            <gpxtpx:hr>138</gpxtpx:hr>
          </gpxtpx:TrackPointExtension>
        </extensions>
      </trkpt>
      <trkpt lat="30.29169462051267" lon="120.22335490763045">
        <ele>14.399999618530273</ele>
        <time>2026-08-14T21:54:39Z</time>
        <extensions>
          <gpxtpx:TrackPointExtension>
            <gpxtpx:hr>139</gpxtpx:hr>
          </gpxtpx:TrackPointExtension>
        </extensions>
      </trkpt>
      <trkpt lat="30.29167570001478" lon="120.2234520736356">
        <ele>14.399999618530273</ele>
        <time>2026-08-14T21:54:43Z</time>
        <extensions>
          <gpxtpx:TrackPointExtension>
            <gpxtpx:hr>140</gpxtpx:hr>
          </gpxtpx:TrackPointExtension>
        </extensions>
      </trkpt>
      <trkpt lat="30.291656780779856" lon="120.22355124263694">
        <ele>14.399999618530273</ele>
        <time>2026-08-14T21:54:47Z</time>
        <extensions>
          <gpxtpx:TrackPointExtension>
            <gpxtpx:hr>140</gpxtpx:hr>
          </gpxtpx:TrackPointExtension>
        </extensions>
      </trkpt>
      <trkpt lat="30.291643860559844" lon="120.2236504107458">
        <ele>14.600000381469727</ele>
        <time>2026-08-14T21:54:51Z</time>
        <extensions>
          <gpxtpx:TrackPointExtension>
            <gpxtpx:hr>140</gpxtpx:hr>
          </gpxtpx:TrackPointExtension>
        </extensions>
      </trkpt>
      <trkpt lat="30.29162494143588" lon="120.22375058063062">
        <ele>14.800000190734863</ele>
        <time>2026-08-14T21:54:55Z</time>
        <extensions>
          <gpxtpx:TrackPointExtension>
            <gpxtpx:hr>141</gpxtpx:hr>
          </gpxtpx:TrackPointExtension>
        </extensions>
      </trkpt>
      <trkpt lat="30.291602022398237" lon="120.22385075043708">
        <ele>15.0</ele>
        <time>2026-08-14T21:54:59Z</time>
        <extensions>
          <gpxtpx:TrackPointExtension>
            <gpxtpx:hr>142</gpxtpx:hr>
          </gpxtpx:TrackPointExtension>
        </extensions>
      </trkpt>
      <trkpt lat="30.29158110201962" lon="120.22394991799801">
        <ele>15.0</ele>
        <time>2026-08-14T21:55:03Z</time>
        <extensions>
          <gpxtpx:TrackPointExtension>
            <gpxtpx:hr>143</gpxtpx:hr>
          </gpxtpx:TrackPointExtension>
        </extensions>
      </trkpt>
      <trkpt lat="30.291563185635347" lon="120.22405509492529">
        <ele>15.0</ele>
        <time>2026-08-14T21:55:07Z</time>
        <extensions>
          <gpxtpx:TrackPointExtension>
            <gpxtpx:hr>144</gpxtpx:hr>
          </gpxtpx:TrackPointExtension>
        </extensions>
      </trkpt>
      <trkpt lat="30.291541268528405" lon="120.22415927006669">
        <ele>15.0</ele>
        <time>2026-08-14T21:55:11Z</time>
        <extensions>
          <gpxtpx:TrackPointExtension>
            <gpxtpx:hr>144</gpxtpx:hr>
          </gpxtpx:TrackPointExtension>
        </extensions>
      </trkpt>
      <trkpt lat="30.2915133478489" lon="120.22425843695763">
        <ele>14.800000190734863</ele>
        <time>2026-08-14T21:55:15Z</time>
        <extensions>
          <gpxtpx:TrackPointExtension>
            <gpxtpx:hr>145</gpxtpx:hr>
          </gpxtpx:TrackPointExtension>
        </extensions>
      </trkpt>
      <trkpt lat="30.29148342627918" lon="120.22435660195544">
        <ele>14.800000190734863</ele>
        <time>2026-08-14T21:55:19Z</time>
        <extensions>
          <gpxtpx:TrackPointExtension>
            <gpxtpx:hr>145</gpxtpx:hr>
          </gpxtpx:TrackPointExtension>
        </extensions>
      </trkpt>
      <trkpt lat="30.29145250981812" lon="120.22446177820805">
        <ele>14.600000381469727</ele>
        <time>2026-08-14T21:55:23Z</time>
        <extensions>
          <gpxtpx:TrackPointExtension>
            <gpxtpx:hr>145</gpxtpx:hr>
          </gpxtpx:TrackPointExtension>
        </extensions>
      </trkpt>
      <trkpt lat="30.291421592215308" lon="120.22456595236062">
        <ele>14.600000381469727</ele>
        <time>2026-08-14T21:55:27Z</time>
        <extensions>
          <gpxtpx:TrackPointExtension>
            <gpxtpx:hr>144</gpxtpx:hr>
          </gpxtpx:TrackPointExtension>
        </extensions>
      </trkpt>
      <trkpt lat="30.291393676931545" lon="120.22467413239646">
        <ele>14.399999618530273</ele>
        <time>2026-08-14T21:55:31Z</time>
        <extensions>
          <gpxtpx:TrackPointExtension>
            <gpxtpx:hr>143</gpxtpx:hr>
          </gpxtpx:TrackPointExtension>
        </extensions>
      </trkpt>
      <trkpt lat="30.291342748694422" lon="120.22476228105712">
        <ele>14.199999809265137</ele>
        <time>2026-08-14T21:55:35Z</time>
        <extensions>
          <gpxtpx:TrackPointExtension>
            <gpxtpx:hr>141</gpxtpx:hr>
          </gpxtpx:TrackPointExtension>
        </extensions>
      </trkpt>
      <trkpt lat="30.291259777907857" lon="120.22478933214688">
        <ele>14.0</ele>
        <time>2026-08-14T21:55:39Z</time>
        <extensions>
          <gpxtpx:TrackPointExtension>
            <gpxtpx:hr>141</gpxtpx:hr>
          </gpxtpx:TrackPointExtension>
        </extensions>
      </trkpt>
      <trkpt lat="30.291166789413754" lon="120.22479134307633">
        <ele>14.0</ele>
        <time>2026-08-14T21:55:43Z</time>
        <extensions>
          <gpxtpx:TrackPointExtension>
            <gpxtpx:hr>140</gpxtpx:hr>
          </gpxtpx:TrackPointExtension>
        </extensions>
      </trkpt>
      <trkpt lat="30.29107180412951" lon="120.22479736072401">
        <ele>14.0</ele>
        <time>2026-08-14T21:55:47Z</time>
        <extensions>
          <gpxtpx:TrackPointExtension>
            <gpxtpx:hr>140</gpxtpx:hr>
          </gpxtpx:TrackPointExtension>
        </extensions>
      </trkpt>
      <trkpt lat="30.290991818726294" lon="120.22480538041219">
        <ele>14.0</ele>
        <time>2026-08-14T21:55:51Z</time>
        <extensions>
          <gpxtpx:TrackPointExtension>
            <gpxtpx:hr>139</gpxtpx:hr>
          </gpxtpx:TrackPointExtension>
        </extensions>
      </trkpt>
      <trkpt lat="30.290897835568625" lon="120.22481440288729">
        <ele>14.199999809265137</ele>
        <time>2026-08-14T21:55:55Z</time>
        <extensions>
          <gpxtpx:TrackPointExtension>
            <gpxtpx:hr>140</gpxtpx:hr>
          </gpxtpx:TrackPointExtension>
        </extensions>
      </trkpt>
      <trkpt lat="30.290805849188985" lon="120.22481941864487">
        <ele>14.199999809265137</ele>
        <time>2026-08-14T21:55:59Z</time>
        <extensions>
          <gpxtpx:TrackPointExtension>
            <gpxtpx:hr>141</gpxtpx:hr>
          </gpxtpx:TrackPointExtension>
        </extensions>
      </trkpt>
      <trkpt lat="30.290720862051675" lon="120.22482443382543">
        <ele>14.199999809265137</ele>
        <time>2026-08-14T21:56:03Z</time>
        <extensions>
          <gpxtpx:TrackPointExtension>
            <gpxtpx:hr>141</gpxtpx:hr>
          </gpxtpx:TrackPointExtension>
        </extensions>
      </trkpt>
      <trkpt lat="30.29063186934183" lon="120.22482143623621">
        <ele>14.199999809265137</ele>
        <time>2026-08-14T21:56:07Z</time>
        <extensions>
          <gpxtpx:TrackPointExtension>
            <gpxtpx:hr>141</gpxtpx:hr>
          </gpxtpx:TrackPointExtension>
        </extensions>
      </trkpt>
      <trkpt lat="30.29054688069434" lon="120.22482444814186">
        <ele>14.199999809265137</ele>
        <time>2026-08-14T21:56:11Z</time>
        <extensions>
          <gpxtpx:TrackPointExtension>
            <gpxtpx:hr>141</gpxtpx:hr>
          </gpxtpx:TrackPointExtension>
        </extensions>
      </trkpt>
      <trkpt lat="30.290462886688278" lon="120.22482044850379">
        <ele>14.0</ele>
        <time>2026-08-14T21:56:15Z</time>
        <extensions>
          <gpxtpx:TrackPointExtension>
            <gpxtpx:hr>142</gpxtpx:hr>
          </gpxtpx:TrackPointExtension>
        </extensions>
      </trkpt>
      <trkpt lat="30.290373893211097" lon="120.22481644927646">
        <ele>14.199999809265137</ele>
        <time>2026-08-14T21:56:19Z</time>
        <extensions>
          <gpxtpx:TrackPointExtension>
            <gpxtpx:hr>142</gpxtpx:hr>
          </gpxtpx:TrackPointExtension>
        </extensions>
      </trkpt>
      <trkpt lat="30.290277898225973" lon="120.22480944571092">
        <ele>14.0</ele>
        <time>2026-08-14T21:56:23Z</time>
        <extensions>
          <gpxtpx:TrackPointExtension>
            <gpxtpx:hr>142</gpxtpx:hr>
          </gpxtpx:TrackPointExtension>
        </extensions>
      </trkpt>
      <trkpt lat="30.290186892943293" lon="120.22478942043234">
        <ele>14.199999809265137</ele>
        <time>2026-08-14T21:56:27Z</time>
        <extensions>
          <gpxtpx:TrackPointExtension>
            <gpxtpx:hr>143</gpxtpx:hr>
          </gpxtpx:TrackPointExtension>
        </extensions>
      </trkpt>
      <trkpt lat="30.290093890858856" lon="120.22477340185965">
        <ele>14.0</ele>
        <time>2026-08-14T21:56:31Z</time>
        <extensions>
          <gpxtpx:TrackPointExtension>
            <gpxtpx:hr>142</gpxtpx:hr>
          </gpxtpx:TrackPointExtension>
        </extensions>
      </trkpt>
      <trkpt lat="30.290005888977372" lon="120.22475838450505">
        <ele>14.199999809265137</ele>
        <time>2026-08-14T21:56:35Z</time>
        <extensions>
          <gpxtpx:TrackPointExtension>
            <gpxtpx:hr>141</gpxtpx:hr>
          </gpxtpx:TrackPointExtension>
        </extensions>
      </trkpt>
      <trkpt lat="30.2899288798908" lon="120.22473535311015">
        <ele>14.199999809265137</ele>
        <time>2026-08-14T21:56:39Z</time>
        <extensions>
          <gpxtpx:TrackPointExtension>
            <gpxtpx:hr>140</gpxtpx:hr>
          </gpxtpx:TrackPointExtension>
        </extensions>
      </trkpt>
      <trkpt lat="30.289864881444185" lon="120.22472834688848">
        <ele>14.199999809265137</ele>
        <time>2026-08-14T21:56:43Z</time>
        <extensions>
          <gpxtpx:TrackPointExtension>
            <gpxtpx:hr>140</gpxtpx:hr>
          </gpxtpx:TrackPointExtension>
        </extensions>
      </trkpt>
      <trkpt lat="30.28977891091684" lon="120.22475539826185">
        <ele>14.199999809265137</ele>
        <time>2026-08-14T21:56:47Z</time>
        <extensions>
          <gpxtpx:TrackPointExtension>
            <gpxtpx:hr>140</gpxtpx:hr>
          </gpxtpx:TrackPointExtension>
        </extensions>
      </trkpt>
      <trkpt lat="30.289684923931336" lon="120.22475941255588">
        <ele>14.199999809265137</ele>
        <time>2026-08-14T21:56:51Z</time>
        <extensions>
          <gpxtpx:TrackPointExtension>
            <gpxtpx:hr>140</gpxtpx:hr>
          </gpxtpx:TrackPointExtension>
        </extensions>
      </trkpt>
      <trkpt lat="30.289590934683957" lon="120.22476042192977">
        <ele>14.399999618530273</ele>
        <time>2026-08-14T21:56:55Z</time>
        <extensions>
          <gpxtpx:TrackPointExtension>
            <gpxtpx:hr>140</gpxtpx:hr>
          </gpxtpx:TrackPointExtension>
        </extensions>
      </trkpt>
      <trkpt lat="30.289498948974796" lon="120.22476643933771">
        <ele>14.199999809265137</ele>
        <time>2026-08-14T21:56:59Z</time>
        <extensions>
          <gpxtpx:TrackPointExtension>
            <gpxtpx:hr>139</gpxtpx:hr>
          </gpxtpx:TrackPointExtension>
        </extensions>
      </trkpt>
      <trkpt lat="30.289406964760367" lon="120.22477446002284">
        <ele>14.399999618530273</ele>
        <time>2026-08-14T21:57:03Z</time>
        <extensions>
          <gpxtpx:TrackPointExtension>
            <gpxtpx:hr>140</gpxtpx:hr>
          </gpxtpx:TrackPointExtension>
        </extensions>
      </trkpt>
      <trkpt lat="30.28932296691868" lon="120.22476545217853">
        <ele>14.199999809265137</ele>
        <time>2026-08-14T21:57:07Z</time>
        <extensions>
          <gpxtpx:TrackPointExtension>
            <gpxtpx:hr>139</gpxtpx:hr>
          </gpxtpx:TrackPointExtension>
        </extensions>
      </trkpt>
      <trkpt lat="30.289241967247023" lon="120.22475444080392">
        <ele>14.199999809265137</ele>
        <time>2026-08-14T21:57:11Z</time>
        <extensions>
          <gpxtpx:TrackPointExtension>
            <gpxtpx:hr>139</gpxtpx:hr>
          </gpxtpx:TrackPointExtension>
        </extensions>
      </trkpt>
      <trkpt lat="30.289156970246832" lon="120.22474643467497">
        <ele>14.399999618530273</ele>
        <time>2026-08-14T21:57:15Z</time>
        <extensions>
          <gpxtpx:TrackPointExtension>
            <gpxtpx:hr>139</gpxtpx:hr>
          </gpxtpx:TrackPointExtension>
        </extensions>
      </trkpt>
      <trkpt lat="30.289060984182623" lon="120.2247514507751">
        <ele>14.399999618530273</ele>
        <time>2026-08-14T21:57:19Z</time>
        <extensions>
          <gpxtpx:TrackPointExtension>
            <gpxtpx:hr>139</gpxtpx:hr>
          </gpxtpx:TrackPointExtension>
        </extensions>
      </trkpt>
      <trkpt lat="30.288974988028162" lon="120.22474444636798">
        <ele>14.399999618530273</ele>
        <time>2026-08-14T21:57:23Z</time>
        <extensions>
          <gpxtpx:TrackPointExtension>
            <gpxtpx:hr>140</gpxtpx:hr>
          </gpxtpx:TrackPointExtension>
        </extensions>
      </trkpt>
      <trkpt lat="30.288880996474735" lon="120.22474245082061">
        <ele>14.399999618530273</ele>
        <time>2026-08-14T21:57:27Z</time>
        <extensions>
          <gpxtpx:TrackPointExtension>
            <gpxtpx:hr>140</gpxtpx:hr>
          </gpxtpx:TrackPointExtension>
        </extensions>
      </trkpt>
      <trkpt lat="30.288785980928562" lon="120.22470840283205">
        <ele>14.399999618530273</ele>
        <time>2026-08-14T21:57:31Z</time>
        <extensions>
          <gpxtpx:TrackPointExtension>
            <gpxtpx:hr>140</gpxtpx:hr>
          </gpxtpx:TrackPointExtension>
        </extensions>
      </trkpt>
      <trkpt lat="30.28869992585408" lon="120.22462327018849">
        <ele>14.399999618530273</ele>
        <time>2026-08-14T21:57:35Z</time>
        <extensions>
          <gpxtpx:TrackPointExtension>
            <gpxtpx:hr>140</gpxtpx:hr>
          </gpxtpx:TrackPointExtension>
        </extensions>
      </trkpt>
      <trkpt lat="30.288648863028417" lon="120.22453312612333">
        <ele>14.399999618530273</ele>
        <time>2026-08-14T21:57:39Z</time>
        <extensions>
          <gpxtpx:TrackPointExtension>
            <gpxtpx:hr>141</gpxtpx:hr>
          </gpxtpx:TrackPointExtension>
        </extensions>
      </trkpt>
      <trkpt lat="30.28861479583586" lon="120.22443997536843">
        <ele>14.399999618530273</ele>
        <time>2026-08-14T21:57:43Z</time>
        <extensions>
          <gpxtpx:TrackPointExtension>
            <gpxtpx:hr>142</gpxtpx:hr>
          </gpxtpx:TrackPointExtension>
        </extensions>
      </trkpt>
      <trkpt lat="30.288573732910834" lon="120.22435183311856">
        <ele>14.600000381469727</ele>
        <time>2026-08-14T21:57:47Z</time>
        <extensions>
          <gpxtpx:TrackPointExtension>
            <gpxtpx:hr>144</gpxtpx:hr>
          </gpxtpx:TrackPointExtension>
        </extensions>
      </trkpt>
      <trkpt lat="30.288530667620456" lon="120.22426068573533">
        <ele>14.600000381469727</ele>
        <time>2026-08-14T21:57:51Z</time>
        <extensions>
          <gpxtpx:TrackPointExtension>
            <gpxtpx:hr>144</gpxtpx:hr>
          </gpxtpx:TrackPointExtension>
        </extensions>
      </trkpt>
      <trkpt lat="30.288497604074504" lon="120.22417354384635">
        <ele>14.800000190734863</ele>
        <time>2026-08-14T21:57:55Z</time>
        <extensions>
          <gpxtpx:TrackPointExtension>
            <gpxtpx:hr>144</gpxtpx:hr>
          </gpxtpx:TrackPointExtension>
        </extensions>
      </trkpt>
      <trkpt lat="30.288465537060006" lon="120.22408239489548">
        <ele>14.800000190734863</ele>
        <time>2026-08-14T21:57:59Z</time>
        <extensions>
          <gpxtpx:TrackPointExtension>
            <gpxtpx:hr>146</gpxtpx:hr>
          </gpxtpx:TrackPointExtension>
        </extensions>
      </trkpt>
      <trkpt lat="30.288429469401958" lon="120.22399024426407">
        <ele>15.0</ele>
        <time>2026-08-14T21:58:03Z</time>
        <extensions>
          <gpxtpx:TrackPointExtension>
            <gpxtpx:hr>147</gpxtpx:hr>
          </gpxtpx:TrackPointExtension>
        </extensions>
      </trkpt>
      <trkpt lat="30.288389400309203" lon="120.22389609026594">
        <ele>15.0</ele>
        <time>2026-08-14T21:58:07Z</time>
        <extensions>
          <gpxtpx:TrackPointExtension>
            <gpxtpx:hr>147</gpxtpx:hr>
          </gpxtpx:TrackPointExtension>
        </extensions>
      </trkpt>
      <trkpt lat="30.288356330956834" lon="120.22380293701046">
        <ele>15.0</ele>
        <time>2026-08-14T21:58:11Z</time>
        <extensions>
          <gpxtpx:TrackPointExtension>
            <gpxtpx:hr>147</gpxtpx:hr>
          </gpxtpx:TrackPointExtension>
        </extensions>
      </trkpt>
      <trkpt lat="30.288334256993565" lon="120.22370577576582">
        <ele>15.0</ele>
        <time>2026-08-14T21:58:15Z</time>
        <extensions>
          <gpxtpx:TrackPointExtension>
            <gpxtpx:hr>146</gpxtpx:hr>
          </gpxtpx:TrackPointExtension>
        </extensions>
      </trkpt>
      <trkpt lat="30.288296184391857" lon="120.22360861545468">
        <ele>15.199999809265137</ele>
        <time>2026-08-14T21:58:19Z</time>
        <extensions>
          <gpxtpx:TrackPointExtension>
            <gpxtpx:hr>146</gpxtpx:hr>
          </gpxtpx:TrackPointExtension>
        </extensions>
      </trkpt>
      <trkpt lat="30.288258120205402" lon="120.22352247335765">
        <ele>15.399999618530273</ele>
        <time>2026-08-14T21:58:23Z</time>
        <extensions>
          <gpxtpx:TrackPointExtension>
            <gpxtpx:hr>145</gpxtpx:hr>
          </gpxtpx:TrackPointExtension>
        </extensions>
      </trkpt>
      <trkpt lat="30.288231049819874" lon="120.22343031989067">
        <ele>15.399999618530273</ele>
        <time>2026-08-14T21:58:27Z</time>
        <extensions>
          <gpxtpx:TrackPointExtension>
            <gpxtpx:hr>145</gpxtpx:hr>
          </gpxtpx:TrackPointExtension>
        </extensions>
      </trkpt>
      <trkpt lat="30.288193977793572" lon="120.22333516180903">
        <ele>15.399999618530273</ele>
        <time>2026-08-14T21:58:31Z</time>
        <extensions>
          <gpxtpx:TrackPointExtension>
            <gpxtpx:hr>143</gpxtpx:hr>
          </gpxtpx:TrackPointExtension>
        </extensions>
      </trkpt>
      <trkpt lat="30.28815390657608" lon="120.2232410053099">
        <ele>15.399999618530273</ele>
        <time>2026-08-14T21:58:35Z</time>
        <extensions>
          <gpxtpx:TrackPointExtension>
            <gpxtpx:hr>143</gpxtpx:hr>
          </gpxtpx:TrackPointExtension>
        </extensions>
      </trkpt>
      <trkpt lat="30.288106840633883" lon="120.2231528592616">
        <ele>15.600000381469727</ele>
        <time>2026-08-14T21:58:39Z</time>
        <extensions>
          <gpxtpx:TrackPointExtension>
            <gpxtpx:hr>143</gpxtpx:hr>
          </gpxtpx:TrackPointExtension>
        </extensions>
      </trkpt>
      <trkpt lat="30.28806977094184" lon="120.22306170694965">
        <ele>15.600000381469727</ele>
        <time>2026-08-14T21:58:43Z</time>
        <extensions>
          <gpxtpx:TrackPointExtension>
            <gpxtpx:hr>142</gpxtpx:hr>
          </gpxtpx:TrackPointExtension>
        </extensions>
      </trkpt>
      <trkpt lat="30.28803070036204" lon="120.22296955275436">
        <ele>15.600000381469727</ele>
        <time>2026-08-14T21:58:47Z</time>
        <extensions>
          <gpxtpx:TrackPointExtension>
            <gpxtpx:hr>142</gpxtpx:hr>
          </gpxtpx:TrackPointExtension>
        </extensions>
      </trkpt>
      <trkpt lat="30.28798663246642" lon="120.22288040377762">
        <ele>15.800000190734863</ele>
        <time>2026-08-14T21:58:51Z</time>
        <extensions>
          <gpxtpx:TrackPointExtension>
            <gpxtpx:hr>143</gpxtpx:hr>
          </gpxtpx:TrackPointExtension>
        </extensions>
      </trkpt>
      <trkpt lat="30.28794655896065" lon="120.22278524383104">
        <ele>15.800000190734863</ele>
        <time>2026-08-14T21:58:55Z</time>
        <extensions>
          <gpxtpx:TrackPointExtension>
            <gpxtpx:hr>142</gpxtpx:hr>
          </gpxtpx:TrackPointExtension>
        </extensions>
      </trkpt>
      <trkpt lat="30.287911484619727" lon="120.22269008310862">
        <ele>15.800000190734863</ele>
        <time>2026-08-14T21:58:59Z</time>
        <extensions>
          <gpxtpx:TrackPointExtension>
            <gpxtpx:hr>143</gpxtpx:hr>
          </gpxtpx:TrackPointExtension>
        </extensions>
      </trkpt>
      <trkpt lat="30.287876414925854" lon="120.22260093238879">
        <ele>15.800000190734863</ele>
        <time>2026-08-14T21:59:03Z</time>
        <extensions>
          <gpxtpx:TrackPointExtension>
            <gpxtpx:hr>145</gpxtpx:hr>
          </gpxtpx:TrackPointExtension>
        </extensions>
      </trkpt>
      <trkpt lat="30.287846343606596" lon="120.22251077920694">
        <ele>15.800000190734863</ele>
        <time>2026-08-14T21:59:07Z</time>
        <extensions>
          <gpxtpx:TrackPointExtension>
            <gpxtpx:hr>146</gpxtpx:hr>
          </gpxtpx:TrackPointExtension>
        </extensions>
      </trkpt>
      <trkpt lat="30.287828278237285" lon="120.22242964032364">
        <ele>15.800000190734863</ele>
        <time>2026-08-14T21:59:11Z</time>
        <extensions>
          <gpxtpx:TrackPointExtension>
            <gpxtpx:hr>146</gpxtpx:hr>
          </gpxtpx:TrackPointExtension>
        </extensions>
      </trkpt>
      <trkpt lat="30.287815184561783" lon="120.22231544339591">
        <ele>15.800000190734863</ele>
        <time>2026-08-14T21:59:15Z</time>
        <extensions>
          <gpxtpx:TrackPointExtension>
            <gpxtpx:hr>146</gpxtpx:hr>
          </gpxtpx:TrackPointExtension>
        </extensions>
      </trkpt>
      <trkpt lat="30.28780207364703" lon="120.22218121106386">
        <ele>15.800000190734863</ele>
        <time>2026-08-14T21:59:19Z</time>
        <extensions>
          <gpxtpx:TrackPointExtension>
            <gpxtpx:hr>146</gpxtpx:hr>
          </gpxtpx:TrackPointExtension>
        </extensions>
      </trkpt>
      <trkpt lat="30.287783960957555" lon="120.22204497492272">
        <ele>15.800000190734863</ele>
        <time>2026-08-14T21:59:23Z</time>
        <extensions>
          <gpxtpx:TrackPointExtension>
            <gpxtpx:hr>146</gpxtpx:hr>
          </gpxtpx:TrackPointExtension>
        </extensions>
      </trkpt>
      <trkpt lat="30.287775874602623" lon="120.22194179512341">
        <ele>15.800000190734863</ele>
        <time>2026-08-14T21:59:27Z</time>
        <extensions>
          <gpxtpx:TrackPointExtension>
            <gpxtpx:hr>146</gpxtpx:hr>
          </gpxtpx:TrackPointExtension>
        </extensions>
      </trkpt>
      <trkpt lat="30.287758791388168" lon="120.22184162091449">
        <ele>15.800000190734863</ele>
        <time>2026-08-14T21:59:31Z</time>
        <extensions>
          <gpxtpx:TrackPointExtension>
            <gpxtpx:hr>145</gpxtpx:hr>
          </gpxtpx:TrackPointExtension>
        </extensions>
      </trkpt>
      <trkpt lat="30.28772071858819" lon="120.22175146565303">
        <ele>15.600000381469727</ele>
        <time>2026-08-14T21:59:35Z</time>
        <extensions>
          <gpxtpx:TrackPointExtension>
            <gpxtpx:hr>144</gpxtpx:hr>
          </gpxtpx:TrackPointExtension>
        </extensions>
      </trkpt>
      <trkpt lat="30.287689638773315" lon="120.2216542971337">
        <ele>15.600000381469727</ele>
        <time>2026-08-14T21:59:39Z</time>
        <extensions>
          <gpxtpx:TrackPointExtension>
            <gpxtpx:hr>143</gpxtpx:hr>
          </gpxtpx:TrackPointExtension>
        </extensions>
      </trkpt>
      <trkpt lat="30.287647568404914" lon="120.2215671468365">
        <ele>15.600000381469727</ele>
        <time>2026-08-14T21:59:43Z</time>
        <extensions>
          <gpxtpx:TrackPointExtension>
            <gpxtpx:hr>142</gpxtpx:hr>
          </gpxtpx:TrackPointExtension>
        </extensions>
      </trkpt>
      <trkpt lat="30.287603498853226" lon="120.22148099817456">
        <ele>15.600000381469727</ele>
        <time>2026-08-14T21:59:47Z</time>
        <extensions>
          <gpxtpx:TrackPointExtension>
            <gpxtpx:hr>141</gpxtpx:hr>
          </gpxtpx:TrackPointExtension>
        </extensions>
      </trkpt>
      <trkpt lat="30.287560424611538" lon="120.2213898402556">
        <ele>15.399999618530273</ele>
        <time>2026-08-14T21:59:51Z</time>
        <extensions>
          <gpxtpx:TrackPointExtension>
            <gpxtpx:hr>142</gpxtpx:hr>
          </gpxtpx:TrackPointExtension>
        </extensions>
      </trkpt>
      <trkpt lat="30.287525344900505" lon="120.22129367244926">
        <ele>15.199999809265137</ele>
        <time>2026-08-14T21:59:55Z</time>
        <extensions>
          <gpxtpx:TrackPointExtension>
            <gpxtpx:hr>141</gpxtpx:hr>
          </gpxtpx:TrackPointExtension>
        </extensions>
      </trkpt>
      <trkpt lat="30.287471267742404" lon="120.22119850762424">
        <ele>15.199999809265137</ele>
        <time>2026-08-14T21:59:59Z</time>
        <extensions>
          <gpxtpx:TrackPointExtension>
            <gpxtpx:hr>141</gpxtpx:hr>
          </gpxtpx:TrackPointExtension>
        </extensions>
      </trkpt>
      <trkpt lat="30.28741719641356" lon="120.22111035495183">
        <ele>15.199999809265137</ele>
        <time>2026-08-14T22:00:03Z</time>
        <extensions>
          <gpxtpx:TrackPointExtension>
            <gpxtpx:hr>141</gpxtpx:hr>
          </gpxtpx:TrackPointExtension>
        </extensions>
      </trkpt>
      <trkpt lat="30.28740310656141" lon="120.22100617002293">
        <ele>15.0</ele>
        <time>2026-08-14T22:00:07Z</time>
        <extensions>
          <gpxtpx:TrackPointExtension>
            <gpxtpx:hr>143</gpxtpx:hr>
          </gpxtpx:TrackPointExtension>
        </extensions>
      </trkpt>
      <trkpt lat="30.28746700640966" lon="120.22089997465204">
        <ele>15.0</ele>
        <time>2026-08-14T22:00:11Z</time>
        <extensions>
          <gpxtpx:TrackPointExtension>
            <gpxtpx:hr>143</gpxtpx:hr>
          </gpxtpx:TrackPointExtension>
        </extensions>
      </trkpt>
      <trkpt lat="30.28754594418307" lon="120.22083885854762">
        <ele>15.0</ele>
        <time>2026-08-14T22:00:15Z</time>
        <extensions>
          <gpxtpx:TrackPointExtension>
            <gpxtpx:hr>142</gpxtpx:hr>
          </gpxtpx:TrackPointExtension>
        </extensions>
      </trkpt>
      <trkpt lat="30.287633888868836" lon="120.22078675775614">
        <ele>15.0</ele>
        <time>2026-08-14T22:00:19Z</time>
        <extensions>
          <gpxtpx:TrackPointExtension>
            <gpxtpx:hr>141</gpxtpx:hr>
          </gpxtpx:TrackPointExtension>
        </extensions>
      </trkpt>
      <trkpt lat="30.28771983366819" lon="120.22073465702213">
        <ele>15.0</ele>
        <time>2026-08-14T22:00:23Z</time>
        <extensions>
          <gpxtpx:TrackPointExtension>
            <gpxtpx:hr>139</gpxtpx:hr>
          </gpxtpx:TrackPointExtension>
        </extensions>
      </trkpt>
      <trkpt lat="30.2877957812029" lon="120.22068456061247">
        <ele>15.0</ele>
        <time>2026-08-14T22:00:27Z</time>
        <extensions>
          <gpxtpx:TrackPointExtension>
            <gpxtpx:hr>137</gpxtpx:hr>
          </gpxtpx:TrackPointExtension>
        </extensions>
      </trkpt>
      <trkpt lat="30.287872741032636" lon="120.2206484893017">
        <ele>15.0</ele>
        <time>2026-08-14T22:00:31Z</time>
        <extensions>
          <gpxtpx:TrackPointExtension>
            <gpxtpx:hr>137</gpxtpx:hr>
          </gpxtpx:TrackPointExtension>
        </extensions>
      </trkpt>
      <trkpt lat="30.28795468957088" lon="120.22060039584251">
        <ele>15.0</ele>
        <time>2026-08-14T22:00:35Z</time>
        <extensions>
          <gpxtpx:TrackPointExtension>
            <gpxtpx:hr>138</gpxtpx:hr>
          </gpxtpx:TrackPointExtension>
        </extensions>
      </trkpt>
      <trkpt lat="30.28804363818569" lon="120.22055330352498">
        <ele>15.199999809265137</ele>
        <time>2026-08-14T22:00:39Z</time>
        <extensions>
          <gpxtpx:TrackPointExtension>
            <gpxtpx:hr>139</gpxtpx:hr>
          </gpxtpx:TrackPointExtension>
        </extensions>
      </trkpt>
      <trkpt lat="30.288129586140062" lon="120.220505209556">
        <ele>15.199999809265137</ele>
        <time>2026-08-14T22:00:43Z</time>
        <extensions>
          <gpxtpx:TrackPointExtension>
            <gpxtpx:hr>140</gpxtpx:hr>
          </gpxtpx:TrackPointExtension>
        </extensions>
      </trkpt>
      <trkpt lat="30.28821152814542" lon="120.22045010313329">
        <ele>15.199999809265137</ele>
        <time>2026-08-14T22:00:47Z</time>
        <extensions>
          <gpxtpx:TrackPointExtension>
            <gpxtpx:hr>141</gpxtpx:hr>
          </gpxtpx:TrackPointExtension>
        </extensions>
      </trkpt>
      <trkpt lat="30.288292479150712" lon="120.22040501482596">
        <ele>15.0</ele>
        <time>2026-08-14T22:00:51Z</time>
        <extensions>
          <gpxtpx:TrackPointExtension>
            <gpxtpx:hr>142</gpxtpx:hr>
          </gpxtpx:TrackPointExtension>
        </extensions>
      </trkpt>
      <trkpt lat="30.288370426794092" lon="120.22035591941803">
        <ele>15.0</ele>
        <time>2026-08-14T22:00:55Z</time>
        <extensions>
          <gpxtpx:TrackPointExtension>
            <gpxtpx:hr>146</gpxtpx:hr>
          </gpxtpx:TrackPointExtension>
        </extensions>
      </trkpt>
      <trkpt lat="30.288442370469706" lon="120.22030181531434">
        <ele>15.0</ele>
        <time>2026-08-14T22:00:59Z</time>
        <extensions>
          <gpxtpx:TrackPointExtension>
            <gpxtpx:hr>149</gpxtpx:hr>
          </gpxtpx:TrackPointExtension>
        </extensions>
      </trkpt>
      <trkpt lat="30.288523310378817" lon="120.22024470489062">
        <ele>15.0</ele>
        <time>2026-08-14T22:01:03Z</time>
        <extensions>
          <gpxtpx:TrackPointExtension>
            <gpxtpx:hr>149</gpxtpx:hr>
          </gpxtpx:TrackPointExtension>
        </extensions>
      </trkpt>
      <trkpt lat="30.288600249690184" lon="120.2201865928446">
        <ele>15.0</ele>
        <time>2026-08-14T22:01:07Z</time>
        <extensions>
          <gpxtpx:TrackPointExtension>
            <gpxtpx:hr>148</gpxtpx:hr>
          </gpxtpx:TrackPointExtension>
        </extensions>
      </trkpt>
      <trkpt lat="30.28868219290178" lon="120.2201334893835">
        <ele>15.0</ele>
        <time>2026-08-14T22:01:11Z</time>
        <extensions>
          <gpxtpx:TrackPointExtension>
            <gpxtpx:hr>147</gpxtpx:hr>
          </gpxtpx:TrackPointExtension>
        </extensions>
      </trkpt>
      <trkpt lat="30.288761133599984" lon="120.22007738057522">
        <ele>15.0</ele>
        <time>2026-08-14T22:01:15Z</time>
        <extensions>
          <gpxtpx:TrackPointExtension>
            <gpxtpx:hr>147</gpxtpx:hr>
          </gpxtpx:TrackPointExtension>
        </extensions>
      </trkpt>
      <trkpt lat="30.28883205768961" lon="120.22000223752276">
        <ele>15.0</ele>
        <time>2026-08-14T22:01:19Z</time>
        <extensions>
          <gpxtpx:TrackPointExtension>
            <gpxtpx:hr>147</gpxtpx:hr>
          </gpxtpx:TrackPointExtension>
        </extensions>
      </trkpt>
      <trkpt lat="30.28890298525143" lon="120.21993110158425">
        <ele>15.0</ele>
        <time>2026-08-14T22:01:23Z</time>
        <extensions>
          <gpxtpx:TrackPointExtension>
            <gpxtpx:hr>148</gpxtpx:hr>
          </gpxtpx:TrackPointExtension>
        </extensions>
      </trkpt>
      <trkpt lat="30.28897291733756" lon="120.21986497471195">
        <ele>15.0</ele>
        <time>2026-08-14T22:01:27Z</time>
        <extensions>
          <gpxtpx:TrackPointExtension>
            <gpxtpx:hr>148</gpxtpx:hr>
          </gpxtpx:TrackPointExtension>
        </extensions>
      </trkpt>
      <trkpt lat="30.28905286109281" lon="120.21981287258514">
        <ele>15.0</ele>
        <time>2026-08-14T22:01:31Z</time>
        <extensions>
          <gpxtpx:TrackPointExtension>
            <gpxtpx:hr>149</gpxtpx:hr>
          </gpxtpx:TrackPointExtension>
        </extensions>
      </trkpt>
      <trkpt lat="30.28912580088905" lon="120.21975576172657">
        <ele>15.0</ele>
        <time>2026-08-14T22:01:35Z</time>
        <extensions>
          <gpxtpx:TrackPointExtension>
            <gpxtpx:hr>149</gpxtpx:hr>
          </gpxtpx:TrackPointExtension>
        </extensions>
      </trkpt>
      <trkpt lat="30.289197733292244" lon="120.21969063607968">
        <ele>15.199999809265137</ele>
        <time>2026-08-14T22:01:39Z</time>
        <extensions>
          <gpxtpx:TrackPointExtension>
            <gpxtpx:hr>149</gpxtpx:hr>
          </gpxtpx:TrackPointExtension>
        </extensions>
      </trkpt>
      <trkpt lat="30.28925967124106" lon="120.2196305203185">
        <ele>15.199999809265137</ele>
        <time>2026-08-14T22:01:43Z</time>
        <extensions>
          <gpxtpx:TrackPointExtension>
            <gpxtpx:hr>149</gpxtpx:hr>
          </gpxtpx:TrackPointExtension>
        </extensions>
      </trkpt>
      <trkpt lat="30.289325591942223" lon="120.21955237082085">
        <ele>15.0</ele>
        <time>2026-08-14T22:01:47Z</time>
        <extensions>
          <gpxtpx:TrackPointExtension>
            <gpxtpx:hr>148</gpxtpx:hr>
          </gpxtpx:TrackPointExtension>
        </extensions>
      </trkpt>
      <trkpt lat="30.28939452793782" lon="120.2194912523084">
        <ele>15.199999809265137</ele>
        <time>2026-08-14T22:01:51Z</time>
        <extensions>
          <gpxtpx:TrackPointExtension>
            <gpxtpx:hr>146</gpxtpx:hr>
          </gpxtpx:TrackPointExtension>
        </extensions>
      </trkpt>
      <trkpt lat="30.289463461010346" lon="120.21942712809067">
        <ele>15.199999809265137</ele>
        <time>2026-08-14T22:01:55Z</time>
        <extensions>
          <gpxtpx:TrackPointExtension>
            <gpxtpx:hr>145</gpxtpx:hr>
          </gpxtpx:TrackPointExtension>
        </extensions>
      </trkpt>
      <trkpt lat="30.28953738874031" lon="120.21935799402141">
        <ele>15.0</ele>
        <time>2026-08-14T22:01:59Z</time>
        <extensions>
          <gpxtpx:TrackPointExtension>
            <gpxtpx:hr>144</gpxtpx:hr>
          </gpxtpx:TrackPointExtension>
        </extensions>
      </trkpt>
      <trkpt lat="30.289610316415576" lon="120.21928885984875">
        <ele>15.0</ele>
        <time>2026-08-14T22:02:03Z</time>
        <extensions>
          <gpxtpx:TrackPointExtension>
            <gpxtpx:hr>145</gpxtpx:hr>
          </gpxtpx:TrackPointExtension>
        </extensions>
      </trkpt>
      <trkpt lat="30.289677236115445" lon="120.2192107092303">
        <ele>15.0</ele>
        <time>2026-08-14T22:02:07Z</time>
        <extensions>
          <gpxtpx:TrackPointExtension>
            <gpxtpx:hr>144</gpxtpx:hr>
          </gpxtpx:TrackPointExtension>
        </extensions>
      </trkpt>
      <trkpt lat="30.289767179524322" lon="120.21916060867974">
        <ele>14.800000190734863</ele>
        <time>2026-08-14T22:02:11Z</time>
        <extensions>
          <gpxtpx:TrackPointExtension>
            <gpxtpx:hr>144</gpxtpx:hr>
          </gpxtpx:TrackPointExtension>
        </extensions>
      </trkpt>
      <trkpt lat="30.289868155587584" lon="120.21914657426444">
        <ele>14.600000381469727</ele>
        <time>2026-08-14T22:02:15Z</time>
        <extensions>
          <gpxtpx:TrackPointExtension>
            <gpxtpx:hr>146</gpxtpx:hr>
          </gpxtpx:TrackPointExtension>
        </extensions>
      </trkpt>
      <trkpt lat="30.28996119270711" lon="120.21919665976867">
        <ele>14.600000381469727</ele>
        <time>2026-08-14T22:02:19Z</time>
        <extensions>
          <gpxtpx:TrackPointExtension>
            <gpxtpx:hr>146</gpxtpx:hr>
          </gpxtpx:TrackPointExtension>
        </extensions>
      </trkpt>
      <trkpt lat="30.290023271483683" lon="120.21928782397197">
        <ele>14.600000381469727</ele>
        <time>2026-08-14T22:02:23Z</time>
        <extensions>
          <gpxtpx:TrackPointExtension>
            <gpxtpx:hr>146</gpxtpx:hr>
          </gpxtpx:TrackPointExtension>
        </extensions>
      </trkpt>
      <trkpt lat="30.290063359802087" lon="120.21938700450565">
        <ele>14.600000381469727</ele>
        <time>2026-08-14T22:02:27Z</time>
        <extensions>
          <gpxtpx:TrackPointExtension>
            <gpxtpx:hr>144</gpxtpx:hr>
          </gpxtpx:TrackPointExtension>
        </extensions>
      </trkpt>
      <trkpt lat="30.290098451120524" lon="120.21948919062214">
        <ele>14.800000190734863</ele>
        <time>2026-08-14T22:02:31Z</time>
        <extensions>
          <gpxtpx:TrackPointExtension>
            <gpxtpx:hr>143</gpxtpx:hr>
          </gpxtpx:TrackPointExtension>
        </extensions>
      </trkpt>
      <trkpt lat="30.290119538027447" lon="120.21958536640327">
        <ele>14.800000190734863</ele>
        <time>2026-08-14T22:02:35Z</time>
        <extensions>
          <gpxtpx:TrackPointExtension>
            <gpxtpx:hr>143</gpxtpx:hr>
          </gpxtpx:TrackPointExtension>
        </extensions>
      </trkpt>
      <trkpt lat="30.29016162053928" lon="120.21967953640774">
        <ele>14.800000190734863</ele>
        <time>2026-08-14T22:02:39Z</time>
        <extensions>
          <gpxtpx:TrackPointExtension>
            <gpxtpx:hr>146</gpxtpx:hr>
          </gpxtpx:TrackPointExtension>
        </extensions>
      </trkpt>
      <trkpt lat="30.290213697084667" lon="120.21976869604339">
        <ele>14.800000190734863</ele>
        <time>2026-08-14T22:02:43Z</time>
        <extensions>
          <gpxtpx:TrackPointExtension>
            <gpxtpx:hr>147</gpxtpx:hr>
          </gpxtpx:TrackPointExtension>
        </extensions>
      </trkpt>
      <trkpt lat="30.29027277353561" lon="120.21985885662907">
        <ele>14.600000381469727</ele>
        <time>2026-08-14T22:02:47Z</time>
        <extensions>
          <gpxtpx:TrackPointExtension>
            <gpxtpx:hr>149</gpxtpx:hr>
          </gpxtpx:TrackPointExtension>
        </extensions>
      </trkpt>
      <trkpt lat="30.290317859445906" lon="120.21995803454574">
        <ele>14.600000381469727</ele>
        <time>2026-08-14T22:02:51Z</time>
        <extensions>
          <gpxtpx:TrackPointExtension>
            <gpxtpx:hr>149</gpxtpx:hr>
          </gpxtpx:TrackPointExtension>
        </extensions>
      </trkpt>
      <trkpt lat="30.290362940471766" lon="120.22005220293377">
        <ele>15.0</ele>
        <time>2026-08-14T22:02:55Z</time>
        <extensions>
          <gpxtpx:TrackPointExtension>
            <gpxtpx:hr>149</gpxtpx:hr>
          </gpxtpx:TrackPointExtension>
        </extensions>
      </trkpt>
      <trkpt lat="30.290399023982083" lon="120.22014837536649">
        <ele>14.800000190734863</ele>
        <time>2026-08-14T22:02:59Z</time>
        <extensions>
          <gpxtpx:TrackPointExtension>
            <gpxtpx:hr>149</gpxtpx:hr>
          </gpxtpx:TrackPointExtension>
        </extensions>
      </trkpt>
      <trkpt lat="30.29044510068304" lon="120.22023853568436">
        <ele>14.800000190734863</ele>
        <time>2026-08-14T22:03:03Z</time>
        <extensions>
          <gpxtpx:TrackPointExtension>
            <gpxtpx:hr>149</gpxtpx:hr>
          </gpxtpx:TrackPointExtension>
        </extensions>
      </trkpt>
      <trkpt lat="30.29049818177736" lon="120.22033470601494">
        <ele>14.600000381469727</ele>
        <time>2026-08-14T22:03:07Z</time>
        <extensions>
          <gpxtpx:TrackPointExtension>
            <gpxtpx:hr>147</gpxtpx:hr>
          </gpxtpx:TrackPointExtension>
        </extensions>
      </trkpt>
      <trkpt lat="30.2905572475314" lon="120.22041484645833">
        <ele>14.600000381469727</ele>
        <time>2026-08-14T22:03:11Z</time>
        <extensions>
          <gpxtpx:TrackPointExtension>
            <gpxtpx:hr>148</gpxtpx:hr>
          </gpxtpx:TrackPointExtension>
        </extensions>
      </trkpt>
      <trkpt lat="30.290627313684563" lon="120.2204969893667">
        <ele>14.399999618530273</ele>
        <time>2026-08-14T22:03:15Z</time>
        <extensions>
          <gpxtpx:TrackPointExtension>
            <gpxtpx:hr>147</gpxtpx:hr>
          </gpxtpx:TrackPointExtension>
        </extensions>
      </trkpt>
      <trkpt lat="30.290679389584078" lon="120.22058814976462">
        <ele>14.399999618530273</ele>
        <time>2026-08-14T22:03:19Z</time>
        <extensions>
          <gpxtpx:TrackPointExtension>
            <gpxtpx:hr>147</gpxtpx:hr>
          </gpxtpx:TrackPointExtension>
        </extensions>
      </trkpt>
      <trkpt lat="30.290725464066522" lon="120.220677306721">
        <ele>14.399999618530273</ele>
        <time>2026-08-14T22:03:23Z</time>
        <extensions>
          <gpxtpx:TrackPointExtension>
            <gpxtpx:hr>148</gpxtpx:hr>
          </gpxtpx:TrackPointExtension>
        </extensions>
      </trkpt>
      <trkpt lat="30.29077254261381" lon="120.22077147228568">
        <ele>14.199999809265137</ele>
        <time>2026-08-14T22:03:27Z</time>
        <extensions>
          <gpxtpx:TrackPointExtension>
            <gpxtpx:hr>148</gpxtpx:hr>
          </gpxtpx:TrackPointExtension>
        </extensions>
      </trkpt>
      <trkpt lat="30.29082261346461" lon="120.2208576228771">
        <ele>14.0</ele>
        <time>2026-08-14T22:03:31Z</time>
        <extensions>
          <gpxtpx:TrackPointExtension>
            <gpxtpx:hr>148</gpxtpx:hr>
          </gpxtpx:TrackPointExtension>
        </extensions>
      </trkpt>
      <trkpt lat="30.29087967361161" lon="120.2209327528648">
        <ele>14.0</ele>
        <time>2026-08-14T22:03:35Z</time>
        <extensions>
          <gpxtpx:TrackPointExtension>
            <gpxtpx:hr>149</gpxtpx:hr>
          </gpxtpx:TrackPointExtension>
        </extensions>
      </trkpt>
      <trkpt lat="30.29094373281587" lon="120.22100788205321">
        <ele>14.0</ele>
        <time>2026-08-14T22:03:39Z</time>
        <extensions>
          <gpxtpx:TrackPointExtension>
            <gpxtpx:hr>148</gpxtpx:hr>
          </gpxtpx:TrackPointExtension>
        </extensions>
      </trkpt>
      <trkpt lat="30.291018780995095" lon="120.22107199043899">
        <ele>14.0</ele>
        <time>2026-08-14T22:03:43Z</time>
        <extensions>
          <gpxtpx:TrackPointExtension>
            <gpxtpx:hr>146</gpxtpx:hr>
          </gpxtpx:TrackPointExtension>
        </extensions>
      </trkpt>
      <trkpt lat="30.291086831535658" lon="120.221138102811">
        <ele>14.0</ele>
        <time>2026-08-14T22:03:47Z</time>
        <extensions>
          <gpxtpx:TrackPointExtension>
            <gpxtpx:hr>146</gpxtpx:hr>
          </gpxtpx:TrackPointExtension>
        </extensions>
      </trkpt>
      <trkpt lat="30.291154892401664" lon="120.22121623640933">
        <ele>14.0</ele>
        <time>2026-08-14T22:03:51Z</time>
        <extensions>
          <gpxtpx:TrackPointExtension>
            <gpxtpx:hr>146</gpxtpx:hr>
          </gpxtpx:TrackPointExtension>
        </extensions>
      </trkpt>
      <trkpt lat="30.291233940561607" lon="120.22128134571774">
        <ele>14.0</ele>
        <time>2026-08-14T22:03:55Z</time>
        <extensions>
          <gpxtpx:TrackPointExtension>
            <gpxtpx:hr>150</gpxtpx:hr>
          </gpxtpx:TrackPointExtension>
        </extensions>
      </trkpt>
      <trkpt lat="30.2913169924854" lon="120.22135146341766">
        <ele>14.0</ele>
        <time>2026-08-14T22:03:59Z</time>
        <extensions>
          <gpxtpx:TrackPointExtension>
            <gpxtpx:hr>150</gpxtpx:hr>
          </gpxtpx:TrackPointExtension>
        </extensions>
      </trkpt>
      <trkpt lat="30.29139404401933" lon="120.22142057964176">
        <ele>14.199999809265137</ele>
        <time>2026-08-14T22:04:03Z</time>
        <extensions>
          <gpxtpx:TrackPointExtension>
            <gpxtpx:hr>149</gpxtpx:hr>
          </gpxtpx:TrackPointExtension>
        </extensions>
      </trkpt>
      <trkpt lat="30.291464100459955" lon="120.221494705113">
        <ele>14.0</ele>
        <time>2026-08-14T22:04:07Z</time>
        <extensions>
          <gpxtpx:TrackPointExtension>
            <gpxtpx:hr>150</gpxtpx:hr>
          </gpxtpx:TrackPointExtension>
        </extensions>
      </trkpt>
      <trkpt lat="30.291540146593444" lon="120.22155781041045">
        <ele>14.199999809265137</ele>
        <time>2026-08-14T22:04:11Z</time>
        <extensions>
          <gpxtpx:TrackPointExtension>
            <gpxtpx:hr>151</gpxtpx:hr>
          </gpxtpx:TrackPointExtension>
        </extensions>
      </trkpt>
      <trkpt lat="30.29161218872403" lon="120.22161590704378">
        <ele>14.0</ele>
        <time>2026-08-14T22:04:15Z</time>
        <extensions>
          <gpxtpx:TrackPointExtension>
            <gpxtpx:hr>151</gpxtpx:hr>
          </gpxtpx:TrackPointExtension>
        </extensions>
      </trkpt>
      <trkpt lat="30.291687236413754" lon="120.22168101564874">
        <ele>14.199999809265137</ele>
        <time>2026-08-14T22:04:19Z</time>
        <extensions>
          <gpxtpx:TrackPointExtension>
            <gpxtpx:hr>151</gpxtpx:hr>
          </gpxtpx:TrackPointExtension>
        </extensions>
      </trkpt>
      <trkpt lat="30.291759286844908" lon="120.22174912961773">
        <ele>14.0</ele>
        <time>2026-08-14T22:04:23Z</time>
        <extensions>
          <gpxtpx:TrackPointExtension>
            <gpxtpx:hr>152</gpxtpx:hr>
          </gpxtpx:TrackPointExtension>
        </extensions>
      </trkpt>
      <trkpt lat="30.291838332949133" lon="120.22181323578893">
        <ele>14.199999809265137</ele>
        <time>2026-08-14T22:04:27Z</time>
        <extensions>
          <gpxtpx:TrackPointExtension>
            <gpxtpx:hr>151</gpxtpx:hr>
          </gpxtpx:TrackPointExtension>
        </extensions>
      </trkpt>
      <trkpt lat="30.291921388680663" lon="120.22188936254476">
        <ele>14.199999809265137</ele>
        <time>2026-08-14T22:04:31Z</time>
        <extensions>
          <gpxtpx:TrackPointExtension>
            <gpxtpx:hr>151</gpxtpx:hr>
          </gpxtpx:TrackPointExtension>
        </extensions>
      </trkpt>
      <trkpt lat="30.29196547214569" lon="120.221993541354">
        <ele>14.399999618530273</ele>
        <time>2026-08-14T22:04:35Z</time>
        <extensions>
          <gpxtpx:TrackPointExtension>
            <gpxtpx:hr>151</gpxtpx:hr>
          </gpxtpx:TrackPointExtension>
        </extensions>
      </trkpt>
      <trkpt lat="30.291946567113545" lon="120.22210373540312">
        <ele>14.399999618530273</ele>
        <time>2026-08-14T22:04:39Z</time>
        <extensions>
          <gpxtpx:TrackPointExtension>
            <gpxtpx:hr>150</gpxtpx:hr>
          </gpxtpx:TrackPointExtension>
        </extensions>
      </trkpt>
      <trkpt lat="30.291900650320212" lon="120.2221969015486">
        <ele>14.199999809265137</ele>
        <time>2026-08-14T22:04:43Z</time>
        <extensions>
          <gpxtpx:TrackPointExtension>
            <gpxtpx:hr>150</gpxtpx:hr>
          </gpxtpx:TrackPointExtension>
        </extensions>
      </trkpt>
      <trkpt lat="30.291874736088268" lon="120.22229607614057">
        <ele>14.199999809265137</ele>
        <time>2026-08-14T22:04:47Z</time>
        <extensions>
          <gpxtpx:TrackPointExtension>
            <gpxtpx:hr>149</gpxtpx:hr>
          </gpxtpx:TrackPointExtension>
        </extensions>
      </trkpt>
      <trkpt lat="30.291843829557475" lon="120.22240426637215">
        <ele>14.399999618530273</ele>
        <time>2026-08-14T22:04:51Z</time>
        <extensions>
          <gpxtpx:TrackPointExtension>
            <gpxtpx:hr>150</gpxtpx:hr>
          </gpxtpx:TrackPointExtension>
        </extensions>
      </trkpt>
      <trkpt lat="30.29181891783557" lon="120.22250744698361">
        <ele>14.399999618530273</ele>
        <time>2026-08-14T22:04:55Z</time>
        <extensions>
          <gpxtpx:TrackPointExtension>
            <gpxtpx:hr>150</gpxtpx:hr>
          </gpxtpx:TrackPointExtension>
        </extensions>
      </trkpt>
      <trkpt lat="30.291794002448995" lon="120.22260662025816">
        <ele>14.399999618530273</ele>
        <time>2026-08-14T22:04:59Z</time>
        <extensions>
          <gpxtpx:TrackPointExtension>
            <gpxtpx:hr>150</gpxtpx:hr>
          </gpxtpx:TrackPointExtension>
        </extensions>
      </trkpt>
      <trkpt lat="30.291771086511556" lon="120.22270579297285">
        <ele>14.600000381469727</ele>
        <time>2026-08-14T22:05:03Z</time>
        <extensions>
          <gpxtpx:TrackPointExtension>
            <gpxtpx:hr>150</gpxtpx:hr>
          </gpxtpx:TrackPointExtension>
        </extensions>
      </trkpt>
      <trkpt lat="30.291768174629755" lon="120.2228129774002">
        <ele>14.600000381469727</ele>
        <time>2026-08-14T22:05:07Z</time>
        <extensions>
          <gpxtpx:TrackPointExtension>
            <gpxtpx:hr>150</gpxtpx:hr>
          </gpxtpx:TrackPointExtension>
        </extensions>
      </trkpt>
      <trkpt lat="30.291761267677998" lon="120.22292617198254">
        <ele>14.800000190734863</ele>
        <time>2026-08-14T22:05:11Z</time>
        <extensions>
          <gpxtpx:TrackPointExtension>
            <gpxtpx:hr>150</gpxtpx:hr>
          </gpxtpx:TrackPointExtension>
        </extensions>
      </trkpt>
      <trkpt lat="30.291746358720065" lon="120.22303636157677">
        <ele>14.800000190734863</ele>
        <time>2026-08-14T22:05:15Z</time>
        <extensions>
          <gpxtpx:TrackPointExtension>
            <gpxtpx:hr>153</gpxtpx:hr>
          </gpxtpx:TrackPointExtension>
        </extensions>
      </trkpt>
      <trkpt lat="30.29172444768119" lon="120.2231435461401">
        <ele>15.0</ele>
        <time>2026-08-14T22:05:19Z</time>
        <extensions>
          <gpxtpx:TrackPointExtension>
            <gpxtpx:hr>152</gpxtpx:hr>
          </gpxtpx:TrackPointExtension>
        </extensions>
      </trkpt>
      <trkpt lat="30.291705534317977" lon="120.22324872658949">
        <ele>15.0</ele>
        <time>2026-08-14T22:05:23Z</time>
        <extensions>
          <gpxtpx:TrackPointExtension>
            <gpxtpx:hr>151</gpxtpx:hr>
          </gpxtpx:TrackPointExtension>
        </extensions>
      </trkpt>
      <trkpt lat="30.291694621312786" lon="120.2233559093277">
        <ele>15.199999809265137</ele>
        <time>2026-08-14T22:05:27Z</time>
        <extensions>
          <gpxtpx:TrackPointExtension>
            <gpxtpx:hr>150</gpxtpx:hr>
          </gpxtpx:TrackPointExtension>
        </extensions>
      </trkpt>
      <trkpt lat="30.29167470729251" lon="120.22346108895596">
        <ele>15.199999809265137</ele>
        <time>2026-08-14T22:05:31Z</time>
        <extensions>
          <gpxtpx:TrackPointExtension>
            <gpxtpx:hr>149</gpxtpx:hr>
          </gpxtpx:TrackPointExtension>
        </extensions>
      </trkpt>
      <trkpt lat="30.291664791813563" lon="120.2235662673131">
        <ele>15.199999809265137</ele>
        <time>2026-08-14T22:05:35Z</time>
        <extensions>
          <gpxtpx:TrackPointExtension>
            <gpxtpx:hr>148</gpxtpx:hr>
          </gpxtpx:TrackPointExtension>
        </extensions>
      </trkpt>
      <trkpt lat="30.29165087717581" lon="120.2236724472353">
        <ele>15.399999618530273</ele>
        <time>2026-08-14T22:05:39Z</time>
        <extensions>
          <gpxtpx:TrackPointExtension>
            <gpxtpx:hr>148</gpxtpx:hr>
          </gpxtpx:TrackPointExtension>
        </extensions>
      </trkpt>
      <trkpt lat="30.291634964723013" lon="120.22378163190446">
        <ele>15.399999618530273</ele>
        <time>2026-08-14T22:05:43Z</time>
        <extensions>
          <gpxtpx:TrackPointExtension>
            <gpxtpx:hr>148</gpxtpx:hr>
          </gpxtpx:TrackPointExtension>
        </extensions>
      </trkpt>
      <trkpt lat="30.2916100489221" lon="120.22388580845215">
        <ele>15.399999618530273</ele>
        <time>2026-08-14T22:05:47Z</time>
        <extensions>
          <gpxtpx:TrackPointExtension>
            <gpxtpx:hr>149</gpxtpx:hr>
          </gpxtpx:TrackPointExtension>
        </extensions>
      </trkpt>
      <trkpt lat="30.29158013250819" lon="120.22398898329853">
        <ele>15.600000381469727</ele>
        <time>2026-08-14T22:05:51Z</time>
        <extensions>
          <gpxtpx:TrackPointExtension>
            <gpxtpx:hr>149</gpxtpx:hr>
          </gpxtpx:TrackPointExtension>
        </extensions>
      </trkpt>
      <trkpt lat="30.29155021960026" lon="120.22409716604736">
        <ele>15.399999618530273</ele>
        <time>2026-08-14T22:05:55Z</time>
        <extensions>
          <gpxtpx:TrackPointExtension>
            <gpxtpx:hr>151</gpxtpx:hr>
          </gpxtpx:TrackPointExtension>
        </extensions>
      </trkpt>
      <trkpt lat="30.291525298810026" lon="120.22419633294253">
        <ele>15.399999618530273</ele>
        <time>2026-08-14T22:05:59Z</time>
        <extensions>
          <gpxtpx:TrackPointExtension>
            <gpxtpx:hr>150</gpxtpx:hr>
          </gpxtpx:TrackPointExtension>
        </extensions>
      </trkpt>
      <trkpt lat="30.291500379982946" lon="120.22429850441333">
        <ele>15.199999809265137</ele>
        <time>2026-08-14T22:06:03Z</time>
        <extensions>
          <gpxtpx:TrackPointExtension>
            <gpxtpx:hr>150</gpxtpx:hr>
          </gpxtpx:TrackPointExtension>
        </extensions>
      </trkpt>
      <trkpt lat="30.29147446548645" lon="120.2244066854675">
        <ele>15.399999618530273</ele>
        <time>2026-08-14T22:06:07Z</time>
        <extensions>
          <gpxtpx:TrackPointExtension>
            <gpxtpx:hr>150</gpxtpx:hr>
          </gpxtpx:TrackPointExtension>
        </extensions>
      </trkpt>
      <trkpt lat="30.291439552314646" lon="120.22451586843405">
        <ele>15.399999618530273</ele>
        <time>2026-08-14T22:06:11Z</time>
        <extensions>
          <gpxtpx:TrackPointExtension>
            <gpxtpx:hr>149</gpxtpx:hr>
          </gpxtpx:TrackPointExtension>
        </extensions>
      </trkpt>
      <trkpt lat="30.291410641864076" lon="120.22463005864618">
        <ele>15.199999809265137</ele>
        <time>2026-08-14T22:06:15Z</time>
        <extensions>
          <gpxtpx:TrackPointExtension>
            <gpxtpx:hr>148</gpxtpx:hr>
          </gpxtpx:TrackPointExtension>
        </extensions>
      </trkpt>
      <trkpt lat="30.29136671752626" lon="120.22472421673912">
        <ele>14.800000190734863</ele>
        <time>2026-08-14T22:06:19Z</time>
        <extensions>
          <gpxtpx:TrackPointExtension>
            <gpxtpx:hr>148</gpxtpx:hr>
          </gpxtpx:TrackPointExtension>
        </extensions>
      </trkpt>
      <trkpt lat="30.291286762236755" lon="120.22477230206113">
        <ele>14.600000381469727</ele>
        <time>2026-08-14T22:06:23Z</time>
        <extensions>
          <gpxtpx:TrackPointExtension>
            <gpxtpx:hr>148</gpxtpx:hr>
          </gpxtpx:TrackPointExtension>
        </extensions>
      </trkpt>
      <trkpt lat="30.29118378233083" lon="120.2247843302061">
        <ele>14.399999618530273</ele>
        <time>2026-08-14T22:06:27Z</time>
        <extensions>
          <gpxtpx:TrackPointExtension>
            <gpxtpx:hr>148</gpxtpx:hr>
          </gpxtpx:TrackPointExtension>
        </extensions>
      </trkpt>
      <trkpt lat="30.291083798337226" lon="120.22479134990559">
        <ele>14.399999618530273</ele>
        <time>2026-08-14T22:06:31Z</time>
        <extensions>
          <gpxtpx:TrackPointExtension>
            <gpxtpx:hr>149</gpxtpx:hr>
          </gpxtpx:TrackPointExtension>
        </extensions>
      </trkpt>
      <trkpt lat="30.290995812295165" lon="120.22479736697728">
        <ele>14.600000381469727</ele>
        <time>2026-08-14T22:06:35Z</time>
        <extensions>
          <gpxtpx:TrackPointExtension>
            <gpxtpx:hr>149</gpxtpx:hr>
          </gpxtpx:TrackPointExtension>
        </extensions>
      </trkpt>
      <trkpt lat="30.29090282378201" lon="120.224799377906">
        <ele>14.600000381469727</ele>
        <time>2026-08-14T22:06:39Z</time>
        <extensions>
          <gpxtpx:TrackPointExtension>
            <gpxtpx:hr>150</gpxtpx:hr>
          </gpxtpx:TrackPointExtension>
        </extensions>
      </trkpt>
      <trkpt lat="30.290800841478084" lon="120.22480840104151">
        <ele>14.399999618530273</ele>
        <time>2026-08-14T22:06:43Z</time>
        <extensions>
          <gpxtpx:TrackPointExtension>
            <gpxtpx:hr>151</gpxtpx:hr>
          </gpxtpx:TrackPointExtension>
        </extensions>
      </trkpt>
      <trkpt lat="30.290699853058175" lon="120.22480941098958">
        <ele>14.600000381469727</ele>
        <time>2026-08-14T22:06:47Z</time>
        <extensions>
          <gpxtpx:TrackPointExtension>
            <gpxtpx:hr>152</gpxtpx:hr>
          </gpxtpx:TrackPointExtension>
        </extensions>
      </trkpt>
      <trkpt lat="30.290609861202473" lon="120.2248074151188">
        <ele>14.399999618530273</ele>
        <time>2026-08-14T22:06:51Z</time>
        <extensions>
          <gpxtpx:TrackPointExtension>
            <gpxtpx:hr>153</gpxtpx:hr>
          </gpxtpx:TrackPointExtension>
        </extensions>
      </trkpt>
      <trkpt lat="30.290519870840555" lon="120.22480742252385">
        <ele>14.399999618530273</ele>
        <time>2026-08-14T22:06:55Z</time>
        <extensions>
          <gpxtpx:TrackPointExtension>
            <gpxtpx:hr>154</gpxtpx:hr>
          </gpxtpx:TrackPointExtension>
        </extensions>
      </trkpt>
      <trkpt lat="30.29041888389915" lon="120.22481043574764">
        <ele>14.399999618530273</ele>
        <time>2026-08-14T22:06:59Z</time>
        <extensions>
          <gpxtpx:TrackPointExtension>
            <gpxtpx:hr>153</gpxtpx:hr>
          </gpxtpx:TrackPointExtension>
        </extensions>
      </trkpt>
      <trkpt lat="30.290318890843597" lon="120.2248054357857">
        <ele>14.399999618530273</ele>
        <time>2026-08-14T22:07:03Z</time>
        <extensions>
          <gpxtpx:TrackPointExtension>
            <gpxtpx:hr>153</gpxtpx:hr>
          </gpxtpx:TrackPointExtension>
        </extensions>
      </trkpt>
      <trkpt lat="30.2902198894183" lon="120.22478941771718">
        <ele>14.399999618530273</ele>
        <time>2026-08-14T22:07:07Z</time>
        <extensions>
          <gpxtpx:TrackPointExtension>
            <gpxtpx:hr>153</gpxtpx:hr>
          </gpxtpx:TrackPointExtension>
        </extensions>
      </trkpt>
      <trkpt lat="30.290122884006966" lon="120.22476839127629">
        <ele>14.199999809265137</ele>
        <time>2026-08-14T22:07:11Z</time>
        <extensions>
          <gpxtpx:TrackPointExtension>
            <gpxtpx:hr>153</gpxtpx:hr>
          </gpxtpx:TrackPointExtension>
        </extensions>
      </trkpt>
      <trkpt lat="30.29003387771971" lon="120.22474736415907">
        <ele>14.199999809265137</ele>
        <time>2026-08-14T22:07:15Z</time>
        <extensions>
          <gpxtpx:TrackPointExtension>
            <gpxtpx:hr>152</gpxtpx:hr>
          </gpxtpx:TrackPointExtension>
        </extensions>
      </trkpt>
      <trkpt lat="30.289940871837643" lon="120.22472633735289">
        <ele>14.399999618530273</ele>
        <time>2026-08-14T22:07:19Z</time>
        <extensions>
          <gpxtpx:TrackPointExtension>
            <gpxtpx:hr>152</gpxtpx:hr>
          </gpxtpx:TrackPointExtension>
        </extensions>
      </trkpt>
      <trkpt lat="30.289846886372843" lon="120.22473235493396">
        <ele>14.399999618530273</ele>
        <time>2026-08-14T22:07:23Z</time>
        <extensions>
          <gpxtpx:TrackPointExtension>
            <gpxtpx:hr>152</gpxtpx:hr>
          </gpxtpx:TrackPointExtension>
        </extensions>
      </trkpt>
      <trkpt lat="30.28973790776307" lon="120.2247453852322">
        <ele>14.399999618530273</ele>
        <time>2026-08-14T22:07:27Z</time>
        <extensions>
          <gpxtpx:TrackPointExtension>
            <gpxtpx:hr>152</gpxtpx:hr>
          </gpxtpx:TrackPointExtension>
        </extensions>
      </trkpt>
      <trkpt lat="30.289643925287407" lon="120.22475540936918">
        <ele>14.399999618530273</ele>
        <time>2026-08-14T22:07:31Z</time>
        <extensions>
          <gpxtpx:TrackPointExtension>
            <gpxtpx:hr>152</gpxtpx:hr>
          </gpxtpx:TrackPointExtension>
        </extensions>
      </trkpt>
      <trkpt lat="30.289538945474014" lon="120.2247674376863">
        <ele>14.399999618530273</ele>
        <time>2026-08-14T22:07:35Z</time>
        <extensions>
          <gpxtpx:TrackPointExtension>
            <gpxtpx:hr>152</gpxtpx:hr>
          </gpxtpx:TrackPointExtension>
        </extensions>
      </trkpt>
      <trkpt lat="30.28944296093595" lon="120.22477445706093">
        <ele>14.399999618530273</ele>
        <time>2026-08-14T22:07:39Z</time>
        <extensions>
          <gpxtpx:TrackPointExtension>
            <gpxtpx:hr>152</gpxtpx:hr>
          </gpxtpx:TrackPointExtension>
        </extensions>
      </trkpt>
      <trkpt lat="30.28935696856812" lon="120.2247724608579">
        <ele>14.399999618530273</ele>
        <time>2026-08-14T22:07:43Z</time>
        <extensions>
          <gpxtpx:TrackPointExtension>
            <gpxtpx:hr>152</gpxtpx:hr>
          </gpxtpx:TrackPointExtension>
        </extensions>
      </trkpt>
      <trkpt lat="30.28925096554028" lon="120.22475343842328">
        <ele>14.399999618530273</ele>
        <time>2026-08-14T22:07:47Z</time>
        <extensions>
          <gpxtpx:TrackPointExtension>
            <gpxtpx:hr>151</gpxtpx:hr>
          </gpxtpx:TrackPointExtension>
        </extensions>
      </trkpt>
      <trkpt lat="30.289150971635102" lon="120.22474743680904">
        <ele>14.399999618530273</ele>
        <time>2026-08-14T22:07:51Z</time>
        <extensions>
          <gpxtpx:TrackPointExtension>
            <gpxtpx:hr>152</gpxtpx:hr>
          </gpxtpx:TrackPointExtension>
        </extensions>
      </trkpt>
      <trkpt lat="30.28905297600465" lon="120.22473943174738">
        <ele>14.399999618530273</ele>
        <time>2026-08-14T22:07:55Z</time>
        <extensions>
          <gpxtpx:TrackPointExtension>
            <gpxtpx:hr>152</gpxtpx:hr>
          </gpxtpx:TrackPointExtension>
        </extensions>
      </trkpt>
      <trkpt lat="30.288959985855236" lon="120.22473943939892">
        <ele>14.399999618530273</ele>
        <time>2026-08-14T22:07:59Z</time>
        <extensions>
          <gpxtpx:TrackPointExtension>
            <gpxtpx:hr>151</gpxtpx:hr>
          </gpxtpx:TrackPointExtension>
        </extensions>
      </trkpt>
      <trkpt lat="30.288858005677298" lon="120.22475146747679">
        <ele>14.600000381469727</ele>
        <time>2026-08-14T22:08:03Z</time>
        <extensions>
          <gpxtpx:TrackPointExtension>
            <gpxtpx:hr>151</gpxtpx:hr>
          </gpxtpx:TrackPointExtension>
        </extensions>
      </trkpt>
      <trkpt lat="30.288759987444624" lon="120.22471341318072">
        <ele>14.399999618530273</ele>
        <time>2026-08-14T22:08:07Z</time>
        <extensions>
          <gpxtpx:TrackPointExtension>
            <gpxtpx:hr>151</gpxtpx:hr>
          </gpxtpx:TrackPointExtension>
        </extensions>
      </trkpt>
      <trkpt lat="30.28869692314535" lon="120.224619263853">
        <ele>14.399999618530273</ele>
        <time>2026-08-14T22:08:11Z</time>
        <extensions>
          <gpxtpx:TrackPointExtension>
            <gpxtpx:hr>151</gpxtpx:hr>
          </gpxtpx:TrackPointExtension>
        </extensions>
      </trkpt>
      <trkpt lat="30.288648849351663" lon="120.2245150964312">
        <ele>14.399999618530273</ele>
        <time>2026-08-14T22:08:15Z</time>
        <extensions>
          <gpxtpx:TrackPointExtension>
            <gpxtpx:hr>152</gpxtpx:hr>
          </gpxtpx:TrackPointExtension>
        </extensions>
      </trkpt>
      <trkpt lat="30.2886037756275" lon="120.22441192997323">
        <ele>14.399999618530273</ele>
        <time>2026-08-14T22:08:19Z</time>
        <extensions>
          <gpxtpx:TrackPointExtension>
            <gpxtpx:hr>154</gpxtpx:hr>
          </gpxtpx:TrackPointExtension>
        </extensions>
      </trkpt>
      <trkpt lat="30.288571696324222" lon="120.22430375371854">
        <ele>14.399999618530273</ele>
        <time>2026-08-14T22:08:23Z</time>
        <extensions>
          <gpxtpx:TrackPointExtension>
            <gpxtpx:hr>153</gpxtpx:hr>
          </gpxtpx:TrackPointExtension>
        </extensions>
      </trkpt>
      <trkpt lat="30.28853562243565" lon="120.22420258895548">
        <ele>14.600000381469727</ele>
        <time>2026-08-14T22:08:27Z</time>
        <extensions>
          <gpxtpx:TrackPointExtension>
            <gpxtpx:hr>153</gpxtpx:hr>
          </gpxtpx:TrackPointExtension>
        </extensions>
      </trkpt>
      <trkpt lat="30.288497551501422" lon="120.2241054306068">
        <ele>14.600000381469727</ele>
        <time>2026-08-14T22:08:31Z</time>
        <extensions>
          <gpxtpx:TrackPointExtension>
            <gpxtpx:hr>154</gpxtpx:hr>
          </gpxtpx:TrackPointExtension>
        </extensions>
      </trkpt>
      <trkpt lat="30.288464482823365" lon="120.22401227814447">
        <ele>14.600000381469727</ele>
        <time>2026-08-14T22:08:35Z</time>
        <extensions>
          <gpxtpx:TrackPointExtension>
            <gpxtpx:hr>152</gpxtpx:hr>
          </gpxtpx:TrackPointExtension>
        </extensions>
      </trkpt>
      <trkpt lat="30.288425409012362" lon="120.22391211410181">
        <ele>14.800000190734863</ele>
        <time>2026-08-14T22:08:39Z</time>
        <extensions>
          <gpxtpx:TrackPointExtension>
            <gpxtpx:hr>153</gpxtpx:hr>
          </gpxtpx:TrackPointExtension>
        </extensions>
      </trkpt>
      <trkpt lat="30.28838834170241" lon="120.22382096459272">
        <ele>15.0</ele>
        <time>2026-08-14T22:08:43Z</time>
        <extensions>
          <gpxtpx:TrackPointExtension>
            <gpxtpx:hr>153</gpxtpx:hr>
          </gpxtpx:TrackPointExtension>
        </extensions>
      </trkpt>
      <trkpt lat="30.28834227269252" lon="120.22372681044058">
        <ele>15.0</ele>
        <time>2026-08-14T22:08:47Z</time>
        <extensions>
          <gpxtpx:TrackPointExtension>
            <gpxtpx:hr>152</gpxtpx:hr>
          </gpxtpx:TrackPointExtension>
        </extensions>
      </trkpt>
      <trkpt lat="30.288307203007626" lon="120.22363365670935">
        <ele>15.0</ele>
        <time>2026-08-14T22:08:51Z</time>
        <extensions>
          <gpxtpx:TrackPointExtension>
            <gpxtpx:hr>152</gpxtpx:hr>
          </gpxtpx:TrackPointExtension>
        </extensions>
      </trkpt>
      <trkpt lat="30.28826713275688" lon="120.22353950134796">
        <ele>15.199999809265137</ele>
        <time>2026-08-14T22:08:55Z</time>
        <extensions>
          <gpxtpx:TrackPointExtension>
            <gpxtpx:hr>152</gpxtpx:hr>
          </gpxtpx:TrackPointExtension>
        </extensions>
      </trkpt>
      <trkpt lat="30.288235065342835" lon="120.22345035343615">
        <ele>15.199999809265137</ele>
        <time>2026-08-14T22:08:59Z</time>
        <extensions>
          <gpxtpx:TrackPointExtension>
            <gpxtpx:hr>151</gpxtpx:hr>
          </gpxtpx:TrackPointExtension>
        </extensions>
      </trkpt>
      <trkpt lat="30.28819698148133" lon="120.22334017005163">
        <ele>15.199999809265137</ele>
        <time>2026-08-14T22:09:03Z</time>
        <extensions>
          <gpxtpx:TrackPointExtension>
            <gpxtpx:hr>151</gpxtpx:hr>
          </gpxtpx:TrackPointExtension>
        </extensions>
      </trkpt>
      <trkpt lat="30.288145904201826" lon="120.2232369991607">
        <ele>15.399999618530273</ele>
        <time>2026-08-14T22:09:07Z</time>
        <extensions>
          <gpxtpx:TrackPointExtension>
            <gpxtpx:hr>151</gpxtpx:hr>
          </gpxtpx:TrackPointExtension>
        </extensions>
      </trkpt>
      <trkpt lat="30.288102829752475" lon="120.22313883571155">
        <ele>15.399999618530273</ele>
        <time>2026-08-14T22:09:11Z</time>
        <extensions>
          <gpxtpx:TrackPointExtension>
            <gpxtpx:hr>152</gpxtpx:hr>
          </gpxtpx:TrackPointExtension>
        </extensions>
      </trkpt>
      <trkpt lat="30.288055759447353" lon="120.22304568075165">
        <ele>15.399999618530273</ele>
        <time>2026-08-14T22:09:15Z</time>
        <extensions>
          <gpxtpx:TrackPointExtension>
            <gpxtpx:hr>153</gpxtpx:hr>
          </gpxtpx:TrackPointExtension>
        </extensions>
      </trkpt>
      <trkpt lat="30.288024676577415" lon="120.22293950184643">
        <ele>15.600000381469727</ele>
        <time>2026-08-14T22:09:19Z</time>
        <extensions>
          <gpxtpx:TrackPointExtension>
            <gpxtpx:hr>154</gpxtpx:hr>
          </gpxtpx:TrackPointExtension>
        </extensions>
      </trkpt>
      <trkpt lat="30.28798959456078" lon="120.22283432453436">
        <ele>15.600000381469727</ele>
        <time>2026-08-14T22:09:23Z</time>
        <extensions>
          <gpxtpx:TrackPointExtension>
            <gpxtpx:hr>154</gpxtpx:hr>
          </gpxtpx:TrackPointExtension>
        </extensions>
      </trkpt>
      <trkpt lat="30.287956511134393" lon="120.22272814488989">
        <ele>15.600000381469727</ele>
        <time>2026-08-14T22:09:27Z</time>
        <extensions>
          <gpxtpx:TrackPointExtension>
            <gpxtpx:hr>154</gpxtpx:hr>
          </gpxtpx:TrackPointExtension>
        </extensions>
      </trkpt>
      <trkpt lat="30.287924428868603" lon="120.22262396816325">
        <ele>15.800000190734863</ele>
        <time>2026-08-14T22:09:31Z</time>
        <extensions>
          <gpxtpx:TrackPointExtension>
            <gpxtpx:hr>153</gpxtpx:hr>
          </gpxtpx:TrackPointExtension>
        </extensions>
      </trkpt>
      <trkpt lat="30.287882358882026" lon="120.22253381605243">
        <ele>15.800000190734863</ele>
        <time>2026-08-14T22:09:35Z</time>
        <extensions>
          <gpxtpx:TrackPointExtension>
            <gpxtpx:hr>153</gpxtpx:hr>
          </gpxtpx:TrackPointExtension>
        </extensions>
      </trkpt>
      <trkpt lat="30.287854298781724" lon="120.22245768673469">
        <ele>15.800000190734863</ele>
        <time>2026-08-14T22:09:39Z</time>
        <extensions>
          <gpxtpx:TrackPointExtension>
            <gpxtpx:hr>153</gpxtpx:hr>
          </gpxtpx:TrackPointExtension>
        </extensions>
      </trkpt>
      <trkpt lat="30.287835218361792" lon="120.22235851649448">
        <ele>15.800000190734863</ele>
        <time>2026-08-14T22:09:43Z</time>
        <extensions>
          <gpxtpx:TrackPointExtension>
            <gpxtpx:hr>153</gpxtpx:hr>
          </gpxtpx:TrackPointExtension>
        </extensions>
      </trkpt>
      <trkpt lat="30.287821117810495" lon="120.22223630538659">
        <ele>15.800000190734863</ele>
        <time>2026-08-14T22:09:47Z</time>
        <extensions>
          <gpxtpx:TrackPointExtension>
            <gpxtpx:hr>152</gpxtpx:hr>
          </gpxtpx:TrackPointExtension>
        </extensions>
      </trkpt>
      <trkpt lat="30.28779698913985" lon="120.22208003507646">
        <ele>15.800000190734863</ele>
        <time>2026-08-14T22:09:51Z</time>
        <extensions>
          <gpxtpx:TrackPointExtension>
            <gpxtpx:hr>153</gpxtpx:hr>
          </gpxtpx:TrackPointExtension>
        </extensions>
      </trkpt>
      <trkpt lat="30.287779903005195" lon="120.22197585440976">
        <ele>15.800000190734863</ele>
        <time>2026-08-14T22:09:55Z</time>
        <extensions>
          <gpxtpx:TrackPointExtension>
            <gpxtpx:hr>153</gpxtpx:hr>
          </gpxtpx:TrackPointExtension>
        </extensions>
      </trkpt>
      <trkpt lat="30.287756817984167" lon="120.2218726755605">
        <ele>15.800000190734863</ele>
        <time>2026-08-14T22:09:59Z</time>
        <extensions>
          <gpxtpx:TrackPointExtension>
            <gpxtpx:hr>153</gpxtpx:hr>
          </gpxtpx:TrackPointExtension>
        </extensions>
      </trkpt>
      <trkpt lat="30.287719736635086" lon="120.22177250272189">
        <ele>15.600000381469727</ele>
        <time>2026-08-14T22:10:03Z</time>
        <extensions>
          <gpxtpx:TrackPointExtension>
            <gpxtpx:hr>154</gpxtpx:hr>
          </gpxtpx:TrackPointExtension>
        </extensions>
      </trkpt>
      <trkpt lat="30.287684646161004" lon="120.22166231166848">
        <ele>15.600000381469727</ele>
        <time>2026-08-14T22:10:07Z</time>
        <extensions>
          <gpxtpx:TrackPointExtension>
            <gpxtpx:hr>154</gpxtpx:hr>
          </gpxtpx:TrackPointExtension>
        </extensions>
      </trkpt>
      <trkpt lat="30.28765055947899" lon="120.22155712889723">
        <ele>15.600000381469727</ele>
        <time>2026-08-14T22:10:11Z</time>
        <extensions>
          <gpxtpx:TrackPointExtension>
            <gpxtpx:hr>154</gpxtpx:hr>
          </gpxtpx:TrackPointExtension>
        </extensions>
      </trkpt>
      <trkpt lat="30.28760248599648" lon="120.22146597166548">
        <ele>15.399999618530273</ele>
        <time>2026-08-14T22:10:15Z</time>
        <extensions>
          <gpxtpx:TrackPointExtension>
            <gpxtpx:hr>154</gpxtpx:hr>
          </gpxtpx:TrackPointExtension>
        </extensions>
      </trkpt>
      <trkpt lat="30.287560409868966" lon="120.22137281005637">
        <ele>15.399999618530273</ele>
        <time>2026-08-14T22:10:19Z</time>
        <extensions>
          <gpxtpx:TrackPointExtension>
            <gpxtpx:hr>154</gpxtpx:hr>
          </gpxtpx:TrackPointExtension>
        </extensions>
      </trkpt>
      <trkpt lat="30.287515323313112" lon="120.22126762698147">
        <ele>15.399999618530273</ele>
        <time>2026-08-14T22:10:23Z</time>
        <extensions>
          <gpxtpx:TrackPointExtension>
            <gpxtpx:hr>153</gpxtpx:hr>
          </gpxtpx:TrackPointExtension>
        </extensions>
      </trkpt>
      <trkpt lat="30.287469239112923" lon="120.22116544890564">
        <ele>15.399999618530273</ele>
        <time>2026-08-14T22:10:27Z</time>
        <extensions>
          <gpxtpx:TrackPointExtension>
            <gpxtpx:hr>153</gpxtpx:hr>
          </gpxtpx:TrackPointExtension>
        </extensions>
      </trkpt>
      <trkpt lat="30.28742715589806" lon="120.22106527366518">
        <ele>15.199999809265137</ele>
        <time>2026-08-14T22:10:31Z</time>
        <extensions>
          <gpxtpx:TrackPointExtension>
            <gpxtpx:hr>153</gpxtpx:hr>
          </gpxtpx:TrackPointExtension>
        </extensions>
      </trkpt>
      <trkpt lat="30.2874360590729" lon="120.22095607769094">
        <ele>15.0</ele>
        <time>2026-08-14T22:10:35Z</time>
        <extensions>
          <gpxtpx:TrackPointExtension>
            <gpxtpx:hr>151</gpxtpx:hr>
          </gpxtpx:TrackPointExtension>
        </extensions>
      </trkpt>
      <trkpt lat="30.28751096909172" lon="120.22086290456824">
        <ele>14.800000190734863</ele>
        <time>2026-08-14T22:10:39Z</time>
        <extensions>
          <gpxtpx:TrackPointExtension>
            <gpxtpx:hr>151</gpxtpx:hr>
          </gpxtpx:TrackPointExtension>
        </extensions>
      </trkpt>
      <trkpt lat="30.287597911267277" lon="120.22080779851132">
        <ele>14.800000190734863</ele>
        <time>2026-08-14T22:10:43Z</time>
        <extensions>
          <gpxtpx:TrackPointExtension>
            <gpxtpx:hr>151</gpxtpx:hr>
          </gpxtpx:TrackPointExtension>
        </extensions>
      </trkpt>
      <trkpt lat="30.287682849992297" lon="120.2207486852934">
        <ele>14.800000190734863</ele>
        <time>2026-08-14T22:10:47Z</time>
        <extensions>
          <gpxtpx:TrackPointExtension>
            <gpxtpx:hr>151</gpxtpx:hr>
          </gpxtpx:TrackPointExtension>
        </extensions>
      </trkpt>
      <trkpt lat="30.287769791946733" lon="120.2206935789879">
        <ele>15.0</ele>
        <time>2026-08-14T22:10:51Z</time>
        <extensions>
          <gpxtpx:TrackPointExtension>
            <gpxtpx:hr>151</gpxtpx:hr>
          </gpxtpx:TrackPointExtension>
        </extensions>
      </trkpt>
      <trkpt lat="30.287849747015883" lon="120.22065249841698">
        <ele>15.199999809265137</ele>
        <time>2026-08-14T22:10:55Z</time>
        <extensions>
          <gpxtpx:TrackPointExtension>
            <gpxtpx:hr>151</gpxtpx:hr>
          </gpxtpx:TrackPointExtension>
        </extensions>
      </trkpt>
      <trkpt lat="30.287928696770518" lon="120.2206054070196">
        <ele>15.199999809265137</ele>
        <time>2026-08-14T22:10:59Z</time>
        <extensions>
          <gpxtpx:TrackPointExtension>
            <gpxtpx:hr>151</gpxtpx:hr>
          </gpxtpx:TrackPointExtension>
        </extensions>
      </trkpt>
      <trkpt lat="30.288012645026" lon="120.22055731331406">
        <ele>15.199999809265137</ele>
        <time>2026-08-14T22:11:03Z</time>
        <extensions>
          <gpxtpx:TrackPointExtension>
            <gpxtpx:hr>151</gpxtpx:hr>
          </gpxtpx:TrackPointExtension>
        </extensions>
      </trkpt>
      <trkpt lat="30.288096594095645" lon="120.22051022132831">
        <ele>15.199999809265137</ele>
        <time>2026-08-14T22:11:07Z</time>
        <extensions>
          <gpxtpx:TrackPointExtension>
            <gpxtpx:hr>152</gpxtpx:hr>
          </gpxtpx:TrackPointExtension>
        </extensions>
      </trkpt>
      <trkpt lat="30.288179549476393" lon="120.22047014202595">
        <ele>15.199999809265137</ele>
        <time>2026-08-14T22:11:11Z</time>
        <extensions>
          <gpxtpx:TrackPointExtension>
            <gpxtpx:hr>151</gpxtpx:hr>
          </gpxtpx:TrackPointExtension>
        </extensions>
      </trkpt>
      <trkpt lat="30.288266491787166" lon="120.2204160369301">
        <ele>15.199999809265137</ele>
        <time>2026-08-14T22:11:15Z</time>
        <extensions>
          <gpxtpx:TrackPointExtension>
            <gpxtpx:hr>152</gpxtpx:hr>
          </gpxtpx:TrackPointExtension>
        </extensions>
      </trkpt>
      <trkpt lat="30.288348433620822" lon="120.22036093031406">
        <ele>15.199999809265137</ele>
        <time>2026-08-14T22:11:19Z</time>
        <extensions>
          <gpxtpx:TrackPointExtension>
            <gpxtpx:hr>151</gpxtpx:hr>
          </gpxtpx:TrackPointExtension>
        </extensions>
      </trkpt>
      <trkpt lat="30.288431374339925" lon="120.2203048216773">
        <ele>15.199999809265137</ele>
        <time>2026-08-14T22:11:23Z</time>
        <extensions>
          <gpxtpx:TrackPointExtension>
            <gpxtpx:hr>152</gpxtpx:hr>
          </gpxtpx:TrackPointExtension>
        </extensions>
      </trkpt>
      <trkpt lat="30.2885123151605" lon="120.22024871308156">
        <ele>15.199999809265137</ele>
        <time>2026-08-14T22:11:27Z</time>
        <extensions>
          <gpxtpx:TrackPointExtension>
            <gpxtpx:hr>151</gpxtpx:hr>
          </gpxtpx:TrackPointExtension>
        </extensions>
      </trkpt>
      <trkpt lat="30.288592257791187" lon="120.22019460809129">
        <ele>15.0</ele>
        <time>2026-08-14T22:11:31Z</time>
        <extensions>
          <gpxtpx:TrackPointExtension>
            <gpxtpx:hr>151</gpxtpx:hr>
          </gpxtpx:TrackPointExtension>
        </extensions>
      </trkpt>
      <trkpt lat="30.28866519742474" lon="120.22013649626047">
        <ele>15.0</ele>
        <time>2026-08-14T22:11:35Z</time>
        <extensions>
          <gpxtpx:TrackPointExtension>
            <gpxtpx:hr>148</gpxtpx:hr>
          </gpxtpx:TrackPointExtension>
        </extensions>
      </trkpt>
      <trkpt lat="30.288746135185917" lon="120.22007738181048">
        <ele>15.0</ele>
        <time>2026-08-14T22:11:39Z</time>
        <extensions>
          <gpxtpx:TrackPointExtension>
            <gpxtpx:hr>147</gpxtpx:hr>
          </gpxtpx:TrackPointExtension>
        </extensions>
      </trkpt>
      <trkpt lat="30.28882005987226" lon="120.22000324034184">
        <ele>15.199999809265137</ele>
        <time>2026-08-14T22:11:43Z</time>
        <extensions>
          <gpxtpx:TrackPointExtension>
            <gpxtpx:hr>147</gpxtpx:hr>
          </gpxtpx:TrackPointExtension>
        </extensions>
      </trkpt>
      <trkpt lat="30.28889499250666" lon="120.21993811507778">
        <ele>15.0</ele>
        <time>2026-08-14T22:11:47Z</time>
        <extensions>
          <gpxtpx:TrackPointExtension>
            <gpxtpx:hr>148</gpxtpx:hr>
          </gpxtpx:TrackPointExtension>
        </extensions>
      </trkpt>
      <trkpt lat="30.28897892037316" lon="120.21986898156253">
        <ele>15.199999809265137</ele>
        <time>2026-08-14T22:11:51Z</time>
        <extensions>
          <gpxtpx:TrackPointExtension>
            <gpxtpx:hr>149</gpxtpx:hr>
          </gpxtpx:TrackPointExtension>
        </extensions>
      </trkpt>
      <trkpt lat="30.289054856282828" lon="120.21980786322845">
        <ele>15.0</ele>
        <time>2026-08-14T22:11:55Z</time>
        <extensions>
          <gpxtpx:TrackPointExtension>
            <gpxtpx:hr>150</gpxtpx:hr>
          </gpxtpx:TrackPointExtension>
        </extensions>
      </trkpt>
      <trkpt lat="30.28912778593006" lon="120.2197397321084">
        <ele>15.0</ele>
        <time>2026-08-14T22:11:59Z</time>
        <extensions>
          <gpxtpx:TrackPointExtension>
            <gpxtpx:hr>151</gpxtpx:hr>
          </gpxtpx:TrackPointExtension>
        </extensions>
      </trkpt>
      <trkpt lat="30.289205710268448" lon="120.21966659117575">
        <ele>15.0</ele>
        <time>2026-08-14T22:12:03Z</time>
        <extensions>
          <gpxtpx:TrackPointExtension>
            <gpxtpx:hr>151</gpxtpx:hr>
          </gpxtpx:TrackPointExtension>
        </extensions>
      </trkpt>
      <trkpt lat="30.289278642369794" lon="120.21960146521998">
        <ele>15.0</ele>
        <time>2026-08-14T22:12:07Z</time>
        <extensions>
          <gpxtpx:TrackPointExtension>
            <gpxtpx:hr>152</gpxtpx:hr>
          </gpxtpx:TrackPointExtension>
        </extensions>
      </trkpt>
      <trkpt lat="30.28935258443461" lon="120.21954735935422">
        <ele>15.199999809265137</ele>
        <time>2026-08-14T22:12:11Z</time>
        <extensions>
          <gpxtpx:TrackPointExtension>
            <gpxtpx:hr>150</gpxtpx:hr>
          </gpxtpx:TrackPointExtension>
        </extensions>
      </trkpt>
      <trkpt lat="30.289419519700864" lon="120.2194852391435">
        <ele>15.0</ele>
        <time>2026-08-14T22:12:15Z</time>
        <extensions>
          <gpxtpx:TrackPointExtension>
            <gpxtpx:hr>149</gpxtpx:hr>
          </gpxtpx:TrackPointExtension>
        </extensions>
      </trkpt>
      <trkpt lat="30.289498454493827" lon="120.21942411964767">
        <ele>15.0</ele>
        <time>2026-08-14T22:12:19Z</time>
        <extensions>
          <gpxtpx:TrackPointExtension>
            <gpxtpx:hr>148</gpxtpx:hr>
          </gpxtpx:TrackPointExtension>
        </extensions>
      </trkpt>
      <trkpt lat="30.289566380049003" lon="120.21935198049582">
        <ele>15.0</ele>
        <time>2026-08-14T22:12:23Z</time>
        <extensions>
          <gpxtpx:TrackPointExtension>
            <gpxtpx:hr>147</gpxtpx:hr>
          </gpxtpx:TrackPointExtension>
        </extensions>
      </trkpt>
      <trkpt lat="30.289641299061824" lon="120.21927382940996">
        <ele>15.0</ele>
        <time>2026-08-14T22:12:27Z</time>
        <extensions>
          <gpxtpx:TrackPointExtension>
            <gpxtpx:hr>148</gpxtpx:hr>
          </gpxtpx:TrackPointExtension>
        </extensions>
      </trkpt>
      <trkpt lat="30.28972022965983" lon="120.2192087019648">
        <ele>14.800000190734863</ele>
        <time>2026-08-14T22:12:31Z</time>
        <extensions>
          <gpxtpx:TrackPointExtension>
            <gpxtpx:hr>149</gpxtpx:hr>
          </gpxtpx:TrackPointExtension>
        </extensions>
      </trkpt>
      <trkpt lat="30.289817183607596" lon="120.21917062319648">
        <ele>14.600000381469727</ele>
        <time>2026-08-14T22:12:35Z</time>
        <extensions>
          <gpxtpx:TrackPointExtension>
            <gpxtpx:hr>151</gpxtpx:hr>
          </gpxtpx:TrackPointExtension>
        </extensions>
      </trkpt>
      <trkpt lat="30.289922185584793" lon="120.21918464063044">
        <ele>14.399999618530273</ele>
        <time>2026-08-14T22:12:39Z</time>
        <extensions>
          <gpxtpx:TrackPointExtension>
            <gpxtpx:hr>152</gpxtpx:hr>
          </gpxtpx:TrackPointExtension>
        </extensions>
      </trkpt>
      <trkpt lat="30.289991241149288" lon="120.21925175966645">
        <ele>14.399999618530273</ele>
        <time>2026-08-14T22:12:43Z</time>
        <extensions>
          <gpxtpx:TrackPointExtension>
            <gpxtpx:hr>152</gpxtpx:hr>
          </gpxtpx:TrackPointExtension>
        </extensions>
      </trkpt>
      <trkpt lat="30.290033321893517" lon="120.21934292532231">
        <ele>14.600000381469727</ele>
        <time>2026-08-14T22:12:47Z</time>
        <extensions>
          <gpxtpx:TrackPointExtension>
            <gpxtpx:hr>151</gpxtpx:hr>
          </gpxtpx:TrackPointExtension>
        </extensions>
      </trkpt>
      <trkpt lat="30.290072408275197" lon="120.21944010202051">
        <ele>14.600000381469727</ele>
        <time>2026-08-14T22:12:51Z</time>
        <extensions>
          <gpxtpx:TrackPointExtension>
            <gpxtpx:hr>151</gpxtpx:hr>
          </gpxtpx:TrackPointExtension>
        </extensions>
      </trkpt>
      <trkpt lat="30.290118493597973" lon="120.21953727777522">
        <ele>14.600000381469727</ele>
        <time>2026-08-14T22:12:55Z</time>
        <extensions>
          <gpxtpx:TrackPointExtension>
            <gpxtpx:hr>151</gpxtpx:hr>
          </gpxtpx:TrackPointExtension>
        </extensions>
      </trkpt>
      <trkpt lat="30.290160585512613" lon="120.21964146640806">
        <ele>14.600000381469727</ele>
        <time>2026-08-14T22:12:59Z</time>
        <extensions>
          <gpxtpx:TrackPointExtension>
            <gpxtpx:hr>152</gpxtpx:hr>
          </gpxtpx:TrackPointExtension>
        </extensions>
      </trkpt>
      <trkpt lat="30.290197672993063" lon="120.21974064582473">
        <ele>14.600000381469727</ele>
        <time>2026-08-14T22:13:03Z</time>
        <extensions>
          <gpxtpx:TrackPointExtension>
            <gpxtpx:hr>153</gpxtpx:hr>
          </gpxtpx:TrackPointExtension>
        </extensions>
      </trkpt>
      <trkpt lat="30.29024475356709" lon="120.21983381301004">
        <ele>14.600000381469727</ele>
        <time>2026-08-14T22:13:07Z</time>
        <extensions>
          <gpxtpx:TrackPointExtension>
            <gpxtpx:hr>154</gpxtpx:hr>
          </gpxtpx:TrackPointExtension>
        </extensions>
      </trkpt>
      <trkpt lat="30.290288842413826" lon="120.21993599660671">
        <ele>14.600000381469727</ele>
        <time>2026-08-14T22:13:11Z</time>
        <extensions>
          <gpxtpx:TrackPointExtension>
            <gpxtpx:hr>155</gpxtpx:hr>
          </gpxtpx:TrackPointExtension>
        </extensions>
      </trkpt>
      <trkpt lat="30.290326923345372" lon="120.22002916382252">
        <ele>14.800000190734863</ele>
        <time>2026-08-14T22:13:15Z</time>
        <extensions>
          <gpxtpx:TrackPointExtension>
            <gpxtpx:hr>154</gpxtpx:hr>
          </gpxtpx:TrackPointExtension>
        </extensions>
      </trkpt>
      <trkpt lat="30.290368008213655" lon="120.22012733958222">
        <ele>14.800000190734863</ele>
        <time>2026-08-14T22:13:19Z</time>
        <extensions>
          <gpxtpx:TrackPointExtension>
            <gpxtpx:hr>154</gpxtpx:hr>
          </gpxtpx:TrackPointExtension>
        </extensions>
      </trkpt>
      <trkpt lat="30.290418080925953" lon="120.22021349235482">
        <ele>14.600000381469727</ele>
        <time>2026-08-14T22:13:23Z</time>
        <extensions>
          <gpxtpx:TrackPointExtension>
            <gpxtpx:hr>154</gpxtpx:hr>
          </gpxtpx:TrackPointExtension>
        </extensions>
      </trkpt>
      <trkpt lat="30.290476159760033" lon="120.2203076587303">
        <ele>14.600000381469727</ele>
        <time>2026-08-14T22:13:27Z</time>
        <extensions>
          <gpxtpx:TrackPointExtension>
            <gpxtpx:hr>154</gpxtpx:hr>
          </gpxtpx:TrackPointExtension>
        </extensions>
      </trkpt>
      <trkpt lat="30.290535225587064" lon="120.22038779925877">
        <ele>15.0</ele>
        <time>2026-08-14T22:13:31Z</time>
        <extensions>
          <gpxtpx:TrackPointExtension>
            <gpxtpx:hr>154</gpxtpx:hr>
          </gpxtpx:TrackPointExtension>
        </extensions>
      </trkpt>
      <trkpt lat="30.2905972908767" lon="120.22046793928806">
        <ele>14.600000381469727</ele>
        <time>2026-08-14T22:13:35Z</time>
        <extensions>
          <gpxtpx:TrackPointExtension>
            <gpxtpx:hr>153</gpxtpx:hr>
          </gpxtpx:TrackPointExtension>
        </extensions>
      </trkpt>
      <trkpt lat="30.290645360135144" lon="120.22055108564606">
        <ele>14.600000381469727</ele>
        <time>2026-08-14T22:13:39Z</time>
        <extensions>
          <gpxtpx:TrackPointExtension>
            <gpxtpx:hr>153</gpxtpx:hr>
          </gpxtpx:TrackPointExtension>
        </extensions>
      </trkpt>
      <trkpt lat="30.290685435371948" lon="120.22064024322658">
        <ele>14.399999618530273</ele>
        <time>2026-08-14T22:13:43Z</time>
        <extensions>
          <gpxtpx:TrackPointExtension>
            <gpxtpx:hr>152</gpxtpx:hr>
          </gpxtpx:TrackPointExtension>
        </extensions>
      </trkpt>
      <trkpt lat="30.290736509163313" lon="120.22072939958835">
        <ele>14.199999809265137</ele>
        <time>2026-08-14T22:13:47Z</time>
        <extensions>
          <gpxtpx:TrackPointExtension>
            <gpxtpx:hr>152</gpxtpx:hr>
          </gpxtpx:TrackPointExtension>
        </extensions>
      </trkpt>
      <trkpt lat="30.2907945792784" lon="120.22081554966394">
        <ele>14.199999809265137</ele>
        <time>2026-08-14T22:13:51Z</time>
        <extensions>
          <gpxtpx:TrackPointExtension>
            <gpxtpx:hr>151</gpxtpx:hr>
          </gpxtpx:TrackPointExtension>
        </extensions>
      </trkpt>
      <trkpt lat="30.29085163422963" lon="120.22088466900007">
        <ele>14.199999809265137</ele>
        <time>2026-08-14T22:13:55Z</time>
        <extensions>
          <gpxtpx:TrackPointExtension>
            <gpxtpx:hr>151</gpxtpx:hr>
          </gpxtpx:TrackPointExtension>
        </extensions>
      </trkpt>
      <trkpt lat="30.290925683667314" lon="120.22094977957381">
        <ele>14.0</ele>
        <time>2026-08-14T22:13:59Z</time>
        <extensions>
          <gpxtpx:TrackPointExtension>
            <gpxtpx:hr>151</gpxtpx:hr>
          </gpxtpx:TrackPointExtension>
        </extensions>
      </trkpt>
      <trkpt lat="30.29100174769095" lon="120.22103192025696">
        <ele>14.0</ele>
        <time>2026-08-14T22:14:03Z</time>
        <extensions>
          <gpxtpx:TrackPointExtension>
            <gpxtpx:hr>152</gpxtpx:hr>
          </gpxtpx:TrackPointExtension>
        </extensions>
      </trkpt>
      <trkpt lat="30.291075809946957" lon="120.22111205726391">
        <ele>14.0</ele>
        <time>2026-08-14T22:14:07Z</time>
        <extensions>
          <gpxtpx:TrackPointExtension>
            <gpxtpx:hr>152</gpxtpx:hr>
          </gpxtpx:TrackPointExtension>
        </extensions>
      </trkpt>
      <trkpt lat="30.291148868596785" lon="120.22118818696288">
        <ele>14.0</ele>
        <time>2026-08-14T22:14:11Z</time>
        <extensions>
          <gpxtpx:TrackPointExtension>
            <gpxtpx:hr>153</gpxtpx:hr>
          </gpxtpx:TrackPointExtension>
        </extensions>
      </trkpt>
      <trkpt lat="30.291227919432682" lon="120.22125630168813">
        <ele>14.0</ele>
        <time>2026-08-14T22:14:15Z</time>
        <extensions>
          <gpxtpx:TrackPointExtension>
            <gpxtpx:hr>153</gpxtpx:hr>
          </gpxtpx:TrackPointExtension>
        </extensions>
      </trkpt>
      <trkpt lat="30.291302968800526" lon="120.2213224130014">
        <ele>14.0</ele>
        <time>2026-08-14T22:14:19Z</time>
        <extensions>
          <gpxtpx:TrackPointExtension>
            <gpxtpx:hr>154</gpxtpx:hr>
          </gpxtpx:TrackPointExtension>
        </extensions>
      </trkpt>
      <trkpt lat="30.291383030479388" lon="120.22140355036812">
        <ele>14.199999809265137</ele>
        <time>2026-08-14T22:14:23Z</time>
        <extensions>
          <gpxtpx:TrackPointExtension>
            <gpxtpx:hr>153</gpxtpx:hr>
          </gpxtpx:TrackPointExtension>
        </extensions>
      </trkpt>
      <trkpt lat="30.291465076164364" lon="120.22146665539994">
        <ele>14.0</ele>
        <time>2026-08-14T22:14:27Z</time>
        <extensions>
          <gpxtpx:TrackPointExtension>
            <gpxtpx:hr>152</gpxtpx:hr>
          </gpxtpx:TrackPointExtension>
        </extensions>
      </trkpt>
      <trkpt lat="30.29153712278862" lon="120.22152976109705">
        <ele>14.0</ele>
        <time>2026-08-14T22:14:31Z</time>
        <extensions>
          <gpxtpx:TrackPointExtension>
            <gpxtpx:hr>152</gpxtpx:hr>
          </gpxtpx:TrackPointExtension>
        </extensions>
      </trkpt>
      <trkpt lat="30.291609176154466" lon="120.22160088077915">
        <ele>14.199999809265137</ele>
        <time>2026-08-14T22:14:35Z</time>
        <extensions>
          <gpxtpx:TrackPointExtension>
            <gpxtpx:hr>152</gpxtpx:hr>
          </gpxtpx:TrackPointExtension>
        </extensions>
      </trkpt>
      <trkpt lat="30.291692219583144" lon="120.22166198170346">
        <ele>14.199999809265137</ele>
        <time>2026-08-14T22:14:39Z</time>
        <extensions>
          <gpxtpx:TrackPointExtension>
            <gpxtpx:hr>151</gpxtpx:hr>
          </gpxtpx:TrackPointExtension>
        </extensions>
      </trkpt>
      <trkpt lat="30.29176427518974" lon="120.22173610629889">
        <ele>14.199999809265137</ele>
        <time>2026-08-14T22:14:43Z</time>
        <extensions>
          <gpxtpx:TrackPointExtension>
            <gpxtpx:hr>152</gpxtpx:hr>
          </gpxtpx:TrackPointExtension>
        </extensions>
      </trkpt>
      <trkpt lat="30.291843327292487" lon="120.22180722482092">
        <ele>14.199999809265137</ele>
        <time>2026-08-14T22:14:47Z</time>
        <extensions>
          <gpxtpx:TrackPointExtension>
            <gpxtpx:hr>152</gpxtpx:hr>
          </gpxtpx:TrackPointExtension>
        </extensions>
      </trkpt>
      <trkpt lat="30.291920384538066" lon="120.22188435384544">
        <ele>14.199999809265137</ele>
        <time>2026-08-14T22:14:51Z</time>
        <extensions>
          <gpxtpx:TrackPointExtension>
            <gpxtpx:hr>152</gpxtpx:hr>
          </gpxtpx:TrackPointExtension>
        </extensions>
      </trkpt>
      <trkpt lat="30.291958472056134" lon="120.2219925401782">
        <ele>14.199999809265137</ele>
        <time>2026-08-14T22:14:55Z</time>
        <extensions>
          <gpxtpx:TrackPointExtension>
            <gpxtpx:hr>153</gpxtpx:hr>
          </gpxtpx:TrackPointExtension>
        </extensions>
      </trkpt>
      <trkpt lat="30.291943565752266" lon="120.22210173215471">
        <ele>14.0</ele>
        <time>2026-08-14T22:14:59Z</time>
        <extensions>
          <gpxtpx:TrackPointExtension>
            <gpxtpx:hr>153</gpxtpx:hr>
          </gpxtpx:TrackPointExtension>
        </extensions>
      </trkpt>
      <trkpt lat="30.29191165416835" lon="120.22220291110585">
        <ele>14.199999809265137</ele>
        <time>2026-08-14T22:15:03Z</time>
        <extensions>
          <gpxtpx:TrackPointExtension>
            <gpxtpx:hr>153</gpxtpx:hr>
          </gpxtpx:TrackPointExtension>
        </extensions>
      </trkpt>
      <trkpt lat="30.291885741588494" lon="120.2223040891533">
        <ele>14.199999809265137</ele>
        <time>2026-08-14T22:15:07Z</time>
        <extensions>
          <gpxtpx:TrackPointExtension>
            <gpxtpx:hr>153</gpxtpx:hr>
          </gpxtpx:TrackPointExtension>
        </extensions>
      </trkpt>
      <trkpt lat="30.291852833579952" lon="120.22241027604414">
        <ele>14.199999809265137</ele>
        <time>2026-08-14T22:15:11Z</time>
        <extensions>
          <gpxtpx:TrackPointExtension>
            <gpxtpx:hr>153</gpxtpx:hr>
          </gpxtpx:TrackPointExtension>
        </extensions>
      </trkpt>
      <trkpt lat="30.291816924683264" lon="120.2225154609986">
        <ele>14.399999618530273</ele>
        <time>2026-08-14T22:15:15Z</time>
        <extensions>
          <gpxtpx:TrackPointExtension>
            <gpxtpx:hr>154</gpxtpx:hr>
          </gpxtpx:TrackPointExtension>
        </extensions>
      </trkpt>
      <trkpt lat="30.291781012108558" lon="120.22261663860091">
        <ele>14.399999618530273</ele>
        <time>2026-08-14T22:15:19Z</time>
        <extensions>
          <gpxtpx:TrackPointExtension>
            <gpxtpx:hr>154</gpxtpx:hr>
          </gpxtpx:TrackPointExtension>
        </extensions>
      </trkpt>
      <trkpt lat="30.291763099706692" lon="120.22272081947891">
        <ele>14.399999618530273</ele>
        <time>2026-08-14T22:15:23Z</time>
        <extensions>
          <gpxtpx:TrackPointExtension>
            <gpxtpx:hr>155</gpxtpx:hr>
          </gpxtpx:TrackPointExtension>
        </extensions>
      </trkpt>
      <trkpt lat="30.291758193712322" lon="120.22283501603489">
        <ele>14.600000381469727</ele>
        <time>2026-08-14T22:15:27Z</time>
        <extensions>
          <gpxtpx:TrackPointExtension>
            <gpxtpx:hr>155</gpxtpx:hr>
          </gpxtpx:TrackPointExtension>
        </extensions>
      </trkpt>
      <trkpt lat="30.29175629508813" lon="120.22295922895337">
        <ele>14.800000190734863</ele>
        <time>2026-08-14T22:15:31Z</time>
        <extensions>
          <gpxtpx:TrackPointExtension>
            <gpxtpx:hr>155</gpxtpx:hr>
          </gpxtpx:TrackPointExtension>
        </extensions>
      </trkpt>
      <trkpt lat="30.291748386059872" lon="120.22307041953331">
        <ele>14.800000190734863</ele>
        <time>2026-08-14T22:15:35Z</time>
        <extensions>
          <gpxtpx:TrackPointExtension>
            <gpxtpx:hr>157</gpxtpx:hr>
          </gpxtpx:TrackPointExtension>
        </extensions>
      </trkpt>
      <trkpt lat="30.291729476990895" lon="120.22318060881541">
        <ele>14.800000190734863</ele>
        <time>2026-08-14T22:15:39Z</time>
        <extensions>
          <gpxtpx:TrackPointExtension>
            <gpxtpx:hr>157</gpxtpx:hr>
          </gpxtpx:TrackPointExtension>
        </extensions>
      </trkpt>
      <trkpt lat="30.291711565793833" lon="120.22328879412493">
        <ele>15.0</ele>
        <time>2026-08-14T22:15:43Z</time>
        <extensions>
          <gpxtpx:TrackPointExtension>
            <gpxtpx:hr>158</gpxtpx:hr>
          </gpxtpx:TrackPointExtension>
        </extensions>
      </trkpt>
      <trkpt lat="30.29169664748151" lon="120.22338896514859">
        <ele>15.0</ele>
        <time>2026-08-14T22:15:47Z</time>
        <extensions>
          <gpxtpx:TrackPointExtension>
            <gpxtpx:hr>158</gpxtpx:hr>
          </gpxtpx:TrackPointExtension>
        </extensions>
      </trkpt>
      <trkpt lat="30.291673735256538" lon="120.22349614826611">
        <ele>15.0</ele>
        <time>2026-08-14T22:15:51Z</time>
        <extensions>
          <gpxtpx:TrackPointExtension>
            <gpxtpx:hr>158</gpxtpx:hr>
          </gpxtpx:TrackPointExtension>
        </extensions>
      </trkpt>
      <trkpt lat="30.291658818607253" lon="120.22359932351074">
        <ele>15.0</ele>
        <time>2026-08-14T22:15:55Z</time>
        <extensions>
          <gpxtpx:TrackPointExtension>
            <gpxtpx:hr>155</gpxtpx:hr>
          </gpxtpx:TrackPointExtension>
        </extensions>
      </trkpt>
      <trkpt lat="30.291638904496327" lon="120.22370550378433">
        <ele>15.199999809265137</ele>
        <time>2026-08-14T22:15:59Z</time>
        <extensions>
          <gpxtpx:TrackPointExtension>
            <gpxtpx:hr>155</gpxtpx:hr>
          </gpxtpx:TrackPointExtension>
        </extensions>
      </trkpt>
      <trkpt lat="30.291622992703644" lon="120.22381568998544">
        <ele>15.199999809265137</ele>
        <time>2026-08-14T22:16:03Z</time>
        <extensions>
          <gpxtpx:TrackPointExtension>
            <gpxtpx:hr>154</gpxtpx:hr>
          </gpxtpx:TrackPointExtension>
        </extensions>
      </trkpt>
      <trkpt lat="30.2915990782339" lon="120.22392186965507">
        <ele>15.199999809265137</ele>
        <time>2026-08-14T22:16:07Z</time>
        <extensions>
          <gpxtpx:TrackPointExtension>
            <gpxtpx:hr>154</gpxtpx:hr>
          </gpxtpx:TrackPointExtension>
        </extensions>
      </trkpt>
      <trkpt lat="30.291572169137087" lon="120.22403506080107">
        <ele>15.399999618530273</ele>
        <time>2026-08-14T22:16:11Z</time>
        <extensions>
          <gpxtpx:TrackPointExtension>
            <gpxtpx:hr>155</gpxtpx:hr>
          </gpxtpx:TrackPointExtension>
        </extensions>
      </trkpt>
      <trkpt lat="30.291546262581356" lon="120.22415225800262">
        <ele>15.399999618530273</ele>
        <time>2026-08-14T22:16:15Z</time>
        <extensions>
          <gpxtpx:TrackPointExtension>
            <gpxtpx:hr>153</gpxtpx:hr>
          </gpxtpx:TrackPointExtension>
        </extensions>
      </trkpt>
      <trkpt lat="30.29151135267794" lon="120.22426444708428">
        <ele>15.399999618530273</ele>
        <time>2026-08-14T22:16:19Z</time>
        <extensions>
          <gpxtpx:TrackPointExtension>
            <gpxtpx:hr>154</gpxtpx:hr>
          </gpxtpx:TrackPointExtension>
        </extensions>
      </trkpt>
      <trkpt lat="30.291478445947547" lon="120.22438164376541">
        <ele>15.399999618530273</ele>
        <time>2026-08-14T22:16:23Z</time>
        <extensions>
          <gpxtpx:TrackPointExtension>
            <gpxtpx:hr>154</gpxtpx:hr>
          </gpxtpx:TrackPointExtension>
        </extensions>
      </trkpt>
      <trkpt lat="30.29144153384688" lon="120.22449182865924">
        <ele>15.199999809265137</ele>
        <time>2026-08-14T22:16:27Z</time>
        <extensions>
          <gpxtpx:TrackPointExtension>
            <gpxtpx:hr>154</gpxtpx:hr>
          </gpxtpx:TrackPointExtension>
        </extensions>
      </trkpt>
      <trkpt lat="30.291403625974795" lon="120.22460802301661">
        <ele>15.0</ele>
        <time>2026-08-14T22:16:31Z</time>
        <extensions>
          <gpxtpx:TrackPointExtension>
            <gpxtpx:hr>154</gpxtpx:hr>
          </gpxtpx:TrackPointExtension>
        </extensions>
      </trkpt>
      <trkpt lat="30.2913597167743" lon="120.22472221403223">
        <ele>14.600000381469727</ele>
        <time>2026-08-14T22:16:35Z</time>
        <extensions>
          <gpxtpx:TrackPointExtension>
            <gpxtpx:hr>154</gpxtpx:hr>
          </gpxtpx:TrackPointExtension>
        </extensions>
      </trkpt>
      <trkpt lat="30.291283781328634" lon="120.22479734328058">
        <ele>14.199999809265137</ele>
        <time>2026-08-14T22:16:39Z</time>
        <extensions>
          <gpxtpx:TrackPointExtension>
            <gpxtpx:hr>155</gpxtpx:hr>
          </gpxtpx:TrackPointExtension>
        </extensions>
      </trkpt>
      <trkpt lat="30.29119080033646" lon="120.22480937059038">
        <ele>14.199999809265137</ele>
        <time>2026-08-14T22:16:43Z</time>
        <extensions>
          <gpxtpx:TrackPointExtension>
            <gpxtpx:hr>154</gpxtpx:hr>
          </gpxtpx:TrackPointExtension>
        </extensions>
      </trkpt>
      <trkpt lat="30.29109881172863" lon="120.22481138143586">
        <ele>14.199999809265137</ele>
        <time>2026-08-14T22:16:47Z</time>
        <extensions>
          <gpxtpx:TrackPointExtension>
            <gpxtpx:hr>153</gpxtpx:hr>
          </gpxtpx:TrackPointExtension>
        </extensions>
      </trkpt>
      <trkpt lat="30.291000825258283" lon="120.22481539605018">
        <ele>14.399999618530273</ele>
        <time>2026-08-14T22:16:51Z</time>
        <extensions>
          <gpxtpx:TrackPointExtension>
            <gpxtpx:hr>153</gpxtpx:hr>
          </gpxtpx:TrackPointExtension>
        </extensions>
      </trkpt>
      <trkpt lat="30.290900845739444" lon="120.22482842556403">
        <ele>14.399999618530273</ele>
        <time>2026-08-14T22:16:55Z</time>
        <extensions>
          <gpxtpx:TrackPointExtension>
            <gpxtpx:hr>154</gpxtpx:hr>
          </gpxtpx:TrackPointExtension>
        </extensions>
      </trkpt>
      <trkpt lat="30.290805851437504" lon="120.22482242355713">
        <ele>14.399999618530273</ele>
        <time>2026-08-14T22:16:59Z</time>
        <extensions>
          <gpxtpx:TrackPointExtension>
            <gpxtpx:hr>154</gpxtpx:hr>
          </gpxtpx:TrackPointExtension>
        </extensions>
      </trkpt>
      <trkpt lat="30.290706863552504" lon="120.22482443497734">
        <ele>14.600000381469727</ele>
        <time>2026-08-14T22:17:03Z</time>
        <extensions>
          <gpxtpx:TrackPointExtension>
            <gpxtpx:hr>154</gpxtpx:hr>
          </gpxtpx:TrackPointExtension>
        </extensions>
      </trkpt>
      <trkpt lat="30.290611872233953" lon="120.22482243951916">
        <ele>14.399999618530273</ele>
        <time>2026-08-14T22:17:07Z</time>
        <extensions>
          <gpxtpx:TrackPointExtension>
            <gpxtpx:hr>154</gpxtpx:hr>
          </gpxtpx:TrackPointExtension>
        </extensions>
      </trkpt>
      <trkpt lat="30.290512879087956" lon="120.22481743947742">
        <ele>14.399999618530273</ele>
        <time>2026-08-14T22:17:11Z</time>
        <extensions>
          <gpxtpx:TrackPointExtension>
            <gpxtpx:hr>153</gpxtpx:hr>
          </gpxtpx:TrackPointExtension>
        </extensions>
      </trkpt>
      <trkpt lat="30.290411891395433" lon="120.2248194510625">
        <ele>14.399999618530273</ele>
        <time>2026-08-14T22:17:15Z</time>
        <extensions>
          <gpxtpx:TrackPointExtension>
            <gpxtpx:hr>153</gpxtpx:hr>
          </gpxtpx:TrackPointExtension>
        </extensions>
      </trkpt>
      <trkpt lat="30.290314900269262" lon="120.2248174557684">
        <ele>14.199999809265137</ele>
        <time>2026-08-14T22:17:19Z</time>
        <extensions>
          <gpxtpx:TrackPointExtension>
            <gpxtpx:hr>152</gpxtpx:hr>
          </gpxtpx:TrackPointExtension>
        </extensions>
      </trkpt>
      <trkpt lat="30.290204905275854" lon="120.22480845007927">
        <ele>14.199999809265137</ele>
        <time>2026-08-14T22:17:23Z</time>
        <extensions>
          <gpxtpx:TrackPointExtension>
            <gpxtpx:hr>151</gpxtpx:hr>
          </gpxtpx:TrackPointExtension>
        </extensions>
      </trkpt>
      <trkpt lat="30.290104899446863" lon="120.22478642226278">
        <ele>14.0</ele>
        <time>2026-08-14T22:17:27Z</time>
        <extensions>
          <gpxtpx:TrackPointExtension>
            <gpxtpx:hr>152</gpxtpx:hr>
          </gpxtpx:TrackPointExtension>
        </extensions>
      </trkpt>
      <trkpt lat="30.290017883186557" lon="120.22475237367713">
        <ele>14.0</ele>
        <time>2026-08-14T22:17:31Z</time>
        <extensions>
          <gpxtpx:TrackPointExtension>
            <gpxtpx:hr>151</gpxtpx:hr>
          </gpxtpx:TrackPointExtension>
        </extensions>
      </trkpt>
      <trkpt lat="30.28993187580811" lon="120.22473034465821">
        <ele>14.0</ele>
        <time>2026-08-14T22:17:35Z</time>
        <extensions>
          <gpxtpx:TrackPointExtension>
            <gpxtpx:hr>152</gpxtpx:hr>
          </gpxtpx:TrackPointExtension>
        </extensions>
      </trkpt>
      <trkpt lat="30.289842878518467" lon="120.22472133720915">
        <ele>14.0</ele>
        <time>2026-08-14T22:17:39Z</time>
        <extensions>
          <gpxtpx:TrackPointExtension>
            <gpxtpx:hr>152</gpxtpx:hr>
          </gpxtpx:TrackPointExtension>
        </extensions>
      </trkpt>
      <trkpt lat="30.289740899920563" lon="120.22473536857827">
        <ele>14.199999809265137</ele>
        <time>2026-08-14T22:17:43Z</time>
        <extensions>
          <gpxtpx:TrackPointExtension>
            <gpxtpx:hr>153</gpxtpx:hr>
          </gpxtpx:TrackPointExtension>
        </extensions>
      </trkpt>
      <trkpt lat="30.289640917334832" lon="120.22474439157251">
        <ele>14.199999809265137</ele>
        <time>2026-08-14T22:17:47Z</time>
        <extensions>
          <gpxtpx:TrackPointExtension>
            <gpxtpx:hr>152</gpxtpx:hr>
          </gpxtpx:TrackPointExtension>
        </extensions>
      </trkpt>
      <trkpt lat="30.289542940539885" lon="120.22476142751887">
        <ele>14.0</ele>
        <time>2026-08-14T22:17:51Z</time>
        <extensions>
          <gpxtpx:TrackPointExtension>
            <gpxtpx:hr>152</gpxtpx:hr>
          </gpxtpx:TrackPointExtension>
        </extensions>
      </trkpt>
      <trkpt lat="30.28942895641321" lon="120.22476644509702">
        <ele>14.199999809265137</ele>
        <time>2026-08-14T22:17:55Z</time>
        <extensions>
          <gpxtpx:TrackPointExtension>
            <gpxtpx:hr>152</gpxtpx:hr>
          </gpxtpx:TrackPointExtension>
        </extensions>
      </trkpt>
      <trkpt lat="30.289328964778775" lon="120.22476344840545">
        <ele>14.199999809265137</ele>
        <time>2026-08-14T22:17:59Z</time>
        <extensions>
          <gpxtpx:TrackPointExtension>
            <gpxtpx:hr>150</gpxtpx:hr>
          </gpxtpx:TrackPointExtension>
        </extensions>
      </trkpt>
      <trkpt lat="30.289222964751158" lon="120.22474843252563">
        <ele>14.0</ele>
        <time>2026-08-14T22:18:03Z</time>
        <extensions>
          <gpxtpx:TrackPointExtension>
            <gpxtpx:hr>150</gpxtpx:hr>
          </gpxtpx:TrackPointExtension>
        </extensions>
      </trkpt>
      <trkpt lat="30.289128966445144" lon="120.22473742221293">
        <ele>14.0</ele>
        <time>2026-08-14T22:18:07Z</time>
        <extensions>
          <gpxtpx:TrackPointExtension>
            <gpxtpx:hr>152</gpxtpx:hr>
          </gpxtpx:TrackPointExtension>
        </extensions>
      </trkpt>
      <trkpt lat="30.289029977689058" lon="120.22473843199893">
        <ele>14.0</ele>
        <time>2026-08-14T22:18:11Z</time>
        <extensions>
          <gpxtpx:TrackPointExtension>
            <gpxtpx:hr>154</gpxtpx:hr>
          </gpxtpx:TrackPointExtension>
        </extensions>
      </trkpt>
      <trkpt lat="30.288934990006762" lon="120.22474144473716">
        <ele>14.199999809265137</ele>
        <time>2026-08-14T22:18:15Z</time>
        <extensions>
          <gpxtpx:TrackPointExtension>
            <gpxtpx:hr>155</gpxtpx:hr>
          </gpxtpx:TrackPointExtension>
        </extensions>
      </trkpt>
      <trkpt lat="30.288830997251047" lon="120.2247364450899">
        <ele>14.199999809265137</ele>
        <time>2026-08-14T22:18:19Z</time>
        <extensions>
          <gpxtpx:TrackPointExtension>
            <gpxtpx:hr>155</gpxtpx:hr>
          </gpxtpx:TrackPointExtension>
        </extensions>
      </trkpt>
      <trkpt lat="30.288741956171084" lon="120.22466934238251">
        <ele>14.199999809265137</ele>
        <time>2026-08-14T22:18:23Z</time>
        <extensions>
          <gpxtpx:TrackPointExtension>
            <gpxtpx:hr>155</gpxtpx:hr>
          </gpxtpx:TrackPointExtension>
        </extensions>
      </trkpt>
      <trkpt lat="30.288685884921918" lon="120.22456717912797">
        <ele>14.199999809265137</ele>
        <time>2026-08-14T22:18:27Z</time>
        <extensions>
          <gpxtpx:TrackPointExtension>
            <gpxtpx:hr>155</gpxtpx:hr>
          </gpxtpx:TrackPointExtension>
        </extensions>
      </trkpt>
      <trkpt lat="30.288640806050797" lon="120.2244570013244">
        <ele>14.199999809265137</ele>
        <time>2026-08-14T22:18:31Z</time>
        <extensions>
          <gpxtpx:TrackPointExtension>
            <gpxtpx:hr>155</gpxtpx:hr>
          </gpxtpx:TrackPointExtension>
        </extensions>
      </trkpt>
      <trkpt lat="30.28860073005946" lon="120.22435183089702">
        <ele>14.199999809265137</ele>
        <time>2026-08-14T22:18:35Z</time>
        <extensions>
          <gpxtpx:TrackPointExtension>
            <gpxtpx:hr>155</gpxtpx:hr>
          </gpxtpx:TrackPointExtension>
        </extensions>
      </trkpt>
      <trkpt lat="30.28856765448426" lon="120.22424866276394">
        <ele>14.399999618530273</ele>
        <time>2026-08-14T22:18:39Z</time>
        <extensions>
          <gpxtpx:TrackPointExtension>
            <gpxtpx:hr>156</gpxtpx:hr>
          </gpxtpx:TrackPointExtension>
        </extensions>
      </trkpt>
      <trkpt lat="30.288527578506688" lon="120.22414449310766">
        <ele>14.399999618530273</ele>
        <time>2026-08-14T22:18:43Z</time>
        <extensions>
          <gpxtpx:TrackPointExtension>
            <gpxtpx:hr>156</gpxtpx:hr>
          </gpxtpx:TrackPointExtension>
        </extensions>
      </trkpt>
      <trkpt lat="30.2884915017314" lon="120.22404032268014">
        <ele>14.600000381469727</ele>
        <time>2026-08-14T22:18:47Z</time>
        <extensions>
          <gpxtpx:TrackPointExtension>
            <gpxtpx:hr>156</gpxtpx:hr>
          </gpxtpx:TrackPointExtension>
        </extensions>
      </trkpt>
      <trkpt lat="30.28845442312623" lon="120.22393414854594">
        <ele>14.600000381469727</ele>
        <time>2026-08-14T22:18:51Z</time>
        <extensions>
          <gpxtpx:TrackPointExtension>
            <gpxtpx:hr>156</gpxtpx:hr>
          </gpxtpx:TrackPointExtension>
        </extensions>
      </trkpt>
      <trkpt lat="30.28841035584117" lon="120.22384199801708">
        <ele>14.800000190734863</ele>
        <time>2026-08-14T22:18:55Z</time>
        <extensions>
          <gpxtpx:TrackPointExtension>
            <gpxtpx:hr>156</gpxtpx:hr>
          </gpxtpx:TrackPointExtension>
        </extensions>
      </trkpt>
      <trkpt lat="30.288362281603675" lon="120.22374083234021">
        <ele>14.800000190734863</ele>
        <time>2026-08-14T22:18:59Z</time>
        <extensions>
          <gpxtpx:TrackPointExtension>
            <gpxtpx:hr>156</gpxtpx:hr>
          </gpxtpx:TrackPointExtension>
        </extensions>
      </trkpt>
      <trkpt lat="30.288330204535736" lon="120.22363866324561">
        <ele>14.800000190734863</ele>
        <time>2026-08-14T22:19:03Z</time>
        <extensions>
          <gpxtpx:TrackPointExtension>
            <gpxtpx:hr>155</gpxtpx:hr>
          </gpxtpx:TrackPointExtension>
        </extensions>
      </trkpt>
      <trkpt lat="30.288294125942222" lon="120.22353449067704">
        <ele>14.800000190734863</ele>
        <time>2026-08-14T22:19:07Z</time>
        <extensions>
          <gpxtpx:TrackPointExtension>
            <gpxtpx:hr>154</gpxtpx:hr>
          </gpxtpx:TrackPointExtension>
        </extensions>
      </trkpt>
      <trkpt lat="30.288263048841145" lon="120.22343332233952">
        <ele>15.0</ele>
        <time>2026-08-14T22:19:11Z</time>
        <extensions>
          <gpxtpx:TrackPointExtension>
            <gpxtpx:hr>154</gpxtpx:hr>
          </gpxtpx:TrackPointExtension>
        </extensions>
      </trkpt>
      <trkpt lat="30.288232976888857" lon="120.22333916539121">
        <ele>15.199999809265137</ele>
        <time>2026-08-14T22:19:15Z</time>
        <extensions>
          <gpxtpx:TrackPointExtension>
            <gpxtpx:hr>154</gpxtpx:hr>
          </gpxtpx:TrackPointExtension>
        </extensions>
      </trkpt>
      <trkpt lat="30.288175893804095" lon="120.22322798137243">
        <ele>15.199999809265137</ele>
        <time>2026-08-14T22:19:19Z</time>
        <extensions>
          <gpxtpx:TrackPointExtension>
            <gpxtpx:hr>155</gpxtpx:hr>
          </gpxtpx:TrackPointExtension>
        </extensions>
      </trkpt>
      <trkpt lat="30.288127822275204" lon="120.22313282341773">
        <ele>15.399999618530273</ele>
        <time>2026-08-14T22:19:23Z</time>
        <extensions>
          <gpxtpx:TrackPointExtension>
            <gpxtpx:hr>154</gpxtpx:hr>
          </gpxtpx:TrackPointExtension>
        </extensions>
      </trkpt>
      <trkpt lat="30.288085744937014" lon="120.22303165434279">
        <ele>15.399999618530273</ele>
        <time>2026-08-14T22:19:27Z</time>
        <extensions>
          <gpxtpx:TrackPointExtension>
            <gpxtpx:hr>155</gpxtpx:hr>
          </gpxtpx:TrackPointExtension>
        </extensions>
      </trkpt>
      <trkpt lat="30.288046666117722" lon="120.2229294828938">
        <ele>15.399999618530273</ele>
        <time>2026-08-14T22:19:31Z</time>
        <extensions>
          <gpxtpx:TrackPointExtension>
            <gpxtpx:hr>155</gpxtpx:hr>
          </gpxtpx:TrackPointExtension>
        </extensions>
      </trkpt>
      <trkpt lat="30.28800358981635" lon="120.22283031650883">
        <ele>15.399999618530273</ele>
        <time>2026-08-14T22:19:35Z</time>
        <extensions>
          <gpxtpx:TrackPointExtension>
            <gpxtpx:hr>156</gpxtpx:hr>
          </gpxtpx:TrackPointExtension>
        </extensions>
      </trkpt>
      <trkpt lat="30.287966505974648" lon="120.22272313545373">
        <ele>15.399999618530273</ele>
        <time>2026-08-14T22:19:39Z</time>
        <extensions>
          <gpxtpx:TrackPointExtension>
            <gpxtpx:hr>155</gpxtpx:hr>
          </gpxtpx:TrackPointExtension>
        </extensions>
      </trkpt>
      <trkpt lat="30.287934420389842" lon="120.2226149517981">
        <ele>15.399999618530273</ele>
        <time>2026-08-14T22:19:43Z</time>
        <extensions>
          <gpxtpx:TrackPointExtension>
            <gpxtpx:hr>154</gpxtpx:hr>
          </gpxtpx:TrackPointExtension>
        </extensions>
      </trkpt>
      <trkpt lat="30.28789935295411" lon="120.222528806001">
        <ele>15.399999618530273</ele>
        <time>2026-08-14T22:19:47Z</time>
        <extensions>
          <gpxtpx:TrackPointExtension>
            <gpxtpx:hr>153</gpxtpx:hr>
          </gpxtpx:TrackPointExtension>
        </extensions>
      </trkpt>
      <trkpt lat="30.287866295859306" lon="120.2224556822801">
        <ele>15.399999618530273</ele>
        <time>2026-08-14T22:19:51Z</time>
        <extensions>
          <gpxtpx:TrackPointExtension>
            <gpxtpx:hr>153</gpxtpx:hr>
          </gpxtpx:TrackPointExtension>
        </extensions>
      </trkpt>
      <trkpt lat="30.287845213974368" lon="120.22235450872152">
        <ele>15.399999618530273</ele>
        <time>2026-08-14T22:19:55Z</time>
        <extensions>
          <gpxtpx:TrackPointExtension>
            <gpxtpx:hr>153</gpxtpx:hr>
          </gpxtpx:TrackPointExtension>
        </extensions>
      </trkpt>
      <trkpt lat="30.28782411498028" lon="120.22223329991259">
        <ele>15.399999618530273</ele>
        <time>2026-08-14T22:19:59Z</time>
        <extensions>
          <gpxtpx:TrackPointExtension>
            <gpxtpx:hr>153</gpxtpx:hr>
          </gpxtpx:TrackPointExtension>
        </extensions>
      </trkpt>
      <trkpt lat="30.28780897606563" lon="120.22206600960506">
        <ele>15.399999618530273</ele>
        <time>2026-08-14T22:20:03Z</time>
        <extensions>
          <gpxtpx:TrackPointExtension>
            <gpxtpx:hr>154</gpxtpx:hr>
          </gpxtpx:TrackPointExtension>
        </extensions>
      </trkpt>
      <trkpt lat="30.287791878011724" lon="120.22194780433013">
        <ele>15.600000381469727</ele>
        <time>2026-08-14T22:20:07Z</time>
        <extensions>
          <gpxtpx:TrackPointExtension>
            <gpxtpx:hr>155</gpxtpx:hr>
          </gpxtpx:TrackPointExtension>
        </extensions>
      </trkpt>
      <trkpt lat="30.287755801069633" lon="120.22185264049796">
        <ele>15.399999618530273</ele>
        <time>2026-08-14T22:20:11Z</time>
        <extensions>
          <gpxtpx:TrackPointExtension>
            <gpxtpx:hr>154</gpxtpx:hr>
          </gpxtpx:TrackPointExtension>
        </extensions>
      </trkpt>
      <trkpt lat="30.287721712499273" lon="120.22174445323796">
        <ele>15.199999809265137</ele>
        <time>2026-08-14T22:20:15Z</time>
        <extensions>
          <gpxtpx:TrackPointExtension>
            <gpxtpx:hr>153</gpxtpx:hr>
          </gpxtpx:TrackPointExtension>
        </extensions>
      </trkpt>
      <trkpt lat="30.287683634254225" lon="120.22164828703355">
        <ele>15.199999809265137</ele>
        <time>2026-08-14T22:20:19Z</time>
        <extensions>
          <gpxtpx:TrackPointExtension>
            <gpxtpx:hr>153</gpxtpx:hr>
          </gpxtpx:TrackPointExtension>
        </extensions>
      </trkpt>
      <trkpt lat="30.287637557397275" lon="120.22155312288939">
        <ele>15.0</ele>
        <time>2026-08-14T22:20:23Z</time>
        <extensions>
          <gpxtpx:TrackPointExtension>
            <gpxtpx:hr>153</gpxtpx:hr>
          </gpxtpx:TrackPointExtension>
        </extensions>
      </trkpt>
      <trkpt lat="30.287590477744853" lon="120.22145495314732">
        <ele>15.0</ele>
        <time>2026-08-14T22:20:27Z</time>
        <extensions>
          <gpxtpx:TrackPointExtension>
            <gpxtpx:hr>152</gpxtpx:hr>
          </gpxtpx:TrackPointExtension>
        </extensions>
      </trkpt>
      <trkpt lat="30.28754140752286" lon="120.22136780273624">
        <ele>15.0</ele>
        <time>2026-08-14T22:20:31Z</time>
        <extensions>
          <gpxtpx:TrackPointExtension>
            <gpxtpx:hr>151</gpxtpx:hr>
          </gpxtpx:TrackPointExtension>
        </extensions>
      </trkpt>
      <trkpt lat="30.287488327013584" lon="120.22126863098521">
        <ele>15.0</ele>
        <time>2026-08-14T22:20:35Z</time>
        <extensions>
          <gpxtpx:TrackPointExtension>
            <gpxtpx:hr>152</gpxtpx:hr>
          </gpxtpx:TrackPointExtension>
        </extensions>
      </trkpt>
      <trkpt lat="30.28743824935509" lon="120.2211734657365">
        <ele>14.800000190734863</ele>
        <time>2026-08-14T22:20:39Z</time>
        <extensions>
          <gpxtpx:TrackPointExtension>
            <gpxtpx:hr>151</gpxtpx:hr>
          </gpxtpx:TrackPointExtension>
        </extensions>
      </trkpt>
      <trkpt lat="30.287401161254355" lon="120.22106828117249">
        <ele>14.800000190734863</ele>
        <time>2026-08-14T22:20:43Z</time>
        <extensions>
          <gpxtpx:TrackPointExtension>
            <gpxtpx:hr>151</gpxtpx:hr>
          </gpxtpx:TrackPointExtension>
        </extensions>
      </trkpt>
      <trkpt lat="30.28742205260454" lon="120.22094706270234">
        <ele>14.600000381469727</ele>
        <time>2026-08-14T22:20:47Z</time>
        <extensions>
          <gpxtpx:TrackPointExtension>
            <gpxtpx:hr>151</gpxtpx:hr>
          </gpxtpx:TrackPointExtension>
        </extensions>
      </trkpt>
      <trkpt lat="30.287519970802137" lon="120.220865909218">
        <ele>14.399999618530273</ele>
        <time>2026-08-14T22:20:51Z</time>
        <extensions>
          <gpxtpx:TrackPointExtension>
            <gpxtpx:hr>152</gpxtpx:hr>
          </gpxtpx:TrackPointExtension>
        </extensions>
      </trkpt>
      <trkpt lat="30.28762690645288" lon="120.2208057925252">
        <ele>14.399999618530273</ele>
        <time>2026-08-14T22:20:55Z</time>
        <extensions>
          <gpxtpx:TrackPointExtension>
            <gpxtpx:hr>151</gpxtpx:hr>
          </gpxtpx:TrackPointExtension>
        </extensions>
      </trkpt>
      <trkpt lat="30.287722842240555" lon="120.22074467479365">
        <ele>14.399999618530273</ele>
        <time>2026-08-14T22:20:59Z</time>
        <extensions>
          <gpxtpx:TrackPointExtension>
            <gpxtpx:hr>152</gpxtpx:hr>
          </gpxtpx:TrackPointExtension>
        </extensions>
      </trkpt>
      <trkpt lat="30.28781178397499" lon="120.22068956831473">
        <ele>14.600000381469727</ele>
        <time>2026-08-14T22:21:03Z</time>
        <extensions>
          <gpxtpx:TrackPointExtension>
            <gpxtpx:hr>152</gpxtpx:hr>
          </gpxtpx:TrackPointExtension>
        </extensions>
      </trkpt>
      <trkpt lat="30.28789973106022" lon="120.22064047263366">
        <ele>14.600000381469727</ele>
        <time>2026-08-14T22:21:07Z</time>
        <extensions>
          <gpxtpx:TrackPointExtension>
            <gpxtpx:hr>152</gpxtpx:hr>
          </gpxtpx:TrackPointExtension>
        </extensions>
      </trkpt>
      <trkpt lat="30.287982675903997" lon="120.22058837184592">
        <ele>14.600000381469727</ele>
        <time>2026-08-14T22:21:11Z</time>
        <extensions>
          <gpxtpx:TrackPointExtension>
            <gpxtpx:hr>153</gpxtpx:hr>
          </gpxtpx:TrackPointExtension>
        </extensions>
      </trkpt>
      <trkpt lat="30.288072619915745" lon="120.2205362703748">
        <ele>14.600000381469727</ele>
        <time>2026-08-14T22:21:15Z</time>
        <extensions>
          <gpxtpx:TrackPointExtension>
            <gpxtpx:hr>153</gpxtpx:hr>
          </gpxtpx:TrackPointExtension>
        </extensions>
      </trkpt>
      <trkpt lat="30.288153568367417" lon="120.22048817678525">
        <ele>14.600000381469727</ele>
        <time>2026-08-14T22:21:19Z</time>
        <extensions>
          <gpxtpx:TrackPointExtension>
            <gpxtpx:hr>153</gpxtpx:hr>
          </gpxtpx:TrackPointExtension>
        </extensions>
      </trkpt>
      <trkpt lat="30.288239514413057" lon="120.22043807906549">
        <ele>14.600000381469727</ele>
        <time>2026-08-14T22:21:23Z</time>
        <extensions>
          <gpxtpx:TrackPointExtension>
            <gpxtpx:hr>152</gpxtpx:hr>
          </gpxtpx:TrackPointExtension>
        </extensions>
      </trkpt>
      <trkpt lat="30.28831646221885" lon="120.22038898380376">
        <ele>14.600000381469727</ele>
        <time>2026-08-14T22:21:27Z</time>
        <extensions>
          <gpxtpx:TrackPointExtension>
            <gpxtpx:hr>152</gpxtpx:hr>
          </gpxtpx:TrackPointExtension>
        </extensions>
      </trkpt>
      <trkpt lat="30.28839840399994" lon="120.22033387712911">
        <ele>14.600000381469727</ele>
        <time>2026-08-14T22:21:31Z</time>
        <extensions>
          <gpxtpx:TrackPointExtension>
            <gpxtpx:hr>151</gpxtpx:hr>
          </gpxtpx:TrackPointExtension>
        </extensions>
      </trkpt>
      <trkpt lat="30.28847734237515" lon="120.2202747633017">
        <ele>14.600000381469727</ele>
        <time>2026-08-14T22:21:35Z</time>
        <extensions>
          <gpxtpx:TrackPointExtension>
            <gpxtpx:hr>151</gpxtpx:hr>
          </gpxtpx:TrackPointExtension>
        </extensions>
      </trkpt>
      <trkpt lat="30.28855428265322" lon="120.22021765314672">
        <ele>14.600000381469727</ele>
        <time>2026-08-14T22:21:39Z</time>
        <extensions>
          <gpxtpx:TrackPointExtension>
            <gpxtpx:hr>150</gpxtpx:hr>
          </gpxtpx:TrackPointExtension>
        </extensions>
      </trkpt>
      <trkpt lat="30.288634222501795" lon="120.22016054261667">
        <ele>14.600000381469727</ele>
        <time>2026-08-14T22:21:43Z</time>
        <extensions>
          <gpxtpx:TrackPointExtension>
            <gpxtpx:hr>152</gpxtpx:hr>
          </gpxtpx:TrackPointExtension>
        </extensions>
      </trkpt>
      <trkpt lat="30.28871415313678" lon="120.2200934136876">
        <ele>14.399999618530273</ele>
        <time>2026-08-14T22:21:47Z</time>
        <extensions>
          <gpxtpx:TrackPointExtension>
            <gpxtpx:hr>153</gpxtpx:hr>
          </gpxtpx:TrackPointExtension>
        </extensions>
      </trkpt>
      <trkpt lat="30.28879308463597" lon="120.2200272864942">
        <ele>14.399999618530273</ele>
        <time>2026-08-14T22:21:51Z</time>
        <extensions>
          <gpxtpx:TrackPointExtension>
            <gpxtpx:hr>154</gpxtpx:hr>
          </gpxtpx:TrackPointExtension>
        </extensions>
      </trkpt>
      <trkpt lat="30.288873011306446" lon="120.21995614988428">
        <ele>14.399999618530273</ele>
        <time>2026-08-14T22:21:55Z</time>
        <extensions>
          <gpxtpx:TrackPointExtension>
            <gpxtpx:hr>154</gpxtpx:hr>
          </gpxtpx:TrackPointExtension>
        </extensions>
      </trkpt>
      <trkpt lat="30.288953950535742" lon="120.21989903868673">
        <ele>14.399999618530273</ele>
        <time>2026-08-14T22:21:59Z</time>
        <extensions>
          <gpxtpx:TrackPointExtension>
            <gpxtpx:hr>154</gpxtpx:hr>
          </gpxtpx:TrackPointExtension>
        </extensions>
      </trkpt>
      <trkpt lat="30.289036883928457" lon="120.21983591617327">
        <ele>14.600000381469727</ele>
        <time>2026-08-14T22:22:03Z</time>
        <extensions>
          <gpxtpx:TrackPointExtension>
            <gpxtpx:hr>155</gpxtpx:hr>
          </gpxtpx:TrackPointExtension>
        </extensions>
      </trkpt>
      <trkpt lat="30.289112813321758" lon="120.21976778488076">
        <ele>14.600000381469727</ele>
        <time>2026-08-14T22:22:07Z</time>
        <extensions>
          <gpxtpx:TrackPointExtension>
            <gpxtpx:hr>155</gpxtpx:hr>
          </gpxtpx:TrackPointExtension>
        </extensions>
      </trkpt>
      <trkpt lat="30.28918474113518" lon="120.2196976500509">
        <ele>14.399999618530273</ele>
        <time>2026-08-14T22:22:11Z</time>
        <extensions>
          <gpxtpx:TrackPointExtension>
            <gpxtpx:hr>156</gpxtpx:hr>
          </gpxtpx:TrackPointExtension>
        </extensions>
      </trkpt>
      <trkpt lat="30.289258672272712" lon="120.21963152224626">
        <ele>14.600000381469727</ele>
        <time>2026-08-14T22:22:15Z</time>
        <extensions>
          <gpxtpx:TrackPointExtension>
            <gpxtpx:hr>156</gpxtpx:hr>
          </gpxtpx:TrackPointExtension>
        </extensions>
      </trkpt>
      <trkpt lat="30.28933660005416" lon="120.21956238839762">
        <ele>14.399999618530273</ele>
        <time>2026-08-14T22:22:19Z</time>
        <extensions>
          <gpxtpx:TrackPointExtension>
            <gpxtpx:hr>155</gpxtpx:hr>
          </gpxtpx:TrackPointExtension>
        </extensions>
      </trkpt>
      <trkpt lat="30.289407523766442" lon="120.21948824568494">
        <ele>14.399999618530273</ele>
        <time>2026-08-14T22:22:23Z</time>
        <extensions>
          <gpxtpx:TrackPointExtension>
            <gpxtpx:hr>156</gpxtpx:hr>
          </gpxtpx:TrackPointExtension>
        </extensions>
      </trkpt>
      <trkpt lat="30.28948745473056" lon="120.21942311870019">
        <ele>14.399999618530273</ele>
        <time>2026-08-14T22:22:27Z</time>
        <extensions>
          <gpxtpx:TrackPointExtension>
            <gpxtpx:hr>156</gpxtpx:hr>
          </gpxtpx:TrackPointExtension>
        </extensions>
      </trkpt>
      <trkpt lat="30.289567389288386" lon="120.21936199897429">
        <ele>14.399999618530273</ele>
        <time>2026-08-14T22:22:31Z</time>
        <extensions>
          <gpxtpx:TrackPointExtension>
            <gpxtpx:hr>156</gpxtpx:hr>
          </gpxtpx:TrackPointExtension>
        </extensions>
      </trkpt>
      <trkpt lat="30.289644315608832" lon="120.21929186262429">
        <ele>14.399999618530273</ele>
        <time>2026-08-14T22:22:35Z</time>
        <extensions>
          <gpxtpx:TrackPointExtension>
            <gpxtpx:hr>156</gpxtpx:hr>
          </gpxtpx:TrackPointExtension>
        </extensions>
      </trkpt>
      <trkpt lat="30.289720241869865" lon="120.21922172616557">
        <ele>14.199999809265137</ele>
        <time>2026-08-14T22:22:39Z</time>
        <extensions>
          <gpxtpx:TrackPointExtension>
            <gpxtpx:hr>156</gpxtpx:hr>
          </gpxtpx:TrackPointExtension>
        </extensions>
      </trkpt>
      <trkpt lat="30.289820198334965" lon="120.21918665275768">
        <ele>14.0</ele>
        <time>2026-08-14T22:22:43Z</time>
        <extensions>
          <gpxtpx:TrackPointExtension>
            <gpxtpx:hr>156</gpxtpx:hr>
          </gpxtpx:TrackPointExtension>
        </extensions>
      </trkpt>
      <trkpt lat="30.289925189965746" lon="120.2191896496968">
        <ele>14.0</ele>
        <time>2026-08-14T22:22:47Z</time>
        <extensions>
          <gpxtpx:TrackPointExtension>
            <gpxtpx:hr>156</gpxtpx:hr>
          </gpxtpx:TrackPointExtension>
        </extensions>
      </trkpt>
      <trkpt lat="30.290001248523634" lon="120.21926077558281">
        <ele>14.0</ele>
        <time>2026-08-14T22:22:51Z</time>
        <extensions>
          <gpxtpx:TrackPointExtension>
            <gpxtpx:hr>155</gpxtpx:hr>
          </gpxtpx:TrackPointExtension>
        </extensions>
      </trkpt>
      <trkpt lat="30.290045336504008" lon="120.21935995589112">
        <ele>14.0</ele>
        <time>2026-08-14T22:22:55Z</time>
        <extensions>
          <gpxtpx:TrackPointExtension>
            <gpxtpx:hr>155</gpxtpx:hr>
          </gpxtpx:TrackPointExtension>
        </extensions>
      </trkpt>
      <trkpt lat="30.29009042777761" lon="120.21946314314332">
        <ele>14.0</ele>
        <time>2026-08-14T22:22:59Z</time>
        <extensions>
          <gpxtpx:TrackPointExtension>
            <gpxtpx:hr>155</gpxtpx:hr>
          </gpxtpx:TrackPointExtension>
        </extensions>
      </trkpt>
      <trkpt lat="30.29012651502156" lon="120.21956132148277">
        <ele>14.0</ele>
        <time>2026-08-14T22:23:03Z</time>
        <extensions>
          <gpxtpx:TrackPointExtension>
            <gpxtpx:hr>155</gpxtpx:hr>
          </gpxtpx:TrackPointExtension>
        </extensions>
      </trkpt>
      <trkpt lat="30.29014760724698" lon="120.21966350805947">
        <ele>14.0</ele>
        <time>2026-08-14T22:23:07Z</time>
        <extensions>
          <gpxtpx:TrackPointExtension>
            <gpxtpx:hr>155</gpxtpx:hr>
          </gpxtpx:TrackPointExtension>
        </extensions>
      </trkpt>
      <trkpt lat="30.290186697205517" lon="120.21976569274685">
        <ele>14.0</ele>
        <time>2026-08-14T22:23:11Z</time>
        <extensions>
          <gpxtpx:TrackPointExtension>
            <gpxtpx:hr>155</gpxtpx:hr>
          </gpxtpx:TrackPointExtension>
        </extensions>
      </trkpt>
      <trkpt lat="30.29023378596362" lon="120.21986787636813">
        <ele>14.0</ele>
        <time>2026-08-14T22:23:15Z</time>
        <extensions>
          <gpxtpx:TrackPointExtension>
            <gpxtpx:hr>156</gpxtpx:hr>
          </gpxtpx:TrackPointExtension>
        </extensions>
      </trkpt>
      <trkpt lat="30.290287870883795" lon="120.21996705350857">
        <ele>14.199999809265137</ele>
        <time>2026-08-14T22:23:19Z</time>
        <extensions>
          <gpxtpx:TrackPointExtension>
            <gpxtpx:hr>156</gpxtpx:hr>
          </gpxtpx:TrackPointExtension>
        </extensions>
      </trkpt>
      <trkpt lat="30.29033794770252" lon="120.22005721413689">
        <ele>14.0</ele>
        <time>2026-08-14T22:23:23Z</time>
        <extensions>
          <gpxtpx:TrackPointExtension>
            <gpxtpx:hr>156</gpxtpx:hr>
          </gpxtpx:TrackPointExtension>
        </extensions>
      </trkpt>
      <trkpt lat="30.290385030021124" lon="120.22015338564482">
        <ele>14.199999809265137</ele>
        <time>2026-08-14T22:23:27Z</time>
        <extensions>
          <gpxtpx:TrackPointExtension>
            <gpxtpx:hr>157</gpxtpx:hr>
          </gpxtpx:TrackPointExtension>
        </extensions>
      </trkpt>
      <trkpt lat="30.290431110328317" lon="120.22024755323038">
        <ele>14.199999809265137</ele>
        <time>2026-08-14T22:23:31Z</time>
        <extensions>
          <gpxtpx:TrackPointExtension>
            <gpxtpx:hr>157</gpxtpx:hr>
          </gpxtpx:TrackPointExtension>
        </extensions>
      </trkpt>
      <trkpt lat="30.29048018189942" lon="120.22033270386147">
        <ele>14.0</ele>
        <time>2026-08-14T22:23:35Z</time>
        <extensions>
          <gpxtpx:TrackPointExtension>
            <gpxtpx:hr>156</gpxtpx:hr>
          </gpxtpx:TrackPointExtension>
        </extensions>
      </trkpt>
      <trkpt lat="30.290531247616492" lon="120.22041184315516">
        <ele>13.600000381469727</ele>
        <time>2026-08-14T22:23:39Z</time>
        <extensions>
          <gpxtpx:TrackPointExtension>
            <gpxtpx:hr>155</gpxtpx:hr>
          </gpxtpx:TrackPointExtension>
        </extensions>
      </trkpt>
      <trkpt lat="30.290599322064317" lon="120.22050300254057">
        <ele>13.800000190734863</ele>
        <time>2026-08-14T22:23:43Z</time>
        <extensions>
          <gpxtpx:TrackPointExtension>
            <gpxtpx:hr>154</gpxtpx:hr>
          </gpxtpx:TrackPointExtension>
        </extensions>
      </trkpt>
      <trkpt lat="30.29066039698228" lon="120.22059416217576">
        <ele>13.800000190734863</ele>
        <time>2026-08-14T22:23:47Z</time>
        <extensions>
          <gpxtpx:TrackPointExtension>
            <gpxtpx:hr>155</gpxtpx:hr>
          </gpxtpx:TrackPointExtension>
        </extensions>
      </trkpt>
      <trkpt lat="30.29071847105172" lon="120.22068431992697">
        <ele>13.600000381469727</ele>
        <time>2026-08-14T22:23:51Z</time>
        <extensions>
          <gpxtpx:TrackPointExtension>
            <gpxtpx:hr>154</gpxtpx:hr>
          </gpxtpx:TrackPointExtension>
        </extensions>
      </trkpt>
      <trkpt lat="30.29076954382317" lon="120.22077247433333">
        <ele>13.600000381469727</ele>
        <time>2026-08-14T22:23:55Z</time>
        <extensions>
          <gpxtpx:TrackPointExtension>
            <gpxtpx:hr>154</gpxtpx:hr>
          </gpxtpx:TrackPointExtension>
        </extensions>
      </trkpt>
      <trkpt lat="30.29083860112837" lon="120.22084559998993">
        <ele>13.399999618530273</ele>
        <time>2026-08-14T22:23:59Z</time>
        <extensions>
          <gpxtpx:TrackPointExtension>
            <gpxtpx:hr>155</gpxtpx:hr>
          </gpxtpx:TrackPointExtension>
        </extensions>
      </trkpt>
      <trkpt lat="30.29089866363066" lon="120.22092373515031">
        <ele>13.399999618530273</ele>
        <time>2026-08-14T22:24:03Z</time>
        <extensions>
          <gpxtpx:TrackPointExtension>
            <gpxtpx:hr>154</gpxtpx:hr>
          </gpxtpx:TrackPointExtension>
        </extensions>
      </trkpt>
      <trkpt lat="30.290957726033547" lon="120.22100187015198">
        <ele>13.399999618530273</ele>
        <time>2026-08-14T22:24:07Z</time>
        <extensions>
          <gpxtpx:TrackPointExtension>
            <gpxtpx:hr>152</gpxtpx:hr>
          </gpxtpx:TrackPointExtension>
        </extensions>
      </trkpt>
      <trkpt lat="30.291033782893635" lon="120.22107599635856">
        <ele>13.199999809265137</ele>
        <time>2026-08-14T22:24:11Z</time>
        <extensions>
          <gpxtpx:TrackPointExtension>
            <gpxtpx:hr>152</gpxtpx:hr>
          </gpxtpx:TrackPointExtension>
        </extensions>
      </trkpt>
      <trkpt lat="30.29110982906339" lon="120.22113810091719">
        <ele>13.199999809265137</ele>
        <time>2026-08-14T22:24:15Z</time>
        <extensions>
          <gpxtpx:TrackPointExtension>
            <gpxtpx:hr>152</gpxtpx:hr>
          </gpxtpx:TrackPointExtension>
        </extensions>
      </trkpt>
      <trkpt lat="30.291192868232837" lon="120.22119319226019">
        <ele>13.199999809265137</ele>
        <time>2026-08-14T22:24:19Z</time>
        <extensions>
          <gpxtpx:TrackPointExtension>
            <gpxtpx:hr>152</gpxtpx:hr>
          </gpxtpx:TrackPointExtension>
        </extensions>
      </trkpt>
      <trkpt lat="30.291271911212228" lon="120.22125229093915">
        <ele>13.399999618530273</ele>
        <time>2026-08-14T22:24:23Z</time>
        <extensions>
          <gpxtpx:TrackPointExtension>
            <gpxtpx:hr>151</gpxtpx:hr>
          </gpxtpx:TrackPointExtension>
        </extensions>
      </trkpt>
      <trkpt lat="30.29134995330786" lon="120.22131038778286">
        <ele>13.399999618530273</ele>
        <time>2026-08-14T22:24:27Z</time>
        <extensions>
          <gpxtpx:TrackPointExtension>
            <gpxtpx:hr>151</gpxtpx:hr>
          </gpxtpx:TrackPointExtension>
        </extensions>
      </trkpt>
      <trkpt lat="30.29142400959428" lon="120.22138451324888">
        <ele>13.199999809265137</ele>
        <time>2026-08-14T22:24:31Z</time>
        <extensions>
          <gpxtpx:TrackPointExtension>
            <gpxtpx:hr>152</gpxtpx:hr>
          </gpxtpx:TrackPointExtension>
        </extensions>
      </trkpt>
      <trkpt lat="30.291493075739425" lon="120.22146965841364">
        <ele>13.199999809265137</ele>
        <time>2026-08-14T22:24:35Z</time>
        <extensions>
          <gpxtpx:TrackPointExtension>
            <gpxtpx:hr>152</gpxtpx:hr>
          </gpxtpx:TrackPointExtension>
        </extensions>
      </trkpt>
      <trkpt lat="30.29156914002098" lon="120.22155380094462">
        <ele>13.199999809265137</ele>
        <time>2026-08-14T22:24:39Z</time>
        <extensions>
          <gpxtpx:TrackPointExtension>
            <gpxtpx:hr>153</gpxtpx:hr>
          </gpxtpx:TrackPointExtension>
        </extensions>
      </trkpt>
      <trkpt lat="30.29163319504968" lon="120.22162592298422">
        <ele>13.199999809265137</ele>
        <time>2026-08-14T22:24:43Z</time>
        <extensions>
          <gpxtpx:TrackPointExtension>
            <gpxtpx:hr>153</gpxtpx:hr>
          </gpxtpx:TrackPointExtension>
        </extensions>
      </trkpt>
      <trkpt lat="30.291703247539353" lon="120.22169604079515">
        <ele>13.399999618530273</ele>
        <time>2026-08-14T22:24:47Z</time>
        <extensions>
          <gpxtpx:TrackPointExtension>
            <gpxtpx:hr>154</gpxtpx:hr>
          </gpxtpx:TrackPointExtension>
        </extensions>
      </trkpt>
      <trkpt lat="30.291769298583127" lon="120.22176415521739">
        <ele>13.399999618530273</ele>
        <time>2026-08-14T22:24:51Z</time>
        <extensions>
          <gpxtpx:TrackPointExtension>
            <gpxtpx:hr>155</gpxtpx:hr>
          </gpxtpx:TrackPointExtension>
        </extensions>
      </trkpt>
      <trkpt lat="30.291848342097744" lon="120.22182525607401">
        <ele>13.399999618530273</ele>
        <time>2026-08-14T22:24:55Z</time>
        <extensions>
          <gpxtpx:TrackPointExtension>
            <gpxtpx:hr>154</gpxtpx:hr>
          </gpxtpx:TrackPointExtension>
        </extensions>
      </trkpt>
      <trkpt lat="30.29192740417695" lon="120.221908395412">
        <ele>13.399999618530273</ele>
        <time>2026-08-14T22:24:59Z</time>
        <extensions>
          <gpxtpx:TrackPointExtension>
            <gpxtpx:hr>154</gpxtpx:hr>
          </gpxtpx:TrackPointExtension>
        </extensions>
      </trkpt>
      <trkpt lat="30.291949495028604" lon="120.22201858646041">
        <ele>13.399999618530273</ele>
        <time>2026-08-14T22:25:03Z</time>
        <extensions>
          <gpxtpx:TrackPointExtension>
            <gpxtpx:hr>155</gpxtpx:hr>
          </gpxtpx:TrackPointExtension>
        </extensions>
      </trkpt>
      <trkpt lat="30.2919245930773" lon="120.22213178613295">
        <ele>13.399999618530273</ele>
        <time>2026-08-14T22:25:07Z</time>
        <extensions>
          <gpxtpx:TrackPointExtension>
            <gpxtpx:hr>157</gpxtpx:hr>
          </gpxtpx:TrackPointExtension>
        </extensions>
      </trkpt>
      <trkpt lat="30.291888677629828" lon="120.2222279565788">
        <ele>13.399999618530273</ele>
        <time>2026-08-14T22:25:11Z</time>
        <extensions>
          <gpxtpx:TrackPointExtension>
            <gpxtpx:hr>157</gpxtpx:hr>
          </gpxtpx:TrackPointExtension>
        </extensions>
      </trkpt>
      <trkpt lat="30.29185676978739" lon="120.22233414371127">
        <ele>13.399999618530273</ele>
        <time>2026-08-14T22:25:15Z</time>
        <extensions>
          <gpxtpx:TrackPointExtension>
            <gpxtpx:hr>158</gpxtpx:hr>
          </gpxtpx:TrackPointExtension>
        </extensions>
      </trkpt>
      <trkpt lat="30.291831857479785" lon="120.22243632287864">
        <ele>13.600000381469727</ele>
        <time>2026-08-14T22:25:19Z</time>
        <extensions>
          <gpxtpx:TrackPointExtension>
            <gpxtpx:hr>156</gpxtpx:hr>
          </gpxtpx:TrackPointExtension>
        </extensions>
      </trkpt>
      <trkpt lat="30.291800949605207" lon="120.22254351077162">
        <ele>13.600000381469727</ele>
        <time>2026-08-14T22:25:23Z</time>
        <extensions>
          <gpxtpx:TrackPointExtension>
            <gpxtpx:hr>155</gpxtpx:hr>
          </gpxtpx:TrackPointExtension>
        </extensions>
      </trkpt>
      <trkpt lat="30.291773036894035" lon="120.2226456893273">
        <ele>13.600000381469727</ele>
        <time>2026-08-14T22:25:27Z</time>
        <extensions>
          <gpxtpx:TrackPointExtension>
            <gpxtpx:hr>155</gpxtpx:hr>
          </gpxtpx:TrackPointExtension>
        </extensions>
      </trkpt>
      <trkpt lat="30.291752130458015" lon="120.2227568823814">
        <ele>13.800000190734863</ele>
        <time>2026-08-14T22:25:31Z</time>
        <extensions>
          <gpxtpx:TrackPointExtension>
            <gpxtpx:hr>155</gpxtpx:hr>
          </gpxtpx:TrackPointExtension>
        </extensions>
      </trkpt>
      <trkpt lat="30.291745220455383" lon="120.2228660703517">
        <ele>14.0</ele>
        <time>2026-08-14T22:25:35Z</time>
        <extensions>
          <gpxtpx:TrackPointExtension>
            <gpxtpx:hr>154</gpxtpx:hr>
          </gpxtpx:TrackPointExtension>
        </extensions>
      </trkpt>
      <trkpt lat="30.29174830977967" lon="120.22297625873126">
        <ele>14.0</ele>
        <time>2026-08-14T22:25:39Z</time>
        <extensions>
          <gpxtpx:TrackPointExtension>
            <gpxtpx:hr>153</gpxtpx:hr>
          </gpxtpx:TrackPointExtension>
        </extensions>
      </trkpt>
      <trkpt lat="30.291743395506387" lon="120.22308143873875">
        <ele>14.0</ele>
        <time>2026-08-14T22:25:43Z</time>
        <extensions>
          <gpxtpx:TrackPointExtension>
            <gpxtpx:hr>152</gpxtpx:hr>
          </gpxtpx:TrackPointExtension>
        </extensions>
      </trkpt>
      <trkpt lat="30.2917304833307" lon="120.22318862236621">
        <ele>14.199999809265137</ele>
        <time>2026-08-14T22:25:47Z</time>
        <extensions>
          <gpxtpx:TrackPointExtension>
            <gpxtpx:hr>152</gpxtpx:hr>
          </gpxtpx:TrackPointExtension>
        </extensions>
      </trkpt>
      <trkpt lat="30.29170657034517" lon="120.22329380303555">
        <ele>14.199999809265137</ele>
        <time>2026-08-14T22:25:51Z</time>
        <extensions>
          <gpxtpx:TrackPointExtension>
            <gpxtpx:hr>152</gpxtpx:hr>
          </gpxtpx:TrackPointExtension>
        </extensions>
      </trkpt>
      <trkpt lat="30.29168165948421" lon="120.22340198842592">
        <ele>14.399999618530273</ele>
        <time>2026-08-14T22:25:55Z</time>
        <extensions>
          <gpxtpx:TrackPointExtension>
            <gpxtpx:hr>153</gpxtpx:hr>
          </gpxtpx:TrackPointExtension>
        </extensions>
      </trkpt>
      <trkpt lat="30.291663747466387" lon="120.22351017276632">
        <ele>14.199999809265137</ele>
        <time>2026-08-14T22:25:59Z</time>
        <extensions>
          <gpxtpx:TrackPointExtension>
            <gpxtpx:hr>155</gpxtpx:hr>
          </gpxtpx:TrackPointExtension>
        </extensions>
      </trkpt>
      <trkpt lat="30.2916458318823" lon="120.2236143498859">
        <ele>14.399999618530273</ele>
        <time>2026-08-14T22:26:03Z</time>
        <extensions>
          <gpxtpx:TrackPointExtension>
            <gpxtpx:hr>156</gpxtpx:hr>
          </gpxtpx:TrackPointExtension>
        </extensions>
      </trkpt>
      <trkpt lat="30.29161891610872" lon="120.22371752562347">
        <ele>14.399999618530273</ele>
        <time>2026-08-14T22:26:07Z</time>
        <extensions>
          <gpxtpx:TrackPointExtension>
            <gpxtpx:hr>156</gpxtpx:hr>
          </gpxtpx:TrackPointExtension>
        </extensions>
      </trkpt>
      <trkpt lat="30.29159500513321" lon="120.22382771242913">
        <ele>14.600000381469727</ele>
        <time>2026-08-14T22:26:11Z</time>
        <extensions>
          <gpxtpx:TrackPointExtension>
            <gpxtpx:hr>157</gpxtpx:hr>
          </gpxtpx:TrackPointExtension>
        </extensions>
      </trkpt>
      <trkpt lat="30.291576091640167" lon="120.22393589498267">
        <ele>14.600000381469727</ele>
        <time>2026-08-14T22:26:15Z</time>
        <extensions>
          <gpxtpx:TrackPointExtension>
            <gpxtpx:hr>156</gpxtpx:hr>
          </gpxtpx:TrackPointExtension>
        </extensions>
      </trkpt>
      <trkpt lat="30.291553175069282" lon="120.22404007071208">
        <ele>14.800000190734863</ele>
        <time>2026-08-14T22:26:19Z</time>
        <extensions>
          <gpxtpx:TrackPointExtension>
            <gpxtpx:hr>156</gpxtpx:hr>
          </gpxtpx:TrackPointExtension>
        </extensions>
      </trkpt>
      <trkpt lat="30.2915282583396" lon="120.22414424616412">
        <ele>14.800000190734863</ele>
        <time>2026-08-14T22:26:23Z</time>
        <extensions>
          <gpxtpx:TrackPointExtension>
            <gpxtpx:hr>156</gpxtpx:hr>
          </gpxtpx:TrackPointExtension>
        </extensions>
      </trkpt>
      <trkpt lat="30.29150534178882" lon="120.22424942267008">
        <ele>14.600000381469727</ele>
        <time>2026-08-14T22:26:27Z</time>
        <extensions>
          <gpxtpx:TrackPointExtension>
            <gpxtpx:hr>155</gpxtpx:hr>
          </gpxtpx:TrackPointExtension>
        </extensions>
      </trkpt>
      <trkpt lat="30.29148342857586" lon="120.22435960692462">
        <ele>14.600000381469727</ele>
        <time>2026-08-14T22:26:31Z</time>
        <extensions>
          <gpxtpx:TrackPointExtension>
            <gpxtpx:hr>154</gpxtpx:hr>
          </gpxtpx:TrackPointExtension>
        </extensions>
      </trkpt>
      <trkpt lat="30.291459509063795" lon="120.22446177763206">
        <ele>14.600000381469727</ele>
        <time>2026-08-14T22:26:35Z</time>
        <extensions>
          <gpxtpx:TrackPointExtension>
            <gpxtpx:hr>154</gpxtpx:hr>
          </gpxtpx:TrackPointExtension>
        </extensions>
      </trkpt>
      <trkpt lat="30.291430599585496" lon="120.22457696974429">
        <ele>14.399999618530273</ele>
        <time>2026-08-14T22:26:39Z</time>
        <extensions>
          <gpxtpx:TrackPointExtension>
            <gpxtpx:hr>154</gpxtpx:hr>
          </gpxtpx:TrackPointExtension>
        </extensions>
      </trkpt>
      <trkpt lat="30.291398683937267" lon="120.22468414841748">
        <ele>14.199999809265137</ele>
        <time>2026-08-14T22:26:43Z</time>
        <extensions>
          <gpxtpx:TrackPointExtension>
            <gpxtpx:hr>153</gpxtpx:hr>
          </gpxtpx:TrackPointExtension>
        </extensions>
      </trkpt>
      <trkpt lat="30.291330755246417" lon="120.22476929352231">
        <ele>14.0</ele>
        <time>2026-08-14T22:26:47Z</time>
        <extensions>
          <gpxtpx:TrackPointExtension>
            <gpxtpx:hr>154</gpxtpx:hr>
          </gpxtpx:TrackPointExtension>
        </extensions>
      </trkpt>
      <trkpt lat="30.29123478885247" lon="120.22480035222732">
        <ele>13.800000190734863</ele>
        <time>2026-08-14T22:26:51Z</time>
        <extensions>
          <gpxtpx:TrackPointExtension>
            <gpxtpx:hr>155</gpxtpx:hr>
          </gpxtpx:TrackPointExtension>
        </extensions>
      </trkpt>
      <trkpt lat="30.29114080646346" lon="120.22481037634226">
        <ele>13.600000381469727</ele>
        <time>2026-08-14T22:26:55Z</time>
        <extensions>
          <gpxtpx:TrackPointExtension>
            <gpxtpx:hr>154</gpxtpx:hr>
          </gpxtpx:TrackPointExtension>
        </extensions>
      </trkpt>
      <trkpt lat="30.29105282491856" lon="120.22482240323417">
        <ele>13.600000381469727</ele>
        <time>2026-08-14T22:26:59Z</time>
        <extensions>
          <gpxtpx:TrackPointExtension>
            <gpxtpx:hr>154</gpxtpx:hr>
          </gpxtpx:TrackPointExtension>
        </extensions>
      </trkpt>
      <trkpt lat="30.290968840685977" lon="120.22483142488018">
        <ele>13.800000190734863</ele>
        <time>2026-08-14T22:27:03Z</time>
        <extensions>
          <gpxtpx:TrackPointExtension>
            <gpxtpx:hr>154</gpxtpx:hr>
          </gpxtpx:TrackPointExtension>
        </extensions>
      </trkpt>
      <trkpt lat="30.290869851314284" lon="120.22483143302581">
        <ele>13.800000190734863</ele>
        <time>2026-08-14T22:27:07Z</time>
        <extensions>
          <gpxtpx:TrackPointExtension>
            <gpxtpx:hr>153</gpxtpx:hr>
          </gpxtpx:TrackPointExtension>
        </extensions>
      </trkpt>
      <trkpt lat="30.29077986246819" lon="120.22483344370478">
        <ele>13.800000190734863</ele>
        <time>2026-08-14T22:27:11Z</time>
        <extensions>
          <gpxtpx:TrackPointExtension>
            <gpxtpx:hr>152</gpxtpx:hr>
          </gpxtpx:TrackPointExtension>
        </extensions>
      </trkpt>
      <trkpt lat="30.290683871262665" lon="120.22483144832962">
        <ele>13.800000190734863</ele>
        <time>2026-08-14T22:27:15Z</time>
        <extensions>
          <gpxtpx:TrackPointExtension>
            <gpxtpx:hr>151</gpxtpx:hr>
          </gpxtpx:TrackPointExtension>
        </extensions>
      </trkpt>
      <trkpt lat="30.29058788154842" lon="120.22483145622833">
        <ele>13.600000381469727</ele>
        <time>2026-08-14T22:27:19Z</time>
        <extensions>
          <gpxtpx:TrackPointExtension>
            <gpxtpx:hr>151</gpxtpx:hr>
          </gpxtpx:TrackPointExtension>
        </extensions>
      </trkpt>
      <trkpt lat="30.290496887545917" lon="120.22482645553019">
        <ele>13.600000381469727</ele>
        <time>2026-08-14T22:27:23Z</time>
        <extensions>
          <gpxtpx:TrackPointExtension>
            <gpxtpx:hr>151</gpxtpx:hr>
          </gpxtpx:TrackPointExtension>
        </extensions>
      </trkpt>
      <trkpt lat="30.290404897390296" lon="120.22482646309975">
        <ele>13.600000381469727</ele>
        <time>2026-08-14T22:27:27Z</time>
        <extensions>
          <gpxtpx:TrackPointExtension>
            <gpxtpx:hr>152</gpxtpx:hr>
          </gpxtpx:TrackPointExtension>
        </extensions>
      </trkpt>
      <trkpt lat="30.290307901017556" lon="120.22481745634435">
        <ele>13.600000381469727</ele>
        <time>2026-08-14T22:27:31Z</time>
        <extensions>
          <gpxtpx:TrackPointExtension>
            <gpxtpx:hr>152</gpxtpx:hr>
          </gpxtpx:TrackPointExtension>
        </extensions>
      </trkpt>
      <trkpt lat="30.290205897667875" lon="120.22479843361572">
        <ele>13.600000381469727</ele>
        <time>2026-08-14T22:27:35Z</time>
        <extensions>
          <gpxtpx:TrackPointExtension>
            <gpxtpx:hr>153</gpxtpx:hr>
          </gpxtpx:TrackPointExtension>
        </extensions>
      </trkpt>
      <trkpt lat="30.290102893653575" lon="120.22477840931543">
        <ele>13.600000381469727</ele>
        <time>2026-08-14T22:27:39Z</time>
        <extensions>
          <gpxtpx:TrackPointExtension>
            <gpxtpx:hr>152</gpxtpx:hr>
          </gpxtpx:TrackPointExtension>
        </extensions>
      </trkpt>
      <trkpt lat="30.290010891450464" lon="120.22476239065324">
        <ele>13.399999618530273</ele>
        <time>2026-08-14T22:27:43Z</time>
        <extensions>
          <gpxtpx:TrackPointExtension>
            <gpxtpx:hr>153</gpxtpx:hr>
          </gpxtpx:TrackPointExtension>
        </extensions>
      </trkpt>
      <trkpt lat="30.28992588322029" lon="120.22473935992033">
        <ele>13.600000381469727</ele>
        <time>2026-08-14T22:27:47Z</time>
        <extensions>
          <gpxtpx:TrackPointExtension>
            <gpxtpx:hr>154</gpxtpx:hr>
          </gpxtpx:TrackPointExtension>
        </extensions>
      </trkpt>
      <trkpt lat="30.289831891733517" lon="120.22473736437281">
        <ele>13.399999618530273</ele>
        <time>2026-08-14T22:27:51Z</time>
        <extensions>
          <gpxtpx:TrackPointExtension>
            <gpxtpx:hr>155</gpxtpx:hr>
          </gpxtpx:TrackPointExtension>
        </extensions>
      </trkpt>
      <trkpt lat="30.289732909047522" lon="120.22474638728407">
        <ele>13.399999618530273</ele>
        <time>2026-08-14T22:27:55Z</time>
        <extensions>
          <gpxtpx:TrackPointExtension>
            <gpxtpx:hr>155</gpxtpx:hr>
          </gpxtpx:TrackPointExtension>
        </extensions>
      </trkpt>
      <trkpt lat="30.28963392710312" lon="120.22475641183202">
        <ele>13.600000381469727</ele>
        <time>2026-08-14T22:27:59Z</time>
        <extensions>
          <gpxtpx:TrackPointExtension>
            <gpxtpx:hr>156</gpxtpx:hr>
          </gpxtpx:TrackPointExtension>
        </extensions>
      </trkpt>
      <trkpt lat="30.28954293978829" lon="120.22476042587901">
        <ele>13.600000381469727</ele>
        <time>2026-08-14T22:28:03Z</time>
        <extensions>
          <gpxtpx:TrackPointExtension>
            <gpxtpx:hr>155</gpxtpx:hr>
          </gpxtpx:TrackPointExtension>
        </extensions>
      </trkpt>
      <trkpt lat="30.28944595160118" lon="120.22476243713945">
        <ele>13.600000381469727</ele>
        <time>2026-08-14T22:28:07Z</time>
        <extensions>
          <gpxtpx:TrackPointExtension>
            <gpxtpx:hr>156</gpxtpx:hr>
          </gpxtpx:TrackPointExtension>
        </extensions>
      </trkpt>
      <trkpt lat="30.2893489604007" lon="120.22476044184049">
        <ele>13.600000381469727</ele>
        <time>2026-08-14T22:28:11Z</time>
        <extensions>
          <gpxtpx:TrackPointExtension>
            <gpxtpx:hr>155</gpxtpx:hr>
          </gpxtpx:TrackPointExtension>
        </extensions>
      </trkpt>
      <trkpt lat="30.28924296789273" lon="120.22475544236174">
        <ele>13.600000381469727</ele>
        <time>2026-08-14T22:28:15Z</time>
        <extensions>
          <gpxtpx:TrackPointExtension>
            <gpxtpx:hr>155</gpxtpx:hr>
          </gpxtpx:TrackPointExtension>
        </extensions>
      </trkpt>
      <trkpt lat="30.289149980011757" lon="120.22475845493338">
        <ele>13.600000381469727</ele>
        <time>2026-08-14T22:28:19Z</time>
        <extensions>
          <gpxtpx:TrackPointExtension>
            <gpxtpx:hr>155</gpxtpx:hr>
          </gpxtpx:TrackPointExtension>
        </extensions>
      </trkpt>
      <trkpt lat="30.289050993511292" lon="120.22476246963808">
        <ele>13.600000381469727</ele>
        <time>2026-08-14T22:28:23Z</time>
        <extensions>
          <gpxtpx:TrackPointExtension>
            <gpxtpx:hr>155</gpxtpx:hr>
          </gpxtpx:TrackPointExtension>
        </extensions>
      </trkpt>
      <trkpt lat="30.288961000789293" lon="120.2247594721232">
        <ele>13.600000381469727</ele>
        <time>2026-08-14T22:28:27Z</time>
        <extensions>
          <gpxtpx:TrackPointExtension>
            <gpxtpx:hr>155</gpxtpx:hr>
          </gpxtpx:TrackPointExtension>
        </extensions>
      </trkpt>
      <trkpt lat="30.288863982468943" lon="120.22472141775732">
        <ele>13.800000190734863</ele>
        <time>2026-08-14T22:28:31Z</time>
        <extensions>
          <gpxtpx:TrackPointExtension>
            <gpxtpx:hr>155</gpxtpx:hr>
          </gpxtpx:TrackPointExtension>
        </extensions>
      </trkpt>
      <trkpt lat="30.28877795311936" lon="120.22467034106421">
        <ele>14.0</ele>
        <time>2026-08-14T22:28:35Z</time>
        <extensions>
          <gpxtpx:TrackPointExtension>
            <gpxtpx:hr>155</gpxtpx:hr>
          </gpxtpx:TrackPointExtension>
        </extensions>
      </trkpt>
      <trkpt lat="30.288718880675717" lon="120.22456617476503">
        <ele>14.0</ele>
        <time>2026-08-14T22:28:39Z</time>
        <extensions>
          <gpxtpx:TrackPointExtension>
            <gpxtpx:hr>155</gpxtpx:hr>
          </gpxtpx:TrackPointExtension>
        </extensions>
      </trkpt>
      <trkpt lat="30.288673803326184" lon="120.2244580002615">
        <ele>14.0</ele>
        <time>2026-08-14T22:28:43Z</time>
        <extensions>
          <gpxtpx:TrackPointExtension>
            <gpxtpx:hr>156</gpxtpx:hr>
          </gpxtpx:TrackPointExtension>
        </extensions>
      </trkpt>
      <trkpt lat="30.288642730217017" lon="120.22435783738023">
        <ele>14.0</ele>
        <time>2026-08-14T22:28:47Z</time>
        <extensions>
          <gpxtpx:TrackPointExtension>
            <gpxtpx:hr>156</gpxtpx:hr>
          </gpxtpx:TrackPointExtension>
        </extensions>
      </trkpt>
      <trkpt lat="30.288604665188423" lon="120.22426769126793">
        <ele>14.0</ele>
        <time>2026-08-14T22:28:51Z</time>
        <extensions>
          <gpxtpx:TrackPointExtension>
            <gpxtpx:hr>156</gpxtpx:hr>
          </gpxtpx:TrackPointExtension>
        </extensions>
      </trkpt>
      <trkpt lat="30.288557602371917" lon="120.2241795488921">
        <ele>14.199999809265137</ele>
        <time>2026-08-14T22:28:55Z</time>
        <extensions>
          <gpxtpx:TrackPointExtension>
            <gpxtpx:hr>157</gpxtpx:hr>
          </gpxtpx:TrackPointExtension>
        </extensions>
      </trkpt>
      <trkpt lat="30.28851752769624" lon="120.22407738227814">
        <ele>14.199999809265137</ele>
        <time>2026-08-14T22:28:59Z</time>
        <extensions>
          <gpxtpx:TrackPointExtension>
            <gpxtpx:hr>158</gpxtpx:hr>
          </gpxtpx:TrackPointExtension>
        </extensions>
      </trkpt>
      <trkpt lat="30.288477460445787" lon="120.22398523195702">
        <ele>14.399999618530273</ele>
        <time>2026-08-14T22:29:03Z</time>
        <extensions>
          <gpxtpx:TrackPointExtension>
            <gpxtpx:hr>157</gpxtpx:hr>
          </gpxtpx:TrackPointExtension>
        </extensions>
      </trkpt>
      <trkpt lat="30.288444387472648" lon="120.22388707066166">
        <ele>14.399999618530273</ele>
        <time>2026-08-14T22:29:07Z</time>
        <extensions>
          <gpxtpx:TrackPointExtension>
            <gpxtpx:hr>156</gpxtpx:hr>
          </gpxtpx:TrackPointExtension>
        </extensions>
      </trkpt>
      <trkpt lat="30.2884043125495" lon="120.2237859045117">
        <ele>14.399999618530273</ele>
        <time>2026-08-14T22:29:11Z</time>
        <extensions>
          <gpxtpx:TrackPointExtension>
            <gpxtpx:hr>156</gpxtpx:hr>
          </gpxtpx:TrackPointExtension>
        </extensions>
      </trkpt>
      <trkpt lat="30.288351252836936" lon="120.22370276931785">
        <ele>14.399999618530273</ele>
        <time>2026-08-14T22:29:15Z</time>
        <extensions>
          <gpxtpx:TrackPointExtension>
            <gpxtpx:hr>156</gpxtpx:hr>
          </gpxtpx:TrackPointExtension>
        </extensions>
      </trkpt>
      <trkpt lat="30.288318175740557" lon="120.22360060014776">
        <ele>14.399999618530273</ele>
        <time>2026-08-14T22:29:19Z</time>
        <extensions>
          <gpxtpx:TrackPointExtension>
            <gpxtpx:hr>157</gpxtpx:hr>
          </gpxtpx:TrackPointExtension>
        </extensions>
      </trkpt>
      <trkpt lat="30.28828010358261" lon="120.22350444111343">
        <ele>14.399999618530273</ele>
        <time>2026-08-14T22:29:23Z</time>
        <extensions>
          <gpxtpx:TrackPointExtension>
            <gpxtpx:hr>156</gpxtpx:hr>
          </gpxtpx:TrackPointExtension>
        </extensions>
      </trkpt>
      <trkpt lat="30.28824303818455" lon="120.2234172968759">
        <ele>14.600000381469727</ele>
        <time>2026-08-14T22:29:27Z</time>
        <extensions>
          <gpxtpx:TrackPointExtension>
            <gpxtpx:hr>157</gpxtpx:hr>
          </gpxtpx:TrackPointExtension>
        </extensions>
      </trkpt>
      <trkpt lat="30.288196971069926" lon="120.22332714797687">
        <ele>14.600000381469727</ele>
        <time>2026-08-14T22:29:31Z</time>
        <extensions>
          <gpxtpx:TrackPointExtension>
            <gpxtpx:hr>157</gpxtpx:hr>
          </gpxtpx:TrackPointExtension>
        </extensions>
      </trkpt>
      <trkpt lat="30.288148903081787" lon="120.22323599721182">
        <ele>14.800000190734863</ele>
        <time>2026-08-14T22:29:35Z</time>
        <extensions>
          <gpxtpx:TrackPointExtension>
            <gpxtpx:hr>158</gpxtpx:hr>
          </gpxtpx:TrackPointExtension>
        </extensions>
      </trkpt>
      <trkpt lat="30.288108833158336" lon="120.22314384374698">
        <ele>14.800000190734863</ele>
        <time>2026-08-14T22:29:39Z</time>
        <extensions>
          <gpxtpx:TrackPointExtension>
            <gpxtpx:hr>157</gpxtpx:hr>
          </gpxtpx:TrackPointExtension>
        </extensions>
      </trkpt>
      <trkpt lat="30.28807375187744" lon="120.22303866730132">
        <ele>14.800000190734863</ele>
        <time>2026-08-14T22:29:43Z</time>
        <extensions>
          <gpxtpx:TrackPointExtension>
            <gpxtpx:hr>158</gpxtpx:hr>
          </gpxtpx:TrackPointExtension>
        </extensions>
      </trkpt>
      <trkpt lat="30.28803667368632" lon="120.22293749743073">
        <ele>15.0</ele>
        <time>2026-08-14T22:29:47Z</time>
        <extensions>
          <gpxtpx:TrackPointExtension>
            <gpxtpx:hr>158</gpxtpx:hr>
          </gpxtpx:TrackPointExtension>
        </extensions>
      </trkpt>
      <trkpt lat="30.287998605062462" lon="120.22284834784506">
        <ele>15.0</ele>
        <time>2026-08-14T22:29:51Z</time>
        <extensions>
          <gpxtpx:TrackPointExtension>
            <gpxtpx:hr>158</gpxtpx:hr>
          </gpxtpx:TrackPointExtension>
        </extensions>
      </trkpt>
      <trkpt lat="30.287963520255015" lon="120.2227401649811">
        <ele>15.0</ele>
        <time>2026-08-14T22:29:55Z</time>
        <extensions>
          <gpxtpx:TrackPointExtension>
            <gpxtpx:hr>159</gpxtpx:hr>
          </gpxtpx:TrackPointExtension>
        </extensions>
      </trkpt>
      <trkpt lat="30.28793143390794" lon="120.22263097967314">
        <ele>15.0</ele>
        <time>2026-08-14T22:29:59Z</time>
        <extensions>
          <gpxtpx:TrackPointExtension>
            <gpxtpx:hr>159</gpxtpx:hr>
          </gpxtpx:TrackPointExtension>
        </extensions>
      </trkpt>
      <trkpt lat="30.28790635221845" lon="120.22252880542484">
        <ele>15.0</ele>
        <time>2026-08-14T22:30:03Z</time>
        <extensions>
          <gpxtpx:TrackPointExtension>
            <gpxtpx:hr>159</gpxtpx:hr>
          </gpxtpx:TrackPointExtension>
        </extensions>
      </trkpt>
      <trkpt lat="30.28787430000333" lon="120.22246169202182">
        <ele>15.199999809265137</ele>
        <time>2026-08-14T22:30:07Z</time>
        <extensions>
          <gpxtpx:TrackPointExtension>
            <gpxtpx:hr>159</gpxtpx:hr>
          </gpxtpx:TrackPointExtension>
        </extensions>
      </trkpt>
      <trkpt lat="30.28783924628369" lon="120.22239257521312">
        <ele>15.199999809265137</ele>
        <time>2026-08-14T22:30:11Z</time>
        <extensions>
          <gpxtpx:TrackPointExtension>
            <gpxtpx:hr>158</gpxtpx:hr>
          </gpxtpx:TrackPointExtension>
        </extensions>
      </trkpt>
      <trkpt lat="30.287816151004243" lon="120.22227537371687">
        <ele>15.0</ele>
        <time>2026-08-14T22:30:15Z</time>
        <extensions>
          <gpxtpx:TrackPointExtension>
            <gpxtpx:hr>157</gpxtpx:hr>
          </gpxtpx:TrackPointExtension>
        </extensions>
      </trkpt>
      <trkpt lat="30.2877990310683" lon="120.22213012228922">
        <ele>15.0</ele>
        <time>2026-08-14T22:30:19Z</time>
        <extensions>
          <gpxtpx:TrackPointExtension>
            <gpxtpx:hr>156</gpxtpx:hr>
          </gpxtpx:TrackPointExtension>
        </extensions>
      </trkpt>
      <trkpt lat="30.28776192098478" lon="120.22199488918586">
        <ele>15.0</ele>
        <time>2026-08-14T22:30:23Z</time>
        <extensions>
          <gpxtpx:TrackPointExtension>
            <gpxtpx:hr>156</gpxtpx:hr>
          </gpxtpx:TrackPointExtension>
        </extensions>
      </trkpt>
      <trkpt lat="30.28775783488515" lon="120.22189271060707">
        <ele>15.0</ele>
        <time>2026-08-14T22:30:27Z</time>
        <extensions>
          <gpxtpx:TrackPointExtension>
            <gpxtpx:hr>156</gpxtpx:hr>
          </gpxtpx:TrackPointExtension>
        </extensions>
      </trkpt>
      <trkpt lat="30.28772375755524" lon="120.2217975464012">
        <ele>14.800000190734863</ele>
        <time>2026-08-14T22:30:31Z</time>
        <extensions>
          <gpxtpx:TrackPointExtension>
            <gpxtpx:hr>157</gpxtpx:hr>
          </gpxtpx:TrackPointExtension>
        </extensions>
      </trkpt>
      <trkpt lat="30.287686675094854" lon="120.22169637149888">
        <ele>14.800000190734863</ele>
        <time>2026-08-14T22:30:35Z</time>
        <extensions>
          <gpxtpx:TrackPointExtension>
            <gpxtpx:hr>157</gpxtpx:hr>
          </gpxtpx:TrackPointExtension>
        </extensions>
      </trkpt>
      <trkpt lat="30.287643599796922" lon="120.22160321082507">
        <ele>14.800000190734863</ele>
        <time>2026-08-14T22:30:39Z</time>
        <extensions>
          <gpxtpx:TrackPointExtension>
            <gpxtpx:hr>157</gpxtpx:hr>
          </gpxtpx:TrackPointExtension>
        </extensions>
      </trkpt>
      <trkpt lat="30.287595525592632" lon="120.221511051989">
        <ele>14.600000381469727</ele>
        <time>2026-08-14T22:30:43Z</time>
        <extensions>
          <gpxtpx:TrackPointExtension>
            <gpxtpx:hr>156</gpxtpx:hr>
          </gpxtpx:TrackPointExtension>
        </extensions>
      </trkpt>
      <trkpt lat="30.28755244884487" lon="120.221416888854">
        <ele>14.600000381469727</ele>
        <time>2026-08-14T22:30:47Z</time>
        <extensions>
          <gpxtpx:TrackPointExtension>
            <gpxtpx:hr>156</gpxtpx:hr>
          </gpxtpx:TrackPointExtension>
        </extensions>
      </trkpt>
      <trkpt lat="30.28751236974498" lon="120.22132072156249">
        <ele>14.600000381469727</ele>
        <time>2026-08-14T22:30:51Z</time>
        <extensions>
          <gpxtpx:TrackPointExtension>
            <gpxtpx:hr>155</gpxtpx:hr>
          </gpxtpx:TrackPointExtension>
        </extensions>
      </trkpt>
      <trkpt lat="30.28746528670406" lon="120.22121954556683">
        <ele>14.199999809265137</ele>
        <time>2026-08-14T22:30:55Z</time>
        <extensions>
          <gpxtpx:TrackPointExtension>
            <gpxtpx:hr>154</gpxtpx:hr>
          </gpxtpx:TrackPointExtension>
        </extensions>
      </trkpt>
      <trkpt lat="30.28741719553723" lon="120.22110935316464">
        <ele>14.199999809265137</ele>
        <time>2026-08-14T22:30:59Z</time>
        <extensions>
          <gpxtpx:TrackPointExtension>
            <gpxtpx:hr>155</gpxtpx:hr>
          </gpxtpx:TrackPointExtension>
        </extensions>
      </trkpt>
      <trkpt lat="30.2874020996266" lon="120.22099815577351">
        <ele>14.0</ele>
        <time>2026-08-14T22:31:03Z</time>
        <extensions>
          <gpxtpx:TrackPointExtension>
            <gpxtpx:hr>154</gpxtpx:hr>
          </gpxtpx:TrackPointExtension>
        </extensions>
      </trkpt>
      <trkpt lat="30.287467995702116" lon="120.2208879530207">
        <ele>14.0</ele>
        <time>2026-08-14T22:31:07Z</time>
        <extensions>
          <gpxtpx:TrackPointExtension>
            <gpxtpx:hr>154</gpxtpx:hr>
          </gpxtpx:TrackPointExtension>
        </extensions>
      </trkpt>
      <trkpt lat="30.287574934058416" lon="120.22083084177521">
        <ele>14.0</ele>
        <time>2026-08-14T22:31:11Z</time>
        <extensions>
          <gpxtpx:TrackPointExtension>
            <gpxtpx:hr>154</gpxtpx:hr>
          </gpxtpx:TrackPointExtension>
        </extensions>
      </trkpt>
      <trkpt lat="30.28766787731633" lon="120.2207777387552">
        <ele>13.800000190734863</ele>
        <time>2026-08-14T22:31:15Z</time>
        <extensions>
          <gpxtpx:TrackPointExtension>
            <gpxtpx:hr>158</gpxtpx:hr>
          </gpxtpx:TrackPointExtension>
        </extensions>
      </trkpt>
      <trkpt lat="30.287758821572922" lon="120.22072563759093">
        <ele>13.800000190734863</ele>
        <time>2026-08-14T22:31:19Z</time>
        <extensions>
          <gpxtpx:TrackPointExtension>
            <gpxtpx:hr>159</gpxtpx:hr>
          </gpxtpx:TrackPointExtension>
        </extensions>
      </trkpt>
      <trkpt lat="30.287839766783343" lon="120.22067353714287">
        <ele>14.199999809265137</ele>
        <time>2026-08-14T22:31:23Z</time>
        <extensions>
          <gpxtpx:TrackPointExtension>
            <gpxtpx:hr>158</gpxtpx:hr>
          </gpxtpx:TrackPointExtension>
        </extensions>
      </trkpt>
      <trkpt lat="30.28791971646646" lon="120.2206264457022">
        <ele>14.199999809265137</ele>
        <time>2026-08-14T22:31:27Z</time>
        <extensions>
          <gpxtpx:TrackPointExtension>
            <gpxtpx:hr>159</gpxtpx:hr>
          </gpxtpx:TrackPointExtension>
        </extensions>
      </trkpt>
      <trkpt lat="30.288000656128947" lon="120.22056833419934">
        <ele>14.0</ele>
        <time>2026-08-14T22:31:31Z</time>
        <extensions>
          <gpxtpx:TrackPointExtension>
            <gpxtpx:hr>157</gpxtpx:hr>
          </gpxtpx:TrackPointExtension>
        </extensions>
      </trkpt>
      <trkpt lat="30.288086605006153" lon="120.22052124206934">
        <ele>14.0</ele>
        <time>2026-08-14T22:31:35Z</time>
        <extensions>
          <gpxtpx:TrackPointExtension>
            <gpxtpx:hr>157</gpxtpx:hr>
          </gpxtpx:TrackPointExtension>
        </extensions>
      </trkpt>
      <trkpt lat="30.288167553432938" lon="120.22047314845133">
        <ele>14.0</ele>
        <time>2026-08-14T22:31:39Z</time>
        <extensions>
          <gpxtpx:TrackPointExtension>
            <gpxtpx:hr>156</gpxtpx:hr>
          </gpxtpx:TrackPointExtension>
        </extensions>
      </trkpt>
      <trkpt lat="30.28825550104044" lon="120.22042505416589">
        <ele>13.800000190734863</ele>
        <time>2026-08-14T22:31:43Z</time>
        <extensions>
          <gpxtpx:TrackPointExtension>
            <gpxtpx:hr>156</gpxtpx:hr>
          </gpxtpx:TrackPointExtension>
        </extensions>
      </trkpt>
      <trkpt lat="30.288343444961765" lon="120.22037295252443">
        <ele>13.800000190734863</ele>
        <time>2026-08-14T22:31:47Z</time>
        <extensions>
          <gpxtpx:TrackPointExtension>
            <gpxtpx:hr>157</gpxtpx:hr>
          </gpxtpx:TrackPointExtension>
        </extensions>
      </trkpt>
      <trkpt lat="30.288431390592446" lon="120.2203228544129">
        <ele>14.0</ele>
        <time>2026-08-14T22:31:51Z</time>
        <extensions>
          <gpxtpx:TrackPointExtension>
            <gpxtpx:hr>158</gpxtpx:hr>
          </gpxtpx:TrackPointExtension>
        </extensions>
      </trkpt>
      <trkpt lat="30.288513329532012" lon="120.22026474213345">
        <ele>13.800000190734863</ele>
        <time>2026-08-14T22:31:55Z</time>
        <extensions>
          <gpxtpx:TrackPointExtension>
            <gpxtpx:hr>157</gpxtpx:hr>
          </gpxtpx:TrackPointExtension>
        </extensions>
      </trkpt>
      <trkpt lat="30.288595270167423" lon="120.22020863336702">
        <ele>13.600000381469727</ele>
        <time>2026-08-14T22:31:59Z</time>
        <extensions>
          <gpxtpx:TrackPointExtension>
            <gpxtpx:hr>158</gpxtpx:hr>
          </gpxtpx:TrackPointExtension>
        </extensions>
      </trkpt>
      <trkpt lat="30.288675200911708" lon="120.22014150456452">
        <ele>13.600000381469727</ele>
        <time>2026-08-14T22:32:03Z</time>
        <extensions>
          <gpxtpx:TrackPointExtension>
            <gpxtpx:hr>158</gpxtpx:hr>
          </gpxtpx:TrackPointExtension>
        </extensions>
      </trkpt>
      <trkpt lat="30.288749132136278" lon="120.22007437607945">
        <ele>13.600000381469727</ele>
        <time>2026-08-14T22:32:07Z</time>
        <extensions>
          <gpxtpx:TrackPointExtension>
            <gpxtpx:hr>157</gpxtpx:hr>
          </gpxtpx:TrackPointExtension>
        </extensions>
      </trkpt>
      <trkpt lat="30.288826061063965" lon="120.22000524350932">
        <ele>13.600000381469727</ele>
        <time>2026-08-14T22:32:11Z</time>
        <extensions>
          <gpxtpx:TrackPointExtension>
            <gpxtpx:hr>157</gpxtpx:hr>
          </gpxtpx:TrackPointExtension>
        </extensions>
      </trkpt>
      <trkpt lat="30.28890697933374" lon="120.21992509025213">
        <ele>13.600000381469727</ele>
        <time>2026-08-14T22:32:15Z</time>
        <extensions>
          <gpxtpx:TrackPointExtension>
            <gpxtpx:hr>157</gpxtpx:hr>
          </gpxtpx:TrackPointExtension>
        </extensions>
      </trkpt>
      <trkpt lat="30.288989910947805" lon="120.21985996413014">
        <ele>13.600000381469727</ele>
        <time>2026-08-14T22:32:19Z</time>
        <extensions>
          <gpxtpx:TrackPointExtension>
            <gpxtpx:hr>157</gpxtpx:hr>
          </gpxtpx:TrackPointExtension>
        </extensions>
      </trkpt>
      <trkpt lat="30.289058835617617" lon="120.21978582244274">
        <ele>13.600000381469727</ele>
        <time>2026-08-14T22:32:23Z</time>
        <extensions>
          <gpxtpx:TrackPointExtension>
            <gpxtpx:hr>157</gpxtpx:hr>
          </gpxtpx:TrackPointExtension>
        </extensions>
      </trkpt>
      <trkpt lat="30.28913777103694" lon="120.21972470366308">
        <ele>13.600000381469727</ele>
        <time>2026-08-14T22:32:27Z</time>
        <extensions>
          <gpxtpx:TrackPointExtension>
            <gpxtpx:hr>157</gpxtpx:hr>
          </gpxtpx:TrackPointExtension>
        </extensions>
      </trkpt>
      <trkpt lat="30.289213704797636" lon="120.21966158129632">
        <ele>13.600000381469727</ele>
        <time>2026-08-14T22:32:31Z</time>
        <extensions>
          <gpxtpx:TrackPointExtension>
            <gpxtpx:hr>156</gpxtpx:hr>
          </gpxtpx:TrackPointExtension>
        </extensions>
      </trkpt>
      <trkpt lat="30.289286638741096" lon="120.21959845902126">
        <ele>13.600000381469727</ele>
        <time>2026-08-14T22:32:35Z</time>
        <extensions>
          <gpxtpx:TrackPointExtension>
            <gpxtpx:hr>157</gpxtpx:hr>
          </gpxtpx:TrackPointExtension>
        </extensions>
      </trkpt>
      <trkpt lat="30.28936356840956" lon="120.21953132886458">
        <ele>13.399999618530273</ele>
        <time>2026-08-14T22:32:39Z</time>
        <extensions>
          <gpxtpx:TrackPointExtension>
            <gpxtpx:hr>157</gpxtpx:hr>
          </gpxtpx:TrackPointExtension>
        </extensions>
      </trkpt>
      <trkpt lat="30.289435499387537" lon="120.21946520079608">
        <ele>13.399999618530273</ele>
        <time>2026-08-14T22:32:43Z</time>
        <extensions>
          <gpxtpx:TrackPointExtension>
            <gpxtpx:hr>157</gpxtpx:hr>
          </gpxtpx:TrackPointExtension>
        </extensions>
      </trkpt>
      <trkpt lat="30.289514429473776" lon="120.21939907198087">
        <ele>13.600000381469727</ele>
        <time>2026-08-14T22:32:47Z</time>
        <extensions>
          <gpxtpx:TrackPointExtension>
            <gpxtpx:hr>159</gpxtpx:hr>
          </gpxtpx:TrackPointExtension>
        </extensions>
      </trkpt>
      <trkpt lat="30.289584356627127" lon="120.21932893630849">
        <ele>13.399999618530273</ele>
        <time>2026-08-14T22:32:51Z</time>
        <extensions>
          <gpxtpx:TrackPointExtension>
            <gpxtpx:hr>158</gpxtpx:hr>
          </gpxtpx:TrackPointExtension>
        </extensions>
      </trkpt>
      <trkpt lat="30.28965427798792" lon="120.21925278928488">
        <ele>13.399999618530273</ele>
        <time>2026-08-14T22:32:55Z</time>
        <extensions>
          <gpxtpx:TrackPointExtension>
            <gpxtpx:hr>157</gpxtpx:hr>
          </gpxtpx:TrackPointExtension>
        </extensions>
      </trkpt>
      <trkpt lat="30.28973220676634" lon="120.2191856581435">
        <ele>13.199999809265137</ele>
        <time>2026-08-14T22:32:59Z</time>
        <extensions>
          <gpxtpx:TrackPointExtension>
            <gpxtpx:hr>157</gpxtpx:hr>
          </gpxtpx:TrackPointExtension>
        </extensions>
      </trkpt>
      <trkpt lat="30.289836163704273" lon="120.21915158622114">
        <ele>13.0</ele>
        <time>2026-08-14T22:33:03Z</time>
        <extensions>
          <gpxtpx:TrackPointExtension>
            <gpxtpx:hr>156</gpxtpx:hr>
          </gpxtpx:TrackPointExtension>
        </extensions>
      </trkpt>
      <trkpt lat="30.289945182192433" lon="120.21918363687313">
        <ele>13.0</ele>
        <time>2026-08-14T22:33:07Z</time>
        <extensions>
          <gpxtpx:TrackPointExtension>
            <gpxtpx:hr>156</gpxtpx:hr>
          </gpxtpx:TrackPointExtension>
        </extensions>
      </trkpt>
      <trkpt lat="30.290015253593605" lon="120.2192677874475">
        <ele>13.0</ele>
        <time>2026-08-14T22:33:11Z</time>
        <extensions>
          <gpxtpx:TrackPointExtension>
            <gpxtpx:hr>157</gpxtpx:hr>
          </gpxtpx:TrackPointExtension>
        </extensions>
      </trkpt>
      <trkpt lat="30.29006134320568" lon="120.21936897127543">
        <ele>13.0</ele>
        <time>2026-08-14T22:33:15Z</time>
        <extensions>
          <gpxtpx:TrackPointExtension>
            <gpxtpx:hr>158</gpxtpx:hr>
          </gpxtpx:TrackPointExtension>
        </extensions>
      </trkpt>
      <trkpt lat="30.290103431045004" lon="120.21946815133187">
        <ele>13.199999809265137</ele>
        <time>2026-08-14T22:33:19Z</time>
        <extensions>
          <gpxtpx:TrackPointExtension>
            <gpxtpx:hr>157</gpxtpx:hr>
          </gpxtpx:TrackPointExtension>
        </extensions>
      </trkpt>
      <trkpt lat="30.290136526013043" lon="120.21957434468156">
        <ele>13.199999809265137</ele>
        <time>2026-08-14T22:33:23Z</time>
        <extensions>
          <gpxtpx:TrackPointExtension>
            <gpxtpx:hr>162</gpxtpx:hr>
          </gpxtpx:TrackPointExtension>
        </extensions>
      </trkpt>
      <trkpt lat="30.290166621853153" lon="120.2196815396829">
        <ele>13.199999809265137</ele>
        <time>2026-08-14T22:33:27Z</time>
        <extensions>
          <gpxtpx:TrackPointExtension>
            <gpxtpx:hr>161</gpxtpx:hr>
          </gpxtpx:TrackPointExtension>
        </extensions>
      </trkpt>
      <trkpt lat="30.290199705946982" lon="120.21977671191551">
        <ele>13.199999809265137</ele>
        <time>2026-08-14T22:33:31Z</time>
        <extensions>
          <gpxtpx:TrackPointExtension>
            <gpxtpx:hr>157</gpxtpx:hr>
          </gpxtpx:TrackPointExtension>
        </extensions>
      </trkpt>
      <trkpt lat="30.290246792832683" lon="120.2198768918213">
        <ele>13.199999809265137</ele>
        <time>2026-08-14T22:33:35Z</time>
        <extensions>
          <gpxtpx:TrackPointExtension>
            <gpxtpx:hr>157</gpxtpx:hr>
          </gpxtpx:TrackPointExtension>
        </extensions>
      </trkpt>
      <trkpt lat="30.290297874386663" lon="120.2199720618459">
        <ele>13.199999809265137</ele>
        <time>2026-08-14T22:33:39Z</time>
        <extensions>
          <gpxtpx:TrackPointExtension>
            <gpxtpx:hr>157</gpxtpx:hr>
          </gpxtpx:TrackPointExtension>
        </extensions>
      </trkpt>
      <trkpt lat="30.290350949958007" lon="120.22006122038093">
        <ele>13.199999809265137</ele>
        <time>2026-08-14T22:33:43Z</time>
        <extensions>
          <gpxtpx:TrackPointExtension>
            <gpxtpx:hr>156</gpxtpx:hr>
          </gpxtpx:TrackPointExtension>
        </extensions>
      </trkpt>
      <trkpt lat="30.290404029805302" lon="120.22015538772995">
        <ele>13.199999809265137</ele>
        <time>2026-08-14T22:33:47Z</time>
        <extensions>
          <gpxtpx:TrackPointExtension>
            <gpxtpx:hr>157</gpxtpx:hr>
          </gpxtpx:TrackPointExtension>
        </extensions>
      </trkpt>
      <trkpt lat="30.290459107332374" lon="120.2202475509245">
        <ele>13.199999809265137</ele>
        <time>2026-08-14T22:33:51Z</time>
        <extensions>
          <gpxtpx:TrackPointExtension>
            <gpxtpx:hr>157</gpxtpx:hr>
          </gpxtpx:TrackPointExtension>
        </extensions>
      </trkpt>
      <trkpt lat="30.290504181135116" lon="120.22033470552083">
        <ele>13.0</ele>
        <time>2026-08-14T22:33:55Z</time>
        <extensions>
          <gpxtpx:TrackPointExtension>
            <gpxtpx:hr>157</gpxtpx:hr>
          </gpxtpx:TrackPointExtension>
        </extensions>
      </trkpt>
      <trkpt lat="30.29055725022989" lon="120.22041785190224">
        <ele>13.0</ele>
        <time>2026-08-14T22:33:59Z</time>
        <extensions>
          <gpxtpx:TrackPointExtension>
            <gpxtpx:hr>158</gpxtpx:hr>
          </gpxtpx:TrackPointExtension>
        </extensions>
      </trkpt>
      <trkpt lat="30.290611325261533" lon="120.22050801060801">
        <ele>13.0</ele>
        <time>2026-08-14T22:34:03Z</time>
        <extensions>
          <gpxtpx:TrackPointExtension>
            <gpxtpx:hr>158</gpxtpx:hr>
          </gpxtpx:TrackPointExtension>
        </extensions>
      </trkpt>
      <trkpt lat="30.290666395445722" lon="120.22059315987403">
        <ele>12.800000190734863</ele>
        <time>2026-08-14T22:34:07Z</time>
        <extensions>
          <gpxtpx:TrackPointExtension>
            <gpxtpx:hr>158</gpxtpx:hr>
          </gpxtpx:TrackPointExtension>
        </extensions>
      </trkpt>
      <trkpt lat="30.290715473154382" lon="120.22068632378209">
        <ele>12.800000190734863</ele>
        <time>2026-08-14T22:34:11Z</time>
        <extensions>
          <gpxtpx:TrackPointExtension>
            <gpxtpx:hr>157</gpxtpx:hr>
          </gpxtpx:TrackPointExtension>
        </extensions>
      </trkpt>
      <trkpt lat="30.29076954471077" lon="120.22077347613391">
        <ele>12.800000190734863</ele>
        <time>2026-08-14T22:34:15Z</time>
        <extensions>
          <gpxtpx:TrackPointExtension>
            <gpxtpx:hr>157</gpxtpx:hr>
          </gpxtpx:TrackPointExtension>
        </extensions>
      </trkpt>
      <trkpt lat="30.29083660930813" lon="120.22085461633242">
        <ele>12.600000381469727</ele>
        <time>2026-08-14T22:34:19Z</time>
        <extensions>
          <gpxtpx:TrackPointExtension>
            <gpxtpx:hr>157</gpxtpx:hr>
          </gpxtpx:TrackPointExtension>
        </extensions>
      </trkpt>
      <trkpt lat="30.2909166705223" lon="120.22093375161236">
        <ele>12.600000381469727</ele>
        <time>2026-08-14T22:34:23Z</time>
        <extensions>
          <gpxtpx:TrackPointExtension>
            <gpxtpx:hr>157</gpxtpx:hr>
          </gpxtpx:TrackPointExtension>
        </extensions>
      </trkpt>
      <trkpt lat="30.290982725988375" lon="120.22100487346785">
        <ele>12.600000381469727</ele>
        <time>2026-08-14T22:34:27Z</time>
        <extensions>
          <gpxtpx:TrackPointExtension>
            <gpxtpx:hr>155</gpxtpx:hr>
          </gpxtpx:TrackPointExtension>
        </extensions>
      </trkpt>
      <trkpt lat="30.29105578667109" lon="120.22108300706626">
        <ele>12.399999618530273</ele>
        <time>2026-08-14T22:34:31Z</time>
        <extensions>
          <gpxtpx:TrackPointExtension>
            <gpxtpx:hr>154</gpxtpx:hr>
          </gpxtpx:TrackPointExtension>
        </extensions>
      </trkpt>
      <trkpt lat="30.29111983761539" lon="120.22114911973884">
        <ele>12.600000381469727</ele>
        <time>2026-08-14T22:34:35Z</time>
        <extensions>
          <gpxtpx:TrackPointExtension>
            <gpxtpx:hr>155</gpxtpx:hr>
          </gpxtpx:TrackPointExtension>
        </extensions>
      </trkpt>
      <trkpt lat="30.29118088786001" lon="120.22121423070239">
        <ele>12.399999618530273</ele>
        <time>2026-08-14T22:34:39Z</time>
        <extensions>
          <gpxtpx:TrackPointExtension>
            <gpxtpx:hr>154</gpxtpx:hr>
          </gpxtpx:TrackPointExtension>
        </extensions>
      </trkpt>
      <trkpt lat="30.29125494091353" lon="120.22128434932982">
        <ele>12.399999618530273</ele>
        <time>2026-08-14T22:34:43Z</time>
        <extensions>
          <gpxtpx:TrackPointExtension>
            <gpxtpx:hr>154</gpxtpx:hr>
          </gpxtpx:TrackPointExtension>
        </extensions>
      </trkpt>
      <trkpt lat="30.291333989786946" lon="120.22135046024026">
        <ele>12.399999618530273</ele>
        <time>2026-08-14T22:34:47Z</time>
        <extensions>
          <gpxtpx:TrackPointExtension>
            <gpxtpx:hr>153</gpxtpx:hr>
          </gpxtpx:TrackPointExtension>
        </extensions>
      </trkpt>
      <trkpt lat="30.291409041537662" lon="120.22141957663179">
        <ele>12.399999618530273</ele>
        <time>2026-08-14T22:34:51Z</time>
        <extensions>
          <gpxtpx:TrackPointExtension>
            <gpxtpx:hr>154</gpxtpx:hr>
          </gpxtpx:TrackPointExtension>
        </extensions>
      </trkpt>
      <trkpt lat="30.291485088697502" lon="120.22148368388991">
        <ele>12.399999618530273</ele>
        <time>2026-08-14T22:34:55Z</time>
        <extensions>
          <gpxtpx:TrackPointExtension>
            <gpxtpx:hr>156</gpxtpx:hr>
          </gpxtpx:TrackPointExtension>
        </extensions>
      </trkpt>
      <trkpt lat="30.29156814271283" lon="120.22155680633561">
        <ele>12.399999618530273</ele>
        <time>2026-08-14T22:34:59Z</time>
        <extensions>
          <gpxtpx:TrackPointExtension>
            <gpxtpx:hr>158</gpxtpx:hr>
          </gpxtpx:TrackPointExtension>
        </extensions>
      </trkpt>
      <trkpt lat="30.291642191501587" lon="120.2216229169428">
        <ele>12.399999618530273</ele>
        <time>2026-08-14T22:35:03Z</time>
        <extensions>
          <gpxtpx:TrackPointExtension>
            <gpxtpx:hr>158</gpxtpx:hr>
          </gpxtpx:TrackPointExtension>
        </extensions>
      </trkpt>
      <trkpt lat="30.291710244213792" lon="120.2216930349268">
        <ele>12.199999809265137</ele>
        <time>2026-08-14T22:35:07Z</time>
        <extensions>
          <gpxtpx:TrackPointExtension>
            <gpxtpx:hr>159</gpxtpx:hr>
          </gpxtpx:TrackPointExtension>
        </extensions>
      </trkpt>
      <trkpt lat="30.291768297836814" lon="120.22176315353848">
        <ele>12.399999618530273</ele>
        <time>2026-08-14T22:35:11Z</time>
        <extensions>
          <gpxtpx:TrackPointExtension>
            <gpxtpx:hr>159</gpxtpx:hr>
          </gpxtpx:TrackPointExtension>
        </extensions>
      </trkpt>
      <trkpt lat="30.291838345734785" lon="120.22182826217353">
        <ele>12.600000381469727</ele>
        <time>2026-08-14T22:35:15Z</time>
        <extensions>
          <gpxtpx:TrackPointExtension>
            <gpxtpx:hr>159</gpxtpx:hr>
          </gpxtpx:TrackPointExtension>
        </extensions>
      </trkpt>
      <trkpt lat="30.291881384502236" lon="120.22187934827363">
        <ele>12.600000381469727</ele>
        <time>2026-08-14T22:35:19Z</time>
        <extensions>
          <gpxtpx:TrackPointExtension>
            <gpxtpx:hr>159</gpxtpx:hr>
          </gpxtpx:TrackPointExtension>
        </extensions>
      </trkpt>
      <trkpt lat="30.29190037309216" lon="120.22186832738399">
        <ele>12.600000381469727</ele>
        <time>2026-08-14T22:35:23Z</time>
        <extensions>
          <gpxtpx:TrackPointExtension>
            <gpxtpx:hr>158</gpxtpx:hr>
          </gpxtpx:TrackPointExtension>
        </extensions>
      </trkpt>
      <trkpt lat="30.29189934084661" lon="120.22183026066863">
        <ele>12.600000381469727</ele>
        <time>2026-08-14T22:35:27Z</time>
        <extensions>
          <gpxtpx:TrackPointExtension>
            <gpxtpx:hr>155</gpxtpx:hr>
          </gpxtpx:TrackPointExtension>
        </extensions>
      </trkpt>
      <trkpt lat="30.291928367512746" lon="120.22186531980734">
        <ele>12.800000190734863</ele>
        <time>2026-08-14T22:35:31Z</time>
        <extensions>
          <gpxtpx:TrackPointExtension>
            <gpxtpx:hr>153</gpxtpx:hr>
          </gpxtpx:TrackPointExtension>
        </extensions>
      </trkpt>
      <trkpt lat="30.291965451819163" lon="120.22196949929283">
        <ele>12.600000381469727</ele>
        <time>2026-08-14T22:35:35Z</time>
        <extensions>
          <gpxtpx:TrackPointExtension>
            <gpxtpx:hr>153</gpxtpx:hr>
          </gpxtpx:TrackPointExtension>
        </extensions>
      </trkpt>
      <trkpt lat="30.29204151381087" lon="120.22205263839938">
        <ele>12.600000381469727</ele>
        <time>2026-08-14T22:35:39Z</time>
        <extensions>
          <gpxtpx:TrackPointExtension>
            <gpxtpx:hr>153</gpxtpx:hr>
          </gpxtpx:TrackPointExtension>
        </extensions>
      </trkpt>
      <trkpt lat="30.292144528826196" lon="120.22208368414127">
        <ele>12.600000381469727</ele>
        <time>2026-08-14T22:35:43Z</time>
        <extensions>
          <gpxtpx:TrackPointExtension>
            <gpxtpx:hr>152</gpxtpx:hr>
          </gpxtpx:TrackPointExtension>
        </extensions>
      </trkpt>
      <trkpt lat="30.292221465588657" lon="120.22201856406721">
        <ele>12.600000381469727</ele>
        <time>2026-08-14T22:35:47Z</time>
        <extensions>
          <gpxtpx:TrackPointExtension>
            <gpxtpx:hr>153</gpxtpx:hr>
          </gpxtpx:TrackPointExtension>
        </extensions>
      </trkpt>
      <trkpt lat="30.292265378630223" lon="120.22192139040236">
        <ele>12.600000381469727</ele>
        <time>2026-08-14T22:35:51Z</time>
        <extensions>
          <gpxtpx:TrackPointExtension>
            <gpxtpx:hr>153</gpxtpx:hr>
          </gpxtpx:TrackPointExtension>
        </extensions>
      </trkpt>
      <trkpt lat="30.29230829657282" lon="120.22183022699521">
        <ele>12.600000381469727</ele>
        <time>2026-08-14T22:35:55Z</time>
        <extensions>
          <gpxtpx:TrackPointExtension>
            <gpxtpx:hr>153</gpxtpx:hr>
          </gpxtpx:TrackPointExtension>
        </extensions>
      </trkpt>
      <trkpt lat="30.29236022266213" lon="120.22175008189781">
        <ele>12.399999618530273</ele>
        <time>2026-08-14T22:35:59Z</time>
        <extensions>
          <gpxtpx:TrackPointExtension>
            <gpxtpx:hr>153</gpxtpx:hr>
          </gpxtpx:TrackPointExtension>
        </extensions>
      </trkpt>
      <trkpt lat="30.292404140824356" lon="120.2216599195511">
        <ele>12.399999618530273</ele>
        <time>2026-08-14T22:36:03Z</time>
        <extensions>
          <gpxtpx:TrackPointExtension>
            <gpxtpx:hr>153</gpxtpx:hr>
          </gpxtpx:TrackPointExtension>
        </extensions>
      </trkpt>
      <trkpt lat="30.29245805418257" lon="120.22156574898105">
        <ele>12.399999618530273</ele>
        <time>2026-08-14T22:36:07Z</time>
        <extensions>
          <gpxtpx:TrackPointExtension>
            <gpxtpx:hr>153</gpxtpx:hr>
          </gpxtpx:TrackPointExtension>
        </extensions>
      </trkpt>
      <trkpt lat="30.292505969619807" lon="120.22147358209799">
        <ele>12.399999618530273</ele>
        <time>2026-08-14T22:36:11Z</time>
        <extensions>
          <gpxtpx:TrackPointExtension>
            <gpxtpx:hr>153</gpxtpx:hr>
          </gpxtpx:TrackPointExtension>
        </extensions>
      </trkpt>
      <trkpt lat="30.292564883575253" lon="120.22138141397157">
        <ele>12.399999618530273</ele>
        <time>2026-08-14T22:36:15Z</time>
        <extensions>
          <gpxtpx:TrackPointExtension>
            <gpxtpx:hr>152</gpxtpx:hr>
          </gpxtpx:TrackPointExtension>
        </extensions>
      </trkpt>
      <trkpt lat="30.292640799746817" lon="120.2212942530083">
        <ele>12.399999618530273</ele>
        <time>2026-08-14T22:36:19Z</time>
        <extensions>
          <gpxtpx:TrackPointExtension>
            <gpxtpx:hr>152</gpxtpx:hr>
          </gpxtpx:TrackPointExtension>
        </extensions>
      </trkpt>
      <trkpt lat="30.29271172231321" lon="120.22121410463824">
        <ele>12.399999618530273</ele>
        <time>2026-08-14T22:36:23Z</time>
        <extensions>
          <gpxtpx:TrackPointExtension>
            <gpxtpx:hr>152</gpxtpx:hr>
          </gpxtpx:TrackPointExtension>
        </extensions>
      </trkpt>
      <trkpt lat="30.29278064225135" lon="120.22113095081903">
        <ele>12.199999809265137</ele>
        <time>2026-08-14T22:36:27Z</time>
        <extensions>
          <gpxtpx:TrackPointExtension>
            <gpxtpx:hr>153</gpxtpx:hr>
          </gpxtpx:TrackPointExtension>
        </extensions>
      </trkpt>
      <trkpt lat="30.292848561184726" lon="120.22104679501851">
        <ele>12.399999618530273</ele>
        <time>2026-08-14T22:36:31Z</time>
        <extensions>
          <gpxtpx:TrackPointExtension>
            <gpxtpx:hr>153</gpxtpx:hr>
          </gpxtpx:TrackPointExtension>
        </extensions>
      </trkpt>
      <trkpt lat="30.292920493537796" lon="120.220978667293">
        <ele>12.199999809265137</ele>
        <time>2026-08-14T22:36:35Z</time>
        <extensions>
          <gpxtpx:TrackPointExtension>
            <gpxtpx:hr>153</gpxtpx:hr>
          </gpxtpx:TrackPointExtension>
        </extensions>
      </trkpt>
      <trkpt lat="30.292994420215386" lon="120.22090452844742">
        <ele>12.399999618530273</ele>
        <time>2026-08-14T22:36:39Z</time>
        <extensions>
          <gpxtpx:TrackPointExtension>
            <gpxtpx:hr>153</gpxtpx:hr>
          </gpxtpx:TrackPointExtension>
        </extensions>
      </trkpt>
      <trkpt lat="30.293073355900646" lon="120.22084140875222">
        <ele>12.199999809265137</ele>
        <time>2026-08-14T22:36:43Z</time>
        <extensions>
          <gpxtpx:TrackPointExtension>
            <gpxtpx:hr>153</gpxtpx:hr>
          </gpxtpx:TrackPointExtension>
        </extensions>
      </trkpt>
      <trkpt lat="30.293152271917002" lon="120.22075624928115">
        <ele>12.199999809265137</ele>
        <time>2026-08-14T22:36:47Z</time>
        <extensions>
          <gpxtpx:TrackPointExtension>
            <gpxtpx:hr>154</gpxtpx:hr>
          </gpxtpx:TrackPointExtension>
        </extensions>
      </trkpt>
      <trkpt lat="30.293241204408865" lon="120.22069112478523">
        <ele>12.199999809265137</ele>
        <time>2026-08-14T22:36:51Z</time>
        <extensions>
          <gpxtpx:TrackPointExtension>
            <gpxtpx:hr>153</gpxtpx:hr>
          </gpxtpx:TrackPointExtension>
        </extensions>
      </trkpt>
      <trkpt lat="30.29330715978286" lon="120.22064904355334">
        <ele>12.199999809265137</ele>
        <time>2026-08-14T22:36:55Z</time>
        <extensions>
          <gpxtpx:TrackPointExtension>
            <gpxtpx:hr>152</gpxtpx:hr>
          </gpxtpx:TrackPointExtension>
        </extensions>
      </trkpt>
      <trkpt lat="30.29337910103853" lon="120.22059193464547">
        <ele>12.199999809265137</ele>
        <time>2026-08-14T22:36:59Z</time>
        <extensions>
          <gpxtpx:TrackPointExtension>
            <gpxtpx:hr>152</gpxtpx:hr>
          </gpxtpx:TrackPointExtension>
        </extensions>
      </trkpt>
      <trkpt lat="30.293455050698327" lon="120.22054484337784">
        <ele>12.399999618530273</ele>
        <time>2026-08-14T22:37:03Z</time>
        <extensions>
          <gpxtpx:TrackPointExtension>
            <gpxtpx:hr>152</gpxtpx:hr>
          </gpxtpx:TrackPointExtension>
        </extensions>
      </trkpt>
      <trkpt lat="30.293537986059253" lon="120.22048272426973">
        <ele>12.600000381469727</ele>
        <time>2026-08-14T22:37:07Z</time>
        <extensions>
          <gpxtpx:TrackPointExtension>
            <gpxtpx:hr>153</gpxtpx:hr>
          </gpxtpx:TrackPointExtension>
        </extensions>
      </trkpt>
      <trkpt lat="30.293643928661066" lon="120.22043162307277">
        <ele>12.600000381469727</ele>
        <time>2026-08-14T22:37:11Z</time>
        <extensions>
          <gpxtpx:TrackPointExtension>
            <gpxtpx:hr>154</gpxtpx:hr>
          </gpxtpx:TrackPointExtension>
        </extensions>
      </trkpt>
      <trkpt lat="30.293745901309805" lon="120.22041358201214">
        <ele>12.399999618530273</ele>
        <time>2026-08-14T22:37:15Z</time>
        <extensions>
          <gpxtpx:TrackPointExtension>
            <gpxtpx:hr>155</gpxtpx:hr>
          </gpxtpx:TrackPointExtension>
        </extensions>
      </trkpt>
      <trkpt lat="30.293828966769397" lon="120.22049672566847">
        <ele>12.399999618530273</ele>
        <time>2026-08-14T22:37:19Z</time>
        <extensions>
          <gpxtpx:TrackPointExtension>
            <gpxtpx:hr>156</gpxtpx:hr>
          </gpxtpx:TrackPointExtension>
        </extensions>
      </trkpt>
      <trkpt lat="30.293850063808506" lon="120.2206079247747">
        <ele>12.399999618530273</ele>
        <time>2026-08-14T22:37:23Z</time>
        <extensions>
          <gpxtpx:TrackPointExtension>
            <gpxtpx:hr>157</gpxtpx:hr>
          </gpxtpx:TrackPointExtension>
        </extensions>
      </trkpt>
      <trkpt lat="30.29385216251742" lon="120.22071912495893">
        <ele>12.399999618530273</ele>
        <time>2026-08-14T22:37:27Z</time>
        <extensions>
          <gpxtpx:TrackPointExtension>
            <gpxtpx:hr>156</gpxtpx:hr>
          </gpxtpx:TrackPointExtension>
        </extensions>
      </trkpt>
      <trkpt lat="30.293857265798653" lon="120.22083633519811">
        <ele>12.199999809265137</ele>
        <time>2026-08-14T22:37:31Z</time>
        <extensions>
          <gpxtpx:TrackPointExtension>
            <gpxtpx:hr>156</gpxtpx:hr>
          </gpxtpx:TrackPointExtension>
        </extensions>
      </trkpt>
      <trkpt lat="30.2938533625539" lon="120.22094553128716">
        <ele>12.199999809265137</ele>
        <time>2026-08-14T22:37:35Z</time>
        <extensions>
          <gpxtpx:TrackPointExtension>
            <gpxtpx:hr>156</gpxtpx:hr>
          </gpxtpx:TrackPointExtension>
        </extensions>
      </trkpt>
      <trkpt lat="30.29386245836419" lon="120.22105572762398">
        <ele>12.199999809265137</ele>
        <time>2026-08-14T22:37:39Z</time>
        <extensions>
          <gpxtpx:TrackPointExtension>
            <gpxtpx:hr>155</gpxtpx:hr>
          </gpxtpx:TrackPointExtension>
        </extensions>
      </trkpt>
      <trkpt lat="30.293867555080748" lon="120.2211669255949">
        <ele>12.199999809265137</ele>
        <time>2026-08-14T22:37:43Z</time>
        <extensions>
          <gpxtpx:TrackPointExtension>
            <gpxtpx:hr>154</gpxtpx:hr>
          </gpxtpx:TrackPointExtension>
        </extensions>
      </trkpt>
      <trkpt lat="30.29387265312421" lon="120.22128012663732">
        <ele>12.199999809265137</ele>
        <time>2026-08-14T22:37:47Z</time>
        <extensions>
          <gpxtpx:TrackPointExtension>
            <gpxtpx:hr>155</gpxtpx:hr>
          </gpxtpx:TrackPointExtension>
        </extensions>
      </trkpt>
      <trkpt lat="30.29387574315454" lon="120.22138431135045">
        <ele>12.199999809265137</ele>
        <time>2026-08-14T22:37:51Z</time>
        <extensions>
          <gpxtpx:TrackPointExtension>
            <gpxtpx:hr>154</gpxtpx:hr>
          </gpxtpx:TrackPointExtension>
        </extensions>
      </trkpt>
      <trkpt lat="30.29387383682233" lon="120.22149250313313">
        <ele>12.0</ele>
        <time>2026-08-14T22:37:55Z</time>
        <extensions>
          <gpxtpx:TrackPointExtension>
            <gpxtpx:hr>154</gpxtpx:hr>
          </gpxtpx:TrackPointExtension>
        </extensions>
      </trkpt>
      <trkpt lat="30.293875930517974" lon="120.2216016958891">
        <ele>12.0</ele>
        <time>2026-08-14T22:37:59Z</time>
        <extensions>
          <gpxtpx:TrackPointExtension>
            <gpxtpx:hr>153</gpxtpx:hr>
          </gpxtpx:TrackPointExtension>
        </extensions>
      </trkpt>
      <trkpt lat="30.293871028003473" lon="120.22171489580039">
        <ele>12.0</ele>
        <time>2026-08-14T22:38:03Z</time>
        <extensions>
          <gpxtpx:TrackPointExtension>
            <gpxtpx:hr>153</gpxtpx:hr>
          </gpxtpx:TrackPointExtension>
        </extensions>
      </trkpt>
      <trkpt lat="30.293873116619572" lon="120.22181907879498">
        <ele>12.0</ele>
        <time>2026-08-14T22:38:07Z</time>
        <extensions>
          <gpxtpx:TrackPointExtension>
            <gpxtpx:hr>154</gpxtpx:hr>
          </gpxtpx:TrackPointExtension>
        </extensions>
      </trkpt>
      <trkpt lat="30.293860210757373" lon="120.2219282713659">
        <ele>11.800000190734863</ele>
        <time>2026-08-14T22:38:11Z</time>
        <extensions>
          <gpxtpx:TrackPointExtension>
            <gpxtpx:hr>155</gpxtpx:hr>
          </gpxtpx:TrackPointExtension>
        </extensions>
      </trkpt>
      <trkpt lat="30.293842300814617" lon="120.22203245512043">
        <ele>11.800000190734863</ele>
        <time>2026-08-14T22:38:15Z</time>
        <extensions>
          <gpxtpx:TrackPointExtension>
            <gpxtpx:hr>154</gpxtpx:hr>
          </gpxtpx:TrackPointExtension>
        </extensions>
      </trkpt>
      <trkpt lat="30.293829394164863" lon="120.22214164676092">
        <ele>11.800000190734863</ele>
        <time>2026-08-14T22:38:19Z</time>
        <extensions>
          <gpxtpx:TrackPointExtension>
            <gpxtpx:hr>154</gpxtpx:hr>
          </gpxtpx:TrackPointExtension>
        </extensions>
      </trkpt>
      <trkpt lat="30.293818484378804" lon="120.22224783253434">
        <ele>11.800000190734863</ele>
        <time>2026-08-14T22:38:23Z</time>
        <extensions>
          <gpxtpx:TrackPointExtension>
            <gpxtpx:hr>152</gpxtpx:hr>
          </gpxtpx:TrackPointExtension>
        </extensions>
      </trkpt>
      <trkpt lat="30.293820575289303" lon="120.22235702199876">
        <ele>11.800000190734863</ele>
        <time>2026-08-14T22:38:27Z</time>
        <extensions>
          <gpxtpx:TrackPointExtension>
            <gpxtpx:hr>153</gpxtpx:hr>
          </gpxtpx:TrackPointExtension>
        </extensions>
      </trkpt>
      <trkpt lat="30.293810663787767" lon="120.22246220504042">
        <ele>11.800000190734863</ele>
        <time>2026-08-14T22:38:31Z</time>
        <extensions>
          <gpxtpx:TrackPointExtension>
            <gpxtpx:hr>152</gpxtpx:hr>
          </gpxtpx:TrackPointExtension>
        </extensions>
      </trkpt>
      <trkpt lat="30.293803754062886" lon="120.2225703925782">
        <ele>11.800000190734863</ele>
        <time>2026-08-14T22:38:35Z</time>
        <extensions>
          <gpxtpx:TrackPointExtension>
            <gpxtpx:hr>152</gpxtpx:hr>
          </gpxtpx:TrackPointExtension>
        </extensions>
      </trkpt>
      <trkpt lat="30.293781841466334" lon="120.22267357225725">
        <ele>11.800000190734863</ele>
        <time>2026-08-14T22:38:39Z</time>
        <extensions>
          <gpxtpx:TrackPointExtension>
            <gpxtpx:hr>152</gpxtpx:hr>
          </gpxtpx:TrackPointExtension>
        </extensions>
      </trkpt>
      <trkpt lat="30.293766927740666" lon="120.22277675093198">
        <ele>11.800000190734863</ele>
        <time>2026-08-14T22:38:43Z</time>
        <extensions>
          <gpxtpx:TrackPointExtension>
            <gpxtpx:hr>152</gpxtpx:hr>
          </gpxtpx:TrackPointExtension>
        </extensions>
      </trkpt>
      <trkpt lat="30.293743014637712" lon="120.22287992991913">
        <ele>12.0</ele>
        <time>2026-08-14T22:38:47Z</time>
        <extensions>
          <gpxtpx:TrackPointExtension>
            <gpxtpx:hr>151</gpxtpx:hr>
          </gpxtpx:TrackPointExtension>
        </extensions>
      </trkpt>
      <trkpt lat="30.293733099638704" lon="120.22298310732492">
        <ele>12.0</ele>
        <time>2026-08-14T22:38:51Z</time>
        <extensions>
          <gpxtpx:TrackPointExtension>
            <gpxtpx:hr>150</gpxtpx:hr>
          </gpxtpx:TrackPointExtension>
        </extensions>
      </trkpt>
      <trkpt lat="30.293730185937825" lon="120.2230892888495">
        <ele>12.0</ele>
        <time>2026-08-14T22:38:55Z</time>
        <extensions>
          <gpxtpx:TrackPointExtension>
            <gpxtpx:hr>151</gpxtpx:hr>
          </gpxtpx:TrackPointExtension>
        </extensions>
      </trkpt>
      <trkpt lat="30.293715273165482" lon="120.22319547090675">
        <ele>12.0</ele>
        <time>2026-08-14T22:38:59Z</time>
        <extensions>
          <gpxtpx:TrackPointExtension>
            <gpxtpx:hr>152</gpxtpx:hr>
          </gpxtpx:TrackPointExtension>
        </extensions>
      </trkpt>
      <trkpt lat="30.293696357237177" lon="120.22329764603964">
        <ele>12.0</ele>
        <time>2026-08-14T22:39:03Z</time>
        <extensions>
          <gpxtpx:TrackPointExtension>
            <gpxtpx:hr>152</gpxtpx:hr>
          </gpxtpx:TrackPointExtension>
        </extensions>
      </trkpt>
      <trkpt lat="30.293682443598126" lon="120.22340382712021">
        <ele>12.0</ele>
        <time>2026-08-14T22:39:07Z</time>
        <extensions>
          <gpxtpx:TrackPointExtension>
            <gpxtpx:hr>152</gpxtpx:hr>
          </gpxtpx:TrackPointExtension>
        </extensions>
      </trkpt>
      <trkpt lat="30.293675534369356" lon="120.223517019004">
        <ele>12.0</ele>
        <time>2026-08-14T22:39:11Z</time>
        <extensions>
          <gpxtpx:TrackPointExtension>
            <gpxtpx:hr>152</gpxtpx:hr>
          </gpxtpx:TrackPointExtension>
        </extensions>
      </trkpt>
      <trkpt lat="30.293669622219493" lon="120.22362720522783">
        <ele>12.199999809265137</ele>
        <time>2026-08-14T22:39:15Z</time>
        <extensions>
          <gpxtpx:TrackPointExtension>
            <gpxtpx:hr>153</gpxtpx:hr>
          </gpxtpx:TrackPointExtension>
        </extensions>
      </trkpt>
      <trkpt lat="30.29365670805764" lon="120.22373438648985">
        <ele>12.199999809265137</ele>
        <time>2026-08-14T22:39:19Z</time>
        <extensions>
          <gpxtpx:TrackPointExtension>
            <gpxtpx:hr>153</gpxtpx:hr>
          </gpxtpx:TrackPointExtension>
        </extensions>
      </trkpt>
      <trkpt lat="30.293644792608013" lon="120.22384056552558">
        <ele>12.199999809265137</ele>
        <time>2026-08-14T22:39:23Z</time>
        <extensions>
          <gpxtpx:TrackPointExtension>
            <gpxtpx:hr>154</gpxtpx:hr>
          </gpxtpx:TrackPointExtension>
        </extensions>
      </trkpt>
      <trkpt lat="30.29362187953334" lon="120.22394874835469">
        <ele>12.199999809265137</ele>
        <time>2026-08-14T22:39:27Z</time>
        <extensions>
          <gpxtpx:TrackPointExtension>
            <gpxtpx:hr>155</gpxtpx:hr>
          </gpxtpx:TrackPointExtension>
        </extensions>
      </trkpt>
      <trkpt lat="30.293600965060495" lon="120.22405592887426">
        <ele>12.199999809265137</ele>
        <time>2026-08-14T22:39:31Z</time>
        <extensions>
          <gpxtpx:TrackPointExtension>
            <gpxtpx:hr>156</gpxtpx:hr>
          </gpxtpx:TrackPointExtension>
        </extensions>
      </trkpt>
      <trkpt lat="30.293587050970277" lon="120.22416511167859">
        <ele>12.399999618530273</ele>
        <time>2026-08-14T22:39:35Z</time>
        <extensions>
          <gpxtpx:TrackPointExtension>
            <gpxtpx:hr>156</gpxtpx:hr>
          </gpxtpx:TrackPointExtension>
        </extensions>
      </trkpt>
      <trkpt lat="30.293568135478424" lon="120.22427229108864">
        <ele>12.399999618530273</ele>
        <time>2026-08-14T22:39:39Z</time>
        <extensions>
          <gpxtpx:TrackPointExtension>
            <gpxtpx:hr>156</gpxtpx:hr>
          </gpxtpx:TrackPointExtension>
        </extensions>
      </trkpt>
      <trkpt lat="30.29355422363107" lon="120.224385479551">
        <ele>12.399999618530273</ele>
        <time>2026-08-14T22:39:43Z</time>
        <extensions>
          <gpxtpx:TrackPointExtension>
            <gpxtpx:hr>156</gpxtpx:hr>
          </gpxtpx:TrackPointExtension>
        </extensions>
      </trkpt>
      <trkpt lat="30.293541308188292" lon="120.2244946608048">
        <ele>12.199999809265137</ele>
        <time>2026-08-14T22:39:47Z</time>
        <extensions>
          <gpxtpx:TrackPointExtension>
            <gpxtpx:hr>156</gpxtpx:hr>
          </gpxtpx:TrackPointExtension>
        </extensions>
      </trkpt>
      <trkpt lat="30.293518396453965" lon="120.2246078489792">
        <ele>12.399999618530273</ele>
        <time>2026-08-14T22:39:51Z</time>
        <extensions>
          <gpxtpx:TrackPointExtension>
            <gpxtpx:hr>156</gpxtpx:hr>
          </gpxtpx:TrackPointExtension>
        </extensions>
      </trkpt>
      <trkpt lat="30.29349348675279" lon="120.22472404171832">
        <ele>12.600000381469727</ele>
        <time>2026-08-14T22:39:55Z</time>
        <extensions>
          <gpxtpx:TrackPointExtension>
            <gpxtpx:hr>155</gpxtpx:hr>
          </gpxtpx:TrackPointExtension>
        </extensions>
      </trkpt>
      <trkpt lat="30.29345557126278" lon="120.22483122024248">
        <ele>13.0</ele>
        <time>2026-08-14T22:39:59Z</time>
        <extensions>
          <gpxtpx:TrackPointExtension>
            <gpxtpx:hr>156</gpxtpx:hr>
          </gpxtpx:TrackPointExtension>
        </extensions>
      </trkpt>
      <trkpt lat="30.29337362734724" lon="120.22489433004088">
        <ele>13.199999809265137</ele>
        <time>2026-08-14T22:40:03Z</time>
        <extensions>
          <gpxtpx:TrackPointExtension>
            <gpxtpx:hr>156</gpxtpx:hr>
          </gpxtpx:TrackPointExtension>
        </extensions>
      </trkpt>
      <trkpt lat="30.29326063818934" lon="120.2248923360702">
        <ele>13.399999618530273</ele>
        <time>2026-08-14T22:40:07Z</time>
        <extensions>
          <gpxtpx:TrackPointExtension>
            <gpxtpx:hr>157</gpxtpx:hr>
          </gpxtpx:TrackPointExtension>
        </extensions>
      </trkpt>
      <trkpt lat="30.293154640038296" lon="120.22487932354028">
        <ele>13.600000381469727</ele>
        <time>2026-08-14T22:40:11Z</time>
        <extensions>
          <gpxtpx:TrackPointExtension>
            <gpxtpx:hr>158</gpxtpx:hr>
          </gpxtpx:TrackPointExtension>
        </extensions>
      </trkpt>
      <trkpt lat="30.293047650206812" lon="120.22487732907459">
        <ele>13.600000381469727</ele>
        <time>2026-08-14T22:40:15Z</time>
        <extensions>
          <gpxtpx:TrackPointExtension>
            <gpxtpx:hr>158</gpxtpx:hr>
          </gpxtpx:TrackPointExtension>
        </extensions>
      </trkpt>
      <trkpt lat="30.292948652765563" lon="120.2248663192319">
        <ele>13.800000190734863</ele>
        <time>2026-08-14T22:40:19Z</time>
        <extensions>
          <gpxtpx:TrackPointExtension>
            <gpxtpx:hr>159</gpxtpx:hr>
          </gpxtpx:TrackPointExtension>
        </extensions>
      </trkpt>
      <trkpt lat="30.292856653802634" lon="120.2248543071722">
        <ele>14.0</ele>
        <time>2026-08-14T22:40:23Z</time>
        <extensions>
          <gpxtpx:TrackPointExtension>
            <gpxtpx:hr>159</gpxtpx:hr>
          </gpxtpx:TrackPointExtension>
        </extensions>
      </trkpt>
      <trkpt lat="30.292757661578438" lon="120.22485030877375">
        <ele>14.0</ele>
        <time>2026-08-14T22:40:27Z</time>
        <extensions>
          <gpxtpx:TrackPointExtension>
            <gpxtpx:hr>159</gpxtpx:hr>
          </gpxtpx:TrackPointExtension>
        </extensions>
      </trkpt>
      <trkpt lat="30.29265666881497" lon="120.22484530890277">
        <ele>14.0</ele>
        <time>2026-08-14T22:40:31Z</time>
        <extensions>
          <gpxtpx:TrackPointExtension>
            <gpxtpx:hr>159</gpxtpx:hr>
          </gpxtpx:TrackPointExtension>
        </extensions>
      </trkpt>
      <trkpt lat="30.292578670549517" lon="120.22483630059132">
        <ele>14.0</ele>
        <time>2026-08-14T22:40:35Z</time>
        <extensions>
          <gpxtpx:TrackPointExtension>
            <gpxtpx:hr>159</gpxtpx:hr>
          </gpxtpx:TrackPointExtension>
        </extensions>
      </trkpt>
      <trkpt lat="30.29248868181914" lon="120.22483831127039">
        <ele>13.800000190734863</ele>
        <time>2026-08-14T22:40:39Z</time>
        <extensions>
          <gpxtpx:TrackPointExtension>
            <gpxtpx:hr>158</gpxtpx:hr>
          </gpxtpx:TrackPointExtension>
        </extensions>
      </trkpt>
      <trkpt lat="30.292396681313775" lon="120.22482429592235">
        <ele>13.800000190734863</ele>
        <time>2026-08-14T22:40:43Z</time>
        <extensions>
          <gpxtpx:TrackPointExtension>
            <gpxtpx:hr>157</gpxtpx:hr>
          </gpxtpx:TrackPointExtension>
        </extensions>
      </trkpt>
      <trkpt lat="30.292298685194496" lon="120.2248152892488">
        <ele>13.800000190734863</ele>
        <time>2026-08-14T22:40:47Z</time>
        <extensions>
          <gpxtpx:TrackPointExtension>
            <gpxtpx:hr>158</gpxtpx:hr>
          </gpxtpx:TrackPointExtension>
        </extensions>
      </trkpt>
      <trkpt lat="30.29220268959848" lon="120.22480728404537">
        <ele>13.600000381469727</ele>
        <time>2026-08-14T22:40:51Z</time>
        <extensions>
          <gpxtpx:TrackPointExtension>
            <gpxtpx:hr>157</gpxtpx:hr>
          </gpxtpx:TrackPointExtension>
        </extensions>
      </trkpt>
      <trkpt lat="30.292110699561167" lon="120.22480729161542">
        <ele>13.399999618530273</ele>
        <time>2026-08-14T22:40:55Z</time>
        <extensions>
          <gpxtpx:TrackPointExtension>
            <gpxtpx:hr>158</gpxtpx:hr>
          </gpxtpx:TrackPointExtension>
        </extensions>
      </trkpt>
      <trkpt lat="30.29200770845737" lon="120.22480429517638">
        <ele>13.199999809265137</ele>
        <time>2026-08-14T22:40:59Z</time>
        <extensions>
          <gpxtpx:TrackPointExtension>
            <gpxtpx:hr>157</gpxtpx:hr>
          </gpxtpx:TrackPointExtension>
        </extensions>
      </trkpt>
      <trkpt lat="30.291911718088834" lon="120.22480330143739">
        <ele>13.199999809265137</ele>
        <time>2026-08-14T22:41:03Z</time>
        <extensions>
          <gpxtpx:TrackPointExtension>
            <gpxtpx:hr>158</gpxtpx:hr>
          </gpxtpx:TrackPointExtension>
        </extensions>
      </trkpt>
      <trkpt lat="30.291816724604395" lon="120.22479830106293">
        <ele>13.199999809265137</ele>
        <time>2026-08-14T22:41:07Z</time>
        <extensions>
          <gpxtpx:TrackPointExtension>
            <gpxtpx:hr>158</gpxtpx:hr>
          </gpxtpx:TrackPointExtension>
        </extensions>
      </trkpt>
      <trkpt lat="30.2917357265986" lon="120.22478929298092">
        <ele>13.199999809265137</ele>
        <time>2026-08-14T22:41:11Z</time>
        <extensions>
          <gpxtpx:TrackPointExtension>
            <gpxtpx:hr>157</gpxtpx:hr>
          </gpxtpx:TrackPointExtension>
        </extensions>
      </trkpt>
      <trkpt lat="30.29167072084993" lon="120.22477227046498">
        <ele>13.199999809265137</ele>
        <time>2026-08-14T22:41:15Z</time>
        <extensions>
          <gpxtpx:TrackPointExtension>
            <gpxtpx:hr>157</gpxtpx:hr>
          </gpxtpx:TrackPointExtension>
        </extensions>
      </trkpt>
      <trkpt lat="30.291673713764002" lon="120.22476325546164">
        <ele>13.199999809265137</ele>
        <time>2026-08-14T22:42:09Z</time>
        <extensions>
          <gpxtpx:TrackPointExtension>
            <gpxtpx:hr>139</gpxtpx:hr>
          </gpxtpx:TrackPointExtension>
        </extensions>
      </trkpt>
      <trkpt lat="30.291588732701577" lon="120.22477628376946">
        <ele>13.0</ele>
        <time>2026-08-14T22:42:13Z</time>
        <extensions>
          <gpxtpx:TrackPointExtension>
            <gpxtpx:hr>139</gpxtpx:hr>
          </gpxtpx:TrackPointExtension>
        </extensions>
      </trkpt>
      <trkpt lat="30.291488753244693" lon="120.22478931330453">
        <ele>13.199999809265137</ele>
        <time>2026-08-14T22:42:17Z</time>
        <extensions>
          <gpxtpx:TrackPointExtension>
            <gpxtpx:hr>140</gpxtpx:hr>
          </gpxtpx:TrackPointExtension>
        </extensions>
      </trkpt>
      <trkpt lat="30.291399762834637" lon="120.22478932062755">
        <ele>13.0</ele>
        <time>2026-08-14T22:42:21Z</time>
        <extensions>
          <gpxtpx:TrackPointExtension>
            <gpxtpx:hr>141</gpxtpx:hr>
          </gpxtpx:TrackPointExtension>
        </extensions>
      </trkpt>
      <trkpt lat="30.291318782812496" lon="120.22480435186849">
        <ele>12.600000381469727</ele>
        <time>2026-08-14T22:42:25Z</time>
        <extensions>
          <gpxtpx:TrackPointExtension>
            <gpxtpx:hr>140</gpxtpx:hr>
          </gpxtpx:TrackPointExtension>
        </extensions>
      </trkpt>
      <trkpt lat="30.291229802888747" lon="120.22481838212086">
        <ele>12.800000190734863</ele>
        <time>2026-08-14T22:42:29Z</time>
        <extensions>
          <gpxtpx:TrackPointExtension>
            <gpxtpx:hr>140</gpxtpx:hr>
          </gpxtpx:TrackPointExtension>
        </extensions>
      </trkpt>
      <trkpt lat="30.29112681096792" lon="120.22481438404526">
        <ele>13.0</ele>
        <time>2026-08-14T22:42:33Z</time>
        <extensions>
          <gpxtpx:TrackPointExtension>
            <gpxtpx:hr>140</gpxtpx:hr>
          </gpxtpx:TrackPointExtension>
        </extensions>
      </trkpt>
      <trkpt lat="30.29103382471159" lon="120.2248193998852">
        <ele>13.0</ele>
        <time>2026-08-14T22:42:37Z</time>
        <extensions>
          <gpxtpx:TrackPointExtension>
            <gpxtpx:hr>141</gpxtpx:hr>
          </gpxtpx:TrackPointExtension>
        </extensions>
      </trkpt>
      <trkpt lat="30.29094384262143" lon="120.22483042530015">
        <ele>13.0</ele>
        <time>2026-08-14T22:42:41Z</time>
        <extensions>
          <gpxtpx:TrackPointExtension>
            <gpxtpx:hr>142</gpxtpx:hr>
          </gpxtpx:TrackPointExtension>
        </extensions>
      </trkpt>
      <trkpt lat="30.29084585239138" lon="120.22482943172645">
        <ele>13.0</ele>
        <time>2026-08-14T22:42:45Z</time>
        <extensions>
          <gpxtpx:TrackPointExtension>
            <gpxtpx:hr>144</gpxtpx:hr>
          </gpxtpx:TrackPointExtension>
        </extensions>
      </trkpt>
      <trkpt lat="30.29074086440306" lon="120.22483044200276">
        <ele>13.0</ele>
        <time>2026-08-14T22:42:49Z</time>
        <extensions>
          <gpxtpx:TrackPointExtension>
            <gpxtpx:hr>145</gpxtpx:hr>
          </gpxtpx:TrackPointExtension>
        </extensions>
      </trkpt>
      <trkpt lat="30.290638871589508" lon="120.22482544220951">
        <ele>13.0</ele>
        <time>2026-08-14T22:42:53Z</time>
        <extensions>
          <gpxtpx:TrackPointExtension>
            <gpxtpx:hr>145</gpxtpx:hr>
          </gpxtpx:TrackPointExtension>
        </extensions>
      </trkpt>
      <trkpt lat="30.290540882835487" lon="120.22482645190998">
        <ele>13.0</ele>
        <time>2026-08-14T22:42:57Z</time>
        <extensions>
          <gpxtpx:TrackPointExtension>
            <gpxtpx:hr>143</gpxtpx:hr>
          </gpxtpx:TrackPointExtension>
        </extensions>
      </trkpt>
      <trkpt lat="30.29044689214758" lon="120.22482545800688">
        <ele>12.800000190734863</ele>
        <time>2026-08-14T22:43:01Z</time>
        <extensions>
          <gpxtpx:TrackPointExtension>
            <gpxtpx:hr>144</gpxtpx:hr>
          </gpxtpx:TrackPointExtension>
        </extensions>
      </trkpt>
      <trkpt lat="30.290357899419497" lon="120.22482246041773">
        <ele>12.800000190734863</ele>
        <time>2026-08-14T22:43:05Z</time>
        <extensions>
          <gpxtpx:TrackPointExtension>
            <gpxtpx:hr>145</gpxtpx:hr>
          </gpxtpx:TrackPointExtension>
        </extensions>
      </trkpt>
      <trkpt lat="30.290254907431635" lon="120.22481846234257">
        <ele>12.800000190734863</ele>
        <time>2026-08-14T22:43:09Z</time>
        <extensions>
          <gpxtpx:TrackPointExtension>
            <gpxtpx:hr>148</gpxtpx:hr>
          </gpxtpx:TrackPointExtension>
        </extensions>
      </trkpt>
      <trkpt lat="30.290139904716355" lon="120.22479843904601">
        <ele>12.600000381469727</ele>
        <time>2026-08-14T22:43:13Z</time>
        <extensions>
          <gpxtpx:TrackPointExtension>
            <gpxtpx:hr>149</gpxtpx:hr>
          </gpxtpx:TrackPointExtension>
        </extensions>
      </trkpt>
      <trkpt lat="30.29004089576362" lon="120.22477240458097">
        <ele>12.600000381469727</ele>
        <time>2026-08-14T22:43:17Z</time>
        <extensions>
          <gpxtpx:TrackPointExtension>
            <gpxtpx:hr>150</gpxtpx:hr>
          </gpxtpx:TrackPointExtension>
        </extensions>
      </trkpt>
      <trkpt lat="30.289960884001932" lon="120.2247453668844">
        <ele>12.600000381469727</ele>
        <time>2026-08-14T22:43:21Z</time>
        <extensions>
          <gpxtpx:TrackPointExtension>
            <gpxtpx:hr>151</gpxtpx:hr>
          </gpxtpx:TrackPointExtension>
        </extensions>
      </trkpt>
      <trkpt lat="30.28986188025835" lon="120.22472634385282">
        <ele>12.800000190734863</ele>
        <time>2026-08-14T22:43:25Z</time>
        <extensions>
          <gpxtpx:TrackPointExtension>
            <gpxtpx:hr>154</gpxtpx:hr>
          </gpxtpx:TrackPointExtension>
        </extensions>
      </trkpt>
      <trkpt lat="30.28976189918941" lon="120.22473737013222">
        <ele>12.800000190734863</ele>
        <time>2026-08-14T22:43:29Z</time>
        <extensions>
          <gpxtpx:TrackPointExtension>
            <gpxtpx:hr>154</gpxtpx:hr>
          </gpxtpx:TrackPointExtension>
        </extensions>
      </trkpt>
      <trkpt lat="30.289675912106112" lon="120.22474238541166">
        <ele>12.800000190734863</ele>
        <time>2026-08-14T22:43:33Z</time>
        <extensions>
          <gpxtpx:TrackPointExtension>
            <gpxtpx:hr>153</gpxtpx:hr>
          </gpxtpx:TrackPointExtension>
        </extensions>
      </trkpt>
      <trkpt lat="30.289589925016394" lon="120.22474740069005">
        <ele>12.800000190734863</ele>
        <time>2026-08-14T22:43:37Z</time>
        <extensions>
          <gpxtpx:TrackPointExtension>
            <gpxtpx:hr>153</gpxtpx:hr>
          </gpxtpx:TrackPointExtension>
        </extensions>
      </trkpt>
      <trkpt lat="30.289488935754676" lon="120.22474740899993">
        <ele>12.800000190734863</ele>
        <time>2026-08-14T22:43:41Z</time>
        <extensions>
          <gpxtpx:TrackPointExtension>
            <gpxtpx:hr>154</gpxtpx:hr>
          </gpxtpx:TrackPointExtension>
        </extensions>
      </trkpt>
      <trkpt lat="30.28937694539718" lon="120.22474441329341">
        <ele>12.800000190734863</ele>
        <time>2026-08-14T22:43:45Z</time>
        <extensions>
          <gpxtpx:TrackPointExtension>
            <gpxtpx:hr>154</gpxtpx:hr>
          </gpxtpx:TrackPointExtension>
        </extensions>
      </trkpt>
      <trkpt lat="30.289276962029465" lon="120.22475243464395">
        <ele>13.0</ele>
        <time>2026-08-14T22:43:49Z</time>
        <extensions>
          <gpxtpx:TrackPointExtension>
            <gpxtpx:hr>155</gpxtpx:hr>
          </gpxtpx:TrackPointExtension>
        </extensions>
      </trkpt>
      <trkpt lat="30.289177968019978" lon="120.22474643294719">
        <ele>13.0</ele>
        <time>2026-08-14T22:43:53Z</time>
        <extensions>
          <gpxtpx:TrackPointExtension>
            <gpxtpx:hr>156</gpxtpx:hr>
          </gpxtpx:TrackPointExtension>
        </extensions>
      </trkpt>
      <trkpt lat="30.289086974658627" lon="120.22474243387207">
        <ele>13.0</ele>
        <time>2026-08-14T22:43:57Z</time>
        <extensions>
          <gpxtpx:TrackPointExtension>
            <gpxtpx:hr>156</gpxtpx:hr>
          </gpxtpx:TrackPointExtension>
        </extensions>
      </trkpt>
      <trkpt lat="30.28899098558153" lon="120.22474344341104">
        <ele>13.0</ele>
        <time>2026-08-14T22:44:01Z</time>
        <extensions>
          <gpxtpx:TrackPointExtension>
            <gpxtpx:hr>157</gpxtpx:hr>
          </gpxtpx:TrackPointExtension>
        </extensions>
      </trkpt>
      <trkpt lat="30.28888800024675" lon="120.22474846008764">
        <ele>13.0</ele>
        <time>2026-08-14T22:44:05Z</time>
        <extensions>
          <gpxtpx:TrackPointExtension>
            <gpxtpx:hr>157</gpxtpx:hr>
          </gpxtpx:TrackPointExtension>
        </extensions>
      </trkpt>
      <trkpt lat="30.288782976724654" lon="120.22470239322608">
        <ele>13.0</ele>
        <time>2026-08-14T22:44:09Z</time>
        <extensions>
          <gpxtpx:TrackPointExtension>
            <gpxtpx:hr>158</gpxtpx:hr>
          </gpxtpx:TrackPointExtension>
        </extensions>
      </trkpt>
      <trkpt lat="30.288711915506674" lon="120.22461124945222">
        <ele>13.0</ele>
        <time>2026-08-14T22:44:13Z</time>
        <extensions>
          <gpxtpx:TrackPointExtension>
            <gpxtpx:hr>159</gpxtpx:hr>
          </gpxtpx:TrackPointExtension>
        </extensions>
      </trkpt>
      <trkpt lat="30.288654840354184" lon="120.22450407778581">
        <ele>13.0</ele>
        <time>2026-08-14T22:44:17Z</time>
        <extensions>
          <gpxtpx:TrackPointExtension>
            <gpxtpx:hr>160</gpxtpx:hr>
          </gpxtpx:TrackPointExtension>
        </extensions>
      </trkpt>
      <trkpt lat="30.28860776221698" lon="120.22439490151756">
        <ele>13.0</ele>
        <time>2026-08-14T22:44:21Z</time>
        <extensions>
          <gpxtpx:TrackPointExtension>
            <gpxtpx:hr>160</gpxtpx:hr>
          </gpxtpx:TrackPointExtension>
        </extensions>
      </trkpt>
      <trkpt lat="30.288565691584754" lon="120.22429674260117">
        <ele>13.0</ele>
        <time>2026-08-14T22:44:25Z</time>
        <extensions>
          <gpxtpx:TrackPointExtension>
            <gpxtpx:hr>160</gpxtpx:hr>
          </gpxtpx:TrackPointExtension>
        </extensions>
      </trkpt>
      <trkpt lat="30.288530614480905" lon="120.22419157107458">
        <ele>13.399999618530273</ele>
        <time>2026-08-14T22:44:29Z</time>
        <extensions>
          <gpxtpx:TrackPointExtension>
            <gpxtpx:hr>161</gpxtpx:hr>
          </gpxtpx:TrackPointExtension>
        </extensions>
      </trkpt>
      <trkpt lat="30.28850253238031" lon="120.22408139018336">
        <ele>13.199999809265137</ele>
        <time>2026-08-14T22:44:33Z</time>
        <extensions>
          <gpxtpx:TrackPointExtension>
            <gpxtpx:hr>161</gpxtpx:hr>
          </gpxtpx:TrackPointExtension>
        </extensions>
      </trkpt>
      <trkpt lat="30.288464458703423" lon="120.22398122634006">
        <ele>13.399999618530273</ele>
        <time>2026-08-14T22:44:37Z</time>
        <extensions>
          <gpxtpx:TrackPointExtension>
            <gpxtpx:hr>162</gpxtpx:hr>
          </gpxtpx:TrackPointExtension>
        </extensions>
      </trkpt>
      <trkpt lat="30.288416389644475" lon="120.22388607129008">
        <ele>13.399999618530273</ele>
        <time>2026-08-14T22:44:41Z</time>
        <extensions>
          <gpxtpx:TrackPointExtension>
            <gpxtpx:hr>162</gpxtpx:hr>
          </gpxtpx:TrackPointExtension>
        </extensions>
      </trkpt>
      <trkpt lat="30.28838331869042" lon="120.22379091463772">
        <ele>13.399999618530273</ele>
        <time>2026-08-14T22:44:45Z</time>
        <extensions>
          <gpxtpx:TrackPointExtension>
            <gpxtpx:hr>162</gpxtpx:hr>
          </gpxtpx:TrackPointExtension>
        </extensions>
      </trkpt>
      <trkpt lat="30.28833525215898" lon="120.22369976558507">
        <ele>13.600000381469727</ele>
        <time>2026-08-14T22:44:49Z</time>
        <extensions>
          <gpxtpx:TrackPointExtension>
            <gpxtpx:hr>163</gpxtpx:hr>
          </gpxtpx:TrackPointExtension>
        </extensions>
      </trkpt>
      <trkpt lat="30.28830317415443" lon="120.22359659463288">
        <ele>13.600000381469727</ele>
        <time>2026-08-14T22:44:53Z</time>
        <extensions>
          <gpxtpx:TrackPointExtension>
            <gpxtpx:hr>163</gpxtpx:hr>
          </gpxtpx:TrackPointExtension>
        </extensions>
      </trkpt>
      <trkpt lat="30.28827409705833" lon="120.22349542638533">
        <ele>13.600000381469727</ele>
        <time>2026-08-14T22:44:57Z</time>
        <extensions>
          <gpxtpx:TrackPointExtension>
            <gpxtpx:hr>161</gpxtpx:hr>
          </gpxtpx:TrackPointExtension>
        </extensions>
      </trkpt>
      <trkpt lat="30.288227020707957" lon="120.22339325750887">
        <ele>13.600000381469727</ele>
        <time>2026-08-14T22:45:01Z</time>
        <extensions>
          <gpxtpx:TrackPointExtension>
            <gpxtpx:hr>160</gpxtpx:hr>
          </gpxtpx:TrackPointExtension>
        </extensions>
      </trkpt>
      <trkpt lat="30.288184952295392" lon="120.2233021064937">
        <ele>13.800000190734863</ele>
        <time>2026-08-14T22:45:05Z</time>
        <extensions>
          <gpxtpx:TrackPointExtension>
            <gpxtpx:hr>160</gpxtpx:hr>
          </gpxtpx:TrackPointExtension>
        </extensions>
      </trkpt>
      <trkpt lat="30.288140871727506" lon="120.22319592975725">
        <ele>14.0</ele>
        <time>2026-08-14T22:45:09Z</time>
        <extensions>
          <gpxtpx:TrackPointExtension>
            <gpxtpx:hr>160</gpxtpx:hr>
          </gpxtpx:TrackPointExtension>
        </extensions>
      </trkpt>
      <trkpt lat="30.288094811203234" lon="120.22311479541563">
        <ele>13.800000190734863</ele>
        <time>2026-08-14T22:45:13Z</time>
        <extensions>
          <gpxtpx:TrackPointExtension>
            <gpxtpx:hr>160</gpxtpx:hr>
          </gpxtpx:TrackPointExtension>
        </extensions>
      </trkpt>
      <trkpt lat="30.28806472523124" lon="120.22300460987886">
        <ele>14.0</ele>
        <time>2026-08-14T22:45:17Z</time>
        <extensions>
          <gpxtpx:TrackPointExtension>
            <gpxtpx:hr>159</gpxtpx:hr>
          </gpxtpx:TrackPointExtension>
        </extensions>
      </trkpt>
      <trkpt lat="30.2880296377382" lon="120.22289242083235">
        <ele>14.0</ele>
        <time>2026-08-14T22:45:21Z</time>
        <extensions>
          <gpxtpx:TrackPointExtension>
            <gpxtpx:hr>158</gpxtpx:hr>
          </gpxtpx:TrackPointExtension>
        </extensions>
      </trkpt>
      <trkpt lat="30.287987560386448" lon="120.22279225249719">
        <ele>13.800000190734863</ele>
        <time>2026-08-14T22:45:25Z</time>
        <extensions>
          <gpxtpx:TrackPointExtension>
            <gpxtpx:hr>158</gpxtpx:hr>
          </gpxtpx:TrackPointExtension>
        </extensions>
      </trkpt>
      <trkpt lat="30.287941483112068" lon="120.22269208408754">
        <ele>13.800000190734863</ele>
        <time>2026-08-14T22:45:29Z</time>
        <extensions>
          <gpxtpx:TrackPointExtension>
            <gpxtpx:hr>158</gpxtpx:hr>
          </gpxtpx:TrackPointExtension>
        </extensions>
      </trkpt>
      <trkpt lat="30.28790140899479" lon="120.22259692342024">
        <ele>14.0</ele>
        <time>2026-08-14T22:45:33Z</time>
        <extensions>
          <gpxtpx:TrackPointExtension>
            <gpxtpx:hr>156</gpxtpx:hr>
          </gpxtpx:TrackPointExtension>
        </extensions>
      </trkpt>
      <trkpt lat="30.287873354857847" lon="120.22252780641041">
        <ele>14.0</ele>
        <time>2026-08-14T22:45:37Z</time>
        <extensions>
          <gpxtpx:TrackPointExtension>
            <gpxtpx:hr>157</gpxtpx:hr>
          </gpxtpx:TrackPointExtension>
        </extensions>
      </trkpt>
      <trkpt lat="30.287856279454243" lon="120.22243464669116">
        <ele>14.0</ele>
        <time>2026-08-14T22:45:41Z</time>
        <extensions>
          <gpxtpx:TrackPointExtension>
            <gpxtpx:hr>156</gpxtpx:hr>
          </gpxtpx:TrackPointExtension>
        </extensions>
      </trkpt>
      <trkpt lat="30.287824142629663" lon="120.22226635739024">
        <ele>13.800000190734863</ele>
        <time>2026-08-14T22:45:45Z</time>
        <extensions>
          <gpxtpx:TrackPointExtension>
            <gpxtpx:hr>156</gpxtpx:hr>
          </gpxtpx:TrackPointExtension>
        </extensions>
      </trkpt>
      <trkpt lat="30.287812033070427" lon="120.22213412820501">
        <ele>13.800000190734863</ele>
        <time>2026-08-14T22:45:49Z</time>
        <extensions>
          <gpxtpx:TrackPointExtension>
            <gpxtpx:hr>159</gpxtpx:hr>
          </gpxtpx:TrackPointExtension>
        </extensions>
      </trkpt>
      <trkpt lat="30.28779294480047" lon="120.22202694267624">
        <ele>13.800000190734863</ele>
        <time>2026-08-14T22:45:53Z</time>
        <extensions>
          <gpxtpx:TrackPointExtension>
            <gpxtpx:hr>159</gpxtpx:hr>
          </gpxtpx:TrackPointExtension>
        </extensions>
      </trkpt>
      <trkpt lat="30.287765873107528" lon="120.22193879068415">
        <ele>13.800000190734863</ele>
        <time>2026-08-14T22:45:57Z</time>
        <extensions>
          <gpxtpx:TrackPointExtension>
            <gpxtpx:hr>158</gpxtpx:hr>
          </gpxtpx:TrackPointExtension>
        </extensions>
      </trkpt>
      <trkpt lat="30.28774577741708" lon="120.22182359033263">
        <ele>13.800000190734863</ele>
        <time>2026-08-14T22:46:01Z</time>
        <extensions>
          <gpxtpx:TrackPointExtension>
            <gpxtpx:hr>157</gpxtpx:hr>
          </gpxtpx:TrackPointExtension>
        </extensions>
      </trkpt>
      <trkpt lat="30.287709688950372" lon="120.22171540311206">
        <ele>13.600000381469727</ele>
        <time>2026-08-14T22:46:05Z</time>
        <extensions>
          <gpxtpx:TrackPointExtension>
            <gpxtpx:hr>156</gpxtpx:hr>
          </gpxtpx:TrackPointExtension>
        </extensions>
      </trkpt>
      <trkpt lat="30.287658614552218" lon="120.22162224316732">
        <ele>13.600000381469727</ele>
        <time>2026-08-14T22:46:09Z</time>
        <extensions>
          <gpxtpx:TrackPointExtension>
            <gpxtpx:hr>156</gpxtpx:hr>
          </gpxtpx:TrackPointExtension>
        </extensions>
      </trkpt>
      <trkpt lat="30.287608533718558" lon="120.2215220704003">
        <ele>13.600000381469727</ele>
        <time>2026-08-14T22:46:13Z</time>
        <extensions>
          <gpxtpx:TrackPointExtension>
            <gpxtpx:hr>155</gpxtpx:hr>
          </gpxtpx:TrackPointExtension>
        </extensions>
      </trkpt>
      <trkpt lat="30.287570449555652" lon="120.221419892697">
        <ele>13.399999618530273</ele>
        <time>2026-08-14T22:46:17Z</time>
        <extensions>
          <gpxtpx:TrackPointExtension>
            <gpxtpx:hr>156</gpxtpx:hr>
          </gpxtpx:TrackPointExtension>
        </extensions>
      </trkpt>
      <trkpt lat="30.28752535707941" lon="120.22130769736405">
        <ele>13.600000381469727</ele>
        <time>2026-08-14T22:46:21Z</time>
        <extensions>
          <gpxtpx:TrackPointExtension>
            <gpxtpx:hr>157</gpxtpx:hr>
          </gpxtpx:TrackPointExtension>
        </extensions>
      </trkpt>
      <trkpt lat="30.287473276264727" lon="120.22120852529444">
        <ele>13.399999618530273</ele>
        <time>2026-08-14T22:46:25Z</time>
        <extensions>
          <gpxtpx:TrackPointExtension>
            <gpxtpx:hr>159</gpxtpx:hr>
          </gpxtpx:TrackPointExtension>
        </extensions>
      </trkpt>
      <trkpt lat="30.287424190421934" lon="120.22110434365173">
        <ele>13.199999809265137</ele>
        <time>2026-08-14T22:46:29Z</time>
        <extensions>
          <gpxtpx:TrackPointExtension>
            <gpxtpx:hr>158</gpxtpx:hr>
          </gpxtpx:TrackPointExtension>
        </extensions>
      </trkpt>
      <trkpt lat="30.287406087763895" lon="120.22098513214969">
        <ele>13.0</ele>
        <time>2026-08-14T22:46:33Z</time>
        <extensions>
          <gpxtpx:TrackPointExtension>
            <gpxtpx:hr>158</gpxtpx:hr>
          </gpxtpx:TrackPointExtension>
        </extensions>
      </trkpt>
      <trkpt lat="30.287460988480234" lon="120.22087893743152">
        <ele>12.800000190734863</ele>
        <time>2026-08-14T22:46:37Z</time>
        <extensions>
          <gpxtpx:TrackPointExtension>
            <gpxtpx:hr>158</gpxtpx:hr>
          </gpxtpx:TrackPointExtension>
        </extensions>
      </trkpt>
      <trkpt lat="30.287581919149346" lon="120.2208148124218">
        <ele>13.0</ele>
        <time>2026-08-14T22:46:41Z</time>
        <extensions>
          <gpxtpx:TrackPointExtension>
            <gpxtpx:hr>158</gpxtpx:hr>
          </gpxtpx:TrackPointExtension>
        </extensions>
      </trkpt>
      <trkpt lat="30.28768385965799" lon="120.22075970502515">
        <ele>12.800000190734863</ele>
        <time>2026-08-14T22:46:45Z</time>
        <extensions>
          <gpxtpx:TrackPointExtension>
            <gpxtpx:hr>159</gpxtpx:hr>
          </gpxtpx:TrackPointExtension>
        </extensions>
      </trkpt>
      <trkpt lat="30.287776800112717" lon="120.22070359644631">
        <ele>13.0</ele>
        <time>2026-08-14T22:46:49Z</time>
        <extensions>
          <gpxtpx:TrackPointExtension>
            <gpxtpx:hr>160</gpxtpx:hr>
          </gpxtpx:TrackPointExtension>
        </extensions>
      </trkpt>
      <trkpt lat="30.28786775136541" lon="120.22065950957101">
        <ele>13.199999809265137</ele>
        <time>2026-08-14T22:46:53Z</time>
        <extensions>
          <gpxtpx:TrackPointExtension>
            <gpxtpx:hr>159</gpxtpx:hr>
          </gpxtpx:TrackPointExtension>
        </extensions>
      </trkpt>
      <trkpt lat="30.287952697820153" lon="120.22060941227177">
        <ele>13.0</ele>
        <time>2026-08-14T22:46:57Z</time>
        <extensions>
          <gpxtpx:TrackPointExtension>
            <gpxtpx:hr>159</gpxtpx:hr>
          </gpxtpx:TrackPointExtension>
        </extensions>
      </trkpt>
      <trkpt lat="30.288039643975544" lon="120.2205593147089">
        <ele>13.0</ele>
        <time>2026-08-14T22:47:01Z</time>
        <extensions>
          <gpxtpx:TrackPointExtension>
            <gpxtpx:hr>160</gpxtpx:hr>
          </gpxtpx:TrackPointExtension>
        </extensions>
      </trkpt>
      <trkpt lat="30.288124584873206" lon="120.22050320634541">
        <ele>13.199999809265137</ele>
        <time>2026-08-14T22:47:05Z</time>
        <extensions>
          <gpxtpx:TrackPointExtension>
            <gpxtpx:hr>159</gpxtpx:hr>
          </gpxtpx:TrackPointExtension>
        </extensions>
      </trkpt>
      <trkpt lat="30.288216531212054" lon="120.22045410997438">
        <ele>13.199999809265137</ele>
        <time>2026-08-14T22:47:09Z</time>
        <extensions>
          <gpxtpx:TrackPointExtension>
            <gpxtpx:hr>159</gpxtpx:hr>
          </gpxtpx:TrackPointExtension>
        </extensions>
      </trkpt>
      <trkpt lat="30.288307471269853" lon="120.22039800088444">
        <ele>13.199999809265137</ele>
        <time>2026-08-14T22:47:13Z</time>
        <extensions>
          <gpxtpx:TrackPointExtension>
            <gpxtpx:hr>159</gpxtpx:hr>
          </gpxtpx:TrackPointExtension>
        </extensions>
      </trkpt>
      <trkpt lat="30.288393409038086" lon="120.2203388866296">
        <ele>13.0</ele>
        <time>2026-08-14T22:47:17Z</time>
        <extensions>
          <gpxtpx:TrackPointExtension>
            <gpxtpx:hr>160</gpxtpx:hr>
          </gpxtpx:TrackPointExtension>
        </extensions>
      </trkpt>
      <trkpt lat="30.28848034477108" lon="120.22027776851503">
        <ele>13.0</ele>
        <time>2026-08-14T22:47:21Z</time>
        <extensions>
          <gpxtpx:TrackPointExtension>
            <gpxtpx:hr>159</gpxtpx:hr>
          </gpxtpx:TrackPointExtension>
        </extensions>
      </trkpt>
      <trkpt lat="30.288565281491792" lon="120.22021765224089">
        <ele>12.800000190734863</ele>
        <time>2026-08-14T22:47:25Z</time>
        <extensions>
          <gpxtpx:TrackPointExtension>
            <gpxtpx:hr>159</gpxtpx:hr>
          </gpxtpx:TrackPointExtension>
        </extensions>
      </trkpt>
      <trkpt lat="30.288644207821445" lon="120.22014551441872">
        <ele>12.800000190734863</ele>
        <time>2026-08-14T22:47:29Z</time>
        <extensions>
          <gpxtpx:TrackPointExtension>
            <gpxtpx:hr>159</gpxtpx:hr>
          </gpxtpx:TrackPointExtension>
        </extensions>
      </trkpt>
      <trkpt lat="30.288751193787217" lon="120.22014250013136">
        <ele>12.600000381469727</ele>
        <time>2026-08-14T22:47:33Z</time>
        <extensions>
          <gpxtpx:TrackPointExtension>
            <gpxtpx:hr>158</gpxtpx:hr>
          </gpxtpx:TrackPointExtension>
        </extensions>
      </trkpt>
      <trkpt lat="30.288825257637747" lon="120.22022163811972">
        <ele>12.600000381469727</ele>
        <time>2026-08-14T22:47:37Z</time>
        <extensions>
          <gpxtpx:TrackPointExtension>
            <gpxtpx:hr>158</gpxtpx:hr>
          </gpxtpx:TrackPointExtension>
        </extensions>
      </trkpt>
      <trkpt lat="30.288868345325287" lon="120.22032382024582">
        <ele>12.600000381469727</ele>
        <time>2026-08-14T22:47:41Z</time>
        <extensions>
          <gpxtpx:TrackPointExtension>
            <gpxtpx:hr>158</gpxtpx:hr>
          </gpxtpx:TrackPointExtension>
        </extensions>
      </trkpt>
      <trkpt lat="30.28889944382382" lon="120.2204370229046">
        <ele>12.600000381469727</ele>
        <time>2026-08-14T22:47:45Z</time>
        <extensions>
          <gpxtpx:TrackPointExtension>
            <gpxtpx:hr>159</gpxtpx:hr>
          </gpxtpx:TrackPointExtension>
        </extensions>
      </trkpt>
      <trkpt lat="30.288939530199848" lon="120.22053820260382">
        <ele>12.399999618530273</ele>
        <time>2026-08-14T22:47:49Z</time>
        <extensions>
          <gpxtpx:TrackPointExtension>
            <gpxtpx:hr>159</gpxtpx:hr>
          </gpxtpx:TrackPointExtension>
        </extensions>
      </trkpt>
      <trkpt lat="30.288978615447736" lon="120.22063838017692">
        <ele>12.399999618530273</ele>
        <time>2026-08-14T22:47:53Z</time>
        <extensions>
          <gpxtpx:TrackPointExtension>
            <gpxtpx:hr>159</gpxtpx:hr>
          </gpxtpx:TrackPointExtension>
        </extensions>
      </trkpt>
      <trkpt lat="30.28901669424389" lon="120.22073154482285">
        <ele>12.199999809265137</ele>
        <time>2026-08-14T22:47:57Z</time>
        <extensions>
          <gpxtpx:TrackPointExtension>
            <gpxtpx:hr>158</gpxtpx:hr>
          </gpxtpx:TrackPointExtension>
        </extensions>
      </trkpt>
      <trkpt lat="30.28906877923754" lon="120.220833724159">
        <ele>12.0</ele>
        <time>2026-08-14T22:48:01Z</time>
        <extensions>
          <gpxtpx:TrackPointExtension>
            <gpxtpx:hr>158</gpxtpx:hr>
          </gpxtpx:TrackPointExtension>
        </extensions>
      </trkpt>
      <trkpt lat="30.289099862577554" lon="120.22093189763558">
        <ele>12.399999618530273</ele>
        <time>2026-08-14T22:48:05Z</time>
        <extensions>
          <gpxtpx:TrackPointExtension>
            <gpxtpx:hr>157</gpxtpx:hr>
          </gpxtpx:TrackPointExtension>
        </extensions>
      </trkpt>
      <trkpt lat="30.28913795451955" lon="120.221041089847">
        <ele>12.199999809265137</ele>
        <time>2026-08-14T22:48:09Z</time>
        <extensions>
          <gpxtpx:TrackPointExtension>
            <gpxtpx:hr>156</gpxtpx:hr>
          </gpxtpx:TrackPointExtension>
        </extensions>
      </trkpt>
      <trkpt lat="30.289178037098004" lon="120.22114026356414">
        <ele>12.199999809265137</ele>
        <time>2026-08-14T22:48:13Z</time>
        <extensions>
          <gpxtpx:TrackPointExtension>
            <gpxtpx:hr>156</gpxtpx:hr>
          </gpxtpx:TrackPointExtension>
        </extensions>
      </trkpt>
      <trkpt lat="30.289222118049462" lon="120.22123843478055">
        <ele>12.399999618530273</ele>
        <time>2026-08-14T22:48:17Z</time>
        <extensions>
          <gpxtpx:TrackPointExtension>
            <gpxtpx:hr>157</gpxtpx:hr>
          </gpxtpx:TrackPointExtension>
        </extensions>
      </trkpt>
      <trkpt lat="30.289289181462557" lon="120.22131957348593">
        <ele>12.399999618530273</ele>
        <time>2026-08-14T22:48:21Z</time>
        <extensions>
          <gpxtpx:TrackPointExtension>
            <gpxtpx:hr>157</gpxtpx:hr>
          </gpxtpx:TrackPointExtension>
        </extensions>
      </trkpt>
      <trkpt lat="30.28936723654978" lon="120.221392696818">
        <ele>12.199999809265137</ele>
        <time>2026-08-14T22:48:25Z</time>
        <extensions>
          <gpxtpx:TrackPointExtension>
            <gpxtpx:hr>158</gpxtpx:hr>
          </gpxtpx:TrackPointExtension>
        </extensions>
      </trkpt>
      <trkpt lat="30.289445284536853" lon="120.221457805752">
        <ele>12.399999618530273</ele>
        <time>2026-08-14T22:48:29Z</time>
        <extensions>
          <gpxtpx:TrackPointExtension>
            <gpxtpx:hr>158</gpxtpx:hr>
          </gpxtpx:TrackPointExtension>
        </extensions>
      </trkpt>
      <trkpt lat="30.289518326870503" lon="120.22151590253266">
        <ele>12.199999809265137</ele>
        <time>2026-08-14T22:48:33Z</time>
        <extensions>
          <gpxtpx:TrackPointExtension>
            <gpxtpx:hr>157</gpxtpx:hr>
          </gpxtpx:TrackPointExtension>
        </extensions>
      </trkpt>
      <trkpt lat="30.28959936048794" lon="120.22156498259999">
        <ele>12.199999809265137</ele>
        <time>2026-08-14T22:48:37Z</time>
        <extensions>
          <gpxtpx:TrackPointExtension>
            <gpxtpx:hr>158</gpxtpx:hr>
          </gpxtpx:TrackPointExtension>
        </extensions>
      </trkpt>
      <trkpt lat="30.28968040175227" lon="120.22162307847469">
        <ele>12.0</ele>
        <time>2026-08-14T22:48:41Z</time>
        <extensions>
          <gpxtpx:TrackPointExtension>
            <gpxtpx:hr>158</gpxtpx:hr>
          </gpxtpx:TrackPointExtension>
        </extensions>
      </trkpt>
      <trkpt lat="30.28975944139672" lon="120.22167917085078">
        <ele>12.0</ele>
        <time>2026-08-14T22:48:45Z</time>
        <extensions>
          <gpxtpx:TrackPointExtension>
            <gpxtpx:hr>156</gpxtpx:hr>
          </gpxtpx:TrackPointExtension>
        </extensions>
      </trkpt>
      <trkpt lat="30.289838483496126" lon="120.2217382683886">
        <ele>12.0</ele>
        <time>2026-08-14T22:48:49Z</time>
        <extensions>
          <gpxtpx:TrackPointExtension>
            <gpxtpx:hr>156</gpxtpx:hr>
          </gpxtpx:TrackPointExtension>
        </extensions>
      </trkpt>
      <trkpt lat="30.289916523873277" lon="120.22179536234991">
        <ele>12.199999809265137</ele>
        <time>2026-08-14T22:48:53Z</time>
        <extensions>
          <gpxtpx:TrackPointExtension>
            <gpxtpx:hr>156</gpxtpx:hr>
          </gpxtpx:TrackPointExtension>
        </extensions>
      </trkpt>
      <trkpt lat="30.289993562539856" lon="120.22185045274827">
        <ele>12.199999809265137</ele>
        <time>2026-08-14T22:48:57Z</time>
        <extensions>
          <gpxtpx:TrackPointExtension>
            <gpxtpx:hr>156</gpxtpx:hr>
          </gpxtpx:TrackPointExtension>
        </extensions>
      </trkpt>
      <trkpt lat="30.29007960863252" lon="120.22191555983841">
        <ele>12.199999809265137</ele>
        <time>2026-08-14T22:49:01Z</time>
        <extensions>
          <gpxtpx:TrackPointExtension>
            <gpxtpx:hr>156</gpxtpx:hr>
          </gpxtpx:TrackPointExtension>
        </extensions>
      </trkpt>
      <trkpt lat="30.29016964313576" lon="120.22196764364358">
        <ele>12.199999809265137</ele>
        <time>2026-08-14T22:49:05Z</time>
        <extensions>
          <gpxtpx:TrackPointExtension>
            <gpxtpx:hr>156</gpxtpx:hr>
          </gpxtpx:TrackPointExtension>
        </extensions>
      </trkpt>
      <trkpt lat="30.29025669054275" lon="120.22203475384798">
        <ele>12.0</ele>
        <time>2026-08-14T22:49:09Z</time>
        <extensions>
          <gpxtpx:TrackPointExtension>
            <gpxtpx:hr>156</gpxtpx:hr>
          </gpxtpx:TrackPointExtension>
        </extensions>
      </trkpt>
      <trkpt lat="30.290322748463947" lon="120.22211188307641">
        <ele>12.0</ele>
        <time>2026-08-14T22:49:13Z</time>
        <extensions>
          <gpxtpx:TrackPointExtension>
            <gpxtpx:hr>156</gpxtpx:hr>
          </gpxtpx:TrackPointExtension>
        </extensions>
      </trkpt>
      <trkpt lat="30.29041178018945" lon="120.22216096131987">
        <ele>12.199999809265137</ele>
        <time>2026-08-14T22:49:17Z</time>
        <extensions>
          <gpxtpx:TrackPointExtension>
            <gpxtpx:hr>156</gpxtpx:hr>
          </gpxtpx:TrackPointExtension>
        </extensions>
      </trkpt>
      <trkpt lat="30.29049181195154" lon="120.22220903846454">
        <ele>12.199999809265137</ele>
        <time>2026-08-14T22:49:21Z</time>
        <extensions>
          <gpxtpx:TrackPointExtension>
            <gpxtpx:hr>156</gpxtpx:hr>
          </gpxtpx:TrackPointExtension>
        </extensions>
      </trkpt>
      <trkpt lat="30.290564847730284" lon="120.22226112305867">
        <ele>12.199999809265137</ele>
        <time>2026-08-14T22:49:25Z</time>
        <extensions>
          <gpxtpx:TrackPointExtension>
            <gpxtpx:hr>157</gpxtpx:hr>
          </gpxtpx:TrackPointExtension>
        </extensions>
      </trkpt>
      <trkpt lat="30.29063388969068" lon="120.22232022004727">
        <ele>12.199999809265137</ele>
        <time>2026-08-14T22:49:29Z</time>
        <extensions>
          <gpxtpx:TrackPointExtension>
            <gpxtpx:hr>158</gpxtpx:hr>
          </gpxtpx:TrackPointExtension>
        </extensions>
      </trkpt>
      <trkpt lat="30.29069694050501" lon="120.2223893347538">
        <ele>12.199999809265137</ele>
        <time>2026-08-14T22:49:33Z</time>
        <extensions>
          <gpxtpx:TrackPointExtension>
            <gpxtpx:hr>158</gpxtpx:hr>
          </gpxtpx:TrackPointExtension>
        </extensions>
      </trkpt>
      <trkpt lat="30.290790930426" lon="120.22238932701593">
        <ele>12.199999809265137</ele>
        <time>2026-08-14T22:49:37Z</time>
        <extensions>
          <gpxtpx:TrackPointExtension>
            <gpxtpx:hr>157</gpxtpx:hr>
          </gpxtpx:TrackPointExtension>
        </extensions>
      </trkpt>
      <trkpt lat="30.290842862268477" lon="120.22231419240813">
        <ele>12.0</ele>
        <time>2026-08-14T22:49:41Z</time>
        <extensions>
          <gpxtpx:TrackPointExtension>
            <gpxtpx:hr>157</gpxtpx:hr>
          </gpxtpx:TrackPointExtension>
        </extensions>
      </trkpt>
      <trkpt lat="30.290894783856537" lon="120.22222703666452">
        <ele>12.0</ele>
        <time>2026-08-14T22:49:45Z</time>
        <extensions>
          <gpxtpx:TrackPointExtension>
            <gpxtpx:hr>157</gpxtpx:hr>
          </gpxtpx:TrackPointExtension>
        </extensions>
      </trkpt>
      <trkpt lat="30.29093970088682" lon="120.22213387071508">
        <ele>12.0</ele>
        <time>2026-08-14T22:49:49Z</time>
        <extensions>
          <gpxtpx:TrackPointExtension>
            <gpxtpx:hr>157</gpxtpx:hr>
          </gpxtpx:TrackPointExtension>
        </extensions>
      </trkpt>
      <trkpt lat="30.290987612229404" lon="120.22203469366971">
        <ele>11.800000190734863</ele>
        <time>2026-08-14T22:49:53Z</time>
        <extensions>
          <gpxtpx:TrackPointExtension>
            <gpxtpx:hr>156</gpxtpx:hr>
          </gpxtpx:TrackPointExtension>
        </extensions>
      </trkpt>
      <trkpt lat="30.291033527694697" lon="120.22194052516728">
        <ele>12.0</ele>
        <time>2026-08-14T22:49:57Z</time>
        <extensions>
          <gpxtpx:TrackPointExtension>
            <gpxtpx:hr>154</gpxtpx:hr>
          </gpxtpx:TrackPointExtension>
        </extensions>
      </trkpt>
      <trkpt lat="30.291079441155812" lon="120.22184435279482">
        <ele>11.600000381469727</ele>
        <time>2026-08-14T22:50:01Z</time>
        <extensions>
          <gpxtpx:TrackPointExtension>
            <gpxtpx:hr>154</gpxtpx:hr>
          </gpxtpx:TrackPointExtension>
        </extensions>
      </trkpt>
      <trkpt lat="30.291133349168582" lon="120.22174317058497">
        <ele>11.600000381469727</ele>
        <time>2026-08-14T22:50:05Z</time>
        <extensions>
          <gpxtpx:TrackPointExtension>
            <gpxtpx:hr>154</gpxtpx:hr>
          </gpxtpx:TrackPointExtension>
        </extensions>
      </trkpt>
      <trkpt lat="30.291180249859867" lon="120.22163297264697">
        <ele>11.600000381469727</ele>
        <time>2026-08-14T22:50:09Z</time>
        <extensions>
          <gpxtpx:TrackPointExtension>
            <gpxtpx:hr>153</gpxtpx:hr>
          </gpxtpx:TrackPointExtension>
        </extensions>
      </trkpt>
      <trkpt lat="30.29123014464267" lon="120.22151676335282">
        <ele>11.399999618530273</ele>
        <time>2026-08-14T22:50:13Z</time>
        <extensions>
          <gpxtpx:TrackPointExtension>
            <gpxtpx:hr>154</gpxtpx:hr>
          </gpxtpx:TrackPointExtension>
        </extensions>
      </trkpt>
      <trkpt lat="30.291305064856317" lon="120.22143361004018">
        <ele>11.399999618530273</ele>
        <time>2026-08-14T22:50:17Z</time>
        <extensions>
          <gpxtpx:TrackPointExtension>
            <gpxtpx:hr>155</gpxtpx:hr>
          </gpxtpx:TrackPointExtension>
        </extensions>
      </trkpt>
      <trkpt lat="30.291411058633635" lon="120.22143961195829">
        <ele>11.600000381469727</ele>
        <time>2026-08-14T22:50:21Z</time>
        <extensions>
          <gpxtpx:TrackPointExtension>
            <gpxtpx:hr>155</gpxtpx:hr>
          </gpxtpx:TrackPointExtension>
        </extensions>
      </trkpt>
      <trkpt lat="30.291481110711818" lon="120.22150872851697">
        <ele>11.800000190734863</ele>
        <time>2026-08-14T22:50:25Z</time>
        <extensions>
          <gpxtpx:TrackPointExtension>
            <gpxtpx:hr>155</gpxtpx:hr>
          </gpxtpx:TrackPointExtension>
        </extensions>
      </trkpt>
      <trkpt lat="30.29155616380755" lon="120.22157984801149">
        <ele>11.800000190734863</ele>
        <time>2026-08-14T22:50:29Z</time>
        <extensions>
          <gpxtpx:TrackPointExtension>
            <gpxtpx:hr>156</gpxtpx:hr>
          </gpxtpx:TrackPointExtension>
        </extensions>
      </trkpt>
      <trkpt lat="30.291634205246815" lon="120.22163794409992">
        <ele>11.600000381469727</ele>
        <time>2026-08-14T22:50:33Z</time>
        <extensions>
          <gpxtpx:TrackPointExtension>
            <gpxtpx:hr>156</gpxtpx:hr>
          </gpxtpx:TrackPointExtension>
        </extensions>
      </trkpt>
      <trkpt lat="30.29171224485456" lon="120.22169403652619">
        <ele>11.600000381469727</ele>
        <time>2026-08-14T22:50:37Z</time>
        <extensions>
          <gpxtpx:TrackPointExtension>
            <gpxtpx:hr>156</gpxtpx:hr>
          </gpxtpx:TrackPointExtension>
        </extensions>
      </trkpt>
      <trkpt lat="30.291781289597143" lon="120.22175513837672">
        <ele>11.600000381469727</ele>
        <time>2026-08-14T22:50:41Z</time>
        <extensions>
          <gpxtpx:TrackPointExtension>
            <gpxtpx:hr>156</gpxtpx:hr>
          </gpxtpx:TrackPointExtension>
        </extensions>
      </trkpt>
      <trkpt lat="30.291855336227375" lon="120.22181924494423">
        <ele>11.600000381469727</ele>
        <time>2026-08-14T22:50:45Z</time>
        <extensions>
          <gpxtpx:TrackPointExtension>
            <gpxtpx:hr>155</gpxtpx:hr>
          </gpxtpx:TrackPointExtension>
        </extensions>
      </trkpt>
      <trkpt lat="30.291929375911632" lon="120.22187533729495">
        <ele>11.600000381469727</ele>
        <time>2026-08-14T22:50:49Z</time>
        <extensions>
          <gpxtpx:TrackPointExtension>
            <gpxtpx:hr>156</gpxtpx:hr>
          </gpxtpx:TrackPointExtension>
        </extensions>
      </trkpt>
      <trkpt lat="30.29197644045894" lon="120.22195747734797">
        <ele>11.800000190734863</ele>
        <time>2026-08-14T22:50:53Z</time>
        <extensions>
          <gpxtpx:TrackPointExtension>
            <gpxtpx:hr>156</gpxtpx:hr>
          </gpxtpx:TrackPointExtension>
        </extensions>
      </trkpt>
      <trkpt lat="30.291937505626606" lon="120.22202960670764">
        <ele>11.600000381469727</ele>
        <time>2026-08-14T22:50:57Z</time>
        <extensions>
          <gpxtpx:TrackPointExtension>
            <gpxtpx:hr>156</gpxtpx:hr>
          </gpxtpx:TrackPointExtension>
        </extensions>
      </trkpt>
      <trkpt lat="30.29191645881195" lon="120.22197150683289">
        <ele>11.600000381469727</ele>
        <time>2026-08-14T22:51:01Z</time>
        <extensions>
          <gpxtpx:TrackPointExtension>
            <gpxtpx:hr>157</gpxtpx:hr>
          </gpxtpx:TrackPointExtension>
        </extensions>
      </trkpt>
      <trkpt lat="30.29186741745675" lon="120.22191641439423">
        <ele>11.800000190734863</ele>
        <time>2026-08-14T22:51:05Z</time>
        <extensions>
          <gpxtpx:TrackPointExtension>
            <gpxtpx:hr>155</gpxtpx:hr>
          </gpxtpx:TrackPointExtension>
        </extensions>
      </trkpt>
      <trkpt lat="30.291859364758096" lon="120.2218533043989">
        <ele>11.600000381469727</ele>
        <time>2026-08-14T22:51:09Z</time>
        <extensions>
          <gpxtpx:TrackPointExtension>
            <gpxtpx:hr>153</gpxtpx:hr>
          </gpxtpx:TrackPointExtension>
        </extensions>
      </trkpt>
      <trkpt lat="30.29192429122978" lon="120.22177516182717">
        <ele>11.600000381469727</ele>
        <time>2026-08-14T22:51:13Z</time>
        <extensions>
          <gpxtpx:TrackPointExtension>
            <gpxtpx:hr>152</gpxtpx:hr>
          </gpxtpx:TrackPointExtension>
        </extensions>
      </trkpt>
      <trkpt lat="30.29199621930477" lon="120.2217000237272">
        <ele>11.600000381469727</ele>
        <time>2026-08-14T22:51:17Z</time>
        <extensions>
          <gpxtpx:TrackPointExtension>
            <gpxtpx:hr>152</gpxtpx:hr>
          </gpxtpx:TrackPointExtension>
        </extensions>
      </trkpt>
      <trkpt lat="30.29206814976247" lon="120.22162789070244">
        <ele>11.600000381469727</ele>
        <time>2026-08-14T22:51:21Z</time>
        <extensions>
          <gpxtpx:TrackPointExtension>
            <gpxtpx:hr>152</gpxtpx:hr>
          </gpxtpx:TrackPointExtension>
        </extensions>
      </trkpt>
      <trkpt lat="30.29213108101557" lon="120.22155575821151">
        <ele>11.600000381469727</ele>
        <time>2026-08-14T22:51:25Z</time>
        <extensions>
          <gpxtpx:TrackPointExtension>
            <gpxtpx:hr>152</gpxtpx:hr>
          </gpxtpx:TrackPointExtension>
        </extensions>
      </trkpt>
      <trkpt lat="30.292175995894063" lon="120.22146258976608">
        <ele>11.600000381469727</ele>
        <time>2026-08-14T22:51:29Z</time>
        <extensions>
          <gpxtpx:TrackPointExtension>
            <gpxtpx:hr>152</gpxtpx:hr>
          </gpxtpx:TrackPointExtension>
        </extensions>
      </trkpt>
      <trkpt lat="30.29222691156438" lon="120.22137142403552">
        <ele>11.800000190734863</ele>
        <time>2026-08-14T22:51:33Z</time>
        <extensions>
          <gpxtpx:TrackPointExtension>
            <gpxtpx:hr>152</gpxtpx:hr>
          </gpxtpx:TrackPointExtension>
        </extensions>
      </trkpt>
      <trkpt lat="30.29226982433807" lon="120.22127625151138">
        <ele>11.800000190734863</ele>
        <time>2026-08-14T22:51:37Z</time>
        <extensions>
          <gpxtpx:TrackPointExtension>
            <gpxtpx:hr>152</gpxtpx:hr>
          </gpxtpx:TrackPointExtension>
        </extensions>
      </trkpt>
      <trkpt lat="30.29232574850223" lon="120.22119610431973">
        <ele>11.600000381469727</ele>
        <time>2026-08-14T22:51:41Z</time>
        <extensions>
          <gpxtpx:TrackPointExtension>
            <gpxtpx:hr>151</gpxtpx:hr>
          </gpxtpx:TrackPointExtension>
        </extensions>
      </trkpt>
      <trkpt lat="30.29238366697458" lon="120.22110994598593">
        <ele>11.600000381469727</ele>
        <time>2026-08-14T22:51:45Z</time>
        <extensions>
          <gpxtpx:TrackPointExtension>
            <gpxtpx:hr>150</gpxtpx:hr>
          </gpxtpx:TrackPointExtension>
        </extensions>
      </trkpt>
      <trkpt lat="30.292427598141547" lon="120.22103681178652">
        <ele>12.199999809265137</ele>
        <time>2026-08-14T22:51:49Z</time>
        <extensions>
          <gpxtpx:TrackPointExtension>
            <gpxtpx:hr>149</gpxtpx:hr>
          </gpxtpx:TrackPointExtension>
        </extensions>
      </trkpt>
      <trkpt lat="30.292489526293277" lon="120.22096267410015">
        <ele>11.800000190734863</ele>
        <time>2026-08-14T22:51:53Z</time>
        <extensions>
          <gpxtpx:TrackPointExtension>
            <gpxtpx:hr>150</gpxtpx:hr>
          </gpxtpx:TrackPointExtension>
        </extensions>
      </trkpt>
      <trkpt lat="30.29253444726528" lon="120.22087851963401">
        <ele>11.800000190734863</ele>
        <time>2026-08-14T22:51:57Z</time>
        <extensions>
          <gpxtpx:TrackPointExtension>
            <gpxtpx:hr>151</gpxtpx:hr>
          </gpxtpx:TrackPointExtension>
        </extensions>
      </trkpt>
      <trkpt lat="30.29256243184475" lon="120.22086449217431">
        <ele>12.0</ele>
        <time>2026-08-14T22:52:01Z</time>
        <extensions>
          <gpxtpx:TrackPointExtension>
            <gpxtpx:hr>152</gpxtpx:hr>
          </gpxtpx:TrackPointExtension>
        </extensions>
      </trkpt>
      <trkpt lat="30.292087130521622" lon="120.22160785379667">
        <ele>11.800000190734863</ele>
        <time>2026-08-14T22:53:37Z</time>
        <extensions>
          <gpxtpx:TrackPointExtension>
            <gpxtpx:hr>133</gpxtpx:hr>
          </gpxtpx:TrackPointExtension>
        </extensions>
      </trkpt>
      <trkpt lat="30.292016129607166" lon="120.22159784196576">
        <ele>11.800000190734863</ele>
        <time>2026-08-14T22:53:41Z</time>
        <extensions>
          <gpxtpx:TrackPointExtension>
            <gpxtpx:hr>133</gpxtpx:hr>
          </gpxtpx:TrackPointExtension>
        </extensions>
      </trkpt>
      <trkpt lat="30.291932098239197" lon="120.22155076574806">
        <ele>11.600000381469727</ele>
        <time>2026-08-14T22:53:45Z</time>
        <extensions>
          <gpxtpx:TrackPointExtension>
            <gpxtpx:hr>134</gpxtpx:hr>
          </gpxtpx:TrackPointExtension>
        </extensions>
      </trkpt>
      <trkpt lat="30.291864045202683" lon="120.22148064736729">
        <ele>11.600000381469727</ele>
        <time>2026-08-14T22:53:49Z</time>
        <extensions>
          <gpxtpx:TrackPointExtension>
            <gpxtpx:hr>134</gpxtpx:hr>
          </gpxtpx:TrackPointExtension>
        </extensions>
      </trkpt>
      <trkpt lat="30.29178899102097" lon="120.22140852581691">
        <ele>11.600000381469727</ele>
        <time>2026-08-14T22:53:53Z</time>
        <extensions>
          <gpxtpx:TrackPointExtension>
            <gpxtpx:hr>136</gpxtpx:hr>
          </gpxtpx:TrackPointExtension>
        </extensions>
      </trkpt>
      <trkpt lat="30.291705954023158" lon="120.22135543849878">
        <ele>11.600000381469727</ele>
        <time>2026-08-14T22:53:57Z</time>
        <extensions>
          <gpxtpx:TrackPointExtension>
            <gpxtpx:hr>138</gpxtpx:hr>
          </gpxtpx:TrackPointExtension>
        </extensions>
      </trkpt>
      <trkpt lat="30.291626901701626" lon="120.22128532048028">
        <ele>11.399999618530273</ele>
        <time>2026-08-14T22:54:01Z</time>
        <extensions>
          <gpxtpx:TrackPointExtension>
            <gpxtpx:hr>139</gpxtpx:hr>
          </gpxtpx:TrackPointExtension>
        </extensions>
      </trkpt>
      <trkpt lat="30.291553852054257" lon="120.22121920890493">
        <ele>11.399999618530273</ele>
        <time>2026-08-14T22:54:05Z</time>
        <extensions>
          <gpxtpx:TrackPointExtension>
            <gpxtpx:hr>140</gpxtpx:hr>
          </gpxtpx:TrackPointExtension>
        </extensions>
      </trkpt>
      <trkpt lat="30.291474808151534" lon="120.2211591083631">
        <ele>11.600000381469727</ele>
        <time>2026-08-14T22:54:09Z</time>
        <extensions>
          <gpxtpx:TrackPointExtension>
            <gpxtpx:hr>140</gpxtpx:hr>
          </gpxtpx:TrackPointExtension>
        </extensions>
      </trkpt>
      <trkpt lat="30.291406745397833" lon="120.22107897101093">
        <ele>11.600000381469727</ele>
        <time>2026-08-14T22:54:13Z</time>
        <extensions>
          <gpxtpx:TrackPointExtension>
            <gpxtpx:hr>141</gpxtpx:hr>
          </gpxtpx:TrackPointExtension>
        </extensions>
      </trkpt>
      <trkpt lat="30.291336690559945" lon="120.22100784969277">
        <ele>11.600000381469727</ele>
        <time>2026-08-14T22:54:17Z</time>
        <extensions>
          <gpxtpx:TrackPointExtension>
            <gpxtpx:hr>142</gpxtpx:hr>
          </gpxtpx:TrackPointExtension>
        </extensions>
      </trkpt>
      <trkpt lat="30.291257635635507" lon="120.2209357271217">
        <ele>11.600000381469727</ele>
        <time>2026-08-14T22:54:21Z</time>
        <extensions>
          <gpxtpx:TrackPointExtension>
            <gpxtpx:hr>143</gpxtpx:hr>
          </gpxtpx:TrackPointExtension>
        </extensions>
      </trkpt>
      <trkpt lat="30.29118957581081" lon="120.22085959625117">
        <ele>11.399999618530273</ele>
        <time>2026-08-14T22:54:25Z</time>
        <extensions>
          <gpxtpx:TrackPointExtension>
            <gpxtpx:hr>146</gpxtpx:hr>
          </gpxtpx:TrackPointExtension>
        </extensions>
      </trkpt>
      <trkpt lat="30.29112950694236" lon="120.22077444829006">
        <ele>11.600000381469727</ele>
        <time>2026-08-14T22:54:29Z</time>
        <extensions>
          <gpxtpx:TrackPointExtension>
            <gpxtpx:hr>147</gpxtpx:hr>
          </gpxtpx:TrackPointExtension>
        </extensions>
      </trkpt>
      <trkpt lat="30.291074439072602" lon="120.2206913032391">
        <ele>11.600000381469727</ele>
        <time>2026-08-14T22:54:33Z</time>
        <extensions>
          <gpxtpx:TrackPointExtension>
            <gpxtpx:hr>148</gpxtpx:hr>
          </gpxtpx:TrackPointExtension>
        </extensions>
      </trkpt>
      <trkpt lat="30.291007374938328" lon="120.22061116432513">
        <ele>11.600000381469727</ele>
        <time>2026-08-14T22:54:37Z</time>
        <extensions>
          <gpxtpx:TrackPointExtension>
            <gpxtpx:hr>149</gpxtpx:hr>
          </gpxtpx:TrackPointExtension>
        </extensions>
      </trkpt>
      <trkpt lat="30.290951302239108" lon="120.22052300977029">
        <ele>11.600000381469727</ele>
        <time>2026-08-14T22:54:41Z</time>
        <extensions>
          <gpxtpx:TrackPointExtension>
            <gpxtpx:hr>151</gpxtpx:hr>
          </gpxtpx:TrackPointExtension>
        </extensions>
      </trkpt>
      <trkpt lat="30.29090623259212" lon="120.22043986307312">
        <ele>11.800000190734863</ele>
        <time>2026-08-14T22:54:45Z</time>
        <extensions>
          <gpxtpx:TrackPointExtension>
            <gpxtpx:hr>152</gpxtpx:hr>
          </gpxtpx:TrackPointExtension>
        </extensions>
      </trkpt>
      <trkpt lat="30.290829183269437" lon="120.22037575325538">
        <ele>11.800000190734863</ele>
        <time>2026-08-14T22:54:49Z</time>
        <extensions>
          <gpxtpx:TrackPointExtension>
            <gpxtpx:hr>153</gpxtpx:hr>
          </gpxtpx:TrackPointExtension>
        </extensions>
      </trkpt>
      <trkpt lat="30.29076013385081" lon="120.22031264443628">
        <ele>12.0</ele>
        <time>2026-08-14T22:54:53Z</time>
        <extensions>
          <gpxtpx:TrackPointExtension>
            <gpxtpx:hr>154</gpxtpx:hr>
          </gpxtpx:TrackPointExtension>
        </extensions>
      </trkpt>
      <trkpt lat="30.290679104581134" lon="120.22027057468578">
        <ele>12.199999809265137</ele>
        <time>2026-08-14T22:54:57Z</time>
        <extensions>
          <gpxtpx:TrackPointExtension>
            <gpxtpx:hr>154</gpxtpx:hr>
          </gpxtpx:TrackPointExtension>
        </extensions>
      </trkpt>
      <trkpt lat="30.290590102357292" lon="120.22025755834704">
        <ele>12.199999809265137</ele>
        <time>2026-08-14T22:55:01Z</time>
        <extensions>
          <gpxtpx:TrackPointExtension>
            <gpxtpx:hr>155</gpxtpx:hr>
          </gpxtpx:TrackPointExtension>
        </extensions>
      </trkpt>
      <trkpt lat="30.290508154528666" lon="120.22030565245713">
        <ele>12.199999809265137</ele>
        <time>2026-08-14T22:55:05Z</time>
        <extensions>
          <gpxtpx:TrackPointExtension>
            <gpxtpx:hr>154</gpxtpx:hr>
          </gpxtpx:TrackPointExtension>
        </extensions>
      </trkpt>
      <trkpt lat="30.29051123445875" lon="120.22039481394457">
        <ele>12.199999809265137</ele>
        <time>2026-08-14T22:55:09Z</time>
        <extensions>
          <gpxtpx:TrackPointExtension>
            <gpxtpx:hr>155</gpxtpx:hr>
          </gpxtpx:TrackPointExtension>
        </extensions>
      </trkpt>
      <trkpt lat="30.290549277156497" lon="120.22044690516735">
        <ele>12.199999809265137</ele>
        <time>2026-08-14T22:55:13Z</time>
        <extensions>
          <gpxtpx:TrackPointExtension>
            <gpxtpx:hr>154</gpxtpx:hr>
          </gpxtpx:TrackPointExtension>
        </extensions>
      </trkpt>
      <trkpt lat="30.29059934715634" lon="120.22053105323953">
        <ele>12.199999809265137</ele>
        <time>2026-08-14T22:55:17Z</time>
        <extensions>
          <gpxtpx:TrackPointExtension>
            <gpxtpx:hr>154</gpxtpx:hr>
          </gpxtpx:TrackPointExtension>
        </extensions>
      </trkpt>
      <trkpt lat="30.290648425060237" lon="120.22062421737526">
        <ele>12.199999809265137</ele>
        <time>2026-08-14T22:55:21Z</time>
        <extensions>
          <gpxtpx:TrackPointExtension>
            <gpxtpx:hr>153</gpxtpx:hr>
          </gpxtpx:TrackPointExtension>
        </extensions>
      </trkpt>
      <trkpt lat="30.29070450014383" lon="120.22071537698731">
        <ele>12.0</ele>
        <time>2026-08-14T22:55:25Z</time>
        <extensions>
          <gpxtpx:TrackPointExtension>
            <gpxtpx:hr>153</gpxtpx:hr>
          </gpxtpx:TrackPointExtension>
        </extensions>
      </trkpt>
      <trkpt lat="30.290761567747776" lon="120.22079852179432">
        <ele>12.0</ele>
        <time>2026-08-14T22:55:29Z</time>
        <extensions>
          <gpxtpx:TrackPointExtension>
            <gpxtpx:hr>153</gpxtpx:hr>
          </gpxtpx:TrackPointExtension>
        </extensions>
      </trkpt>
      <trkpt lat="30.290819623516875" lon="120.22086864289133">
        <ele>11.800000190734863</ele>
        <time>2026-08-14T22:55:33Z</time>
        <extensions>
          <gpxtpx:TrackPointExtension>
            <gpxtpx:hr>153</gpxtpx:hr>
          </gpxtpx:TrackPointExtension>
        </extensions>
      </trkpt>
      <trkpt lat="30.290891681144508" lon="120.22094276981736">
        <ele>11.800000190734863</ele>
        <time>2026-08-14T22:55:37Z</time>
        <extensions>
          <gpxtpx:TrackPointExtension>
            <gpxtpx:hr>154</gpxtpx:hr>
          </gpxtpx:TrackPointExtension>
        </extensions>
      </trkpt>
      <trkpt lat="30.290971734207382" lon="120.22101288870361">
        <ele>11.600000381469727</ele>
        <time>2026-08-14T22:55:41Z</time>
        <extensions>
          <gpxtpx:TrackPointExtension>
            <gpxtpx:hr>154</gpxtpx:hr>
          </gpxtpx:TrackPointExtension>
        </extensions>
      </trkpt>
      <trkpt lat="30.291051788855285" lon="120.22108501097217">
        <ele>11.600000381469727</ele>
        <time>2026-08-14T22:55:45Z</time>
        <extensions>
          <gpxtpx:TrackPointExtension>
            <gpxtpx:hr>151</gpxtpx:hr>
          </gpxtpx:TrackPointExtension>
        </extensions>
      </trkpt>
      <trkpt lat="30.291127842004705" lon="120.22115512979357">
        <ele>11.399999618530273</ele>
        <time>2026-08-14T22:55:49Z</time>
        <extensions>
          <gpxtpx:TrackPointExtension>
            <gpxtpx:hr>152</gpxtpx:hr>
          </gpxtpx:TrackPointExtension>
        </extensions>
      </trkpt>
      <trkpt lat="30.29120490098372" lon="120.22123226081584">
        <ele>11.399999618530273</ele>
        <time>2026-08-14T22:55:53Z</time>
        <extensions>
          <gpxtpx:TrackPointExtension>
            <gpxtpx:hr>153</gpxtpx:hr>
          </gpxtpx:TrackPointExtension>
        </extensions>
      </trkpt>
      <trkpt lat="30.291289958897686" lon="120.2213093909438">
        <ele>11.399999618530273</ele>
        <time>2026-08-14T22:55:57Z</time>
        <extensions>
          <gpxtpx:TrackPointExtension>
            <gpxtpx:hr>154</gpxtpx:hr>
          </gpxtpx:TrackPointExtension>
        </extensions>
      </trkpt>
      <trkpt lat="30.291370009340454" lon="120.22137750525962">
        <ele>11.600000381469727</ele>
        <time>2026-08-14T22:56:01Z</time>
        <extensions>
          <gpxtpx:TrackPointExtension>
            <gpxtpx:hr>156</gpxtpx:hr>
          </gpxtpx:TrackPointExtension>
        </extensions>
      </trkpt>
      <trkpt lat="30.291457056273" lon="120.22144261349314">
        <ele>11.600000381469727</ele>
        <time>2026-08-14T22:56:05Z</time>
        <extensions>
          <gpxtpx:TrackPointExtension>
            <gpxtpx:hr>156</gpxtpx:hr>
          </gpxtpx:TrackPointExtension>
        </extensions>
      </trkpt>
      <trkpt lat="30.291534115350938" lon="120.22152074540728">
        <ele>11.399999618530273</ele>
        <time>2026-08-14T22:56:09Z</time>
        <extensions>
          <gpxtpx:TrackPointExtension>
            <gpxtpx:hr>157</gpxtpx:hr>
          </gpxtpx:TrackPointExtension>
        </extensions>
      </trkpt>
      <trkpt lat="30.291609166694624" lon="120.22158986133158">
        <ele>11.399999618530273</ele>
        <time>2026-08-14T22:56:13Z</time>
        <extensions>
          <gpxtpx:TrackPointExtension>
            <gpxtpx:hr>157</gpxtpx:hr>
          </gpxtpx:TrackPointExtension>
        </extensions>
      </trkpt>
      <trkpt lat="30.291685211759614" lon="120.22165196462473">
        <ele>11.399999618530273</ele>
        <time>2026-08-14T22:56:17Z</time>
        <extensions>
          <gpxtpx:TrackPointExtension>
            <gpxtpx:hr>157</gpxtpx:hr>
          </gpxtpx:TrackPointExtension>
        </extensions>
      </trkpt>
      <trkpt lat="30.291767257754262" lon="120.22171607079689">
        <ele>11.600000381469727</ele>
        <time>2026-08-14T22:56:21Z</time>
        <extensions>
          <gpxtpx:TrackPointExtension>
            <gpxtpx:hr>155</gpxtpx:hr>
          </gpxtpx:TrackPointExtension>
        </extensions>
      </trkpt>
      <trkpt lat="30.29184530745225" lon="120.22178418417687">
        <ele>11.600000381469727</ele>
        <time>2026-08-14T22:56:25Z</time>
        <extensions>
          <gpxtpx:TrackPointExtension>
            <gpxtpx:hr>155</gpxtpx:hr>
          </gpxtpx:TrackPointExtension>
        </extensions>
      </trkpt>
      <trkpt lat="30.29192136061034" lon="120.2218563045673">
        <ele>11.800000190734863</ele>
        <time>2026-08-14T22:56:29Z</time>
        <extensions>
          <gpxtpx:TrackPointExtension>
            <gpxtpx:hr>155</gpxtpx:hr>
          </gpxtpx:TrackPointExtension>
        </extensions>
      </trkpt>
      <trkpt lat="30.29196645594732" lon="120.22197450797515">
        <ele>11.800000190734863</ele>
        <time>2026-08-14T22:56:33Z</time>
        <extensions>
          <gpxtpx:TrackPointExtension>
            <gpxtpx:hr>156</gpxtpx:hr>
          </gpxtpx:TrackPointExtension>
        </extensions>
      </trkpt>
      <trkpt lat="30.29195655507295" lon="120.22209071185692">
        <ele>11.800000190734863</ele>
        <time>2026-08-14T22:56:37Z</time>
        <extensions>
          <gpxtpx:TrackPointExtension>
            <gpxtpx:hr>157</gpxtpx:hr>
          </gpxtpx:TrackPointExtension>
        </extensions>
      </trkpt>
      <trkpt lat="30.291923651192104" lon="120.22220090663052">
        <ele>12.0</ele>
        <time>2026-08-14T22:56:41Z</time>
        <extensions>
          <gpxtpx:TrackPointExtension>
            <gpxtpx:hr>157</gpxtpx:hr>
          </gpxtpx:TrackPointExtension>
        </extensions>
      </trkpt>
      <trkpt lat="30.29189174428371" lon="120.22230809561754">
        <ele>12.0</ele>
        <time>2026-08-14T22:56:45Z</time>
        <extensions>
          <gpxtpx:TrackPointExtension>
            <gpxtpx:hr>160</gpxtpx:hr>
          </gpxtpx:TrackPointExtension>
        </extensions>
      </trkpt>
      <trkpt lat="30.2918658421614" lon="120.22242229579541">
        <ele>11.800000190734863</ele>
        <time>2026-08-14T22:56:49Z</time>
        <extensions>
          <gpxtpx:TrackPointExtension>
            <gpxtpx:hr>160</gpxtpx:hr>
          </gpxtpx:TrackPointExtension>
        </extensions>
      </trkpt>
      <trkpt lat="30.291829934050522" lon="120.22252848242978">
        <ele>12.0</ele>
        <time>2026-08-14T22:56:53Z</time>
        <extensions>
          <gpxtpx:TrackPointExtension>
            <gpxtpx:hr>160</gpxtpx:hr>
          </gpxtpx:TrackPointExtension>
        </extensions>
      </trkpt>
      <trkpt lat="30.291813025152628" lon="120.22263667049995">
        <ele>12.199999809265137</ele>
        <time>2026-08-14T22:56:57Z</time>
        <extensions>
          <gpxtpx:TrackPointExtension>
            <gpxtpx:hr>160</gpxtpx:hr>
          </gpxtpx:TrackPointExtension>
        </extensions>
      </trkpt>
      <trkpt lat="30.291797115748423" lon="120.22274485801736">
        <ele>12.199999809265137</ele>
        <time>2026-08-14T22:57:01Z</time>
        <extensions>
          <gpxtpx:TrackPointExtension>
            <gpxtpx:hr>159</gpxtpx:hr>
          </gpxtpx:TrackPointExtension>
        </extensions>
      </trkpt>
      <trkpt lat="30.291793208735523" lon="120.22285805266328">
        <ele>12.399999618530273</ele>
        <time>2026-08-14T22:57:05Z</time>
        <extensions>
          <gpxtpx:TrackPointExtension>
            <gpxtpx:hr>159</gpxtpx:hr>
          </gpxtpx:TrackPointExtension>
        </extensions>
      </trkpt>
      <trkpt lat="30.29178530171793" lon="120.22297124712243">
        <ele>12.399999618530273</ele>
        <time>2026-08-14T22:57:09Z</time>
        <extensions>
          <gpxtpx:TrackPointExtension>
            <gpxtpx:hr>160</gpxtpx:hr>
          </gpxtpx:TrackPointExtension>
        </extensions>
      </trkpt>
      <trkpt lat="30.291766393022712" lon="120.22308143684562">
        <ele>12.600000381469727</ele>
        <time>2026-08-14T22:57:13Z</time>
        <extensions>
          <gpxtpx:TrackPointExtension>
            <gpxtpx:hr>161</gpxtpx:hr>
          </gpxtpx:TrackPointExtension>
        </extensions>
      </trkpt>
      <trkpt lat="30.2917444826249" lon="120.22318962291786">
        <ele>12.600000381469727</ele>
        <time>2026-08-14T22:57:17Z</time>
        <extensions>
          <gpxtpx:TrackPointExtension>
            <gpxtpx:hr>161</gpxtpx:hr>
          </gpxtpx:TrackPointExtension>
        </extensions>
      </trkpt>
      <trkpt lat="30.29172757289083" lon="120.2232998115047">
        <ele>12.800000190734863</ele>
        <time>2026-08-14T22:57:21Z</time>
        <extensions>
          <gpxtpx:TrackPointExtension>
            <gpxtpx:hr>161</gpxtpx:hr>
          </gpxtpx:TrackPointExtension>
        </extensions>
      </trkpt>
      <trkpt lat="30.291704660993776" lon="120.22340699500909">
        <ele>12.800000190734863</ele>
        <time>2026-08-14T22:57:25Z</time>
        <extensions>
          <gpxtpx:TrackPointExtension>
            <gpxtpx:hr>160</gpxtpx:hr>
          </gpxtpx:TrackPointExtension>
        </extensions>
      </trkpt>
      <trkpt lat="30.29168375245974" lon="120.22351918633713">
        <ele>13.0</ele>
        <time>2026-08-14T22:57:29Z</time>
        <extensions>
          <gpxtpx:TrackPointExtension>
            <gpxtpx:hr>160</gpxtpx:hr>
          </gpxtpx:TrackPointExtension>
        </extensions>
      </trkpt>
      <trkpt lat="30.291664840114993" lon="120.22362737024605">
        <ele>13.0</ele>
        <time>2026-08-14T22:57:33Z</time>
        <extensions>
          <gpxtpx:TrackPointExtension>
            <gpxtpx:hr>159</gpxtpx:hr>
          </gpxtpx:TrackPointExtension>
        </extensions>
      </trkpt>
      <trkpt lat="30.291635926085828" lon="120.22373254945758">
        <ele>13.199999809265137</ele>
        <time>2026-08-14T22:57:37Z</time>
        <extensions>
          <gpxtpx:TrackPointExtension>
            <gpxtpx:hr>159</gpxtpx:hr>
          </gpxtpx:TrackPointExtension>
        </extensions>
      </trkpt>
      <trkpt lat="30.291614007002597" lon="120.22383271925516">
        <ele>13.199999809265137</ele>
        <time>2026-08-14T22:57:41Z</time>
        <extensions>
          <gpxtpx:TrackPointExtension>
            <gpxtpx:hr>159</gpxtpx:hr>
          </gpxtpx:TrackPointExtension>
        </extensions>
      </trkpt>
      <trkpt lat="30.291599096959164" lon="120.22394590982414">
        <ele>13.199999809265137</ele>
        <time>2026-08-14T22:57:45Z</time>
        <extensions>
          <gpxtpx:TrackPointExtension>
            <gpxtpx:hr>159</gpxtpx:hr>
          </gpxtpx:TrackPointExtension>
        </extensions>
      </trkpt>
      <trkpt lat="30.29157018643244" lon="120.22405709768668">
        <ele>13.199999809265137</ele>
        <time>2026-08-14T22:57:49Z</time>
        <extensions>
          <gpxtpx:TrackPointExtension>
            <gpxtpx:hr>159</gpxtpx:hr>
          </gpxtpx:TrackPointExtension>
        </extensions>
      </trkpt>
      <trkpt lat="30.291551274400657" lon="120.2241682842228">
        <ele>13.0</ele>
        <time>2026-08-14T22:57:53Z</time>
        <extensions>
          <gpxtpx:TrackPointExtension>
            <gpxtpx:hr>159</gpxtpx:hr>
          </gpxtpx:TrackPointExtension>
        </extensions>
      </trkpt>
      <trkpt lat="30.29152336444887" lon="120.22428147431465">
        <ele>13.0</ele>
        <time>2026-08-14T22:57:57Z</time>
        <extensions>
          <gpxtpx:TrackPointExtension>
            <gpxtpx:hr>160</gpxtpx:hr>
          </gpxtpx:TrackPointExtension>
        </extensions>
      </trkpt>
      <trkpt lat="30.29149345044765" lon="120.22438965577322">
        <ele>13.0</ele>
        <time>2026-08-14T22:58:01Z</time>
        <extensions>
          <gpxtpx:TrackPointExtension>
            <gpxtpx:hr>160</gpxtpx:hr>
          </gpxtpx:TrackPointExtension>
        </extensions>
      </trkpt>
      <trkpt lat="30.29145553614251" lon="120.22449683576131">
        <ele>12.800000190734863</ele>
        <time>2026-08-14T22:58:05Z</time>
        <extensions>
          <gpxtpx:TrackPointExtension>
            <gpxtpx:hr>159</gpxtpx:hr>
          </gpxtpx:TrackPointExtension>
        </extensions>
      </trkpt>
      <trkpt lat="30.291420629440857" lon="120.2246150331399">
        <ele>12.800000190734863</ele>
        <time>2026-08-14T22:58:09Z</time>
        <extensions>
          <gpxtpx:TrackPointExtension>
            <gpxtpx:hr>159</gpxtpx:hr>
          </gpxtpx:TrackPointExtension>
        </extensions>
      </trkpt>
      <trkpt lat="30.291376719460462" lon="120.22472822248155">
        <ele>12.600000381469727</ele>
        <time>2026-08-14T22:58:13Z</time>
        <extensions>
          <gpxtpx:TrackPointExtension>
            <gpxtpx:hr>160</gpxtpx:hr>
          </gpxtpx:TrackPointExtension>
        </extensions>
      </trkpt>
      <trkpt lat="30.29128878454165" lon="120.22480235106062">
        <ele>12.199999809265137</ele>
        <time>2026-08-14T22:58:17Z</time>
        <extensions>
          <gpxtpx:TrackPointExtension>
            <gpxtpx:hr>161</gpxtpx:hr>
          </gpxtpx:TrackPointExtension>
        </extensions>
      </trkpt>
      <trkpt lat="30.291184808479134" lon="120.22481938746097">
        <ele>12.199999809265137</ele>
        <time>2026-08-14T22:58:21Z</time>
        <extensions>
          <gpxtpx:TrackPointExtension>
            <gpxtpx:hr>163</gpxtpx:hr>
          </gpxtpx:TrackPointExtension>
        </extensions>
      </trkpt>
      <trkpt lat="30.291078822124415" lon="120.2248224010949">
        <ele>12.399999618530273</ele>
        <time>2026-08-14T22:58:25Z</time>
        <extensions>
          <gpxtpx:TrackPointExtension>
            <gpxtpx:hr>163</gpxtpx:hr>
          </gpxtpx:TrackPointExtension>
        </extensions>
      </trkpt>
      <trkpt lat="30.290988840036157" lon="120.2248334265085">
        <ele>12.399999618530273</ele>
        <time>2026-08-14T22:58:29Z</time>
        <extensions>
          <gpxtpx:TrackPointExtension>
            <gpxtpx:hr>163</gpxtpx:hr>
          </gpxtpx:TrackPointExtension>
        </extensions>
      </trkpt>
      <trkpt lat="30.290897852803266" lon="120.22483744054317">
        <ele>12.399999618530273</ele>
        <time>2026-08-14T22:58:33Z</time>
        <extensions>
          <gpxtpx:TrackPointExtension>
            <gpxtpx:hr>162</gpxtpx:hr>
          </gpxtpx:TrackPointExtension>
        </extensions>
      </trkpt>
      <trkpt lat="30.29080286674143" lon="120.22484245654283">
        <ele>12.399999618530273</ele>
        <time>2026-08-14T22:58:37Z</time>
        <extensions>
          <gpxtpx:TrackPointExtension>
            <gpxtpx:hr>162</gpxtpx:hr>
          </gpxtpx:TrackPointExtension>
        </extensions>
      </trkpt>
      <trkpt lat="30.29070388259782" lon="120.22484947614309">
        <ele>12.399999618530273</ele>
        <time>2026-08-14T22:58:41Z</time>
        <extensions>
          <gpxtpx:TrackPointExtension>
            <gpxtpx:hr>160</gpxtpx:hr>
          </gpxtpx:TrackPointExtension>
        </extensions>
      </trkpt>
      <trkpt lat="30.290596895560277" lon="120.22485148821923">
        <ele>12.399999618530273</ele>
        <time>2026-08-14T22:58:45Z</time>
        <extensions>
          <gpxtpx:TrackPointExtension>
            <gpxtpx:hr>160</gpxtpx:hr>
          </gpxtpx:TrackPointExtension>
        </extensions>
      </trkpt>
      <trkpt lat="30.290494910972026" lon="120.22485750642775">
        <ele>12.399999618530273</ele>
        <time>2026-08-14T22:58:49Z</time>
        <extensions>
          <gpxtpx:TrackPointExtension>
            <gpxtpx:hr>160</gpxtpx:hr>
          </gpxtpx:TrackPointExtension>
        </extensions>
      </trkpt>
      <trkpt lat="30.290398918999273" lon="120.22485450941844">
        <ele>12.399999618530273</ele>
        <time>2026-08-14T22:58:53Z</time>
        <extensions>
          <gpxtpx:TrackPointExtension>
            <gpxtpx:hr>160</gpxtpx:hr>
          </gpxtpx:TrackPointExtension>
        </extensions>
      </trkpt>
      <trkpt lat="30.2902949278744" lon="120.22485151306697">
        <ele>12.399999618530273</ele>
        <time>2026-08-14T22:58:57Z</time>
        <extensions>
          <gpxtpx:TrackPointExtension>
            <gpxtpx:hr>159</gpxtpx:hr>
          </gpxtpx:TrackPointExtension>
        </extensions>
      </trkpt>
      <trkpt lat="30.29019591298527" lon="120.2248174655594">
        <ele>12.399999618530273</ele>
        <time>2026-08-14T22:59:01Z</time>
        <extensions>
          <gpxtpx:TrackPointExtension>
            <gpxtpx:hr>159</gpxtpx:hr>
          </gpxtpx:TrackPointExtension>
        </extensions>
      </trkpt>
      <trkpt lat="30.290089911554443" lon="120.22480044643646">
        <ele>12.199999809265137</ele>
        <time>2026-08-14T22:59:05Z</time>
        <extensions>
          <gpxtpx:TrackPointExtension>
            <gpxtpx:hr>159</gpxtpx:hr>
          </gpxtpx:TrackPointExtension>
        </extensions>
      </trkpt>
      <trkpt lat="30.289992903888667" lon="120.22477641508753">
        <ele>12.199999809265137</ele>
        <time>2026-08-14T22:59:09Z</time>
        <extensions>
          <gpxtpx:TrackPointExtension>
            <gpxtpx:hr>159</gpxtpx:hr>
          </gpxtpx:TrackPointExtension>
        </extensions>
      </trkpt>
      <trkpt lat="30.289914890410586" lon="120.2247473739501">
        <ele>12.199999809265137</ele>
        <time>2026-08-14T22:59:13Z</time>
        <extensions>
          <gpxtpx:TrackPointExtension>
            <gpxtpx:hr>160</gpxtpx:hr>
          </gpxtpx:TrackPointExtension>
        </extensions>
      </trkpt>
      <trkpt lat="30.28982989345135" lon="120.22473936781896">
        <ele>12.399999618530273</ele>
        <time>2026-08-14T22:59:17Z</time>
        <extensions>
          <gpxtpx:TrackPointExtension>
            <gpxtpx:hr>160</gpxtpx:hr>
          </gpxtpx:TrackPointExtension>
        </extensions>
      </trkpt>
      <trkpt lat="30.289733908188936" lon="120.2247453855613">
        <ele>12.399999618530273</ele>
        <time>2026-08-14T22:59:21Z</time>
        <extensions>
          <gpxtpx:TrackPointExtension>
            <gpxtpx:hr>159</gpxtpx:hr>
          </gpxtpx:TrackPointExtension>
        </extensions>
      </trkpt>
      <trkpt lat="30.28964291862631" lon="120.22474639468896">
        <ele>12.199999809265137</ele>
        <time>2026-08-14T22:59:25Z</time>
        <extensions>
          <gpxtpx:TrackPointExtension>
            <gpxtpx:hr>159</gpxtpx:hr>
          </gpxtpx:TrackPointExtension>
        </extensions>
      </trkpt>
      <trkpt lat="30.289560928100446" lon="120.22474740307607">
        <ele>12.199999809265137</ele>
        <time>2026-08-14T22:59:29Z</time>
        <extensions>
          <gpxtpx:TrackPointExtension>
            <gpxtpx:hr>158</gpxtpx:hr>
          </gpxtpx:TrackPointExtension>
        </extensions>
      </trkpt>
      <trkpt lat="30.289469934765354" lon="120.22474340400119">
        <ele>12.399999618530273</ele>
        <time>2026-08-14T22:59:33Z</time>
        <extensions>
          <gpxtpx:TrackPointExtension>
            <gpxtpx:hr>158</gpxtpx:hr>
          </gpxtpx:TrackPointExtension>
        </extensions>
      </trkpt>
      <trkpt lat="30.28937794378657" lon="120.22474240992996">
        <ele>12.399999618530273</ele>
        <time>2026-08-14T22:59:37Z</time>
        <extensions>
          <gpxtpx:TrackPointExtension>
            <gpxtpx:hr>159</gpxtpx:hr>
          </gpxtpx:TrackPointExtension>
        </extensions>
      </trkpt>
      <trkpt lat="30.289276959021617" lon="120.22474842808276">
        <ele>12.399999618530273</ele>
        <time>2026-08-14T22:59:41Z</time>
        <extensions>
          <gpxtpx:TrackPointExtension>
            <gpxtpx:hr>158</gpxtpx:hr>
          </gpxtpx:TrackPointExtension>
        </extensions>
      </trkpt>
      <trkpt lat="30.28918696029519" lon="120.22473741744096">
        <ele>12.199999809265137</ele>
        <time>2026-08-14T22:59:45Z</time>
        <extensions>
          <gpxtpx:TrackPointExtension>
            <gpxtpx:hr>157</gpxtpx:hr>
          </gpxtpx:TrackPointExtension>
        </extensions>
      </trkpt>
      <trkpt lat="30.289096967579745" lon="120.22473441992307">
        <ele>12.199999809265137</ele>
        <time>2026-08-14T22:59:49Z</time>
        <extensions>
          <gpxtpx:TrackPointExtension>
            <gpxtpx:hr>157</gpxtpx:hr>
          </gpxtpx:TrackPointExtension>
        </extensions>
      </trkpt>
      <trkpt lat="30.289019987022474" lon="120.22474945086779">
        <ele>12.199999809265137</ele>
        <time>2026-08-14T22:59:53Z</time>
        <extensions>
          <gpxtpx:TrackPointExtension>
            <gpxtpx:hr>157</gpxtpx:hr>
          </gpxtpx:TrackPointExtension>
        </extensions>
      </trkpt>
      <trkpt lat="30.288931997093428" lon="120.22475045974824">
        <ele>12.399999618530273</ele>
        <time>2026-08-14T22:59:57Z</time>
        <extensions>
          <gpxtpx:TrackPointExtension>
            <gpxtpx:hr>158</gpxtpx:hr>
          </gpxtpx:TrackPointExtension>
        </extensions>
      </trkpt>
      <trkpt lat="30.288820985512228" lon="120.22471941801209">
        <ele>12.399999618530273</ele>
        <time>2026-08-14T23:00:01Z</time>
        <extensions>
          <gpxtpx:TrackPointExtension>
            <gpxtpx:hr>158</gpxtpx:hr>
          </gpxtpx:TrackPointExtension>
        </extensions>
      </trkpt>
      <trkpt lat="30.28872893639793" lon="120.22464129741486">
        <ele>12.399999618530273</ele>
        <time>2026-08-14T23:00:05Z</time>
        <extensions>
          <gpxtpx:TrackPointExtension>
            <gpxtpx:hr>158</gpxtpx:hr>
          </gpxtpx:TrackPointExtension>
        </extensions>
      </trkpt>
      <trkpt lat="30.28868585228179" lon="120.22452410823469">
        <ele>12.399999618530273</ele>
        <time>2026-08-14T23:00:09Z</time>
        <extensions>
          <gpxtpx:TrackPointExtension>
            <gpxtpx:hr>158</gpxtpx:hr>
          </gpxtpx:TrackPointExtension>
        </extensions>
      </trkpt>
      <trkpt lat="30.288646784826316" lon="120.2244299562034">
        <ele>12.600000381469727</ele>
        <time>2026-08-14T23:00:13Z</time>
        <extensions>
          <gpxtpx:TrackPointExtension>
            <gpxtpx:hr>158</gpxtpx:hr>
          </gpxtpx:TrackPointExtension>
        </extensions>
      </trkpt>
      <trkpt lat="30.28860871542469" lon="120.22433380041312">
        <ele>12.800000190734863</ele>
        <time>2026-08-14T23:00:17Z</time>
        <extensions>
          <gpxtpx:TrackPointExtension>
            <gpxtpx:hr>158</gpxtpx:hr>
          </gpxtpx:TrackPointExtension>
        </extensions>
      </trkpt>
      <trkpt lat="30.288569645808032" lon="120.22423764432777">
        <ele>12.800000190734863</ele>
        <time>2026-08-14T23:00:21Z</time>
        <extensions>
          <gpxtpx:TrackPointExtension>
            <gpxtpx:hr>159</gpxtpx:hr>
          </gpxtpx:TrackPointExtension>
        </extensions>
      </trkpt>
      <trkpt lat="30.288530574324763" lon="120.22413948453489">
        <ele>12.600000381469727</ele>
        <time>2026-08-14T23:00:25Z</time>
        <extensions>
          <gpxtpx:TrackPointExtension>
            <gpxtpx:hr>158</gpxtpx:hr>
          </gpxtpx:TrackPointExtension>
        </extensions>
      </trkpt>
      <trkpt lat="30.288488497388027" lon="120.22403431291026">
        <ele>12.800000190734863</ele>
        <time>2026-08-14T23:00:29Z</time>
        <extensions>
          <gpxtpx:TrackPointExtension>
            <gpxtpx:hr>159</gpxtpx:hr>
          </gpxtpx:TrackPointExtension>
        </extensions>
      </trkpt>
      <trkpt lat="30.288451421101925" lon="120.22393114377161">
        <ele>12.600000381469727</ele>
        <time>2026-08-14T23:00:33Z</time>
        <extensions>
          <gpxtpx:TrackPointExtension>
            <gpxtpx:hr>158</gpxtpx:hr>
          </gpxtpx:TrackPointExtension>
        </extensions>
      </trkpt>
      <trkpt lat="30.288409350461997" lon="120.22383498635645">
        <ele>12.800000190734863</ele>
        <time>2026-08-14T23:00:37Z</time>
        <extensions>
          <gpxtpx:TrackPointExtension>
            <gpxtpx:hr>158</gpxtpx:hr>
          </gpxtpx:TrackPointExtension>
        </extensions>
      </trkpt>
      <trkpt lat="30.288376275405543" lon="120.22373482109828">
        <ele>12.800000190734863</ele>
        <time>2026-08-14T23:00:41Z</time>
        <extensions>
          <gpxtpx:TrackPointExtension>
            <gpxtpx:hr>157</gpxtpx:hr>
          </gpxtpx:TrackPointExtension>
        </extensions>
      </trkpt>
      <trkpt lat="30.288334202533203" lon="120.223636659545">
        <ele>12.800000190734863</ele>
        <time>2026-08-14T23:00:45Z</time>
        <extensions>
          <gpxtpx:TrackPointExtension>
            <gpxtpx:hr>156</gpxtpx:hr>
          </gpxtpx:TrackPointExtension>
        </extensions>
      </trkpt>
      <trkpt lat="30.288291127052343" lon="120.2235354926138">
        <ele>12.800000190734863</ele>
        <time>2026-08-14T23:00:49Z</time>
        <extensions>
          <gpxtpx:TrackPointExtension>
            <gpxtpx:hr>155</gpxtpx:hr>
          </gpxtpx:TrackPointExtension>
        </extensions>
      </trkpt>
      <trkpt lat="30.28826005553579" lon="120.22344133613726">
        <ele>12.800000190734863</ele>
        <time>2026-08-14T23:00:53Z</time>
        <extensions>
          <gpxtpx:TrackPointExtension>
            <gpxtpx:hr>155</gpxtpx:hr>
          </gpxtpx:TrackPointExtension>
        </extensions>
      </trkpt>
      <trkpt lat="30.28821498999115" lon="120.22335319063822">
        <ele>13.0</ele>
        <time>2026-08-14T23:00:57Z</time>
        <extensions>
          <gpxtpx:TrackPointExtension>
            <gpxtpx:hr>155</gpxtpx:hr>
          </gpxtpx:TrackPointExtension>
        </extensions>
      </trkpt>
      <trkpt lat="30.2881719135234" lon="120.22325202254603">
        <ele>13.0</ele>
        <time>2026-08-14T23:01:01Z</time>
        <extensions>
          <gpxtpx:TrackPointExtension>
            <gpxtpx:hr>155</gpxtpx:hr>
          </gpxtpx:TrackPointExtension>
        </extensions>
      </trkpt>
      <trkpt lat="30.288123837230362" lon="120.22315085445172">
        <ele>13.0</ele>
        <time>2026-08-14T23:01:05Z</time>
        <extensions>
          <gpxtpx:TrackPointExtension>
            <gpxtpx:hr>155</gpxtpx:hr>
          </gpxtpx:TrackPointExtension>
        </extensions>
      </trkpt>
      <trkpt lat="30.288083754068836" lon="120.22304267331798">
        <ele>13.199999809265137</ele>
        <time>2026-08-14T23:01:09Z</time>
        <extensions>
          <gpxtpx:TrackPointExtension>
            <gpxtpx:hr>154</gpxtpx:hr>
          </gpxtpx:TrackPointExtension>
        </extensions>
      </trkpt>
      <trkpt lat="30.288050668140897" lon="120.22293248770762">
        <ele>13.199999809265137</ele>
        <time>2026-08-14T23:01:13Z</time>
        <extensions>
          <gpxtpx:TrackPointExtension>
            <gpxtpx:hr>154</gpxtpx:hr>
          </gpxtpx:TrackPointExtension>
        </extensions>
      </trkpt>
      <trkpt lat="30.288017585071223" lon="120.22282630848268">
        <ele>13.199999809265137</ele>
        <time>2026-08-14T23:01:17Z</time>
        <extensions>
          <gpxtpx:TrackPointExtension>
            <gpxtpx:hr>154</gpxtpx:hr>
          </gpxtpx:TrackPointExtension>
        </extensions>
      </trkpt>
      <trkpt lat="30.28798351158156" lon="120.22273214955746">
        <ele>13.600000381469727</ele>
        <time>2026-08-14T23:01:21Z</time>
        <extensions>
          <gpxtpx:TrackPointExtension>
            <gpxtpx:hr>154</gpxtpx:hr>
          </gpxtpx:TrackPointExtension>
        </extensions>
      </trkpt>
      <trkpt lat="30.28795342912036" lon="120.22262797268293">
        <ele>13.399999618530273</ele>
        <time>2026-08-14T23:01:25Z</time>
        <extensions>
          <gpxtpx:TrackPointExtension>
            <gpxtpx:hr>155</gpxtpx:hr>
          </gpxtpx:TrackPointExtension>
        </extensions>
      </trkpt>
      <trkpt lat="30.2879223646143" lon="120.22254583352138">
        <ele>13.399999618530273</ele>
        <time>2026-08-14T23:01:29Z</time>
        <extensions>
          <gpxtpx:TrackPointExtension>
            <gpxtpx:hr>156</gpxtpx:hr>
          </gpxtpx:TrackPointExtension>
        </extensions>
      </trkpt>
      <trkpt lat="30.287892295619756" lon="120.22245868534037">
        <ele>13.199999809265137</ele>
        <time>2026-08-14T23:01:33Z</time>
        <extensions>
          <gpxtpx:TrackPointExtension>
            <gpxtpx:hr>157</gpxtpx:hr>
          </gpxtpx:TrackPointExtension>
        </extensions>
      </trkpt>
      <trkpt lat="30.28785622116011" lon="120.22236452518958">
        <ele>13.199999809265137</ele>
        <time>2026-08-14T23:01:37Z</time>
        <extensions>
          <gpxtpx:TrackPointExtension>
            <gpxtpx:hr>159</gpxtpx:hr>
          </gpxtpx:TrackPointExtension>
        </extensions>
      </trkpt>
      <trkpt lat="30.28782210932057" lon="120.22222628787937">
        <ele>13.199999809265137</ele>
        <time>2026-08-14T23:01:41Z</time>
        <extensions>
          <gpxtpx:TrackPointExtension>
            <gpxtpx:hr>160</gpxtpx:hr>
          </gpxtpx:TrackPointExtension>
        </extensions>
      </trkpt>
      <trkpt lat="30.287802006323265" lon="120.22210107137562">
        <ele>13.199999809265137</ele>
        <time>2026-08-14T23:01:45Z</time>
        <extensions>
          <gpxtpx:TrackPointExtension>
            <gpxtpx:hr>161</gpxtpx:hr>
          </gpxtpx:TrackPointExtension>
        </extensions>
      </trkpt>
      <trkpt lat="30.28778593115855" lon="120.22200991348517">
        <ele>13.399999618530273</ele>
        <time>2026-08-14T23:01:49Z</time>
        <extensions>
          <gpxtpx:TrackPointExtension>
            <gpxtpx:hr>159</gpxtpx:hr>
          </gpxtpx:TrackPointExtension>
        </extensions>
      </trkpt>
      <trkpt lat="30.28776983872441" lon="120.2218987201548">
        <ele>13.199999809265137</ele>
        <time>2026-08-14T23:01:53Z</time>
        <extensions>
          <gpxtpx:TrackPointExtension>
            <gpxtpx:hr>158</gpxtpx:hr>
          </gpxtpx:TrackPointExtension>
        </extensions>
      </trkpt>
      <trkpt lat="30.28773875427433" lon="120.22179554164666">
        <ele>13.199999809265137</ele>
        <time>2026-08-14T23:01:57Z</time>
        <extensions>
          <gpxtpx:TrackPointExtension>
            <gpxtpx:hr>157</gpxtpx:hr>
          </gpxtpx:TrackPointExtension>
        </extensions>
      </trkpt>
      <trkpt lat="30.287705664533377" lon="120.22168635229399">
        <ele>13.0</ele>
        <time>2026-08-14T23:02:01Z</time>
        <extensions>
          <gpxtpx:TrackPointExtension>
            <gpxtpx:hr>157</gpxtpx:hr>
          </gpxtpx:TrackPointExtension>
        </extensions>
      </trkpt>
      <trkpt lat="30.287662590064677" lon="120.22159419335098">
        <ele>13.0</ele>
        <time>2026-08-14T23:02:05Z</time>
        <extensions>
          <gpxtpx:TrackPointExtension>
            <gpxtpx:hr>157</gpxtpx:hr>
          </gpxtpx:TrackPointExtension>
        </extensions>
      </trkpt>
      <trkpt lat="30.28761251172672" lon="120.22149702578791">
        <ele>12.800000190734863</ele>
        <time>2026-08-14T23:02:09Z</time>
        <extensions>
          <gpxtpx:TrackPointExtension>
            <gpxtpx:hr>157</gpxtpx:hr>
          </gpxtpx:TrackPointExtension>
        </extensions>
      </trkpt>
      <trkpt lat="30.287556431965196" lon="120.2213978547923">
        <ele>12.800000190734863</ele>
        <time>2026-08-14T23:02:13Z</time>
        <extensions>
          <gpxtpx:TrackPointExtension>
            <gpxtpx:hr>158</gpxtpx:hr>
          </gpxtpx:TrackPointExtension>
        </extensions>
      </trkpt>
      <trkpt lat="30.287511347237945" lon="120.22129467538171">
        <ele>12.600000381469727</ele>
        <time>2026-08-14T23:02:17Z</time>
        <extensions>
          <gpxtpx:TrackPointExtension>
            <gpxtpx:hr>158</gpxtpx:hr>
          </gpxtpx:TrackPointExtension>
        </extensions>
      </trkpt>
      <trkpt lat="30.287459265505927" lon="120.2211945014771">
        <ele>12.800000190734863</ele>
        <time>2026-08-14T23:02:21Z</time>
        <extensions>
          <gpxtpx:TrackPointExtension>
            <gpxtpx:hr>157</gpxtpx:hr>
          </gpxtpx:TrackPointExtension>
        </extensions>
      </trkpt>
      <trkpt lat="30.28741118389345" lon="120.22109532863364">
        <ele>12.600000381469727</ele>
        <time>2026-08-14T23:02:25Z</time>
        <extensions>
          <gpxtpx:TrackPointExtension>
            <gpxtpx:hr>155</gpxtpx:hr>
          </gpxtpx:TrackPointExtension>
        </extensions>
      </trkpt>
      <trkpt lat="30.287413076462254" lon="120.2209731100648">
        <ele>12.399999618530273</ele>
        <time>2026-08-14T23:02:29Z</time>
        <extensions>
          <gpxtpx:TrackPointExtension>
            <gpxtpx:hr>153</gpxtpx:hr>
          </gpxtpx:TrackPointExtension>
        </extensions>
      </trkpt>
      <trkpt lat="30.28750098605714" lon="120.22088093773081">
        <ele>12.199999809265137</ele>
        <time>2026-08-14T23:02:33Z</time>
        <extensions>
          <gpxtpx:TrackPointExtension>
            <gpxtpx:hr>154</gpxtpx:hr>
          </gpxtpx:TrackPointExtension>
        </extensions>
      </trkpt>
      <trkpt lat="30.287607920853524" lon="120.22081981927504">
        <ele>12.399999618530273</ele>
        <time>2026-08-14T23:02:37Z</time>
        <extensions>
          <gpxtpx:TrackPointExtension>
            <gpxtpx:hr>154</gpxtpx:hr>
          </gpxtpx:TrackPointExtension>
        </extensions>
      </trkpt>
      <trkpt lat="30.287711863823013" lon="120.22076771712696">
        <ele>12.399999618530273</ele>
        <time>2026-08-14T23:02:41Z</time>
        <extensions>
          <gpxtpx:TrackPointExtension>
            <gpxtpx:hr>158</gpxtpx:hr>
          </gpxtpx:TrackPointExtension>
        </extensions>
      </trkpt>
      <trkpt lat="30.28780480784917" lon="120.22071561577737">
        <ele>12.399999618530273</ele>
        <time>2026-08-14T23:02:45Z</time>
        <extensions>
          <gpxtpx:TrackPointExtension>
            <gpxtpx:hr>160</gpxtpx:hr>
          </gpxtpx:TrackPointExtension>
        </extensions>
      </trkpt>
      <trkpt lat="30.287880750890857" lon="120.2206605103056">
        <ele>12.600000381469727</ele>
        <time>2026-08-14T23:02:49Z</time>
        <extensions>
          <gpxtpx:TrackPointExtension>
            <gpxtpx:hr>160</gpxtpx:hr>
          </gpxtpx:TrackPointExtension>
        </extensions>
      </trkpt>
      <trkpt lat="30.287965692880828" lon="120.22060540397305">
        <ele>12.600000381469727</ele>
        <time>2026-08-14T23:02:53Z</time>
        <extensions>
          <gpxtpx:TrackPointExtension>
            <gpxtpx:hr>160</gpxtpx:hr>
          </gpxtpx:TrackPointExtension>
        </extensions>
      </trkpt>
      <trkpt lat="30.288053634448687" lon="120.22055029727376">
        <ele>12.399999618530273</ele>
        <time>2026-08-14T23:02:57Z</time>
        <extensions>
          <gpxtpx:TrackPointExtension>
            <gpxtpx:hr>156</gpxtpx:hr>
          </gpxtpx:TrackPointExtension>
        </extensions>
      </trkpt>
      <trkpt lat="30.288138583399505" lon="120.22050320519263">
        <ele>12.399999618530273</ele>
        <time>2026-08-14T23:03:01Z</time>
        <extensions>
          <gpxtpx:TrackPointExtension>
            <gpxtpx:hr>157</gpxtpx:hr>
          </gpxtpx:TrackPointExtension>
        </extensions>
      </trkpt>
      <trkpt lat="30.28822552846751" lon="120.22045210560697">
        <ele>12.399999618530273</ele>
        <time>2026-08-14T23:03:05Z</time>
        <extensions>
          <gpxtpx:TrackPointExtension>
            <gpxtpx:hr>158</gpxtpx:hr>
          </gpxtpx:TrackPointExtension>
        </extensions>
      </trkpt>
      <trkpt lat="30.288306474975453" lon="120.22040200822781">
        <ele>12.399999618530273</ele>
        <time>2026-08-14T23:03:09Z</time>
        <extensions>
          <gpxtpx:TrackPointExtension>
            <gpxtpx:hr>157</gpxtpx:hr>
          </gpxtpx:TrackPointExtension>
        </extensions>
      </trkpt>
      <trkpt lat="30.288387416886444" lon="120.22034690166369">
        <ele>12.399999618530273</ele>
        <time>2026-08-14T23:03:13Z</time>
        <extensions>
          <gpxtpx:TrackPointExtension>
            <gpxtpx:hr>157</gpxtpx:hr>
          </gpxtpx:TrackPointExtension>
        </extensions>
      </trkpt>
      <trkpt lat="30.288472359173266" lon="120.2202927964703">
        <ele>12.399999618530273</ele>
        <time>2026-08-14T23:03:17Z</time>
        <extensions>
          <gpxtpx:TrackPointExtension>
            <gpxtpx:hr>158</gpxtpx:hr>
          </gpxtpx:TrackPointExtension>
        </extensions>
      </trkpt>
      <trkpt lat="30.288557297735622" lon="120.2202346838752">
        <ele>12.199999809265137</ele>
        <time>2026-08-14T23:03:21Z</time>
        <extensions>
          <gpxtpx:TrackPointExtension>
            <gpxtpx:hr>158</gpxtpx:hr>
          </gpxtpx:TrackPointExtension>
        </extensions>
      </trkpt>
      <trkpt lat="30.288635235105062" lon="120.2201745680758">
        <ele>12.199999809265137</ele>
        <time>2026-08-14T23:03:25Z</time>
        <extensions>
          <gpxtpx:TrackPointExtension>
            <gpxtpx:hr>158</gpxtpx:hr>
          </gpxtpx:TrackPointExtension>
        </extensions>
      </trkpt>
      <trkpt lat="30.288717176474673" lon="120.22011946093716">
        <ele>12.399999618530273</ele>
        <time>2026-08-14T23:03:29Z</time>
        <extensions>
          <gpxtpx:TrackPointExtension>
            <gpxtpx:hr>159</gpxtpx:hr>
          </gpxtpx:TrackPointExtension>
        </extensions>
      </trkpt>
      <trkpt lat="30.288793111082555" lon="120.22005633954471">
        <ele>12.399999618530273</ele>
        <time>2026-08-14T23:03:33Z</time>
        <extensions>
          <gpxtpx:TrackPointExtension>
            <gpxtpx:hr>158</gpxtpx:hr>
          </gpxtpx:TrackPointExtension>
        </extensions>
      </trkpt>
      <trkpt lat="30.288874045938698" lon="120.21999421941564">
        <ele>12.399999618530273</ele>
        <time>2026-08-14T23:03:37Z</time>
        <extensions>
          <gpxtpx:TrackPointExtension>
            <gpxtpx:hr>159</gpxtpx:hr>
          </gpxtpx:TrackPointExtension>
        </extensions>
      </trkpt>
      <trkpt lat="30.28896196984766" lon="120.21992107838672">
        <ele>12.399999618530273</ele>
        <time>2026-08-14T23:03:41Z</time>
        <extensions>
          <gpxtpx:TrackPointExtension>
            <gpxtpx:hr>158</gpxtpx:hr>
          </gpxtpx:TrackPointExtension>
        </extensions>
      </trkpt>
      <trkpt lat="30.289032895375076" lon="120.21984793854858">
        <ele>12.600000381469727</ele>
        <time>2026-08-14T23:03:45Z</time>
        <extensions>
          <gpxtpx:TrackPointExtension>
            <gpxtpx:hr>158</gpxtpx:hr>
          </gpxtpx:TrackPointExtension>
        </extensions>
      </trkpt>
      <trkpt lat="30.289105820510077" lon="120.2197747983367">
        <ele>12.600000381469727</ele>
        <time>2026-08-14T23:03:49Z</time>
        <extensions>
          <gpxtpx:TrackPointExtension>
            <gpxtpx:hr>158</gpxtpx:hr>
          </gpxtpx:TrackPointExtension>
        </extensions>
      </trkpt>
      <trkpt lat="30.28917574762907" lon="120.21970366184823">
        <ele>12.600000381469727</ele>
        <time>2026-08-14T23:03:53Z</time>
        <extensions>
          <gpxtpx:TrackPointExtension>
            <gpxtpx:hr>158</gpxtpx:hr>
          </gpxtpx:TrackPointExtension>
        </extensions>
      </trkpt>
      <trkpt lat="30.289250673121543" lon="120.21963152290515">
        <ele>12.600000381469727</ele>
        <time>2026-08-14T23:03:57Z</time>
        <extensions>
          <gpxtpx:TrackPointExtension>
            <gpxtpx:hr>158</gpxtpx:hr>
          </gpxtpx:TrackPointExtension>
        </extensions>
      </trkpt>
      <trkpt lat="30.289324601328094" lon="120.21956238938597">
        <ele>12.600000381469727</ele>
        <time>2026-08-14T23:04:01Z</time>
        <extensions>
          <gpxtpx:TrackPointExtension>
            <gpxtpx:hr>159</gpxtpx:hr>
          </gpxtpx:TrackPointExtension>
        </extensions>
      </trkpt>
      <trkpt lat="30.289409534714625" lon="120.21950026772907">
        <ele>12.600000381469727</ele>
        <time>2026-08-14T23:04:05Z</time>
        <extensions>
          <gpxtpx:TrackPointExtension>
            <gpxtpx:hr>159</gpxtpx:hr>
          </gpxtpx:TrackPointExtension>
        </extensions>
      </trkpt>
      <trkpt lat="30.289490461869832" lon="120.21943113327991">
        <ele>12.600000381469727</ele>
        <time>2026-08-14T23:04:09Z</time>
        <extensions>
          <gpxtpx:TrackPointExtension>
            <gpxtpx:hr>159</gpxtpx:hr>
          </gpxtpx:TrackPointExtension>
        </extensions>
      </trkpt>
      <trkpt lat="30.289570380558363" lon="120.21935298202261">
        <ele>12.600000381469727</ele>
        <time>2026-08-14T23:04:13Z</time>
        <extensions>
          <gpxtpx:TrackPointExtension>
            <gpxtpx:hr>159</gpxtpx:hr>
          </gpxtpx:TrackPointExtension>
        </extensions>
      </trkpt>
      <trkpt lat="30.289648294567556" lon="120.21926982139578">
        <ele>12.800000190734863</ele>
        <time>2026-08-14T23:04:17Z</time>
        <extensions>
          <gpxtpx:TrackPointExtension>
            <gpxtpx:hr>160</gpxtpx:hr>
          </gpxtpx:TrackPointExtension>
        </extensions>
      </trkpt>
      <trkpt lat="30.289734215953818" lon="120.21919567660429">
        <ele>12.600000381469727</ele>
        <time>2026-08-14T23:04:21Z</time>
        <extensions>
          <gpxtpx:TrackPointExtension>
            <gpxtpx:hr>160</gpxtpx:hr>
          </gpxtpx:TrackPointExtension>
        </extensions>
      </trkpt>
      <trkpt lat="30.28984618428056" lon="120.21917462826076">
        <ele>12.399999618530273</ele>
        <time>2026-08-14T23:04:25Z</time>
        <extensions>
          <gpxtpx:TrackPointExtension>
            <gpxtpx:hr>160</gpxtpx:hr>
          </gpxtpx:TrackPointExtension>
        </extensions>
      </trkpt>
      <trkpt lat="30.289948197852397" lon="120.21920066828847">
        <ele>12.399999618530273</ele>
        <time>2026-08-14T23:04:29Z</time>
        <extensions>
          <gpxtpx:TrackPointExtension>
            <gpxtpx:hr>161</gpxtpx:hr>
          </gpxtpx:TrackPointExtension>
        </extensions>
      </trkpt>
      <trkpt lat="30.2900102672488" lon="120.21928181388938">
        <ele>12.399999618530273</ele>
        <time>2026-08-14T23:04:33Z</time>
        <extensions>
          <gpxtpx:TrackPointExtension>
            <gpxtpx:hr>160</gpxtpx:hr>
          </gpxtpx:TrackPointExtension>
        </extensions>
      </trkpt>
      <trkpt lat="30.29004836046906" lon="120.2193860038862">
        <ele>12.600000381469727</ele>
        <time>2026-08-14T23:04:37Z</time>
        <extensions>
          <gpxtpx:TrackPointExtension>
            <gpxtpx:hr>160</gpxtpx:hr>
          </gpxtpx:TrackPointExtension>
        </extensions>
      </trkpt>
      <trkpt lat="30.29008745043409" lon="120.21948718782619">
        <ele>12.600000381469727</ele>
        <time>2026-08-14T23:04:41Z</time>
        <extensions>
          <gpxtpx:TrackPointExtension>
            <gpxtpx:hr>160</gpxtpx:hr>
          </gpxtpx:TrackPointExtension>
        </extensions>
      </trkpt>
      <trkpt lat="30.290135544661368" lon="120.21959438170862">
        <ele>12.399999618530273</ele>
        <time>2026-08-14T23:04:45Z</time>
        <extensions>
          <gpxtpx:TrackPointExtension>
            <gpxtpx:hr>159</gpxtpx:hr>
          </gpxtpx:TrackPointExtension>
        </extensions>
      </trkpt>
      <trkpt lat="30.290188637974406" lon="120.21970157473197">
        <ele>12.399999618530273</ele>
        <time>2026-08-14T23:04:49Z</time>
        <extensions>
          <gpxtpx:TrackPointExtension>
            <gpxtpx:hr>160</gpxtpx:hr>
          </gpxtpx:TrackPointExtension>
        </extensions>
      </trkpt>
      <trkpt lat="30.290235743500272" lon="120.21982179169855">
        <ele>12.600000381469727</ele>
        <time>2026-08-14T23:04:53Z</time>
        <extensions>
          <gpxtpx:TrackPointExtension>
            <gpxtpx:hr>160</gpxtpx:hr>
          </gpxtpx:TrackPointExtension>
        </extensions>
      </trkpt>
      <trkpt lat="30.29026383043411" lon="120.21991996932472">
        <ele>12.600000381469727</ele>
        <time>2026-08-14T23:04:57Z</time>
        <extensions>
          <gpxtpx:TrackPointExtension>
            <gpxtpx:hr>160</gpxtpx:hr>
          </gpxtpx:TrackPointExtension>
        </extensions>
      </trkpt>
      <trkpt lat="30.290302916785663" lon="120.22001914749866">
        <ele>12.399999618530273</ele>
        <time>2026-08-14T23:05:01Z</time>
        <extensions>
          <gpxtpx:TrackPointExtension>
            <gpxtpx:hr>161</gpxtpx:hr>
          </gpxtpx:TrackPointExtension>
        </extensions>
      </trkpt>
      <trkpt lat="30.290345007036375" lon="120.22012333417209">
        <ele>12.600000381469727</ele>
        <time>2026-08-14T23:05:05Z</time>
        <extensions>
          <gpxtpx:TrackPointExtension>
            <gpxtpx:hr>160</gpxtpx:hr>
          </gpxtpx:TrackPointExtension>
        </extensions>
      </trkpt>
      <trkpt lat="30.29040608674045" lon="120.22021850245564">
        <ele>12.399999618530273</ele>
        <time>2026-08-14T23:05:09Z</time>
        <extensions>
          <gpxtpx:TrackPointExtension>
            <gpxtpx:hr>161</gpxtpx:hr>
          </gpxtpx:TrackPointExtension>
        </extensions>
      </trkpt>
      <trkpt lat="30.290472165606207" lon="120.2203136699725">
        <ele>12.399999618530273</ele>
        <time>2026-08-14T23:05:13Z</time>
        <extensions>
          <gpxtpx:TrackPointExtension>
            <gpxtpx:hr>159</gpxtpx:hr>
          </gpxtpx:TrackPointExtension>
        </extensions>
      </trkpt>
      <trkpt lat="30.290516242024093" lon="120.22040382987062">
        <ele>12.600000381469727</ele>
        <time>2026-08-14T23:05:17Z</time>
        <extensions>
          <gpxtpx:TrackPointExtension>
            <gpxtpx:hr>159</gpxtpx:hr>
          </gpxtpx:TrackPointExtension>
        </extensions>
      </trkpt>
      <trkpt lat="30.290484275128396" lon="120.22043689238374">
        <ele>12.399999618530273</ele>
        <time>2026-08-14T23:05:21Z</time>
        <extensions>
          <gpxtpx:TrackPointExtension>
            <gpxtpx:hr>159</gpxtpx:hr>
          </gpxtpx:TrackPointExtension>
        </extensions>
      </trkpt>
      <trkpt lat="30.29041631474022" lon="120.22047296325586">
        <ele>12.800000190734863</ele>
        <time>2026-08-14T23:05:25Z</time>
        <extensions>
          <gpxtpx:TrackPointExtension>
            <gpxtpx:hr>158</gpxtpx:hr>
          </gpxtpx:TrackPointExtension>
        </extensions>
      </trkpt>
      <trkpt lat="30.290357368577116" lon="120.22052606411671">
        <ele>12.800000190734863</ele>
        <time>2026-08-14T23:05:29Z</time>
        <extensions>
          <gpxtpx:TrackPointExtension>
            <gpxtpx:hr>157</gpxtpx:hr>
          </gpxtpx:TrackPointExtension>
        </extensions>
      </trkpt>
      <trkpt lat="30.290281410719714" lon="120.22056413913865">
        <ele>12.600000381469727</ele>
        <time>2026-08-14T23:05:33Z</time>
        <extensions>
          <gpxtpx:TrackPointExtension>
            <gpxtpx:hr>158</gpxtpx:hr>
          </gpxtpx:TrackPointExtension>
        </extensions>
      </trkpt>
      <trkpt lat="30.290206443768202" lon="120.220592195946">
        <ele>12.800000190734863</ele>
        <time>2026-08-14T23:05:37Z</time>
        <extensions>
          <gpxtpx:TrackPointExtension>
            <gpxtpx:hr>159</gpxtpx:hr>
          </gpxtpx:TrackPointExtension>
        </extensions>
      </trkpt>
      <trkpt lat="30.29012044580165" lon="120.22058418856486">
        <ele>12.600000381469727</ele>
        <time>2026-08-14T23:05:41Z</time>
        <extensions>
          <gpxtpx:TrackPointExtension>
            <gpxtpx:hr>158</gpxtpx:hr>
          </gpxtpx:TrackPointExtension>
        </extensions>
      </trkpt>
      <trkpt lat="30.290038437562707" lon="120.22056516095772">
        <ele>12.600000381469727</ele>
        <time>2026-08-14T23:05:45Z</time>
        <extensions>
          <gpxtpx:TrackPointExtension>
            <gpxtpx:hr>157</gpxtpx:hr>
          </gpxtpx:TrackPointExtension>
        </extensions>
      </trkpt>
      <trkpt lat="30.28996241792234" lon="120.22053411112516">
        <ele>12.600000381469727</ele>
        <time>2026-08-14T23:05:49Z</time>
        <extensions>
          <gpxtpx:TrackPointExtension>
            <gpxtpx:hr>158</gpxtpx:hr>
          </gpxtpx:TrackPointExtension>
        </extensions>
      </trkpt>
      <trkpt lat="30.28988043024595" lon="120.22053812511724">
        <ele>12.399999618530273</ele>
        <time>2026-08-14T23:05:53Z</time>
        <extensions>
          <gpxtpx:TrackPointExtension>
            <gpxtpx:hr>157</gpxtpx:hr>
          </gpxtpx:TrackPointExtension>
        </extensions>
      </trkpt>
      <trkpt lat="30.28979746146463" lon="120.22056317718548">
        <ele>12.199999809265137</ele>
        <time>2026-08-14T23:05:57Z</time>
        <extensions>
          <gpxtpx:TrackPointExtension>
            <gpxtpx:hr>155</gpxtpx:hr>
          </gpxtpx:TrackPointExtension>
        </extensions>
      </trkpt>
      <trkpt lat="30.28972348991157" lon="120.22058622487205">
        <ele>12.199999809265137</ele>
        <time>2026-08-14T23:06:01Z</time>
        <extensions>
          <gpxtpx:TrackPointExtension>
            <gpxtpx:hr>152</gpxtpx:hr>
          </gpxtpx:TrackPointExtension>
        </extensions>
      </trkpt>
      <trkpt lat="30.289648522015145" lon="120.22061327984778">
        <ele>12.0</ele>
        <time>2026-08-14T23:06:05Z</time>
        <extensions>
          <gpxtpx:TrackPointExtension>
            <gpxtpx:hr>151</gpxtpx:hr>
          </gpxtpx:TrackPointExtension>
        </extensions>
      </trkpt>
      <trkpt lat="30.28957457360045" lon="120.22066237443033">
        <ele>12.0</ele>
        <time>2026-08-14T23:06:09Z</time>
        <extensions>
          <gpxtpx:TrackPointExtension>
            <gpxtpx:hr>151</gpxtpx:hr>
          </gpxtpx:TrackPointExtension>
        </extensions>
      </trkpt>
      <trkpt lat="30.289494622180168" lon="120.22070746219958">
        <ele>12.199999809265137</ele>
        <time>2026-08-14T23:06:13Z</time>
        <extensions>
          <gpxtpx:TrackPointExtension>
            <gpxtpx:hr>150</gpxtpx:hr>
          </gpxtpx:TrackPointExtension>
        </extensions>
      </trkpt>
      <trkpt lat="30.289429676199095" lon="120.22076056306315">
        <ele>12.600000381469727</ele>
        <time>2026-08-14T23:06:17Z</time>
        <extensions>
          <gpxtpx:TrackPointExtension>
            <gpxtpx:hr>149</gpxtpx:hr>
          </gpxtpx:TrackPointExtension>
        </extensions>
      </trkpt>
      <trkpt lat="30.2893927501783" lon="120.22083970826932">
        <ele>12.600000381469727</ele>
        <time>2026-08-14T23:06:21Z</time>
        <extensions>
          <gpxtpx:TrackPointExtension>
            <gpxtpx:hr>149</gpxtpx:hr>
          </gpxtpx:TrackPointExtension>
        </extensions>
      </trkpt>
      <trkpt lat="30.28938883191556" lon="120.22093187384">
        <ele>12.600000381469727</ele>
        <time>2026-08-14T23:06:25Z</time>
        <extensions>
          <gpxtpx:TrackPointExtension>
            <gpxtpx:hr>148</gpxtpx:hr>
          </gpxtpx:TrackPointExtension>
        </extensions>
      </trkpt>
      <trkpt lat="30.28944488324475" lon="120.22099698577343">
        <ele>12.600000381469727</ele>
        <time>2026-08-14T23:06:29Z</time>
        <extensions>
          <gpxtpx:TrackPointExtension>
            <gpxtpx:hr>149</gpxtpx:hr>
          </gpxtpx:TrackPointExtension>
        </extensions>
      </trkpt>
      <trkpt lat="30.289528904221577" lon="120.22103103975205">
        <ele>12.800000190734863</ele>
        <time>2026-08-14T23:06:33Z</time>
        <extensions>
          <gpxtpx:TrackPointExtension>
            <gpxtpx:hr>150</gpxtpx:hr>
          </gpxtpx:TrackPointExtension>
        </extensions>
      </trkpt>
      <trkpt lat="30.289584938663907" lon="120.2210771174555">
        <ele>12.800000190734863</ele>
        <time>2026-08-14T23:06:37Z</time>
        <extensions>
          <gpxtpx:TrackPointExtension>
            <gpxtpx:hr>152</gpxtpx:hr>
          </gpxtpx:TrackPointExtension>
        </extensions>
      </trkpt>
      <trkpt lat="30.289643001705556" lon="120.22115625384988">
        <ele>12.600000381469727</ele>
        <time>2026-08-14T23:06:41Z</time>
        <extensions>
          <gpxtpx:TrackPointExtension>
            <gpxtpx:hr>153</gpxtpx:hr>
          </gpxtpx:TrackPointExtension>
        </extensions>
      </trkpt>
      <trkpt lat="30.289724035035018" lon="120.22120433283382">
        <ele>12.399999618530273</ele>
        <time>2026-08-14T23:06:45Z</time>
        <extensions>
          <gpxtpx:TrackPointExtension>
            <gpxtpx:hr>152</gpxtpx:hr>
          </gpxtpx:TrackPointExtension>
        </extensions>
      </trkpt>
      <trkpt lat="30.289801014608226" lon="120.22119030152135">
        <ele>12.600000381469727</ele>
        <time>2026-08-14T23:06:49Z</time>
        <extensions>
          <gpxtpx:TrackPointExtension>
            <gpxtpx:hr>152</gpxtpx:hr>
          </gpxtpx:TrackPointExtension>
        </extensions>
      </trkpt>
      <trkpt lat="30.289874977876284" lon="120.22115723653346">
        <ele>12.600000381469727</ele>
        <time>2026-08-14T23:06:53Z</time>
        <extensions>
          <gpxtpx:TrackPointExtension>
            <gpxtpx:hr>152</gpxtpx:hr>
          </gpxtpx:TrackPointExtension>
        </extensions>
      </trkpt>
      <trkpt lat="30.289959930294412" lon="120.22111315094074">
        <ele>12.600000381469727</ele>
        <time>2026-08-14T23:06:57Z</time>
        <extensions>
          <gpxtpx:TrackPointExtension>
            <gpxtpx:hr>152</gpxtpx:hr>
          </gpxtpx:TrackPointExtension>
        </extensions>
      </trkpt>
      <trkpt lat="30.290041951319647" lon="120.22114720492777">
        <ele>12.800000190734863</ele>
        <time>2026-08-14T23:07:01Z</time>
        <extensions>
          <gpxtpx:TrackPointExtension>
            <gpxtpx:hr>151</gpxtpx:hr>
          </gpxtpx:TrackPointExtension>
        </extensions>
      </trkpt>
      <trkpt lat="30.290100009792965" lon="120.22122133218944">
        <ele>12.600000381469727</ele>
        <time>2026-08-14T23:07:05Z</time>
        <extensions>
          <gpxtpx:TrackPointExtension>
            <gpxtpx:hr>150</gpxtpx:hr>
          </gpxtpx:TrackPointExtension>
        </extensions>
      </trkpt>
      <trkpt lat="30.290125084650438" lon="120.22131048864415">
        <ele>12.399999618530273</ele>
        <time>2026-08-14T23:07:09Z</time>
        <extensions>
          <gpxtpx:TrackPointExtension>
            <gpxtpx:hr>150</gpxtpx:hr>
          </gpxtpx:TrackPointExtension>
        </extensions>
      </trkpt>
      <trkpt lat="30.290133164521837" lon="120.2214036532859">
        <ele>12.600000381469727</ele>
        <time>2026-08-14T23:07:13Z</time>
        <extensions>
          <gpxtpx:TrackPointExtension>
            <gpxtpx:hr>148</gpxtpx:hr>
          </gpxtpx:TrackPointExtension>
        </extensions>
      </trkpt>
      <trkpt lat="30.290114249573932" lon="120.22149982512147">
        <ele>12.600000381469727</ele>
        <time>2026-08-14T23:07:17Z</time>
        <extensions>
          <gpxtpx:TrackPointExtension>
            <gpxtpx:hr>148</gpxtpx:hr>
          </gpxtpx:TrackPointExtension>
        </extensions>
      </trkpt>
      <trkpt lat="30.290104329913976" lon="120.22159198877654">
        <ele>12.399999618530273</ele>
        <time>2026-08-14T23:07:21Z</time>
        <extensions>
          <gpxtpx:TrackPointExtension>
            <gpxtpx:hr>148</gpxtpx:hr>
          </gpxtpx:TrackPointExtension>
        </extensions>
      </trkpt>
      <trkpt lat="30.290129415656807" lon="120.22169516861825">
        <ele>12.0</ele>
        <time>2026-08-14T23:07:25Z</time>
        <extensions>
          <gpxtpx:TrackPointExtension>
            <gpxtpx:hr>147</gpxtpx:hr>
          </gpxtpx:TrackPointExtension>
        </extensions>
      </trkpt>
      <trkpt lat="30.290191474896" lon="120.22177229922062">
        <ele>12.0</ele>
        <time>2026-08-14T23:07:29Z</time>
        <extensions>
          <gpxtpx:TrackPointExtension>
            <gpxtpx:hr>147</gpxtpx:hr>
          </gpxtpx:TrackPointExtension>
        </extensions>
      </trkpt>
      <trkpt lat="30.290265514762222" lon="120.2218283916754">
        <ele>12.199999809265137</ele>
        <time>2026-08-14T23:07:33Z</time>
        <extensions>
          <gpxtpx:TrackPointExtension>
            <gpxtpx:hr>146</gpxtpx:hr>
          </gpxtpx:TrackPointExtension>
        </extensions>
      </trkpt>
      <trkpt lat="30.29035652547577" lon="120.22185242637978">
        <ele>12.199999809265137</ele>
        <time>2026-08-14T23:07:37Z</time>
        <extensions>
          <gpxtpx:TrackPointExtension>
            <gpxtpx:hr>146</gpxtpx:hr>
          </gpxtpx:TrackPointExtension>
        </extensions>
      </trkpt>
      <trkpt lat="30.2904345333016" lon="120.22187145334725">
        <ele>12.399999618530273</ele>
        <time>2026-08-14T23:07:41Z</time>
        <extensions>
          <gpxtpx:TrackPointExtension>
            <gpxtpx:hr>146</gpxtpx:hr>
          </gpxtpx:TrackPointExtension>
        </extensions>
      </trkpt>
      <trkpt lat="30.29050356246487" lon="120.22191452317777">
        <ele>12.399999618530273</ele>
        <time>2026-08-14T23:07:45Z</time>
        <extensions>
          <gpxtpx:TrackPointExtension>
            <gpxtpx:hr>146</gpxtpx:hr>
          </gpxtpx:TrackPointExtension>
        </extensions>
      </trkpt>
      <trkpt lat="30.290558614244404" lon="120.22198263791152">
        <ele>12.600000381469727</ele>
        <time>2026-08-14T23:07:49Z</time>
        <extensions>
          <gpxtpx:TrackPointExtension>
            <gpxtpx:hr>147</gpxtpx:hr>
          </gpxtpx:TrackPointExtension>
        </extensions>
      </trkpt>
      <trkpt lat="30.290632657916312" lon="120.22204373864666">
        <ele>12.600000381469727</ele>
        <time>2026-08-14T23:07:53Z</time>
        <extensions>
          <gpxtpx:TrackPointExtension>
            <gpxtpx:hr>149</gpxtpx:hr>
          </gpxtpx:TrackPointExtension>
        </extensions>
      </trkpt>
      <trkpt lat="30.290705634035085" lon="120.222024699379">
        <ele>12.399999618530273</ele>
        <time>2026-08-14T23:07:57Z</time>
        <extensions>
          <gpxtpx:TrackPointExtension>
            <gpxtpx:hr>151</gpxtpx:hr>
          </gpxtpx:TrackPointExtension>
        </extensions>
      </trkpt>
      <trkpt lat="30.290766572466865" lon="120.22195958047025">
        <ele>12.600000381469727</ele>
        <time>2026-08-14T23:08:01Z</time>
        <extensions>
          <gpxtpx:TrackPointExtension>
            <gpxtpx:hr>151</gpxtpx:hr>
          </gpxtpx:TrackPointExtension>
        </extensions>
      </trkpt>
      <trkpt lat="30.290838512971707" lon="120.22189846751023">
        <ele>12.199999809265137</ele>
        <time>2026-08-14T23:08:05Z</time>
        <extensions>
          <gpxtpx:TrackPointExtension>
            <gpxtpx:hr>151</gpxtpx:hr>
          </gpxtpx:TrackPointExtension>
        </extensions>
      </trkpt>
      <trkpt lat="30.290904461655668" lon="120.22184637071808">
        <ele>12.0</ele>
        <time>2026-08-14T23:08:09Z</time>
        <extensions>
          <gpxtpx:TrackPointExtension>
            <gpxtpx:hr>151</gpxtpx:hr>
          </gpxtpx:TrackPointExtension>
        </extensions>
      </trkpt>
      <trkpt lat="30.29094239703319" lon="120.22177524267524">
        <ele>12.199999809265137</ele>
        <time>2026-08-14T23:08:13Z</time>
        <extensions>
          <gpxtpx:TrackPointExtension>
            <gpxtpx:hr>150</gpxtpx:hr>
          </gpxtpx:TrackPointExtension>
        </extensions>
      </trkpt>
      <trkpt lat="30.29098931842382" lon="120.221689087231">
        <ele>12.199999809265137</ele>
        <time>2026-08-14T23:08:17Z</time>
        <extensions>
          <gpxtpx:TrackPointExtension>
            <gpxtpx:hr>148</gpxtpx:hr>
          </gpxtpx:TrackPointExtension>
        </extensions>
      </trkpt>
      <trkpt lat="30.291041245042813" lon="120.22160994345205">
        <ele>12.199999809265137</ele>
        <time>2026-08-14T23:08:21Z</time>
        <extensions>
          <gpxtpx:TrackPointExtension>
            <gpxtpx:hr>147</gpxtpx:hr>
          </gpxtpx:TrackPointExtension>
        </extensions>
      </trkpt>
      <trkpt lat="30.291072179740315" lon="120.22153781354548">
        <ele>12.199999809265137</ele>
        <time>2026-08-14T23:08:25Z</time>
        <extensions>
          <gpxtpx:TrackPointExtension>
            <gpxtpx:hr>147</gpxtpx:hr>
          </gpxtpx:TrackPointExtension>
        </extensions>
      </trkpt>
      <trkpt lat="30.291007127170943" lon="120.22146869665528">
        <ele>12.199999809265137</ele>
        <time>2026-08-14T23:08:29Z</time>
        <extensions>
          <gpxtpx:TrackPointExtension>
            <gpxtpx:hr>147</gpxtpx:hr>
          </gpxtpx:TrackPointExtension>
        </extensions>
      </trkpt>
      <trkpt lat="30.290966052787642" lon="120.22137753852333">
        <ele>12.199999809265137</ele>
        <time>2026-08-14T23:08:33Z</time>
        <extensions>
          <gpxtpx:TrackPointExtension>
            <gpxtpx:hr>147</gpxtpx:hr>
          </gpxtpx:TrackPointExtension>
        </extensions>
      </trkpt>
      <trkpt lat="30.291001954182615" lon="120.22126834167088">
        <ele>12.0</ele>
        <time>2026-08-14T23:08:37Z</time>
        <extensions>
          <gpxtpx:TrackPointExtension>
            <gpxtpx:hr>149</gpxtpx:hr>
          </gpxtpx:TrackPointExtension>
        </extensions>
      </trkpt>
      <trkpt lat="30.291053880555857" lon="120.22119019835328">
        <ele>11.800000190734863</ele>
        <time>2026-08-14T23:08:41Z</time>
        <extensions>
          <gpxtpx:TrackPointExtension>
            <gpxtpx:hr>149</gpxtpx:hr>
          </gpxtpx:TrackPointExtension>
        </extensions>
      </trkpt>
      <trkpt lat="30.291005828856534" lon="120.22112508625746">
        <ele>11.800000190734863</ele>
        <time>2026-08-14T23:08:45Z</time>
        <extensions>
          <gpxtpx:TrackPointExtension>
            <gpxtpx:hr>149</gpxtpx:hr>
          </gpxtpx:TrackPointExtension>
        </extensions>
      </trkpt>
      <trkpt lat="30.290942775990015" lon="120.22105696986115">
        <ele>11.800000190734863</ele>
        <time>2026-08-14T23:08:49Z</time>
        <extensions>
          <gpxtpx:TrackPointExtension>
            <gpxtpx:hr>149</gpxtpx:hr>
          </gpxtpx:TrackPointExtension>
        </extensions>
      </trkpt>
      <trkpt lat="30.290880723738212" lon="120.22098985499109">
        <ele>11.800000190734863</ele>
        <time>2026-08-14T23:08:53Z</time>
        <extensions>
          <gpxtpx:TrackPointExtension>
            <gpxtpx:hr>149</gpxtpx:hr>
          </gpxtpx:TrackPointExtension>
        </extensions>
      </trkpt>
      <trkpt lat="30.290824664510204" lon="120.22091572688544">
        <ele>12.0</ele>
        <time>2026-08-14T23:08:57Z</time>
        <extensions>
          <gpxtpx:TrackPointExtension>
            <gpxtpx:hr>149</gpxtpx:hr>
          </gpxtpx:TrackPointExtension>
        </extensions>
      </trkpt>
      <trkpt lat="30.290769602332865" lon="120.22083859308673">
        <ele>12.0</ele>
        <time>2026-08-14T23:09:01Z</time>
        <extensions>
          <gpxtpx:TrackPointExtension>
            <gpxtpx:hr>150</gpxtpx:hr>
          </gpxtpx:TrackPointExtension>
        </extensions>
      </trkpt>
      <trkpt lat="30.29072153476379" lon="120.22075644947122">
        <ele>12.0</ele>
        <time>2026-08-14T23:09:05Z</time>
        <extensions>
          <gpxtpx:TrackPointExtension>
            <gpxtpx:hr>149</gpxtpx:hr>
          </gpxtpx:TrackPointExtension>
        </extensions>
      </trkpt>
      <trkpt lat="30.290677477227494" lon="120.22068632691125">
        <ele>12.199999809265137</ele>
        <time>2026-08-14T23:09:09Z</time>
        <extensions>
          <gpxtpx:TrackPointExtension>
            <gpxtpx:hr>148</gpxtpx:hr>
          </gpxtpx:TrackPointExtension>
        </extensions>
      </trkpt>
      <trkpt lat="30.290640415204194" lon="120.22061219635378">
        <ele>12.199999809265137</ele>
        <time>2026-08-14T23:09:13Z</time>
        <extensions>
          <gpxtpx:TrackPointExtension>
            <gpxtpx:hr>149</gpxtpx:hr>
          </gpxtpx:TrackPointExtension>
        </extensions>
      </trkpt>
      <trkpt lat="30.290581350875556" lon="120.22053305834196">
        <ele>12.199999809265137</ele>
        <time>2026-08-14T23:09:17Z</time>
        <extensions>
          <gpxtpx:TrackPointExtension>
            <gpxtpx:hr>149</gpxtpx:hr>
          </gpxtpx:TrackPointExtension>
        </extensions>
      </trkpt>
      <trkpt lat="30.29054128879245" lon="120.22045892758456">
        <ele>12.199999809265137</ele>
        <time>2026-08-14T23:09:21Z</time>
        <extensions>
          <gpxtpx:TrackPointExtension>
            <gpxtpx:hr>148</gpxtpx:hr>
          </gpxtpx:TrackPointExtension>
        </extensions>
      </trkpt>
    </trkseg>
  </trk>
</gpx>